"organization_name","title_es","title_en","summary_es","summary_en","description_es","description_en","slug","primary_category","additional_categories","keywords_es","keywords_en","languages","service_methods","cost_type","eligibility_es","eligibility_en","required_documents_es","required_documents_en","application_steps_es","application_steps_en","hours_es","hours_en","accessibility_notes_es","accessibility_notes_en","service_area_es","service_area_en","phone","sms_phone","whatsapp_phone","email","website_url","address_line_1","address_line_2","city","state","postal_code","county","latitude","longitude","source_url","is_featured","is_emergency","last_verified_at","verification_notes"
"The Caring Place","The Caring Place","The Caring Place","Despensa de alimentos y apoyo comunitario para residentes de Condado de Williamson.","Food pantry and community support for residents of Williamson County.","Ofrece acceso a alimentos. Comuníquese directamente con la organización para confirmar disponibilidad, requisitos y otros apoyos.","Access to food pantry monthly
Financial assistance for those within their service ares with required documentation (rent, mortgage, utilities, housing deposit, transportation assistance, emergency dental and prescription assistance, temporary emergency shlter
Voucher for clothing and household goods at their thrift store","the-caring-place-williamson","comida","","alimentos, despensa, comida, apoyo comunitario","food, food pantry, groceries, community support","","in_person","unknown","","","","","Comuníquese con la organización para confirmar disponibilidad y requisitos antes de acudir.","Contact the organization to confirm availability and requirements before visiting.","lunes:  9am-4pm
martes:  9am-4pm
miércoles: 9am-4pm
viernes: 9am-4pm
CERRADO ON juevesS","Monday:  9am-4pm
Tuesday:  9am-4pm
Wednesday: 9am-4pm
Friday: 9am-4pm
CLOSED ON THURSDAYS","","","Condado de Williamson","Williamson County","(512) 943-0700","","","","https://www.caringplacetx.org/","2000 Railroad Ave. Georgetown, TX 78626","","","TX","78626","Williamson","","","https://www.caringplacetx.org/","","","2026-09-02","Existencia o ubicación cotejada el 2026-09-02 con el directorio oficial Find Food Now del Central Texas Food Bank; revise horarios directamente antes de publicar."
"First Presbyterian Church of Georgetown","First Presbyterian Church of Georgetown","First Presbyterian Church of Georgetown","Despensa de alimentos y apoyo comunitario para residentes de Condado de Williamson.","Food pantry and community support for residents of Williamson County.","Ofrece acceso a alimentos. Comuníquese directamente con la organización para confirmar disponibilidad, requisitos y otros apoyos.","Canned foods, snacks, hygiene items, refillable water bottles, clothing
One visit per week
Free coffee both days","first-presbyterian-church-of-georgetown-williamson","comida","","alimentos, despensa, comida, apoyo comunitario","food, food pantry, groceries, community support","","in_person","free","","","","","Comuníquese con la organización para confirmar disponibilidad y requisitos antes de acudir.","Contact the organization to confirm availability and requirements before visiting.","martes: 1pm-3pm
miércoles: 9:30am-11:30am","Tuesday: 1pm-3pm
Wednesday: 9:30am-11:30am","","","Condado de Williamson","Williamson County","(512) 863-3381","","","","https://fpcgeorgetown.org","703 South Church St. (enter white door)","","","","","Williamson","","","https://fpcgeorgetown.org","","","2026-07-08","Registro preparado a partir de “Food Pantries by County.xlsx”; requiere revisión administrativa antes de publicar."
"Stonehaven Resident Council","Stonehaven Resident Council","Stonehaven Resident Council","Despensa de alimentos y apoyo comunitario para residentes de Condado de Williamson.","Food pantry and community support for residents of Williamson County.","Ofrece acceso a alimentos. Comuníquese directamente con la organización para confirmar disponibilidad, requisitos y otros apoyos.","Provides access to food. Contact the organization directly to confirm availability, requirements, and additional support.","stonehaven-resident-council-williamson","comida","","alimentos, despensa, comida, apoyo comunitario","food, food pantry, groceries, community support","","in_person","unknown","","","","","Comuníquese con la organización para confirmar disponibilidad y requisitos antes de acudir.","Contact the organization to confirm availability and requirements before visiting.","sábado: 10am-12pm","Saturday: 10am-12pm","","","Condado de Williamson","Williamson County","","","","","","210 W 18th St. Georgetown, TX 78626","","","TX","78626","Williamson","","","https://www.centraltexasfoodbank.org/find-food-now","","","2026-09-02","Existencia o ubicación cotejada el 2026-09-02 con el directorio oficial Find Food Now del Central Texas Food Bank; revise horarios directamente antes de publicar."
"Round Rock Area Serving Center","Round Rock Area Serving Center","Round Rock Area Serving Center","Despensa de alimentos y apoyo comunitario para residentes de Condado de Williamson.","Food pantry and community support for residents of Williamson County.","Ofrece acceso a alimentos. Comuníquese directamente con la organización para confirmar disponibilidad, requisitos y otros apoyos.","Financial assistance for utilities, rent, prescriptions, payday loan assistance, transportation, temporary lodging
Amazon Home Delivery Program (60yrs+)","round-rock-area-serving-center-round-rock","comida","","alimentos, despensa, comida, apoyo comunitario","food, food pantry, groceries, community support","","in_person","unknown","","","","","Comuníquese con la organización para confirmar disponibilidad y requisitos antes de acudir.","Contact the organization to confirm availability and requirements before visiting.","lunes-viernes: 10am-4pm
sábado: 10am-4pm","Monday-Friday: 10am-4pm
Saturday: 10am-4pm","","","Condado de Williamson","Williamson County","(512) 244-2431","","","","https://www.rrasc.org/","1099 E Main Street, Round Rock, TX 78664","","Round Rock","TX","78664","Williamson","","","https://www.rrasc.org/","","","2026-07-08","Registro preparado a partir de “Food Pantries by County.xlsx”; requiere revisión administrativa antes de publicar."
"San Gabriel Unitarian Universalist Fellowship","San Gabriel Unitarian Universalist Fellowship","San Gabriel Unitarian Universalist Fellowship","Despensa de alimentos y apoyo comunitario para residentes de Condado de Williamson.","Food pantry and community support for residents of Williamson County.","Ofrece acceso a alimentos. Comuníquese directamente con la organización para confirmar disponibilidad, requisitos y otros apoyos.","Little Blue Pantry Box - Free food items
Showers every third Sunday","san-gabriel-unitarian-universalist-fellowship-williamson","comida","","alimentos, despensa, comida, apoyo comunitario","food, food pantry, groceries, community support","","in_person","free","","","","","Comuníquese con la organización para confirmar disponibilidad y requisitos antes de acudir.","Contact the organization to confirm availability and requirements before visiting.","","","","","Condado de Williamson","Williamson County","","","","","","1322 E University Ave. Georgetown, TX 78626","","","TX","78626","Williamson","","","","","","","Registro preparado a partir de “Food Pantries by County.xlsx”; requiere revisión administrativa antes de publicar."
"St. Vincent De Paul","St. Vincent De Paul","St. Vincent De Paul","Despensa de alimentos y apoyo comunitario para residentes de Condado de Williamson.","Food pantry and community support for residents of Williamson County.","Ofrece acceso a alimentos. Comuníquese directamente con la organización para confirmar disponibilidad, requisitos y otros apoyos.","Provides access to food. Contact the organization directly to confirm availability, requirements, and additional support.","st-vincent-de-paul-round-rock","comida","","alimentos, despensa, comida, apoyo comunitario","food, food pantry, groceries, community support","","in_person","unknown","","","","","Comuníquese con la organización para confirmar disponibilidad y requisitos antes de acudir.","Contact the organization to confirm availability and requirements before visiting.","lunes: 9am-12pm
viernes: 9am-12pm","Monday: 9am-12pm
Friday: 9am-12pm","","","Condado de Williamson","Williamson County","(512) 255-2330","","","","","620 Round Rock West Drive, Round Rock, TX 78681","","Round Rock","TX","78681","Williamson","","","https://www.centraltexasfoodbank.org/find-food-now","","","2026-09-02","Existencia o ubicación cotejada el 2026-09-02 con el directorio oficial Find Food Now del Central Texas Food Bank; revise horarios directamente antes de publicar."
"Round Rock Seventh Day Adventist Church","Round Rock Seventh Day Adventist Church","Round Rock Seventh Day Adventist Church","Despensa de alimentos y apoyo comunitario para residentes de Condado de Williamson.","Food pantry and community support for residents of Williamson County.","Ofrece acceso a alimentos. Comuníquese directamente con la organización para confirmar disponibilidad, requisitos y otros apoyos.","Provides access to food. Contact the organization directly to confirm availability, requirements, and additional support.","round-rock-seventh-day-adventist-church-williamson","comida","","alimentos, despensa, comida, apoyo comunitario","food, food pantry, groceries, community support","","in_person","unknown","","","","","Comuníquese con la organización para confirmar disponibilidad y requisitos antes de acudir.","Contact the organization to confirm availability and requirements before visiting.","jueves: 3pm-6pm? 9am-11am??? need to confirm","Thursday: 3pm-6pm? 9am-11am??? need to confirm","","","Condado de Williamson","Williamson County","(512) 388-7870","","","","","4 Applegate Circle Round Rock, TX 78665","","","TX","78665","Williamson","","","https://www.centraltexasfoodbank.org/find-food-now","","","2026-09-02","Existencia o ubicación cotejada el 2026-09-02 con el directorio oficial Find Food Now del Central Texas Food Bank; revise horarios directamente antes de publicar."
"Church of the Harvest","Church of the Harvest","Church of the Harvest","Despensa de alimentos y apoyo comunitario para residentes de Condado de Williamson.","Food pantry and community support for residents of Williamson County.","Ofrece acceso a alimentos. Comuníquese directamente con la organización para confirmar disponibilidad, requisitos y otros apoyos.","Provides access to food. Contact the organization directly to confirm availability, requirements, and additional support.","church-of-the-harvest-williamson","comida","","alimentos, despensa, comida, apoyo comunitario","food, food pantry, groceries, community support","","in_person","unknown","","","","","Comuníquese con la organización para confirmar disponibilidad y requisitos antes de acudir.","Contact the organization to confirm availability and requirements before visiting.","martes: 4pm-7pm
jueves: 4pm-7pm
sábado: 10am-1pm","Tuesday: 4pm-7pm
Thursday: 4pm-7pm
Saturday: 10am-1pm","","","Condado de Williamson","Williamson County","(512) 916-3601","","","","","2701 Gattis School Rd. Round Rock, TX 78664","","","TX","78664","Williamson","","","https://www.centraltexasfoodbank.org/find-food-now","","","2026-09-02","Existencia o ubicación cotejada el 2026-09-02 con el directorio oficial Find Food Now del Central Texas Food Bank; revise horarios directamente antes de publicar."
"Manna Food Pantry","Manna Food Pantry","Manna Food Pantry","Despensa de alimentos y apoyo comunitario para residentes de Condado de Williamson.","Food pantry and community support for residents of Williamson County.","Ofrece acceso a alimentos. Comuníquese directamente con la organización para confirmar disponibilidad, requisitos y otros apoyos.","Provides access to food. Contact the organization directly to confirm availability, requirements, and additional support.","manna-food-pantry-williamson","comida","","alimentos, despensa, comida, apoyo comunitario","food, food pantry, groceries, community support","","in_person","unknown","","","","","Comuníquese con la organización para confirmar disponibilidad y requisitos antes de acudir.","Contact the organization to confirm availability and requirements before visiting.","lunes: 7:30am-10am
miércoles: 2pm-5pm","Monday: 7:30am-10am
Wednesday: 2pm-5pm","","","Condado de Williamson","Williamson County","(512) 255-3454","","","","","303 West Anderson Ave. Suite B Round Rock, TX 78664","","","TX","78664","Williamson","","","","","","","Registro preparado a partir de “Food Pantries by County.xlsx”; requiere revisión administrativa antes de publicar."
"The Salvation Army","The Salvation Army","The Salvation Army","Despensa de alimentos y apoyo comunitario para residentes de Condado de Williamson.","Food pantry and community support for residents of Williamson County.","Ofrece acceso a alimentos. Comuníquese directamente con la organización para confirmar disponibilidad, requisitos y otros apoyos.","CONFIRM IF PANTRY SUPPORT AVAILABLE","the-salvation-army-williamson","comida","","alimentos, despensa, comida, apoyo comunitario","food, food pantry, groceries, community support","","in_person","unknown","","","","","Comuníquese con la organización para confirmar disponibilidad y requisitos antes de acudir.","Contact the organization to confirm availability and requirements before visiting.","lunes: 10am-8pm
martes: 10am-7pm
miércoles: 9am-8pm
jueves: 10am-7pm
viernes: 10am-7pm
sábado: 10am-8pm
CERRADO ON domingoS","Monday: 10am-8pm
Tuesday: 10am-7pm
Wednesday: 9am-8pm
Thursday: 10am-7pm
Friday: 10am-7pm
Saturday: 10am-8pm
CLOSED ON SUNDAYS","","","Condado de Williamson","Williamson County","(512) 246-7292","","","","https://salvationarmyaustin.org/","601 W. Louis Henna Blvd. Round Rock, TX 78664","","","TX","78664","Williamson","","","https://salvationarmyaustin.org/","","","","Registro preparado a partir de “Food Pantries by County.xlsx”; requiere revisión administrativa antes de publicar."
"Foundation Communities - Lakeline Station","Foundation Communities - Lakeline Station","Foundation Communities - Lakeline Station","Despensa de alimentos y apoyo comunitario para residentes de Condado de Williamson y Condado de Travis.","Food pantry and community support for residents of Williamson County and Travis County.","Ofrece acceso a alimentos. Comuníquese directamente con la organización para confirmar disponibilidad, requisitos y otros apoyos.","Provides access to food. Contact the organization directly to confirm availability, requirements, and additional support.","foundation-communities-lakeline-station-williamson","comida","","alimentos, despensa, comida, apoyo comunitario","food, food pantry, groceries, community support","","in_person","unknown","","","","","Comuníquese con la organización para confirmar disponibilidad y requisitos antes de acudir.","Contact the organization to confirm availability and requirements before visiting.","2nd and 4th luness: 11am-1pm","2nd and 4th Mondays: 11am-1pm","","","Condado de Williamson; Condado de Travis","Williamson County; Travis County","(512) 615-4755","","","","","13635 Rutledge Spur, Austin, TX","","","TX","13635","","","","https://www.centraltexasfoodbank.org/find-food-now","","","2026-09-02","Existencia o ubicación cotejada el 2026-09-02 con el directorio oficial Find Food Now del Central Texas Food Bank; revise horarios directamente antes de publicar."
"Reveal Resource Center","Reveal Resource Center","Reveal Resource Center","Despensa de alimentos y apoyo comunitario para residentes de Condado de Williamson.","Food pantry and community support for residents of Williamson County.","Ofrece acceso a alimentos. Comuníquese directamente con la organización para confirmar disponibilidad, requisitos y otros apoyos.","Clothing assisatnce available monthly, adult and baby diapers (when available) for enrolled clients.
No financial assistance offered","reveal-resource-center-williamson","comida","","alimentos, despensa, comida, apoyo comunitario","food, food pantry, groceries, community support","","in_person","unknown","","","","","Comuníquese con la organización para confirmar disponibilidad y requisitos antes de acudir.","Contact the organization to confirm availability and requirements before visiting.","luness: 7pm-8pm
martess: 9am-12pm","Mondays: 7pm-8pm
Tuesdays: 9am-12pm","","","Condado de Williamson","Williamson County","","","","","https://revealresourcecenter.com/","1150 S. Bell Blvd. Cedar Park, TX 78613","","","TX","78613","Williamson","","","https://revealresourcecenter.com/","","","2026-09-02","Existencia o ubicación cotejada el 2026-09-02 con el directorio oficial Find Food Now del Central Texas Food Bank; revise horarios directamente antes de publicar."
"City Reach Church","City Reach Church","City Reach Church","Despensa de alimentos y apoyo comunitario para residentes de Condado de Williamson.","Food pantry and community support for residents of Williamson County.","Ofrece acceso a alimentos. Comuníquese directamente con la organización para confirmar disponibilidad, requisitos y otros apoyos.","Provides access to food. Contact the organization directly to confirm availability, requirements, and additional support.","city-reach-church-williamson","comida","","alimentos, despensa, comida, apoyo comunitario","food, food pantry, groceries, community support","","in_person","unknown","","","","","Comuníquese con la organización para confirmar disponibilidad y requisitos antes de acudir.","Contact the organization to confirm availability and requirements before visiting.","1st martes: 9am-11am","1st Tuesday: 9am-11am","","","Condado de Williamson","Williamson County","","","","","","3502 Hatch Rd. Cedar Park, TX 78613","","","TX","78613","Williamson","","","","","","","Registro preparado a partir de “Food Pantries by County.xlsx”; requiere revisión administrativa antes de publicar."
"Live Oak Unitarian Universalist Church","Live Oak Unitarian Universalist Church","Live Oak Unitarian Universalist Church","Despensa de alimentos y apoyo comunitario para residentes de Condado de Williamson.","Food pantry and community support for residents of Williamson County.","Ofrece acceso a alimentos. Comuníquese directamente con la organización para confirmar disponibilidad, requisitos y otros apoyos.","Provides access to food. Contact the organization directly to confirm availability, requirements, and additional support.","live-oak-unitarian-universalist-church-cedar-park","comida","","alimentos, despensa, comida, apoyo comunitario","food, food pantry, groceries, community support","","in_person","unknown","","","","","Comuníquese con la organización para confirmar disponibilidad y requisitos antes de acudir.","Contact the organization to confirm availability and requirements before visiting.","3rd viernes: 9am-11am","3rd Friday: 9am-11am","","","Condado de Williamson","Williamson County","","","","","","3315 El Salido Parkway, Cedar Park, TX 78613","","Cedar Park","TX","78613","Williamson","","","","","","","Registro preparado a partir de “Food Pantries by County.xlsx”; requiere revisión administrativa antes de publicar."
"Rockbridge Church","Rockbridge Church","Rockbridge Church","Despensa de alimentos y apoyo comunitario para residentes de Condado de Williamson.","Food pantry and community support for residents of Williamson County.","Ofrece acceso a alimentos. Comuníquese directamente con la organización para confirmar disponibilidad, requisitos y otros apoyos.","Provides access to food. Contact the organization directly to confirm availability, requirements, and additional support.","rockbridge-church-williamson","comida","","alimentos, despensa, comida, apoyo comunitario","food, food pantry, groceries, community support","","in_person","unknown","","","","","Comuníquese con la organización para confirmar disponibilidad y requisitos antes de acudir.","Contact the organization to confirm availability and requirements before visiting.","4th jueves: 5pm-7pm","4th Thursday: 5pm-7pm","","","Condado de Williamson","Williamson County","","","","","","2001 W New Hope Dr. Cedar Park, TX 78613","","","TX","78613","Williamson","","","","","","","Registro preparado a partir de “Food Pantries by County.xlsx”; requiere revisión administrativa antes de publicar."
"Hill Country Community Ministries","Hill Country Community Ministries","Hill Country Community Ministries","Despensa de alimentos y apoyo comunitario para residentes de Condado de Williamson.","Food pantry and community support for residents of Williamson County.","Ofrece acceso a alimentos. Comuníquese directamente con la organización para confirmar disponibilidad, requisitos y otros apoyos.","Provides access to food. Contact the organization directly to confirm availability, requirements, and additional support.","hill-country-community-ministries-williamson","comida","","alimentos, despensa, comida, apoyo comunitario","food, food pantry, groceries, community support","","in_person","unknown","","","","","Comuníquese con la organización para confirmar disponibilidad y requisitos antes de acudir.","Contact the organization to confirm availability and requirements before visiting.","Mon-Fri: 9am-3pm
1st and 4th sábado: 12pm-2pm","Mon-Fri: 9am-3pm
1st and 4th Saturday: 12pm-2pm","","","Condado de Williamson","Williamson County","","","","","","1005 Lacy Dr. Leander, TX 78641","","","TX","78641","Williamson","","","","","","","Registro preparado a partir de “Food Pantries by County.xlsx”; requiere revisión administrativa antes de publicar."
"Brighter Days Food Pantry at Leander Church of Christ (Drive thru)","Brighter Days Food Pantry at Leander Church of Christ (Drive thru)","Brighter Days Food Pantry at Leander Church of Christ (Drive thru)","Despensa de alimentos y apoyo comunitario para residentes de Condado de Williamson.","Food pantry and community support for residents of Williamson County.","Ofrece acceso a alimentos. Comuníquese directamente con la organización para confirmar disponibilidad, requisitos y otros apoyos.","Serving the following zip codes: 78641, 78613, 78642, 78645, 78646
Personal care items and baby diapers for residents. Limited $100 towards a utility bill or $200 towards rent for those who qualify.","brighter-days-food-pantry-at-leander-church-of-christ-drive-thru-leander","comida","","alimentos, despensa, comida, apoyo comunitario","food, food pantry, groceries, community support","","in_person","unknown","","","","","Comuníquese con la organización para confirmar disponibilidad y requisitos antes de acudir.","Contact the organization to confirm availability and requirements before visiting.","miércoless: 5:30pm-7pm","Wednesdays: 5:30pm-7pm","","","Condado de Williamson","Williamson County","(512) 259-6928","","","brighterdaysfp@gmail.com","https://leanderchurch.org/help","300 Crystal Falls Parkway, Leander, TX 78641","","Leander","TX","78641","Williamson","","","https://leanderchurch.org/help","","","2026-09-02","Existencia o ubicación cotejada el 2026-09-02 con el directorio oficial Find Food Now del Central Texas Food Bank; revise horarios directamente antes de publicar."
"Round Mountain Baptist Church","Round Mountain Baptist Church","Round Mountain Baptist Church","Despensa de alimentos y apoyo comunitario para residentes de Condado de Williamson.","Food pantry and community support for residents of Williamson County.","Ofrece acceso a alimentos. Comuníquese directamente con la organización para confirmar disponibilidad, requisitos y otros apoyos.","Provides access to food. Contact the organization directly to confirm availability, requirements, and additional support.","round-mountain-baptist-church-williamson","comida","","alimentos, despensa, comida, apoyo comunitario","food, food pantry, groceries, community support","","in_person","unknown","","","","","Comuníquese con la organización para confirmar disponibilidad y requisitos antes de acudir.","Contact the organization to confirm availability and requirements before visiting.","3rd miércoles: 9am-11am","3rd Wednesday: 9am-11am","","","Condado de Williamson","Williamson County","","","","","","14500 Round Mountain Rd. Leander, TX 78641","","","TX","14500","Williamson","","","https://www.centraltexasfoodbank.org/find-food-now","","","2026-09-02","Existencia o ubicación cotejada el 2026-09-02 con el directorio oficial Find Food Now del Central Texas Food Bank; revise horarios directamente antes de publicar."
"Hutto Resource Center","Hutto Resource Center","Hutto Resource Center","Despensa de alimentos y apoyo comunitario para residentes de Condado de Williamson.","Food pantry and community support for residents of Williamson County.","Ofrece acceso a alimentos. Comuníquese directamente con la organización para confirmar disponibilidad, requisitos y otros apoyos.","Provides access to food. Contact the organization directly to confirm availability, requirements, and additional support.","hutto-resource-center-williamson","comida","","alimentos, despensa, comida, apoyo comunitario","food, food pantry, groceries, community support","","in_person","unknown","","","","","Comuníquese con la organización para confirmar disponibilidad y requisitos antes de acudir.","Contact the organization to confirm availability and requirements before visiting.","1st and 3rd sábado: 9am-12pm","1st and 3rd Saturday: 9am-12pm","","","Condado de Williamson","Williamson County","","","","","","204 East Live Oak St. Hutto, TX 78634","","","TX","78634","Williamson","","","https://www.centraltexasfoodbank.org/find-food-now","","","2026-09-02","Existencia o ubicación cotejada el 2026-09-02 con el directorio oficial Find Food Now del Central Texas Food Bank; revise horarios directamente antes de publicar."
"Agape Food Pantry of Taylor","Agape Food Pantry of Taylor","Agape Food Pantry of Taylor","Despensa de alimentos y apoyo comunitario para residentes de Condado de Williamson.","Food pantry and community support for residents of Williamson County.","Ofrece acceso a alimentos. Comuníquese directamente con la organización para confirmar disponibilidad, requisitos y otros apoyos.","Provides access to food. Contact the organization directly to confirm availability, requirements, and additional support.","agape-food-pantry-of-taylor-williamson","comida","","alimentos, despensa, comida, apoyo comunitario","food, food pantry, groceries, community support","","in_person","unknown","","","","","Comuníquese con la organización para confirmar disponibilidad y requisitos antes de acudir.","Contact the organization to confirm availability and requirements before visiting.","1st and 3rd viernes: 5:30pm-7pm","1st and 3rd Friday: 5:30pm-7pm","","","Condado de Williamson","Williamson County","","","","","","1616 Old Grangver Rd. Taylor, TX 76574","","","TX","76574","Williamson","","","https://www.centraltexasfoodbank.org/find-food-now","","","2026-09-02","Existencia o ubicación cotejada el 2026-09-02 con el directorio oficial Find Food Now del Central Texas Food Bank; revise horarios directamente antes de publicar."
"Zion Chapel Missionary Baptist Church","Zion Chapel Missionary Baptist Church","Zion Chapel Missionary Baptist Church","Despensa de alimentos y apoyo comunitario para residentes de Condado de Williamson.","Food pantry and community support for residents of Williamson County.","Ofrece acceso a alimentos. Comuníquese directamente con la organización para confirmar disponibilidad, requisitos y otros apoyos.","Provides access to food. Contact the organization directly to confirm availability, requirements, and additional support.","zion-chapel-missionary-baptist-church-williamson","comida","","alimentos, despensa, comida, apoyo comunitario","food, food pantry, groceries, community support","","in_person","unknown","","","","","Comuníquese con la organización para confirmar disponibilidad y requisitos antes de acudir.","Contact the organization to confirm availability and requirements before visiting.","lunes: 10am-1pm","Monday: 10am-1pm","","","Condado de Williamson","Williamson County","","","","","","612 MLK Jr. Blvd. Taylor, TX 76574","","","TX","76574","Williamson","","","","","","","Registro preparado a partir de “Food Pantries by County.xlsx”; requiere revisión administrativa antes de publicar."
"Shepherd's Heart Food Pantry and Community Ministries","Shepherd's Heart Food Pantry and Community Ministries","Shepherd's Heart Food Pantry and Community Ministries","Despensa de alimentos y apoyo comunitario para residentes de Condado de Williamson.","Food pantry and community support for residents of Williamson County.","Ofrece acceso a alimentos. Comuníquese directamente con la organización para confirmar disponibilidad, requisitos y otros apoyos.","Provides access to food. Contact the organization directly to confirm availability, requirements, and additional support.","shepherd-s-heart-food-pantry-and-community-ministries-williamson","comida","","alimentos, despensa, comida, apoyo comunitario","food, food pantry, groceries, community support","","in_person","unknown","","","","","Comuníquese con la organización para confirmar disponibilidad y requisitos antes de acudir.","Contact the organization to confirm availability and requirements before visiting.","martes: 12:30pm-3pm
jueves: 12:30pm-3pm
sábado: 8:30am-10:30am","Tuesday: 12:30pm-3pm
Thursday: 12:30pm-3pm
Saturday: 8:30am-10:30am","","","Condado de Williamson","Williamson County","(512) 352-5553","","","","https://www.shepherdshearttaylor.org/","121 E. 2nd St. Taylor, TX 76574","","","TX","76574","Williamson","","","https://www.shepherdshearttaylor.org/","","","2026-09-02","Existencia o ubicación cotejada el 2026-09-02 con el directorio oficial Find Food Now del Central Texas Food Bank; revise horarios directamente antes de publicar."
"Jarrell ISD Cafeteria","Jarrell ISD Cafeteria","Jarrell ISD Cafeteria","Despensa de alimentos y apoyo comunitario para residentes de Condado de Williamson.","Food pantry and community support for residents of Williamson County.","Ofrece acceso a alimentos. Comuníquese directamente con la organización para confirmar disponibilidad, requisitos y otros apoyos.","Provides access to food. Contact the organization directly to confirm availability, requirements, and additional support.","jarrell-isd-cafeteria-williamson","comida","","alimentos, despensa, comida, apoyo comunitario","food, food pantry, groceries, community support","","in_person","unknown","","","","","Comuníquese con la organización para confirmar disponibilidad y requisitos antes de acudir.","Contact the organization to confirm availability and requirements before visiting.","1st sábado: 9am-11am","1st Saturday: 9am-11am","","","Condado de Williamson","Williamson County","","","","","","508 N 5th St. Jarrell, TX 76537","","","TX","76537","Williamson","","","","","","","Registro preparado a partir de “Food Pantries by County.xlsx”; requiere revisión administrativa antes de publicar."
"Knights of Columbus Hall","Knights of Columbus Hall","Knights of Columbus Hall","Despensa de alimentos y apoyo comunitario para residentes de Condado de Williamson.","Food pantry and community support for residents of Williamson County.","Ofrece acceso a alimentos. Comuníquese directamente con la organización para confirmar disponibilidad, requisitos y otros apoyos.","Provides access to food. Contact the organization directly to confirm availability, requirements, and additional support.","knights-of-columbus-hall-williamson","comida","","alimentos, despensa, comida, apoyo comunitario","food, food pantry, groceries, community support","","in_person","unknown","","","","","Comuníquese con la organización para confirmar disponibilidad y requisitos antes de acudir.","Contact the organization to confirm availability and requirements before visiting.","2nd martes: 2pm-4pm","2nd Tuesday: 2pm-4pm","","","Condado de Williamson","Williamson County","","","","","","500 W Davilla St. Granger, TX 76530","","","TX","76530","Williamson","","","","","","","Registro preparado a partir de “Food Pantries by County.xlsx”; requiere revisión administrativa antes de publicar."
"Florence High School","Florence High School","Florence High School","Despensa de alimentos y apoyo comunitario para residentes de Condado de Williamson.","Food pantry and community support for residents of Williamson County.","Ofrece acceso a alimentos. Comuníquese directamente con la organización para confirmar disponibilidad, requisitos y otros apoyos.","Provides access to food. Contact the organization directly to confirm availability, requirements, and additional support.","florence-high-school-williamson","comida","","alimentos, despensa, comida, apoyo comunitario","food, food pantry, groceries, community support","","in_person","unknown","","","","","Comuníquese con la organización para confirmar disponibilidad y requisitos antes de acudir.","Contact the organization to confirm availability and requirements before visiting.","4th sábado: 12pm-2pm","4th Saturday: 12pm-2pm","","","Condado de Williamson","Williamson County","","","","","","401 FM 970 Florence, TX 76527","","","TX","76527","Williamson","","","","","","","Registro preparado a partir de “Food Pantries by County.xlsx”; requiere revisión administrativa antes de publicar."
"Furr Baby Food Pantry (FOOD FOR PETS)","Furr Baby Food Pantry (FOOD FOR PETS)","Furr Baby Food Pantry (FOOD FOR PETS)","Despensa de alimentos y apoyo comunitario para residentes de Condado de Williamson y Condado de Travis.","Food pantry and community support for residents of Williamson County and Travis County.","Ofrece acceso a alimentos. Comuníquese directamente con la organización para confirmar disponibilidad, requisitos y otros apoyos.","Apply and request items on their website. Must pick up items requested within 72hrs of request","furr-baby-food-pantry-food-for-pets-williamson","comida","","alimentos, despensa, comida, apoyo comunitario","food, food pantry, groceries, community support","","in_person","unknown","","","","","Comuníquese con la organización para confirmar disponibilidad y requisitos antes de acudir.","Contact the organization to confirm availability and requirements before visiting.","domingo-viernes: 11am-2pm","Sunday-Friday: 11am-2pm","","","Condado de Williamson; Condado de Travis","Williamson County; Travis County","(626) 536-0979","","","furrbabyfoodpantry@gmail.com","https://www.furrbabyfoodpantry.org/","1603 Northwest Blvd. Georgetown, TX 78628","","","TX","78628","","","","https://www.furrbabyfoodpantry.org/","","","2026-07-09","Registro preparado a partir de “Food Pantries by County.xlsx”; requiere revisión administrativa antes de publicar."
"Helping Hands of Georgetown","Helping Hands of Georgetown","Helping Hands of Georgetown","Despensa de alimentos y apoyo comunitario para residentes de Condado de Williamson.","Food pantry and community support for residents of Williamson County.","Ofrece acceso a alimentos. Comuníquese directamente con la organización para confirmar disponibilidad, requisitos y otros apoyos.","Provides sandwiches/lunches, clothing, various items on request (backpack, luggage, sleeping bags, condiments for sandwiches)","helping-hands-of-georgetown-williamson","comida","","alimentos, despensa, comida, apoyo comunitario","food, food pantry, groceries, community support","","phone","unknown","","","","","Comuníquese con la organización para confirmar disponibilidad y requisitos antes de acudir.","Contact the organization to confirm availability and requirements before visiting.","lunes-jueves: 3:15pm","Monday-Thursday: 3:15pm","","","Condado de Williamson","Williamson County","(512) 688-3595","","","","","","","","","","Williamson","","","","","","","Registro preparado a partir de “Food Pantries by County.xlsx”; requiere revisión administrativa antes de publicar."
"Helping Hands with coordination of various churches","Helping Hands with coordination of various churches","Helping Hands with coordination of various churches","Despensa de alimentos y apoyo comunitario para residentes de Condado de Williamson.","Food pantry and community support for residents of Williamson County.","Ofrece acceso a alimentos. Comuníquese directamente con la organización para confirmar disponibilidad, requisitos y otros apoyos.","Warm meal provided","helping-hands-with-coordination-of-various-churches-williamson","comida","","alimentos, despensa, comida, apoyo comunitario","food, food pantry, groceries, community support","","","unknown","","","","","Comuníquese con la organización para confirmar disponibilidad y requisitos antes de acudir.","Contact the organization to confirm availability and requirements before visiting.","domingo: 4pm","Sunday: 4pm","","","Condado de Williamson","Williamson County","","","","","","","","","","","Williamson","","","","","","","Registro preparado a partir de “Food Pantries by County.xlsx”; requiere revisión administrativa antes de publicar."
"Kat Kares","Kat Kares","Kat Kares","Despensa de alimentos y apoyo comunitario para residentes de Condado de Williamson.","Food pantry and community support for residents of Williamson County.","Ofrece acceso a alimentos. Comuníquese directamente con la organización para confirmar disponibilidad, requisitos y otros apoyos.","Warm meal, snack bags, hygiene bags, setting up showers, laundry, immediate needs of the unhoused","kat-kares-williamson","comida","","alimentos, despensa, comida, apoyo comunitario","food, food pantry, groceries, community support","","phone","unknown","","","","","Comuníquese con la organización para confirmar disponibilidad y requisitos antes de acudir.","Contact the organization to confirm availability and requirements before visiting.","vierness 4pm","Fridays 4pm","","","Condado de Williamson","Williamson County","(512) 843-1134","","","","","","","","","","Williamson","","","","","","","Registro preparado a partir de “Food Pantries by County.xlsx”; requiere revisión administrativa antes de publicar."
"Meals on Wheels","Meals on Wheels","Meals on Wheels","Despensa de alimentos y apoyo comunitario para residentes de Condado de Williamson.","Food pantry and community support for residents of Williamson County.","Ofrece acceso a alimentos. Comuníquese directamente con la organización para confirmar disponibilidad, requisitos y otros apoyos.","Provides access to food. Contact the organization directly to confirm availability, requirements, and additional support.","meals-on-wheels-williamson","comida","","alimentos, despensa, comida, apoyo comunitario","food, food pantry, groceries, community support","","in_person","unknown","","","","","Comuníquese con la organización para confirmar disponibilidad y requisitos antes de acudir.","Contact the organization to confirm availability and requirements before visiting.","Horario: Mon-Fri: 8am-2pm","Hours: Mon-Fri: 8am-2pm","","","Condado de Williamson","Williamson County","(512) 763-1400","","","","","301 West Bagdad Ave. Round Rock, TX 78664","","","TX","78664","Williamson","","","https://www.centraltexasfoodbank.org/find-food-now","","","2026-09-02","Existencia o ubicación cotejada el 2026-09-02 con el directorio oficial Find Food Now del Central Texas Food Bank; revise horarios directamente antes de publicar."
"Central Texas Food Bank","Central Texas Food Bank","Central Texas Food Bank","Despensa de alimentos y apoyo comunitario para residentes de Condado de Travis.","Food pantry and community support for residents of Travis County.","Ofrece acceso a alimentos. Comuníquese directamente con la organización para confirmar disponibilidad, requisitos y otros apoyos.","Provides access to food. Contact the organization directly to confirm availability, requirements, and additional support.","central-texas-food-bank-travis","comida","","alimentos, despensa, comida, apoyo comunitario","food, food pantry, groceries, community support","","in_person","unknown","","","","","Comuníquese con la organización para confirmar disponibilidad y requisitos antes de acudir.","Contact the organization to confirm availability and requirements before visiting.","lunes-viernes: 8am-5pm","Monday-Friday: 8am-5pm","","","Condado de Travis","Travis County","(512) 282-2111","","","","https://www.centraltexasfoodbank.org/","6500 Metropolis Dr. Austin, TX 78744","","","TX","78744","Travis","","","https://www.centraltexasfoodbank.org/","","","2026-09-02","Existencia o ubicación cotejada el 2026-09-02 con el directorio oficial Find Food Now del Central Texas Food Bank; revise horarios directamente antes de publicar."
"Travis County Community Food Pantries","Travis County Community Food Pantries","Travis County Community Food Pantries","Despensa de alimentos y apoyo comunitario para residentes de Condado de Travis.","Food pantry and community support for residents of Travis County.","Ofrece acceso a alimentos. Comuníquese directamente con la organización para confirmar disponibilidad, requisitos y otros apoyos.","Pantries are available once every 30 days","travis-county-community-food-pantries-travis","comida","","alimentos, despensa, comida, apoyo comunitario","food, food pantry, groceries, community support","","phone","unknown","","","","","Comuníquese con la organización para confirmar disponibilidad y requisitos antes de acudir.","Contact the organization to confirm availability and requirements before visiting.","Horario: Mon-Fri: 8am-5pm","Hours: Mon-Fri: 8am-5pm","","","Condado de Travis","Travis County","(512) 854-4120","","","","https://www.traviscountytx.gov/health-human-services/apply-for-assistance/food-pantry","","","","","","Travis","","","https://www.traviscountytx.gov/health-human-services/apply-for-assistance/food-pantry","","","","Registro preparado a partir de “Food Pantries by County.xlsx”; requiere revisión administrativa antes de publicar."
"Shoreline - North Austin Mobile Pantry","Shoreline - North Austin Mobile Pantry","Shoreline - North Austin Mobile Pantry","Despensa de alimentos y apoyo comunitario para residentes de Condado de Travis.","Food pantry and community support for residents of Travis County.","Ofrece acceso a alimentos. Comuníquese directamente con la organización para confirmar disponibilidad, requisitos y otros apoyos.","Provides access to food. Contact the organization directly to confirm availability, requirements, and additional support.","shoreline-north-austin-mobile-pantry-travis","comida","","alimentos, despensa, comida, apoyo comunitario","food, food pantry, groceries, community support","","in_person","unknown","","","","","Comuníquese con la organización para confirmar disponibilidad y requisitos antes de acudir.","Contact the organization to confirm availability and requirements before visiting.","First viernes 12:30pm-2pm","First Friday 12:30pm-2pm","","","Condado de Travis","Travis County","","","","","","15201 Burnet Rd. Austin, TX 78728","","","TX","15201","Travis","","","","","","","Registro preparado a partir de “Food Pantries by County.xlsx”; requiere revisión administrativa antes de publicar."
"Dorcas Passion Ministries
Alpha Sventh Day Adventist Church - Drive up food pantry","Dorcas Passion Ministries
Alpha Sventh Day Adventist Church - Drive up food pantry","Dorcas Passion Ministries
Alpha Sventh Day Adventist Church - Drive up food pantry","Despensa de alimentos y apoyo comunitario para residentes de Condado de Travis.","Food pantry and community support for residents of Travis County.","Ofrece acceso a alimentos. Comuníquese directamente con la organización para confirmar disponibilidad, requisitos y otros apoyos.","Provides access to food. Contact the organization directly to confirm availability, requirements, and additional support.","dorcas-passion-ministries-alpha-sventh-day-adventist-church-drive-up-food-pantry-travis","comida","","alimentos, despensa, comida, apoyo comunitario","food, food pantry, groceries, community support","","in_person","unknown","","","","","Comuníquese con la organización para confirmar disponibilidad y requisitos antes de acudir.","Contact the organization to confirm availability and requirements before visiting.","2nd and 4th domingo: 10am-12pm","2nd and 4th Sunday: 10am-12pm","","","Condado de Travis","Travis County","(512) 926-6721","","","","","3039 Pecan Springs Rd. Austin, TX 78723","","","TX","78723","Travis","","","https://www.centraltexasfoodbank.org/find-food-now","","","2026-09-02","Existencia o ubicación cotejada el 2026-09-02 con el directorio oficial Find Food Now del Central Texas Food Bank; revise horarios directamente antes de publicar."
"St. Andrews Presbyterian Church","St. Andrews Presbyterian Church","St. Andrews Presbyterian Church","Despensa de alimentos y apoyo comunitario para residentes de Condado de Travis.","Food pantry and community support for residents of Travis County.","Ofrece acceso a alimentos. Comuníquese directamente con la organización para confirmar disponibilidad, requisitos y otros apoyos.","Provides access to food. Contact the organization directly to confirm availability, requirements, and additional support.","st-andrews-presbyterian-church-travis","comida","","alimentos, despensa, comida, apoyo comunitario","food, food pantry, groceries, community support","","in_person","unknown","","","","","Comuníquese con la organización para confirmar disponibilidad y requisitos antes de acudir.","Contact the organization to confirm availability and requirements before visiting.","2nd and 4th sábado 10am-12pm","2nd and 4th Saturday 10am-12pm","","","Condado de Travis","Travis County","(512) 251-0698","","","","","14311 Wells Port Dr. Austin, TX 78728","","","TX","14311","Travis","","","https://www.centraltexasfoodbank.org/find-food-now","","","2026-09-02","Existencia o ubicación cotejada el 2026-09-02 con el directorio oficial Find Food Now del Central Texas Food Bank; revise horarios directamente antes de publicar."
"Deliverance Temple Worship Center","Deliverance Temple Worship Center","Deliverance Temple Worship Center","Despensa de alimentos y apoyo comunitario para residentes de Condado de Travis.","Food pantry and community support for residents of Travis County.","Ofrece acceso a alimentos. Comuníquese directamente con la organización para confirmar disponibilidad, requisitos y otros apoyos.","Provides access to food. Contact the organization directly to confirm availability, requirements, and additional support.","deliverance-temple-worship-center-austin","comida","","alimentos, despensa, comida, apoyo comunitario","food, food pantry, groceries, community support","","in_person","unknown","","","","","Comuníquese con la organización para confirmar disponibilidad y requisitos antes de acudir.","Contact the organization to confirm availability and requirements before visiting.","viernes: 9am-1pm","Friday: 9am-1pm","","","Condado de Travis","Travis County","(737) 202-4470","","","","","1607 Dessau Ridge Lane, Austin, TX 78754","","Austin","TX","78754","Travis","","","https://www.centraltexasfoodbank.org/find-food-now","","","2026-09-02","Existencia o ubicación cotejada el 2026-09-02 con el directorio oficial Find Food Now del Central Texas Food Bank; revise horarios directamente antes de publicar."
"Austin Blessings Food Pantry:
Austin Reconciliation Church","Austin Blessings Food Pantry:
Austin Reconciliation Church","Austin Blessings Food Pantry:
Austin Reconciliation Church","Despensa de alimentos y apoyo comunitario para residentes de Condado de Travis.","Food pantry and community support for residents of Travis County.","Ofrece acceso a alimentos. Comuníquese directamente con la organización para confirmar disponibilidad, requisitos y otros apoyos.","Boutique open weekly for lightly used clothing at affordable prices","austin-blessings-food-pantry-austin-reconciliation-church-travis","comida","","alimentos, despensa, comida, apoyo comunitario","food, food pantry, groceries, community support","","in_person","unknown","","","","","Comuníquese con la organización para confirmar disponibilidad y requisitos antes de acudir.","Contact the organization to confirm availability and requirements before visiting.","miércoless: 10:30am-1:30pm","Wednesdays: 10:30am-1:30pm","","","Condado de Travis","Travis County","","","","","https://austinblessings.org/","7000 Cameron Rd. Austin, TX 78752","","","TX","78752","Travis","","","https://austinblessings.org/","","","2026-09-02","Existencia o ubicación cotejada el 2026-09-02 con el directorio oficial Find Food Now del Central Texas Food Bank; revise horarios directamente antes de publicar."
"Austin Blessings Food Pantry:
Austin Blessings Outreach Center","Austin Blessings Food Pantry:
Austin Blessings Outreach Center","Austin Blessings Food Pantry:
Austin Blessings Outreach Center","Despensa de alimentos y apoyo comunitario para residentes de Condado de Travis.","Food pantry and community support for residents of Travis County.","Ofrece acceso a alimentos. Comuníquese directamente con la organización para confirmar disponibilidad, requisitos y otros apoyos.","Baby diapers, feminie products, baby wipes, assortment of baby products (when available). Free clothing one Saturday each month. Saturday dates vary and announced in advance on social media","austin-blessings-food-pantry-austin-blessings-outreach-center-travis","comida","","alimentos, despensa, comida, apoyo comunitario","food, food pantry, groceries, community support","","in_person","free","","","","","Comuníquese con la organización para confirmar disponibilidad y requisitos antes de acudir.","Contact the organization to confirm availability and requirements before visiting.","luness and vierness: 10am-1pm","Mondays and Fridays: 10am-1pm","","","Condado de Travis","Travis County","","","","","https://austinblessings.org/","4403 Russell Dr. Austin, TX 78745","","","TX","78745","Travis","","","https://austinblessings.org/","","","2026-09-02","Existencia o ubicación cotejada el 2026-09-02 con el directorio oficial Find Food Now del Central Texas Food Bank; revise horarios directamente antes de publicar."
"Lake Travis Crisis Ministries","Lake Travis Crisis Ministries","Lake Travis Crisis Ministries","Despensa de alimentos y apoyo comunitario para residentes de Condado de Travis.","Food pantry and community support for residents of Travis County.","Ofrece acceso a alimentos. Comuníquese directamente con la organización para confirmar disponibilidad, requisitos y otros apoyos.","Provides access to food. Contact the organization directly to confirm availability, requirements, and additional support.","lake-travis-crisis-ministries-lakeway","comida","","alimentos, despensa, comida, apoyo comunitario","food, food pantry, groceries, community support","","in_person","unknown","","","","","Comuníquese con la organización para confirmar disponibilidad y requisitos antes de acudir.","Contact the organization to confirm availability and requirements before visiting.","miércoles: 5pm-7pm
jueves: 10am-12pm","Wednesday: 5pm-7pm
Thursday: 10am-12pm","","","Condado de Travis","Travis County","(512) 266-9810","","","","","107 Ranch Rd 620, Lakeway, TX 78734","","Lakeway","TX","78734","Travis","","","https://www.centraltexasfoodbank.org/find-food-now","","","2026-09-02","Existencia o ubicación cotejada el 2026-09-02 con el directorio oficial Find Food Now del Central Texas Food Bank; revise horarios directamente antes de publicar."
"Foundation Communities - Laurel Creek","Foundation Communities - Laurel Creek","Foundation Communities - Laurel Creek","Despensa de alimentos y apoyo comunitario para residentes de Condado de Travis.","Food pantry and community support for residents of Travis County.","Ofrece acceso a alimentos. Comuníquese directamente con la organización para confirmar disponibilidad, requisitos y otros apoyos.","Provides access to food. Contact the organization directly to confirm availability, requirements, and additional support.","foundation-communities-laurel-creek-travis","comida","","alimentos, despensa, comida, apoyo comunitario","food, food pantry, groceries, community support","","in_person","unknown","","","","","Comuníquese con la organización para confirmar disponibilidad y requisitos antes de acudir.","Contact the organization to confirm availability and requirements before visiting.","2nd and 4th lunes 4:30pm-6:30pm","2nd and 4th Monday 4:30pm-6:30pm","","","Condado de Travis","Travis County","(512) 735-1635","","","","","11704 N Lamar Blvd. Austin, TX 78753","","","TX","11704","Travis","","","https://www.centraltexasfoodbank.org/find-food-now","","","2026-09-02","Existencia o ubicación cotejada el 2026-09-02 con el directorio oficial Find Food Now del Central Texas Food Bank; revise horarios directamente antes de publicar."
"Foundation Communities - Crossroads","Foundation Communities - Crossroads","Foundation Communities - Crossroads","Despensa de alimentos y apoyo comunitario para residentes de Condado de Travis.","Food pantry and community support for residents of Travis County.","Ofrece acceso a alimentos. Comuníquese directamente con la organización para confirmar disponibilidad, requisitos y otros apoyos.","Provides access to food. Contact the organization directly to confirm availability, requirements, and additional support.","foundation-communities-crossroads-travis","comida","","alimentos, despensa, comida, apoyo comunitario","food, food pantry, groceries, community support","","in_person","unknown","","","","","Comuníquese con la organización para confirmar disponibilidad y requisitos antes de acudir.","Contact the organization to confirm availability and requirements before visiting.","1st lunes: 4:30pm-6:30pm
3rd lunes:","1st Monday: 4:30pm-6:30pm
3rd Monday:","","","Condado de Travis","Travis County","","","","","","8801 McCann Dr. Austin, TX 78757","","","TX","78757","Travis","","","https://www.centraltexasfoodbank.org/find-food-now","","","2026-09-02","Existencia o ubicación cotejada el 2026-09-02 con el directorio oficial Find Food Now del Central Texas Food Bank; revise horarios directamente antes de publicar."
"Foundation Communities - Cardinal Point","Foundation Communities - Cardinal Point","Foundation Communities - Cardinal Point","Despensa de alimentos y apoyo comunitario para residentes de Condado de Travis.","Food pantry and community support for residents of Travis County.","Ofrece acceso a alimentos. Comuníquese directamente con la organización para confirmar disponibilidad, requisitos y otros apoyos.","Provides access to food. Contact the organization directly to confirm availability, requirements, and additional support.","foundation-communities-cardinal-point-travis","comida","","alimentos, despensa, comida, apoyo comunitario","food, food pantry, groceries, community support","","in_person","unknown","","","","","Comuníquese con la organización para confirmar disponibilidad y requisitos antes de acudir.","Contact the organization to confirm availability and requirements before visiting.","2nd and 4th martes: 11am-1pm","2nd and 4th Tuesday: 11am-1pm","","","Condado de Travis","Travis County","(512) 381-4590","","","","","11015 4 Points Dr. Austin, TX 78726","","","TX","11015","Travis","","","","","","","Registro preparado a partir de “Food Pantries by County.xlsx”; requiere revisión administrativa antes de publicar."
"Foundation Communities - Southwest Trails","Foundation Communities - Southwest Trails","Foundation Communities - Southwest Trails","Despensa de alimentos y apoyo comunitario para residentes de Condado de Travis.","Food pantry and community support for residents of Travis County.","Ofrece acceso a alimentos. Comuníquese directamente con la organización para confirmar disponibilidad, requisitos y otros apoyos.","Provides access to food. Contact the organization directly to confirm availability, requirements, and additional support.","foundation-communities-southwest-trails-travis","comida","","alimentos, despensa, comida, apoyo comunitario","food, food pantry, groceries, community support","","in_person","unknown","","","","","Comuníquese con la organización para confirmar disponibilidad y requisitos antes de acudir.","Contact the organization to confirm availability and requirements before visiting.","2nd miércoles: 4:30pm-6:30pm","2nd Wednesday: 4:30pm-6:30pm","","","Condado de Travis","Travis County","(512) 301-2442","","","","","8405 Old Bee Caves Rd. Austin, TX 78735","","","TX","78735","Travis","","","https://www.centraltexasfoodbank.org/find-food-now","","","2026-09-02","Existencia o ubicación cotejada el 2026-09-02 con el directorio oficial Find Food Now del Central Texas Food Bank; revise horarios directamente antes de publicar."
"Foundation Communities - Trails at the Park","Foundation Communities - Trails at the Park","Foundation Communities - Trails at the Park","Despensa de alimentos y apoyo comunitario para residentes de Condado de Travis.","Food pantry and community support for residents of Travis County.","Ofrece acceso a alimentos. Comuníquese directamente con la organización para confirmar disponibilidad, requisitos y otros apoyos.","Provides access to food. Contact the organization directly to confirm availability, requirements, and additional support.","foundation-communities-trails-at-the-park-travis","comida","","alimentos, despensa, comida, apoyo comunitario","food, food pantry, groceries, community support","","in_person","unknown","","","","","Comuníquese con la organización para confirmar disponibilidad y requisitos antes de acudir.","Contact the organization to confirm availability and requirements before visiting.","1st and 3rd jueves: 11am-1pm","1st and 3rd Thursday: 11am-1pm","","","Condado de Travis","Travis County","(512) 280-5200","","","","","815 West Slaughter Lane Austin, TX 78748","","","TX","78748","Travis","","","https://www.centraltexasfoodbank.org/find-food-now","","","2026-09-02","Existencia o ubicación cotejada el 2026-09-02 con el directorio oficial Find Food Now del Central Texas Food Bank; revise horarios directamente antes de publicar."
"Foundation Communities - Parker Lane","Foundation Communities - Parker Lane","Foundation Communities - Parker Lane","Despensa de alimentos y apoyo comunitario para residentes de Condado de Travis.","Food pantry and community support for residents of Travis County.","Ofrece acceso a alimentos. Comuníquese directamente con la organización para confirmar disponibilidad, requisitos y otros apoyos.","Provides access to food. Contact the organization directly to confirm availability, requirements, and additional support.","foundation-communities-parker-lane-travis","comida","","alimentos, despensa, comida, apoyo comunitario","food, food pantry, groceries, community support","","in_person","unknown","","","","","Comuníquese con la organización para confirmar disponibilidad y requisitos antes de acudir.","Contact the organization to confirm availability and requirements before visiting.","1st and 3rd luness: 4:30pm-6:30pm","1st and 3rd Mondays: 4:30pm-6:30pm","","","Condado de Travis","Travis County","","","","","","2105 Parker Lane Austin, TX 78741","","","TX","78741","Travis","","","https://www.centraltexasfoodbank.org/find-food-now","","","2026-09-02","Existencia o ubicación cotejada el 2026-09-02 con el directorio oficial Find Food Now del Central Texas Food Bank; revise horarios directamente antes de publicar."
"Foundation Communities - Jordan at Mueller","Foundation Communities - Jordan at Mueller","Foundation Communities - Jordan at Mueller","Despensa de alimentos y apoyo comunitario para residentes de Condado de Travis.","Food pantry and community support for residents of Travis County.","Ofrece acceso a alimentos. Comuníquese directamente con la organización para confirmar disponibilidad, requisitos y otros apoyos.","Provides access to food. Contact the organization directly to confirm availability, requirements, and additional support.","foundation-communities-jordan-at-mueller-travis","comida","","alimentos, despensa, comida, apoyo comunitario","food, food pantry, groceries, community support","","in_person","unknown","","","","","Comuníquese con la organización para confirmar disponibilidad y requisitos antes de acudir.","Contact the organization to confirm availability and requirements before visiting.","1st and 3rd martes: 11am-1pm","1st and 3rd Tuesday: 11am-1pm","","","Condado de Travis","Travis County","(512) 381-4580","","","","","2724 Philomena St. Austin, TX 78723","","","TX","78723","Travis","","","https://www.centraltexasfoodbank.org/find-food-now","","","2026-09-02","Existencia o ubicación cotejada el 2026-09-02 con el directorio oficial Find Food Now del Central Texas Food Bank; revise horarios directamente antes de publicar."
"Foundation Communities - Vintage Creek","Foundation Communities - Vintage Creek","Foundation Communities - Vintage Creek","Despensa de alimentos y apoyo comunitario para residentes de Condado de Travis.","Food pantry and community support for residents of Travis County.","Ofrece acceso a alimentos. Comuníquese directamente con la organización para confirmar disponibilidad, requisitos y otros apoyos.","Provides access to food. Contact the organization directly to confirm availability, requirements, and additional support.","foundation-communities-vintage-creek-travis","comida","","alimentos, despensa, comida, apoyo comunitario","food, food pantry, groceries, community support","","in_person","unknown","","","","","Comuníquese con la organización para confirmar disponibilidad y requisitos antes de acudir.","Contact the organization to confirm availability and requirements before visiting.","1st and 3rd miércoles: 4:30pm-6:30pm","1st and 3rd Wednesday: 4:30pm-6:30pm","","","Condado de Travis","Travis County","(512) 933-1005","","","","","7224 Northeast Dr. Austin, TX 78723","","","TX","78723","Travis","","","https://www.centraltexasfoodbank.org/find-food-now","","","2026-09-02","Existencia o ubicación cotejada el 2026-09-02 con el directorio oficial Find Food Now del Central Texas Food Bank; revise horarios directamente antes de publicar."
"Foundation Communities - M Station","Foundation Communities - M Station","Foundation Communities - M Station","Despensa de alimentos y apoyo comunitario para residentes de Condado de Travis.","Food pantry and community support for residents of Travis County.","Ofrece acceso a alimentos. Comuníquese directamente con la organización para confirmar disponibilidad, requisitos y otros apoyos.","Provides access to food. Contact the organization directly to confirm availability, requirements, and additional support.","foundation-communities-m-station-travis","comida","","alimentos, despensa, comida, apoyo comunitario","food, food pantry, groceries, community support","","in_person","unknown","","","","","Comuníquese con la organización para confirmar disponibilidad y requisitos antes de acudir.","Contact the organization to confirm availability and requirements before visiting.","2nd and 4th vierness: 11am-1pm","2nd and 4th Fridays: 11am-1pm","","","Condado de Travis","Travis County","(512) 617-3037","","","","","2918 E Martin Luther King Jr. Blvd Austin, TX 78722","","","TX","78722","Travis","","","https://www.centraltexasfoodbank.org/find-food-now","","","2026-09-02","Existencia o ubicación cotejada el 2026-09-02 con el directorio oficial Find Food Now del Central Texas Food Bank; revise horarios directamente antes de publicar."
"Foundation Communities - Sierra Vista","Foundation Communities - Sierra Vista","Foundation Communities - Sierra Vista","Despensa de alimentos y apoyo comunitario para residentes de Condado de Travis.","Food pantry and community support for residents of Travis County.","Ofrece acceso a alimentos. Comuníquese directamente con la organización para confirmar disponibilidad, requisitos y otros apoyos.","Provides access to food. Contact the organization directly to confirm availability, requirements, and additional support.","foundation-communities-sierra-vista-travis","comida","","alimentos, despensa, comida, apoyo comunitario","food, food pantry, groceries, community support","","in_person","unknown","","","","","Comuníquese con la organización para confirmar disponibilidad y requisitos antes de acudir.","Contact the organization to confirm availability and requirements before visiting.","2nd and 4th jueves: 4:30pm-6:30pm","2nd and 4th Thursday: 4:30pm-6:30pm","","","Condado de Travis","Travis County","(512) 804-2265","","","","","4320 South Congress Ave. Austin, TX 78745","","","TX","78745","Travis","","","https://www.centraltexasfoodbank.org/find-food-now","","","2026-09-02","Existencia o ubicación cotejada el 2026-09-02 con el directorio oficial Find Food Now del Central Texas Food Bank; revise horarios directamente antes de publicar."
"Mision Cristiana","Mision Cristiana","Mision Cristiana","Despensa de alimentos y apoyo comunitario para residentes de Condado de Travis.","Food pantry and community support for residents of Travis County.","Ofrece acceso a alimentos. Comuníquese directamente con la organización para confirmar disponibilidad, requisitos y otros apoyos.","Provides access to food. Contact the organization directly to confirm availability, requirements, and additional support.","mision-cristiana-travis","comida","","alimentos, despensa, comida, apoyo comunitario","food, food pantry, groceries, community support","","in_person","unknown","","","","","Comuníquese con la organización para confirmar disponibilidad y requisitos antes de acudir.","Contact the organization to confirm availability and requirements before visiting.","1st and 3rd viernes: 10am-12pm","1st and 3rd Friday: 10am-12pm","","","Condado de Travis","Travis County","","","","","https://www.mcilidsusa.org/","6117 W Hwy 290 Austin, TX 78749","","","TX","78749","Travis","","","https://www.mcilidsusa.org/","","","2026-09-02","Existencia o ubicación cotejada el 2026-09-02 con el directorio oficial Find Food Now del Central Texas Food Bank; revise horarios directamente antes de publicar."
"Oak Hill Baptist Church","Oak Hill Baptist Church","Oak Hill Baptist Church","Despensa de alimentos y apoyo comunitario para residentes de Condado de Travis.","Food pantry and community support for residents of Travis County.","Ofrece acceso a alimentos. Comuníquese directamente con la organización para confirmar disponibilidad, requisitos y otros apoyos.","Provides access to food. Contact the organization directly to confirm availability, requirements, and additional support.","oak-hill-baptist-church-travis","comida","","alimentos, despensa, comida, apoyo comunitario","food, food pantry, groceries, community support","","in_person","unknown","","","","","Comuníquese con la organización para confirmar disponibilidad y requisitos antes de acudir.","Contact the organization to confirm availability and requirements before visiting.","martes: 9am-11am","Tuesday: 9am-11am","","","Condado de Travis","Travis County","","","","","https://www.ohbcaustin.org/","6907 Convict Hill Rd. Austin, TX 78749","","","TX","78749","Travis","","","https://www.ohbcaustin.org/","","","2026-09-02","Existencia o ubicación cotejada el 2026-09-02 con el directorio oficial Find Food Now del Central Texas Food Bank; revise horarios directamente antes de publicar."
"Abiding Love Lutheran Church","Abiding Love Lutheran Church","Abiding Love Lutheran Church","Despensa de alimentos y apoyo comunitario para residentes de Condado de Travis.","Food pantry and community support for residents of Travis County.","Ofrece acceso a alimentos. Comuníquese directamente con la organización para confirmar disponibilidad, requisitos y otros apoyos.","Provides access to food. Contact the organization directly to confirm availability, requirements, and additional support.","abiding-love-lutheran-church-travis","comida","","alimentos, despensa, comida, apoyo comunitario","food, food pantry, groceries, community support","","in_person","unknown","","","","","Comuníquese con la organización para confirmar disponibilidad y requisitos antes de acudir.","Contact the organization to confirm availability and requirements before visiting.","1st, 2nd, 3rd, and 4th lunes:
11:30am-2pm","1st, 2nd, 3rd, and 4th Monday:
11:30am-2pm","","","Condado de Travis","Travis County","(512) 892-4041","","","","https://www.abidinglove.org/connect/outreach/food-pantry.html","7210 Brush Country Rd Austin, TX 78749","","","TX","78749","Travis","","","https://www.abidinglove.org/connect/outreach/food-pantry.html","","","2026-09-02","Existencia o ubicación cotejada el 2026-09-02 con el directorio oficial Find Food Now del Central Texas Food Bank; revise horarios directamente antes de publicar."
"Bannockburn Baptist Church","Bannockburn Baptist Church","Bannockburn Baptist Church","Despensa de alimentos y apoyo comunitario para residentes de Condado de Travis.","Food pantry and community support for residents of Travis County.","Ofrece acceso a alimentos. Comuníquese directamente con la organización para confirmar disponibilidad, requisitos y otros apoyos.","Provides access to food. Contact the organization directly to confirm availability, requirements, and additional support.","bannockburn-baptist-church-travis","comida","","alimentos, despensa, comida, apoyo comunitario","food, food pantry, groceries, community support","","in_person","unknown","","","","","Comuníquese con la organización para confirmar disponibilidad y requisitos antes de acudir.","Contact the organization to confirm availability and requirements before visiting.","jueves: 9am-11am","Thursday: 9am-11am","","","Condado de Travis","Travis County","(512) 892-2703","","","","https://bannockburnchurch.com/","7100 Brodie Lane Austin, TX 78745","","","TX","78745","Travis","","","https://bannockburnchurch.com/","","","2026-09-02","Existencia o ubicación cotejada el 2026-09-02 con el directorio oficial Find Food Now del Central Texas Food Bank; revise horarios directamente antes de publicar."
"Austin Vineyard Church","Austin Vineyard Church","Austin Vineyard Church","Despensa de alimentos y apoyo comunitario para residentes de Condado de Travis.","Food pantry and community support for residents of Travis County.","Ofrece acceso a alimentos. Comuníquese directamente con la organización para confirmar disponibilidad, requisitos y otros apoyos.","Provides access to food. Contact the organization directly to confirm availability, requirements, and additional support.","austin-vineyard-church-travis","comida","","alimentos, despensa, comida, apoyo comunitario","food, food pantry, groceries, community support","","in_person","unknown","","","","","Comuníquese con la organización para confirmar disponibilidad y requisitos antes de acudir.","Contact the organization to confirm availability and requirements before visiting.","4th sábado: 9:30am-2:30pm","4th Saturday: 9:30am-2:30pm","","","Condado de Travis","Travis County","(512) 331-5200","","","","https://www.austinvineyardchurch.com/","13208 Morris Rd. Austin, TX 78729","","","TX","13208","Travis","","","https://www.austinvineyardchurch.com/","","","2026-09-02","Existencia o ubicación cotejada el 2026-09-02 con el directorio oficial Find Food Now del Central Texas Food Bank; revise horarios directamente antes de publicar."
"St. Vincent De Paul - Diocesan Council of Asutin","St. Vincent De Paul - Diocesan Council of Asutin","St. Vincent De Paul - Diocesan Council of Asutin","Despensa de alimentos y apoyo comunitario para residentes de Condado de Travis.","Food pantry and community support for residents of Travis County.","Ofrece acceso a alimentos. Comuníquese directamente con la organización para confirmar disponibilidad, requisitos y otros apoyos.","Provides access to food. Contact the organization directly to confirm availability, requirements, and additional support.","st-vincent-de-paul-diocesan-council-of-asutin-travis","comida","","alimentos, despensa, comida, apoyo comunitario","food, food pantry, groceries, community support","","in_person","unknown","","","","","Comuníquese con la organización para confirmar disponibilidad y requisitos antes de acudir.","Contact the organization to confirm availability and requirements before visiting.","sábado: 8am-11am","Saturday: 8am-11am","","","Condado de Travis","Travis County","(512) 251-6995","","","","","901 West Braker Lane Austin, TX 78758","","","TX","78758","Travis","","","","","","","Registro preparado a partir de “Food Pantries by County.xlsx”; requiere revisión administrativa antes de publicar."
"St. Stephens Missionary Baptist Church drive thru pantry","St. Stephens Missionary Baptist Church drive thru pantry","St. Stephens Missionary Baptist Church drive thru pantry","Despensa de alimentos y apoyo comunitario para residentes de Condado de Travis.","Food pantry and community support for residents of Travis County.","Ofrece acceso a alimentos. Comuníquese directamente con la organización para confirmar disponibilidad, requisitos y otros apoyos.","Provides access to food. Contact the organization directly to confirm availability, requirements, and additional support.","st-stephens-missionary-baptist-church-drive-thru-pantry-travis","comida","","alimentos, despensa, comida, apoyo comunitario","food, food pantry, groceries, community support","","in_person","unknown","","","","","Comuníquese con la organización para confirmar disponibilidad y requisitos antes de acudir.","Contact the organization to confirm availability and requirements before visiting.","sábado: 11am-1pm (2nd and 4th Sat? need to confirm)","Saturday: 11am-1pm (2nd and 4th Sat? need to confirm)","","","Condado de Travis","Travis County","(512) 837-1196","","","","","12300 Amherst Dr. Austin, TX 78727","","","TX","12300","Travis","","","","","","","Registro preparado a partir de “Food Pantries by County.xlsx”; requiere revisión administrativa antes de publicar."
"Bethany United Methodist Church","Bethany United Methodist Church","Bethany United Methodist Church","Despensa de alimentos y apoyo comunitario para residentes de Condado de Travis.","Food pantry and community support for residents of Travis County.","Ofrece acceso a alimentos. Comuníquese directamente con la organización para confirmar disponibilidad, requisitos y otros apoyos.","Provides access to food. Contact the organization directly to confirm availability, requirements, and additional support.","bethany-united-methodist-church-travis","comida","","alimentos, despensa, comida, apoyo comunitario","food, food pantry, groceries, community support","","in_person","unknown","","","","","Comuníquese con la organización para confirmar disponibilidad y requisitos antes de acudir.","Contact the organization to confirm availability and requirements before visiting.","First viernes: 9am-11am","First Friday: 9am-11am","","","Condado de Travis","Travis County","","","","","","10010 Anderson Mill Rd. Austin, TX 78750","","","TX","10010","Travis","","","","","","","Registro preparado a partir de “Food Pantries by County.xlsx”; requiere revisión administrativa antes de publicar."
"Bethany Christian Church","Bethany Christian Church","Bethany Christian Church","Despensa de alimentos y apoyo comunitario para residentes de Condado de Travis.","Food pantry and community support for residents of Travis County.","Ofrece acceso a alimentos. Comuníquese directamente con la organización para confirmar disponibilidad, requisitos y otros apoyos.","If available, may offer baby diapers, perspnal hygiene products","bethany-christian-church-travis","comida","","alimentos, despensa, comida, apoyo comunitario","food, food pantry, groceries, community support","","in_person","unknown","","","","","Comuníquese con la organización para confirmar disponibilidad y requisitos antes de acudir.","Contact the organization to confirm availability and requirements before visiting.","2nd miércoles:10am-12pm
4th martes: 6pm-8pm","2nd Wednesday:10am-12pm
4th Tuesday: 6pm-8pm","","","Condado de Travis","Travis County","(512) 926-4146","","","","","3507 E 12th St. Austin, TX 78721","","","TX","78721","Travis","","","https://www.centraltexasfoodbank.org/find-food-now","","","2026-09-02","Existencia o ubicación cotejada el 2026-09-02 con el directorio oficial Find Food Now del Central Texas Food Bank; revise horarios directamente antes de publicar."
"South Austin Church of the Nazarene","South Austin Church of the Nazarene","South Austin Church of the Nazarene","Despensa de alimentos y apoyo comunitario para residentes de Condado de Travis.","Food pantry and community support for residents of Travis County.","Ofrece acceso a alimentos. Comuníquese directamente con la organización para confirmar disponibilidad, requisitos y otros apoyos.","Provides access to food. Contact the organization directly to confirm availability, requirements, and additional support.","south-austin-church-of-the-nazarene-travis","comida","","alimentos, despensa, comida, apoyo comunitario","food, food pantry, groceries, community support","","in_person","unknown","","","","","Comuníquese con la organización para confirmar disponibilidad y requisitos antes de acudir.","Contact the organization to confirm availability and requirements before visiting.","luness: 9am-11am","Mondays: 9am-11am","","","Condado de Travis","Travis County","(512) 442-8476","","","","","6711 Menchaca Rd. Austin, TX 78745","","","TX","78745","Travis","","","","","","","Registro preparado a partir de “Food Pantries by County.xlsx”; requiere revisión administrativa antes de publicar."
"Austin City Lutherans - Bread For All Pantry","Austin City Lutherans - Bread For All Pantry","Austin City Lutherans - Bread For All Pantry","Despensa de alimentos y apoyo comunitario para residentes de Condado de Travis.","Food pantry and community support for residents of Travis County.","Ofrece acceso a alimentos. Comuníquese directamente con la organización para confirmar disponibilidad, requisitos y otros apoyos.","Provides access to food. Contact the organization directly to confirm availability, requirements, and additional support.","austin-city-lutherans-bread-for-all-pantry-travis","comida","","alimentos, despensa, comida, apoyo comunitario","food, food pantry, groceries, community support","","in_person","unknown","","","","","Comuníquese con la organización para confirmar disponibilidad y requisitos antes de acudir.","Contact the organization to confirm availability and requirements before visiting.","luness: 5pm-6:30pm","Mondays: 5pm-6:30pm","","","Condado de Travis","Travis County","","","","","","1314 E Oltorf St. Austin, TX 78704","","","TX","78704","Travis","","","https://www.centraltexasfoodbank.org/find-food-now","","","2026-09-02","Existencia o ubicación cotejada el 2026-09-02 con el directorio oficial Find Food Now del Central Texas Food Bank; revise horarios directamente antes de publicar."
"Iglesia Bautista Principe de Paz","Iglesia Bautista Principe de Paz","Iglesia Bautista Principe de Paz","Despensa de alimentos y apoyo comunitario para residentes de Condado de Travis.","Food pantry and community support for residents of Travis County.","Ofrece acceso a alimentos. Comuníquese directamente con la organización para confirmar disponibilidad, requisitos y otros apoyos.","Free bags of food offered once a week","iglesia-bautista-principe-de-paz-travis","comida","","alimentos, despensa, comida, apoyo comunitario","food, food pantry, groceries, community support","","in_person","free","","","","","Comuníquese con la organización para confirmar disponibilidad y requisitos antes de acudir.","Contact the organization to confirm availability and requirements before visiting.","miércoless: 5:30pm-7pm","Wednesdays: 5:30pm-7pm","","","Condado de Travis","Travis County","(512) 774-4939","","","","","1204 Payton Gin Rd. Austin, TX 78758","","","TX","78758","Travis","","","https://www.centraltexasfoodbank.org/find-food-now","","","2026-09-02","Existencia o ubicación cotejada el 2026-09-02 con el directorio oficial Find Food Now del Central Texas Food Bank; revise horarios directamente antes de publicar."
"North Austin Christian Church - Heaven's Harvest","North Austin Christian Church - Heaven's Harvest","North Austin Christian Church - Heaven's Harvest","Despensa de alimentos y apoyo comunitario para residentes de Condado de Travis.","Food pantry and community support for residents of Travis County.","Ofrece acceso a alimentos. Comuníquese directamente con la organización para confirmar disponibilidad, requisitos y otros apoyos.","Provides access to food. Contact the organization directly to confirm availability, requirements, and additional support.","north-austin-christian-church-heaven-s-harvest-travis","comida","","alimentos, despensa, comida, apoyo comunitario","food, food pantry, groceries, community support","","in_person","unknown","","","","","Comuníquese con la organización para confirmar disponibilidad y requisitos antes de acudir.","Contact the organization to confirm availability and requirements before visiting.","lunes: 6:30pm-8pm","Monday: 6:30pm-8pm","","","Condado de Travis","Travis County","(512) 836-3282","","","","","1734 Rutland Dr. Austin, TX 78758","","","TX","78758","Travis","","","https://www.centraltexasfoodbank.org/find-food-now","","","2026-09-02","Existencia o ubicación cotejada el 2026-09-02 con el directorio oficial Find Food Now del Central Texas Food Bank; revise horarios directamente antes de publicar."
"Greater Mt. Zion Church Food Pantry","Greater Mt. Zion Church Food Pantry","Greater Mt. Zion Church Food Pantry","Despensa de alimentos y apoyo comunitario para residentes de Condado de Travis.","Food pantry and community support for residents of Travis County.","Ofrece acceso a alimentos. Comuníquese directamente con la organización para confirmar disponibilidad, requisitos y otros apoyos.","Provides access to food. Contact the organization directly to confirm availability, requirements, and additional support.","greater-mt-zion-church-food-pantry-travis","comida","","alimentos, despensa, comida, apoyo comunitario","food, food pantry, groceries, community support","","in_person","unknown","","","","","Comuníquese con la organización para confirmar disponibilidad y requisitos antes de acudir.","Contact the organization to confirm availability and requirements before visiting.","1st, 2nd, and 3rd sábado: 9:30am-12pm","1st, 2nd, and 3rd Saturday: 9:30am-12pm","","","Condado de Travis","Travis County","(512) 550-7755","","","","https://gmzaustin.org/causes/poverty/","4301 Tannehill Ln. Austin, TX 78721","","","TX","78721","Travis","","","https://gmzaustin.org/causes/poverty/","","","","Registro preparado a partir de “Food Pantries by County.xlsx”; requiere revisión administrativa antes de publicar."
"Circle of Hope Community Center
Drive Thru Pantry","Circle of Hope Community Center
Drive Thru Pantry","Circle of Hope Community Center
Drive Thru Pantry","Despensa de alimentos y apoyo comunitario para residentes de Condado de Travis.","Food pantry and community support for residents of Travis County.","Ofrece acceso a alimentos. Comuníquese directamente con la organización para confirmar disponibilidad, requisitos y otros apoyos.","Provides access to food. Contact the organization directly to confirm availability, requirements, and additional support.","circle-of-hope-community-center-drive-thru-pantry-travis","comida","","alimentos, despensa, comida, apoyo comunitario","food, food pantry, groceries, community support","","in_person","unknown","","","","","Comuníquese con la organización para confirmar disponibilidad y requisitos antes de acudir.","Contact the organization to confirm availability and requirements before visiting.","lunes-viernes: 8am-11am","Monday-Friday: 8am-11am","","","Condado de Travis","Travis County","(512) 692-8001","","","circleofhopecc@gmail.com","","2900 W Pecan St. Pflugerville, TX 78660","","","TX","78660","Travis","","","https://www.centraltexasfoodbank.org/find-food-now","","","2026-09-02","Existencia o ubicación cotejada el 2026-09-02 con el directorio oficial Find Food Now del Central Texas Food Bank; revise horarios directamente antes de publicar."
"Pflugerville Mobile Food Pantry","Pflugerville Mobile Food Pantry","Pflugerville Mobile Food Pantry","Despensa de alimentos y apoyo comunitario para residentes de Condado de Travis.","Food pantry and community support for residents of Travis County.","Ofrece acceso a alimentos. Comuníquese directamente con la organización para confirmar disponibilidad, requisitos y otros apoyos.","Drive thru distribution service
First come, first serve basis","pflugerville-mobile-food-pantry-travis","comida","","alimentos, despensa, comida, apoyo comunitario","food, food pantry, groceries, community support","","in_person","unknown","","","","","Comuníquese con la organización para confirmar disponibilidad y requisitos antes de acudir.","Contact the organization to confirm availability and requirements before visiting.","Every first martes 9am-10:30am","Every first Tuesday 9am-10:30am","","","Condado de Travis","Travis County","","","","","","1440 West Pecan St. Pflugerville, TX 78660","","","TX","78660","Travis","","","","","","2026-07-09","Registro preparado a partir de “Food Pantries by County.xlsx”; requiere revisión administrativa antes de publicar."
"FBC Pflugerville","FBC Pflugerville","FBC Pflugerville","Despensa de alimentos y apoyo comunitario para residentes de Condado de Travis.","Food pantry and community support for residents of Travis County.","Ofrece acceso a alimentos. Comuníquese directamente con la organización para confirmar disponibilidad, requisitos y otros apoyos.","Provides access to food. Contact the organization directly to confirm availability, requirements, and additional support.","fbc-pflugerville-pflugerville","comida","","alimentos, despensa, comida, apoyo comunitario","food, food pantry, groceries, community support","","in_person","unknown","","","","","Comuníquese con la organización para confirmar disponibilidad y requisitos antes de acudir.","Contact the organization to confirm availability and requirements before visiting.","miércoles: 9am-11am","Wednesday: 9am-11am","","","Condado de Travis","Travis County","(512) 251-3052","","","","","306 South 10th St, Pflugerville, TX 78660","","Pflugerville","TX","78660","Travis","","","","","","","Registro preparado a partir de “Food Pantries by County.xlsx”; requiere revisión administrativa antes de publicar."
"St. Elizabeth Catholic Church Society of St. Vincent De Paul","St. Elizabeth Catholic Church Society of St. Vincent De Paul","St. Elizabeth Catholic Church Society of St. Vincent De Paul","Despensa de alimentos y apoyo comunitario para residentes de Condado de Travis.","Food pantry and community support for residents of Travis County.","Ofrece acceso a alimentos. Comuníquese directamente con la organización para confirmar disponibilidad, requisitos y otros apoyos.","Provides access to food. Contact the organization directly to confirm availability, requirements, and additional support.","st-elizabeth-catholic-church-society-of-st-vincent-de-paul-travis","comida","","alimentos, despensa, comida, apoyo comunitario","food, food pantry, groceries, community support","","in_person","unknown","","","","","Comuníquese con la organización para confirmar disponibilidad y requisitos antes de acudir.","Contact the organization to confirm availability and requirements before visiting.","1st and 3rd lunes: 6pm-7pm
1st and 3rd Thurs: 7am-10am","1st and 3rd Monday: 6pm-7pm
1st and 3rd Thurs: 7am-10am","","","Condado de Travis","Travis County","(512) 251-9838","","","","","1520 N Railroad Ave. Pflugerville, TX 78660","","","TX","78660","Travis","","","","","","","Registro preparado a partir de “Food Pantries by County.xlsx”; requiere revisión administrativa antes de publicar."
"First United Methodist Church - Paula's Food Pantry and Clothes Closet","First United Methodist Church - Paula's Food Pantry and Clothes Closet","First United Methodist Church - Paula's Food Pantry and Clothes Closet","Despensa de alimentos y apoyo comunitario para residentes de Condado de Travis.","Food pantry and community support for residents of Travis County.","Ofrece acceso a alimentos. Comuníquese directamente con la organización para confirmar disponibilidad, requisitos y otros apoyos.","Provides access to food. Contact the organization directly to confirm availability, requirements, and additional support.","first-united-methodist-church-paula-s-food-pantry-and-clothes-closet-travis","comida","","alimentos, despensa, comida, apoyo comunitario","food, food pantry, groceries, community support","","in_person","unknown","","","","","Comuníquese con la organización para confirmar disponibilidad y requisitos antes de acudir.","Contact the organization to confirm availability and requirements before visiting.","martes: 10am-12pm","Tuesday: 10am-12pm","","","Condado de Travis","Travis County","(512) 251-2575","","","","","500 Pecan St. East, Pflugerville","","","","","Travis","","","","","","","Registro preparado a partir de “Food Pantries by County.xlsx”; requiere revisión administrativa antes de publicar."
"Travis Co. Jonestown Community Center","Travis Co. Jonestown Community Center","Travis Co. Jonestown Community Center","Despensa de alimentos y apoyo comunitario para residentes de Condado de Travis.","Food pantry and community support for residents of Travis County.","Ofrece acceso a alimentos. Comuníquese directamente con la organización para confirmar disponibilidad, requisitos y otros apoyos.","Provides access to food. Contact the organization directly to confirm availability, requirements, and additional support.","travis-co-jonestown-community-center-travis","comida","","alimentos, despensa, comida, apoyo comunitario","food, food pantry, groceries, community support","","in_person","unknown","","","","","Comuníquese con la organización para confirmar disponibilidad y requisitos antes de acudir.","Contact the organization to confirm availability and requirements before visiting.","2nd viernes: 9am-11am","2nd Friday: 9am-11am","","","Condado de Travis","Travis County","","","","","","18649 FM 1631 Jonestown, TX 78645","","","TX","18649","Travis","","","","","","","Registro preparado a partir de “Food Pantries by County.xlsx”; requiere revisión administrativa antes de publicar."
"UT School of Nursing: Social Resource Center","UT School of Nursing: Social Resource Center","UT School of Nursing: Social Resource Center","Despensa de alimentos y apoyo comunitario para residentes de Condado de Travis.","Food pantry and community support for residents of Travis County.","Ofrece acceso a alimentos. Comuníquese directamente con la organización para confirmar disponibilidad, requisitos y otros apoyos.","Provides access to food. Contact the organization directly to confirm availability, requirements, and additional support.","ut-school-of-nursing-social-resource-center-travis","comida","","alimentos, despensa, comida, apoyo comunitario","food, food pantry, groceries, community support","","in_person","unknown","","","","","Comuníquese con la organización para confirmar disponibilidad y requisitos antes de acudir.","Contact the organization to confirm availability and requirements before visiting.","lunes: 9am-12pm
martes: 9:30am-3pm
miércoles: CERRADO
jueves: 9:30am-3pm
viernes: 9:30am-3pm
sábado and domingo: CERRADO
CERRADO daily from 12pm-1pm","Monday: 9am-12pm
Tuesday: 9:30am-3pm
Wednesday: CLOSED
Thursday: 9:30am-3pm
Friday: 9:30am-3pm
Saturday and Sunday: CLOSED
closed daily from 12pm-1pm","","","Condado de Travis","Travis County","(512) 386-3309","","","","","5301 Ross Rd. Bldg. J Del Valle, TX 78617","","","TX","78617","Travis","","","","","","","Registro preparado a partir de “Food Pantries by County.xlsx”; requiere revisión administrativa antes de publicar."
"The Charlie Center (located in Mosaic Church)","The Charlie Center (located in Mosaic Church)","The Charlie Center (located in Mosaic Church)","Despensa de alimentos y apoyo comunitario para residentes de Condado de Travis.","Food pantry and community support for residents of Travis County.","Ofrece acceso a alimentos. Comuníquese directamente con la organización para confirmar disponibilidad, requisitos y otros apoyos.","Breakfast provided, to go snack bags, assistance with navigation services: MAP healthcare insurance, Integral Care enrollment, ID, social security card, birth certificate support
*first come, first serve basis","the-charlie-center-located-in-mosaic-church-travis","comida","","alimentos, despensa, comida, apoyo comunitario","food, food pantry, groceries, community support","","in_person","unknown","","","","","Comuníquese con la organización para confirmar disponibilidad y requisitos antes de acudir.","Contact the organization to confirm availability and requirements before visiting.","martess, miércoless juevess 10am-1pm","Tuesdays, Wednesdays Thursdays 10am-1pm","","","Condado de Travis","Travis County","(512) 922-8954","","","","","12675 Research Blvd. Austin, TX 78759","","","TX","12675","Travis","","","","","","2026-07-01","Registro preparado a partir de “Food Pantries by County.xlsx”; requiere revisión administrativa antes de publicar."
"Austin Baptist Chapel - Angel House Soup Kitchen","Austin Baptist Chapel - Angel House Soup Kitchen","Austin Baptist Chapel - Angel House Soup Kitchen","Despensa de alimentos y apoyo comunitario para residentes de Condado de Travis.","Food pantry and community support for residents of Travis County.","Ofrece acceso a alimentos. Comuníquese directamente con la organización para confirmar disponibilidad, requisitos y otros apoyos.","one breakfast and one lunch meal per day/ Shower facilities available from 9:30am-10am
Clothing donations (mens) first come, firste serve, based on availability","austin-baptist-chapel-angel-house-soup-kitchen-travis","comida","","alimentos, despensa, comida, apoyo comunitario","food, food pantry, groceries, community support","","in_person","unknown","","","","","Comuníquese con la organización para confirmar disponibilidad y requisitos antes de acudir.","Contact the organization to confirm availability and requirements before visiting.","Open daily:
Breakfast 9:30am-10am
Lunch 11am-12:30pm
CERRADO Thanksgiving and Christmas","Open daily:
Breakfast 9:30am-10am
Lunch 11am-12:30pm
Closed Thanksgiving and Christmas","","","Condado de Travis","Travis County","","","","","","908 East Cesar Chavez St. Austin, TX 78702","","","TX","78702","Travis","","","","","","","Registro preparado a partir de “Food Pantries by County.xlsx”; requiere revisión administrativa antes de publicar."
"Feed the Need - Stony Point","Feed the Need - Stony Point","Feed the Need - Stony Point","Despensa de alimentos y apoyo comunitario para residentes de Condado de Travis.","Food pantry and community support for residents of Travis County.","Ofrece acceso a alimentos. Comuníquese directamente con la organización para confirmar disponibilidad, requisitos y otros apoyos.","Provides access to food. Contact the organization directly to confirm availability, requirements, and additional support.","feed-the-need-stony-point-travis","comida","","alimentos, despensa, comida, apoyo comunitario","food, food pantry, groceries, community support","","in_person","unknown","","","","","Comuníquese con la organización para confirmar disponibilidad y requisitos antes de acudir.","Contact the organization to confirm availability and requirements before visiting.","luness: 5:30pm-6:30pm","Mondays: 5:30pm-6:30pm","","","Condado de Travis","Travis County","(888) 511-7173","","","","","121 Stony Creek Dr. Del Valle, TX 78617","","","TX","78617","Travis","","","","","","","Registro preparado a partir de “Food Pantries by County.xlsx”; requiere revisión administrativa antes de publicar."
"Bastrop Emergency Food Pantry and Support Center Inc.","Bastrop Emergency Food Pantry and Support Center Inc.","Bastrop Emergency Food Pantry and Support Center Inc.","Despensa de alimentos y apoyo comunitario para residentes de Condado de Bastrop.","Food pantry and community support for residents of Bastrop County.","Ofrece acceso a alimentos. Comuníquese directamente con la organización para confirmar disponibilidad, requisitos y otros apoyos.","If you are experiencing an emergent food need, call and they may be able to help on non-food distribution days.","bastrop-emergency-food-pantry-and-support-center-inc-bastrop","comida","","alimentos, despensa, comida, apoyo comunitario","food, food pantry, groceries, community support","","in_person","unknown","","","","","Comuníquese con la organización para confirmar disponibilidad y requisitos antes de acudir.","Contact the organization to confirm availability and requirements before visiting.","lunes, miércoles, and viernes 8am-11:30am
AND
1pm-3:30pm","Monday, Wednesday, and Friday 8am-11:30am
AND
1pm-3:30pm","","","Condado de Bastrop","Bastrop County","(512) 303-0033","","","","https://bastropfoodpantry.org/programs/food-assistance/","806 Fayette St. Bastrop, TX 78602","","","TX","78602","Bastrop","","","https://bastropfoodpantry.org/programs/food-assistance/","","","2026-09-02","Existencia o ubicación cotejada el 2026-09-02 con el directorio oficial Find Food Now del Central Texas Food Bank; revise horarios directamente antes de publicar."
"Primera Baptist Church Food Pantry","Primera Baptist Church Food Pantry","Primera Baptist Church Food Pantry","Despensa de alimentos y apoyo comunitario para residentes de Condado de Bastrop.","Food pantry and community support for residents of Bastrop County.","Ofrece acceso a alimentos. Comuníquese directamente con la organización para confirmar disponibilidad, requisitos y otros apoyos.","Food pantry and clothing closet for area residents","primera-baptist-church-food-pantry-bastrop","comida","","alimentos, despensa, comida, apoyo comunitario","food, food pantry, groceries, community support","","in_person","unknown","","","","","Comuníquese con la organización para confirmar disponibilidad y requisitos antes de acudir.","Contact the organization to confirm availability and requirements before visiting.","1st and 3rd sábado of every month: 7am-10am","1st and 3rd Saturday of every month: 7am-10am","","","Condado de Bastrop","Bastrop County","(512) 718-7807","","","","https://www.facebook.com/primerabastrop/","306 Paul Bell St. Bastrop, TX 78602","","","TX","78602","Bastrop","","","https://www.facebook.com/primerabastrop/","","","","Registro preparado a partir de “Food Pantries by County.xlsx”; requiere revisión administrativa antes de publicar."
"Community Cupboard (Elgin)","Community Cupboard (Elgin)","Community Cupboard (Elgin)","Despensa de alimentos y apoyo comunitario para residentes de Condado de Bastrop.","Food pantry and community support for residents of Bastrop County.","Ofrece acceso a alimentos. Comuníquese directamente con la organización para confirmar disponibilidad, requisitos y otros apoyos.","Provides access to food. Contact the organization directly to confirm availability, requirements, and additional support.","community-cupboard-elgin-bastrop","comida","","alimentos, despensa, comida, apoyo comunitario","food, food pantry, groceries, community support","","in_person","unknown","","","","","Comuníquese con la organización para confirmar disponibilidad y requisitos antes de acudir.","Contact the organization to confirm availability and requirements before visiting.","martes: 9:30am-12pm","Tuesday: 9:30am-12pm","","","Condado de Bastrop","Bastrop County","(512) 285-4552","","","","","115 Depot St. Elgin, TX 78621","","","TX","78621","Bastrop","","","","","","","Registro preparado a partir de “Food Pantries by County.xlsx”; requiere revisión administrativa antes de publicar."
"Smithville Food Pantry","Smithville Food Pantry","Smithville Food Pantry","Despensa de alimentos y apoyo comunitario para residentes de Condado de Bastrop.","Food pantry and community support for residents of Bastrop County.","Ofrece acceso a alimentos. Comuníquese directamente con la organización para confirmar disponibilidad, requisitos y otros apoyos.","Provides access to food. Contact the organization directly to confirm availability, requirements, and additional support.","smithville-food-pantry-bastrop","comida","","alimentos, despensa, comida, apoyo comunitario","food, food pantry, groceries, community support","","in_person","unknown","","","","","Comuníquese con la organización para confirmar disponibilidad y requisitos antes de acudir.","Contact the organization to confirm availability and requirements before visiting.","miércoless: 9am-11:30am","Wednesdays: 9am-11:30am","","","Condado de Bastrop","Bastrop County","(512) 461-1691","","","","https://smithvillefoodpantry.org/","301 Lee St. Smithville, TX 78957","","","TX","78957","Bastrop","","","https://smithvillefoodpantry.org/","","","2026-09-02","Existencia o ubicación cotejada el 2026-09-02 con el directorio oficial Find Food Now del Central Texas Food Bank; revise horarios directamente antes de publicar."
"Smithville Food Pantry","Smithville Food Pantry","Smithville Food Pantry","Despensa de alimentos y apoyo comunitario para residentes de Condado de Bastrop.","Food pantry and community support for residents of Bastrop County.","Ofrece acceso a alimentos. Comuníquese directamente con la organización para confirmar disponibilidad, requisitos y otros apoyos.","Provides access to food. Contact the organization directly to confirm availability, requirements, and additional support.","smithville-food-pantry-bastrop-2","comida","","alimentos, despensa, comida, apoyo comunitario","food, food pantry, groceries, community support","","in_person","unknown","","","","","Comuníquese con la organización para confirmar disponibilidad y requisitos antes de acudir.","Contact the organization to confirm availability and requirements before visiting.","miércoles: 9am-12pm","Wednesday: 9am-12pm","","","Condado de Bastrop","Bastrop County","(512) 237-5197","","","","https://smithvillefoodpantry.org/","107 SW 2nd Ave. Smithville, TX 78957","","","TX","78957","Bastrop","","","https://smithvillefoodpantry.org/","","","2026-09-02","Existencia o ubicación cotejada el 2026-09-02 con el directorio oficial Find Food Now del Central Texas Food Bank; revise horarios directamente antes de publicar."
"Ridgeway Baptist Church","Ridgeway Baptist Church","Ridgeway Baptist Church","Despensa de alimentos y apoyo comunitario para residentes de Condado de Bastrop.","Food pantry and community support for residents of Bastrop County.","Ofrece acceso a alimentos. Comuníquese directamente con la organización para confirmar disponibilidad, requisitos y otros apoyos.","Provides access to food. Contact the organization directly to confirm availability, requirements, and additional support.","ridgeway-baptist-church-bastrop","comida","","alimentos, despensa, comida, apoyo comunitario","food, food pantry, groceries, community support","","in_person","unknown","","","","","Comuníquese con la organización para confirmar disponibilidad y requisitos antes de acudir.","Contact the organization to confirm availability and requirements before visiting.","Every first miércoles of the month:
9am-10am","Every first Wednesday of the month:
9am-10am","","","Condado de Bastrop","Bastrop County","(512) 253-6412","","","","","159 Ridgeway Cemetray Rd. Paige, TX 78659","","","TX","78659","Bastrop","","","https://www.centraltexasfoodbank.org/find-food-now","","","2026-09-02","Existencia o ubicación cotejada el 2026-09-02 con el directorio oficial Find Food Now del Central Texas Food Bank; revise horarios directamente antes de publicar."
"Rosanky Baptist Church Food Pantry","Rosanky Baptist Church Food Pantry","Rosanky Baptist Church Food Pantry","Despensa de alimentos y apoyo comunitario para residentes de Condado de Bastrop.","Food pantry and community support for residents of Bastrop County.","Ofrece acceso a alimentos. Comuníquese directamente con la organización para confirmar disponibilidad, requisitos y otros apoyos.","Provides access to food. Contact the organization directly to confirm availability, requirements, and additional support.","rosanky-baptist-church-food-pantry-rosanky","comida","","alimentos, despensa, comida, apoyo comunitario","food, food pantry, groceries, community support","","in_person","unknown","","","","","Comuníquese con la organización para confirmar disponibilidad y requisitos antes de acudir.","Contact the organization to confirm availability and requirements before visiting.","2nd and 4th sábado of the month:
9am-11am","2nd and 4th Saturday of the month:
9am-11am","","","Condado de Bastrop","Bastrop County","(830) 839-4002","","","","","2160 FM 535, Rosanky, TX 78953","","Rosanky","TX","78953","Bastrop","","","https://www.centraltexasfoodbank.org/find-food-now","","","2026-09-02","Existencia o ubicación cotejada el 2026-09-02 con el directorio oficial Find Food Now del Central Texas Food Bank; revise horarios directamente antes de publicar."
"First Baptist Church of Elgin","First Baptist Church of Elgin","First Baptist Church of Elgin","Despensa de alimentos y apoyo comunitario para residentes de Condado de Bastrop.","Food pantry and community support for residents of Bastrop County.","Ofrece acceso a alimentos. Comuníquese directamente con la organización para confirmar disponibilidad, requisitos y otros apoyos.","Provides access to food. Contact the organization directly to confirm availability, requirements, and additional support.","first-baptist-church-of-elgin-bastrop","comida","","alimentos, despensa, comida, apoyo comunitario","food, food pantry, groceries, community support","","in_person","unknown","","","","","Comuníquese con la organización para confirmar disponibilidad y requisitos antes de acudir.","Contact the organization to confirm availability and requirements before visiting.","martess and juevess: 5pm-6:30pm
CERRADO on the fifth week of the month","Tuesdays and Thursdays: 5pm-6:30pm
closed on the fifth week of the month","","","Condado de Bastrop","Bastrop County","(512) 285-4161","","","","","205 W 2nd St. Elgin, TX 78621","","","TX","78621","Bastrop","","","","","","","Registro preparado a partir de “Food Pantries by County.xlsx”; requiere revisión administrativa antes de publicar."
"First Baptist Church of Bastrop","First Baptist Church of Bastrop","First Baptist Church of Bastrop","Despensa de alimentos y apoyo comunitario para residentes de Condado de Bastrop.","Food pantry and community support for residents of Bastrop County.","Ofrece acceso a alimentos. Comuníquese directamente con la organización para confirmar disponibilidad, requisitos y otros apoyos.","Provides access to food. Contact the organization directly to confirm availability, requirements, and additional support.","first-baptist-church-of-bastrop-bastrop","comida","","alimentos, despensa, comida, apoyo comunitario","food, food pantry, groceries, community support","","in_person","unknown","","","","","Comuníquese con la organización para confirmar disponibilidad y requisitos antes de acudir.","Contact the organization to confirm availability and requirements before visiting.","martess: 2pm-4pm","Tuesdays: 2pm-4pm","","","Condado de Bastrop","Bastrop County","","","","","","1202 Water St. Bastrop, TX 78602","","","TX","78602","Bastrop","","","","","","","Registro preparado a partir de “Food Pantries by County.xlsx”; requiere revisión administrativa antes de publicar."
"Grace Baptist Church of Red Rock","Grace Baptist Church of Red Rock","Grace Baptist Church of Red Rock","Despensa de alimentos y apoyo comunitario para residentes de Condado de Bastrop.","Food pantry and community support for residents of Bastrop County.","Ofrece acceso a alimentos. Comuníquese directamente con la organización para confirmar disponibilidad, requisitos y otros apoyos.","Provides access to food. Contact the organization directly to confirm availability, requirements, and additional support.","grace-baptist-church-of-red-rock-red-rock","comida","","alimentos, despensa, comida, apoyo comunitario","food, food pantry, groceries, community support","","in_person","unknown","","","","","Comuníquese con la organización para confirmar disponibilidad y requisitos antes de acudir.","Contact the organization to confirm availability and requirements before visiting.","vierness: 8am-10am","Fridays: 8am-10am","","","Condado de Bastrop","Bastrop County","(512) 303-3891","","","","","115 Sorrell, Red Rock, TX 78662","","Red Rock","TX","78662","Bastrop","","","","","","","Registro preparado a partir de “Food Pantries by County.xlsx”; requiere revisión administrativa antes de publicar."
"Seventh Day Adventist Food Pantry","Seventh Day Adventist Food Pantry","Seventh Day Adventist Food Pantry","Despensa de alimentos y apoyo comunitario para residentes de Condado de Bastrop.","Food pantry and community support for residents of Bastrop County.","Ofrece acceso a alimentos. Comuníquese directamente con la organización para confirmar disponibilidad, requisitos y otros apoyos.","Provides access to food. Contact the organization directly to confirm availability, requirements, and additional support.","seventh-day-adventist-food-pantry-bastrop","comida","","alimentos, despensa, comida, apoyo comunitario","food, food pantry, groceries, community support","","in_person","unknown","","","","","Comuníquese con la organización para confirmar disponibilidad y requisitos antes de acudir.","Contact the organization to confirm availability and requirements before visiting.","Second and last vierness: 1pm-5pm","Second and last Fridays: 1pm-5pm","","","Condado de Bastrop","Bastrop County","(512) 285-2505","","","","","225 Lexington Rd. Elgin, TX 78621","","","TX","78621","Bastrop","","","","","","","Registro preparado a partir de “Food Pantries by County.xlsx”; requiere revisión administrativa antes de publicar."
"McDade Food Pantry","McDade Food Pantry","McDade Food Pantry","Despensa de alimentos y apoyo comunitario para residentes de Condado de Bastrop.","Food pantry and community support for residents of Bastrop County.","Ofrece acceso a alimentos. Comuníquese directamente con la organización para confirmar disponibilidad, requisitos y otros apoyos.","Provides access to food. Contact the organization directly to confirm availability, requirements, and additional support.","mcdade-food-pantry-bastrop","comida","","alimentos, despensa, comida, apoyo comunitario","food, food pantry, groceries, community support","","phone","unknown","","","","","Comuníquese con la organización para confirmar disponibilidad y requisitos antes de acudir.","Contact the organization to confirm availability and requirements before visiting.","martess: 10am-noon","Tuesdays: 10am-noon","","","Condado de Bastrop","Bastrop County","(512) 273-2016","","","","","","","","","","Bastrop","","","","","","","Registro preparado a partir de “Food Pantries by County.xlsx”; requiere revisión administrativa antes de publicar."
"Apostolic Christian Church of Bastrop","Apostolic Christian Church of Bastrop","Apostolic Christian Church of Bastrop","Despensa de alimentos y apoyo comunitario para residentes de Condado de Bastrop.","Food pantry and community support for residents of Bastrop County.","Ofrece acceso a alimentos. Comuníquese directamente con la organización para confirmar disponibilidad, requisitos y otros apoyos.","Provides access to food. Contact the organization directly to confirm availability, requirements, and additional support.","apostolic-christian-church-of-bastrop-bastrop","comida","","alimentos, despensa, comida, apoyo comunitario","food, food pantry, groceries, community support","","in_person","unknown","","","","","Comuníquese con la organización para confirmar disponibilidad y requisitos antes de acudir.","Contact the organization to confirm availability and requirements before visiting.","Third sábados: 10:30am-11:30am","Third Saturdays: 10:30am-11:30am","","","Condado de Bastrop","Bastrop County","(512) 321-2345","","","","","1033 Hwy 71 W, Bastrop, TX 78602","","Bastrop","TX","78602","Bastrop","","","","","","","Registro preparado a partir de “Food Pantries by County.xlsx”; requiere revisión administrativa antes de publicar."
"Cedar Creek United Methodist Church","Cedar Creek United Methodist Church","Cedar Creek United Methodist Church","Despensa de alimentos y apoyo comunitario para residentes de Condado de Bastrop.","Food pantry and community support for residents of Bastrop County.","Ofrece acceso a alimentos. Comuníquese directamente con la organización para confirmar disponibilidad, requisitos y otros apoyos.","Provides access to food. Contact the organization directly to confirm availability, requirements, and additional support.","cedar-creek-united-methodist-church-bastrop","comida","","alimentos, despensa, comida, apoyo comunitario","food, food pantry, groceries, community support","","in_person","unknown","","","","","Comuníquese con la organización para confirmar disponibilidad y requisitos antes de acudir.","Contact the organization to confirm availability and requirements before visiting.","miércoles: 9am-11am","Wednesday: 9am-11am","","","Condado de Bastrop","Bastrop County","","","","","","5630 Farm to Market Rd. 535 Cedar Creek, TX 78612","","","TX","78612","Bastrop","","","","","","","Registro preparado a partir de “Food Pantries by County.xlsx”; requiere revisión administrativa antes de publicar."
"Sacred Heart Catholic Church (Elgin)- Society of St. Vincent De Paul","Sacred Heart Catholic Church (Elgin)- Society of St. Vincent De Paul","Sacred Heart Catholic Church (Elgin)- Society of St. Vincent De Paul","Despensa de alimentos y apoyo comunitario para residentes de Condado de Bastrop.","Food pantry and community support for residents of Bastrop County.","Ofrece acceso a alimentos. Comuníquese directamente con la organización para confirmar disponibilidad, requisitos y otros apoyos.","Provides access to food. Contact the organization directly to confirm availability, requirements, and additional support.","sacred-heart-catholic-church-elgin-society-of-st-vincent-de-paul-bastrop","comida","","alimentos, despensa, comida, apoyo comunitario","food, food pantry, groceries, community support","","in_person","unknown","","","","","Comuníquese con la organización para confirmar disponibilidad y requisitos antes de acudir.","Contact the organization to confirm availability and requirements before visiting.","Horario: INQUIRE ABOUT HOURS","Hours: INQUIRE ABOUT HOURS","","","Condado de Bastrop","Bastrop County","","","","","","302 W. 11th St. Elgin, TX 78621","","","TX","78621","Bastrop","","","","","","","Registro preparado a partir de “Food Pantries by County.xlsx”; requiere revisión administrativa antes de publicar."
"Friendship Bible Baptist Church - Community of Hope Food Pantry","Friendship Bible Baptist Church - Community of Hope Food Pantry","Friendship Bible Baptist Church - Community of Hope Food Pantry","Despensa de alimentos y apoyo comunitario para residentes de Condado de Bastrop.","Food pantry and community support for residents of Bastrop County.","Ofrece acceso a alimentos. Comuníquese directamente con la organización para confirmar disponibilidad, requisitos y otros apoyos.","Provides access to food. Contact the organization directly to confirm availability, requirements, and additional support.","friendship-bible-baptist-church-community-of-hope-food-pantry-bastrop","comida","","alimentos, despensa, comida, apoyo comunitario","food, food pantry, groceries, community support","","in_person","unknown","","","","","Comuníquese con la organización para confirmar disponibilidad y requisitos antes de acudir.","Contact the organization to confirm availability and requirements before visiting.","luness, martess, miércoless: 9am-11am
3rd miércoles of each month exclusively for the HOPE Distribution for Seniors: 9am-11am","Mondays, Tuesdays, Wednesdays: 9am-11am
3rd Wednesday of each month exclusively for the HOPE Distribution for Seniors: 9am-11am","","","Condado de Bastrop","Bastrop County","(512) 321-9040","","","","","111 Pearce Lane Cedar Creek, TX 78612","","","TX","78612","Bastrop","","","https://www.centraltexasfoodbank.org/find-food-now","","","2026-09-02","Existencia o ubicación cotejada el 2026-09-02 con el directorio oficial Find Food Now del Central Texas Food Bank; revise horarios directamente antes de publicar."
"Open Door Soup Kitchen:
In The Streets - Hands Up High (ITS HUH)","Open Door Soup Kitchen:
In The Streets - Hands Up High (ITS HUH)","Open Door Soup Kitchen:
In The Streets - Hands Up High (ITS HUH)","Despensa de alimentos y apoyo comunitario para residentes de Condado de Bastrop.","Food pantry and community support for residents of Bastrop County.","Ofrece acceso a alimentos. Comuníquese directamente con la organización para confirmar disponibilidad, requisitos y otros apoyos.","Provides temporary shelter for families (parent(s) with children) and veterans
visit website for shelter application","open-door-soup-kitchen-in-the-streets-hands-up-high-its-huh-bastrop","comida","","alimentos, despensa, comida, apoyo comunitario","food, food pantry, groceries, community support","","in_person","unknown","","","","","Comuníquese con la organización para confirmar disponibilidad y requisitos antes de acudir.","Contact the organization to confirm availability and requirements before visiting.","lunes-viernes: 8:30am-3pm
Breakfast: 9am-10:30am
Lunch: 12pm-2pm
Dinner: 6pm-7:30pm; 2nd and 3rd viernes

Pantry foods: juevess ONLY: 10:30am-11:30am","Monday-Friday: 8:30am-3pm
Breakfast: 9am-10:30am
Lunch: 12pm-2pm
Dinner: 6pm-7:30pm; 2nd and 3rd Friday

Pantry foods: Thursdays ONLY: 10:30am-11:30am","","","Condado de Bastrop","Bastrop County","(888) 487-4846","","","smile@itshuh.org","https://www.itshuh.org/soup-kitchen.html","987 N SH 95 Bastrop, TX 78602","","","TX","78602","Bastrop","","","https://www.itshuh.org/soup-kitchen.html","","","","Registro preparado a partir de “Food Pantries by County.xlsx”; requiere revisión administrativa antes de publicar."
"Feed the Need - Bastrop North","Feed the Need - Bastrop North","Feed the Need - Bastrop North","Despensa de alimentos y apoyo comunitario para residentes de Condado de Bastrop.","Food pantry and community support for residents of Bastrop County.","Ofrece acceso a alimentos. Comuníquese directamente con la organización para confirmar disponibilidad, requisitos y otros apoyos.","Provides access to food. Contact the organization directly to confirm availability, requirements, and additional support.","feed-the-need-bastrop-north-bastrop","comida","","alimentos, despensa, comida, apoyo comunitario","food, food pantry, groceries, community support","","in_person","unknown","","","","","Comuníquese con la organización para confirmar disponibilidad y requisitos antes de acudir.","Contact the organization to confirm availability and requirements before visiting.","domingos: 5pm-6pm","Sundays: 5pm-6pm","","","Condado de Bastrop","Bastrop County","(888) 511-7173","","","","","603 Linden St. Bastrop, TX 78602","","","TX","78602","Bastrop","","","","","","","Registro preparado a partir de “Food Pantries by County.xlsx”; requiere revisión administrativa antes de publicar."
"Feed the Need - Bastrop South","Feed the Need - Bastrop South","Feed the Need - Bastrop South","Despensa de alimentos y apoyo comunitario para residentes de Condado de Bastrop.","Food pantry and community support for residents of Bastrop County.","Ofrece acceso a alimentos. Comuníquese directamente con la organización para confirmar disponibilidad, requisitos y otros apoyos.","Provides access to food. Contact the organization directly to confirm availability, requirements, and additional support.","feed-the-need-bastrop-south-bastrop","comida","","alimentos, despensa, comida, apoyo comunitario","food, food pantry, groceries, community support","","in_person","unknown","","","","","Comuníquese con la organización para confirmar disponibilidad y requisitos antes de acudir.","Contact the organization to confirm availability and requirements before visiting.","luness: 5pm-6pm","Mondays: 5pm-6pm","","","Condado de Bastrop","Bastrop County","(888) 511-7173","","","","","301 Paul C. Bell St. Bastrop, TX 78602","","","TX","78602","Bastrop","","","","","","","Registro preparado a partir de “Food Pantries by County.xlsx”; requiere revisión administrativa antes de publicar."
"Feed the Need - Smithville","Feed the Need - Smithville","Feed the Need - Smithville","Despensa de alimentos y apoyo comunitario para residentes de Condado de Bastrop.","Food pantry and community support for residents of Bastrop County.","Ofrece acceso a alimentos. Comuníquese directamente con la organización para confirmar disponibilidad, requisitos y otros apoyos.","Provides access to food. Contact the organization directly to confirm availability, requirements, and additional support.","feed-the-need-smithville-bastrop","comida","","alimentos, despensa, comida, apoyo comunitario","food, food pantry, groceries, community support","","in_person","unknown","","","","","Comuníquese con la organización para confirmar disponibilidad y requisitos antes de acudir.","Contact the organization to confirm availability and requirements before visiting.","domingos: 5pm-6pm","Sundays: 5pm-6pm","","","Condado de Bastrop","Bastrop County","(888) 511-7173","","","","","206 Prima St. Smithville, TX 78957","","","TX","78957","Bastrop","","","","","","","Registro preparado a partir de “Food Pantries by County.xlsx”; requiere revisión administrativa antes de publicar."
"Caldwell County Chrstian Ministries Food Pantry","Caldwell County Chrstian Ministries Food Pantry","Caldwell County Chrstian Ministries Food Pantry","Despensa de alimentos y apoyo comunitario para residentes de Condado de Caldwell.","Food pantry and community support for residents of Caldwell County.","Ofrece acceso a alimentos. Comuníquese directamente con la organización para confirmar disponibilidad, requisitos y otros apoyos.","Provides access to food. Contact the organization directly to confirm availability, requirements, and additional support.","caldwell-county-chrstian-ministries-food-pantry-caldwell","comida","","alimentos, despensa, comida, apoyo comunitario","food, food pantry, groceries, community support","","in_person","unknown","","","","","Comuníquese con la organización para confirmar disponibilidad y requisitos antes de acudir.","Contact the organization to confirm availability and requirements before visiting.","luness, miércoless, juevess:
10am-2pm
martess: 12pm-6pm
CERRADO FIRDAYS AND domingoS","Mondays, Wednesdays, Thursdays:
10am-2pm
Tuesdays: 12pm-6pm
CLOSED FIRDAYS AND SUNDAYS","","","Condado de Caldwell","Caldwell County","(512) 376-6661","","","intake@caldwellfoodpantry.com","","901 Bois D'Arc St. Lockhart, TX 78644","","","TX","78644","Caldwell","","","","","","2026-07-08","Registro preparado a partir de “Food Pantries by County.xlsx”; requiere revisión administrativa antes de publicar."
"Dale Mobile Pantry","Dale Mobile Pantry","Dale Mobile Pantry","Despensa de alimentos y apoyo comunitario para residentes de Condado de Caldwell.","Food pantry and community support for residents of Caldwell County.","Ofrece acceso a alimentos. Comuníquese directamente con la organización para confirmar disponibilidad, requisitos y otros apoyos.","Provides access to food. Contact the organization directly to confirm availability, requirements, and additional support.","dale-mobile-pantry-caldwell","comida","","alimentos, despensa, comida, apoyo comunitario","food, food pantry, groceries, community support","","","unknown","","","","","Comuníquese con la organización para confirmar disponibilidad y requisitos antes de acudir.","Contact the organization to confirm availability and requirements before visiting.","3rd miércoles of the month: 8am-9am","3rd Wednesday of the month: 8am-9am","","","Condado de Caldwell","Caldwell County","","","","","","","","","","","Caldwell","","","https://www.centraltexasfoodbank.org/find-food-now","","","2026-09-02","Existencia o ubicación cotejada el 2026-09-02 con el directorio oficial Find Food Now del Central Texas Food Bank; revise horarios directamente antes de publicar."
"Joe Roland Community Center","Joe Roland Community Center","Joe Roland Community Center","Despensa de alimentos y apoyo comunitario para residentes de Condado de Caldwell.","Food pantry and community support for residents of Caldwell County.","Ofrece acceso a alimentos. Comuníquese directamente con la organización para confirmar disponibilidad, requisitos y otros apoyos.","After school tutoring and homework help. Mentorship programs connecting youth with community leaders. Recreational activities and sports. Life skills and workforce readiness training.","joe-roland-community-center-caldwell","comida","","alimentos, despensa, comida, apoyo comunitario","food, food pantry, groceries, community support","","in_person","unknown","","","","","Comuníquese con la organización para confirmar disponibilidad y requisitos antes de acudir.","Contact the organization to confirm availability and requirements before visiting.","4th sábado of each month: 10am-12pm","4th Saturday of each month: 10am-12pm","","","Condado de Caldwell","Caldwell County","(512) 718-6194","","","pantry@jrcommunitycenter.com","https://jrcommunitycenter.com/","112 St. John Rd. Dale, TX 78616","","","TX","78616","Caldwell","","","https://jrcommunitycenter.com/","","","2026-09-02","Existencia o ubicación cotejada el 2026-09-02 con el directorio oficial Find Food Now del Central Texas Food Bank; revise horarios directamente antes de publicar."
"Luling Mobile Food Pantry","Luling Mobile Food Pantry","Luling Mobile Food Pantry","Despensa de alimentos y apoyo comunitario para residentes de Condado de Caldwell.","Food pantry and community support for residents of Caldwell County.","Ofrece acceso a alimentos. Comuníquese directamente con la organización para confirmar disponibilidad, requisitos y otros apoyos.","Provides access to food. Contact the organization directly to confirm availability, requirements, and additional support.","luling-mobile-food-pantry-caldwell","comida","","alimentos, despensa, comida, apoyo comunitario","food, food pantry, groceries, community support","","","unknown","","","","","Comuníquese con la organización para confirmar disponibilidad y requisitos antes de acudir.","Contact the organization to confirm availability and requirements before visiting.","First miércoles: 9am-10am","First Wednesday: 9am-10am","","","Condado de Caldwell","Caldwell County","","","","","","","","","","","Caldwell","","","","","","","Registro preparado a partir de “Food Pantries by County.xlsx”; requiere revisión administrativa antes de publicar."
"Delivering Hope Resource Center","Delivering Hope Resource Center","Delivering Hope Resource Center","Despensa de alimentos y apoyo comunitario para residentes de Condado de Caldwell.","Food pantry and community support for residents of Caldwell County.","Ofrece acceso a alimentos. Comuníquese directamente con la organización para confirmar disponibilidad, requisitos y otros apoyos.","Delivering Hope Thrift Store proceeds go toward emergency rental and utility assistance for local residents","delivering-hope-resource-center-caldwell","comida","","alimentos, despensa, comida, apoyo comunitario","food, food pantry, groceries, community support","","in_person","unknown","","","","","Comuníquese con la organización para confirmar disponibilidad y requisitos antes de acudir.","Contact the organization to confirm availability and requirements before visiting.","martes: 9:30am-10:30am","Tuesday: 9:30am-10:30am","","","Condado de Caldwell","Caldwell County","(512) 359-4848","","","deliveringhopecorp@gmail.com","","2000 W San Antonio St. Lockhart, TX 78644","","","TX","78644","Caldwell","","","","","","","Registro preparado a partir de “Food Pantries by County.xlsx”; requiere revisión administrativa antes de publicar."
"The Bread Basket Ministry of First Baptist Church","The Bread Basket Ministry of First Baptist Church","The Bread Basket Ministry of First Baptist Church","Despensa de alimentos y apoyo comunitario para residentes de Condado de Caldwell.","Food pantry and community support for residents of Caldwell County.","Ofrece acceso a alimentos. Comuníquese directamente con la organización para confirmar disponibilidad, requisitos y otros apoyos.","Financial assistance based off donations from members","the-bread-basket-ministry-of-first-baptist-church-caldwell","comida","","alimentos, despensa, comida, apoyo comunitario","food, food pantry, groceries, community support","","in_person","unknown","","","","","Comuníquese con la organización para confirmar disponibilidad y requisitos antes de acudir.","Contact the organization to confirm availability and requirements before visiting.","martes and miércoles: 2pm-5pm","Tuesday and Wednesday: 2pm-5pm","","","Condado de Caldwell","Caldwell County","(512) 376-3137","","","thefirst@swbell.net","","514 Neches St. Lockhart, TX 78644","","","TX","78644","Caldwell","","","","","","2026-07-08","Registro preparado a partir de “Food Pantries by County.xlsx”; requiere revisión administrativa antes de publicar."
"Fayette County Community Action Food Pantry","Fayette County Community Action Food Pantry","Fayette County Community Action Food Pantry","Despensa de alimentos y apoyo comunitario para residentes de Condado de Fayette.","Food pantry and community support for residents of Fayette County.","Ofrece acceso a alimentos. Comuníquese directamente con la organización para confirmar disponibilidad, requisitos y otros apoyos.","Provides access to food. Contact the organization directly to confirm availability, requirements, and additional support.","fayette-county-community-action-food-pantry-fayette","comida","","alimentos, despensa, comida, apoyo comunitario","food, food pantry, groceries, community support","","","unknown","","","","","Comuníquese con la organización para confirmar disponibilidad y requisitos antes de acudir.","Contact the organization to confirm availability and requirements before visiting.","","","","","Condado de Fayette","Fayette County","","","","","","","","","","","Fayette","","","","","","","Registro preparado a partir de “Food Pantries by County.xlsx”; requiere revisión administrativa antes de publicar."
"Area Ministry for Emergency Needs (AMEN) Food Pantry","Area Ministry for Emergency Needs (AMEN) Food Pantry","Area Ministry for Emergency Needs (AMEN) Food Pantry","Despensa de alimentos y apoyo comunitario para residentes de Condado de Fayette.","Food pantry and community support for residents of Fayette County.","Ofrece acceso a alimentos. Comuníquese directamente con la organización para confirmar disponibilidad, requisitos y otros apoyos.","Provides access to food. Contact the organization directly to confirm availability, requirements, and additional support.","area-ministry-for-emergency-needs-amen-food-pantry-fayette","comida","","alimentos, despensa, comida, apoyo comunitario","food, food pantry, groceries, community support","","in_person","unknown","","","","","Comuníquese con la organización para confirmar disponibilidad y requisitos antes de acudir.","Contact the organization to confirm availability and requirements before visiting.","luness: 9am-12pm","Mondays: 9am-12pm","","","Condado de Fayette","Fayette County","(979) 968-3943","","","","https://amenlagrange.org/","851 S Reynolds St. La Grange, TX 78945","","","TX","78945","Fayette","","","https://amenlagrange.org/","","","","Registro preparado a partir de “Food Pantries by County.xlsx”; requiere revisión administrativa antes de publicar."
"Schulenberg Area Food Pantry","Schulenberg Area Food Pantry","Schulenberg Area Food Pantry","Despensa de alimentos y apoyo comunitario para residentes de Condado de Fayette.","Food pantry and community support for residents of Fayette County.","Ofrece acceso a alimentos. Comuníquese directamente con la organización para confirmar disponibilidad, requisitos y otros apoyos.","Provides access to food. Contact the organization directly to confirm availability, requirements, and additional support.","schulenberg-area-food-pantry-fayette","comida","","alimentos, despensa, comida, apoyo comunitario","food, food pantry, groceries, community support","","in_person","unknown","","","","","Comuníquese con la organización para confirmar disponibilidad y requisitos antes de acudir.","Contact the organization to confirm availability and requirements before visiting.","juevess: 9am-11am","Thursdays: 9am-11am","","","Condado de Fayette","Fayette County","(979) 743-5908","","","","","304 East Ave. Schulenberg, TX","","","TX","","Fayette","","","","","","","Registro preparado a partir de “Food Pantries by County.xlsx”; requiere revisión administrativa antes de publicar."
"Gonzales Christian Assistance Ministry","Gonzales Christian Assistance Ministry","Gonzales Christian Assistance Ministry","Despensa de alimentos y apoyo comunitario para residentes de Condado de Gonzales.","Food pantry and community support for residents of Gonzales County.","Ofrece acceso a alimentos. Comuníquese directamente con la organización para confirmar disponibilidad, requisitos y otros apoyos.","Financial assistance for rent, utilities, medications. Gas assistance for doctor's appointments and food pickup, clothing donations and assistance with household items","gonzales-christian-assistance-ministry-gonzales","comida","","alimentos, despensa, comida, apoyo comunitario","food, food pantry, groceries, community support","","in_person","unknown","","","","","Comuníquese con la organización para confirmar disponibilidad y requisitos antes de acudir.","Contact the organization to confirm availability and requirements before visiting.","lunes-viernes: 8:30am-11:30am","Monday-Friday: 8:30am-11:30am","","","Condado de Gonzales","Gonzales County","(830) 672-5566","","","","","708 St. Louis St. Gonzales, TX 78629","","","TX","78629","Gonzales","","","","","","","Registro preparado a partir de “Food Pantries by County.xlsx”; requiere revisión administrativa antes de publicar."
"San Antonio Food Bank Partner Network","San Antonio Food Bank Partner Network","San Antonio Food Bank Partner Network","Despensa de alimentos y apoyo comunitario para residentes de Condado de Gonzales.","Food pantry and community support for residents of Gonzales County.","Ofrece acceso a alimentos. Comuníquese directamente con la organización para confirmar disponibilidad, requisitos y otros apoyos.","Provides access to food. Contact the organization directly to confirm availability, requirements, and additional support.","san-antonio-food-bank-partner-network-gonzales","comida","","alimentos, despensa, comida, apoyo comunitario","food, food pantry, groceries, community support","","","unknown","","","","","Comuníquese con la organización para confirmar disponibilidad y requisitos antes de acudir.","Contact the organization to confirm availability and requirements before visiting.","","","","","Condado de Gonzales","Gonzales County","","","","","","","","","","","Gonzales","","","","","","","Registro preparado a partir de “Food Pantries by County.xlsx”; requiere revisión administrativa antes de publicar."
"Seguin Christian Cupboard","Seguin Christian Cupboard","Seguin Christian Cupboard","Despensa de alimentos y apoyo comunitario para residentes de Condado de Guadalupe.","Food pantry and community support for residents of Guadalupe County.","Ofrece acceso a alimentos. Comuníquese directamente con la organización para confirmar disponibilidad, requisitos y otros apoyos.","Provides access to food. Contact the organization directly to confirm availability, requirements, and additional support.","seguin-christian-cupboard-guadalupe","comida","","alimentos, despensa, comida, apoyo comunitario","food, food pantry, groceries, community support","","in_person","unknown","","","","","Comuníquese con la organización para confirmar disponibilidad y requisitos antes de acudir.","Contact the organization to confirm availability and requirements before visiting.","lunes-jueves: 9am-11:30am
1st and 3rd sábado: 9am-11:30am","Monday-Thursday: 9am-11:30am
1st and 3rd Saturday: 9am-11:30am","","","Condado de Guadalupe","Guadalupe County","(830) 379-4857","","","","https://www.christiancupboardofseguin.org/","516 N Camp St. Seguin, TX 78155","","","TX","78155","Guadalupe","","","https://www.christiancupboardofseguin.org/","","","2026-07-08","Registro preparado a partir de “Food Pantries by County.xlsx”; requiere revisión administrativa antes de publicar."
"New Braunfels Food Bank","New Braunfels Food Bank","New Braunfels Food Bank","Despensa de alimentos y apoyo comunitario para residentes de Condado de Guadalupe.","Food pantry and community support for residents of Guadalupe County.","Ofrece acceso a alimentos. Comuníquese directamente con la organización para confirmar disponibilidad, requisitos y otros apoyos.","Provides access to food. Contact the organization directly to confirm availability, requirements, and additional support.","new-braunfels-food-bank-guadalupe","comida","","alimentos, despensa, comida, apoyo comunitario","food, food pantry, groceries, community support","","in_person","unknown","","","","","Comuníquese con la organización para confirmar disponibilidad y requisitos antes de acudir.","Contact the organization to confirm availability and requirements before visiting.","Client-choice Pantry:
lunes: 9am-11am and 1:30-3:30pm
martes: 9am-11am and 1:30-3:30pm
Wed: 9am-11am and 1:30-3:30pm
jueves: 9am-11am
viernes: 9am-11am
sábado: 1:30pm-3:30pm

Drive thru food distribution:
2nd and 4th sábado of the month 9am-11am","Client-choice Pantry:
Monday: 9am-11am and 1:30-3:30pm
Tuesday: 9am-11am and 1:30-3:30pm
Wed: 9am-11am and 1:30-3:30pm
Thursday: 9am-11am
Friday: 9am-11am
Saturday: 1:30pm-3:30pm

Drive thru food distribution:
2nd and 4th Saturday of the month 9am-11am","","","Condado de Guadalupe","Guadalupe County","(830) 327-6000","","","schedule@nbfoodbank.org","https://nbfoodbank.org/our-programs/food-assistance/","1620 S. Seguin Ave. New Braunfels, TX 78130","","","TX","78130","Guadalupe","","","https://nbfoodbank.org/our-programs/food-assistance/","","","2026-07-08","Registro preparado a partir de “Food Pantries by County.xlsx”; requiere revisión administrativa antes de publicar."
"San Antonio Food Bank","San Antonio Food Bank","San Antonio Food Bank","Despensa de alimentos y apoyo comunitario para residentes de Condado de Guadalupe.","Food pantry and community support for residents of Guadalupe County.","Ofrece acceso a alimentos. Comuníquese directamente con la organización para confirmar disponibilidad, requisitos y otros apoyos.","Provides access to food. Contact the organization directly to confirm availability, requirements, and additional support.","san-antonio-food-bank-guadalupe","comida","","alimentos, despensa, comida, apoyo comunitario","food, food pantry, groceries, community support","","","unknown","","","","","Comuníquese con la organización para confirmar disponibilidad y requisitos antes de acudir.","Contact the organization to confirm availability and requirements before visiting.","","","","","Condado de Guadalupe","Guadalupe County","","","","","","","","","","","Guadalupe","","","","","","","Registro preparado a partir de “Food Pantries by County.xlsx”; requiere revisión administrativa antes de publicar."
"Giddings Area Care Center","Giddings Area Care Center","Giddings Area Care Center","Despensa de alimentos y apoyo comunitario para residentes de Condado de Lee.","Food pantry and community support for residents of Lee County.","Ofrece acceso a alimentos. Comuníquese directamente con la organización para confirmar disponibilidad, requisitos y otros apoyos.","Health Option Program for Elderly (H.O.P.E) 55+ 4th Friday of each month","giddings-area-care-center-lee","comida","","alimentos, despensa, comida, apoyo comunitario","food, food pantry, groceries, community support","","in_person","unknown","","","","","Comuníquese con la organización para confirmar disponibilidad y requisitos antes de acudir.","Contact the organization to confirm availability and requirements before visiting.","juevess: 3:30pm-5:30pm
vierness: 7:30am-9:30am","Thursdays: 3:30pm-5:30pm
Fridays: 7:30am-9:30am","","","Condado de Lee","Lee County","","","","gaccfp@gmail.com","https://giddingsfoodpantry.org/","190 N Harris St. Giddings, TX 78942","","","TX","78942","Lee","","","https://giddingsfoodpantry.org/","","","2026-09-02","Existencia o ubicación cotejada el 2026-09-02 con el directorio oficial Find Food Now del Central Texas Food Bank; revise horarios directamente antes de publicar."
"Combined Community Action, Inc","Combined Community Action, Inc","Combined Community Action, Inc","Despensa de alimentos y apoyo comunitario para residentes de Condado de Lee.","Food pantry and community support for residents of Lee County.","Ofrece acceso a alimentos. Comuníquese directamente con la organización para confirmar disponibilidad, requisitos y otros apoyos.","Utility assistance, weatherization, housing support, rental assistance","combined-community-action-inc-lee","comida","","alimentos, despensa, comida, apoyo comunitario","food, food pantry, groceries, community support","","in_person","unknown","","","","","Comuníquese con la organización para confirmar disponibilidad y requisitos antes de acudir.","Contact the organization to confirm availability and requirements before visiting.","Horario: Mon-Fri: 8am-5pm","Hours: Mon-Fri: 8am-5pm","","","Condado de Lee","Lee County","(800) 688-9065","","","","https://www.ccaction.com/","165 W Austin St. Giddings, TX 78942","","","TX","78942","Lee","","","https://www.ccaction.com/","","","","Registro preparado a partir de “Food Pantries by County.xlsx”; requiere revisión administrativa antes de publicar."
"Burnet County Hunger Alliance","Burnet County Hunger Alliance","Burnet County Hunger Alliance","Despensa de alimentos y apoyo comunitario para residentes de Condado de Burnet.","Food pantry and community support for residents of Burnet County.","Ofrece acceso a alimentos. Comuníquese directamente con la organización para confirmar disponibilidad, requisitos y otros apoyos.","Provides access to food. Contact the organization directly to confirm availability, requirements, and additional support.","burnet-county-hunger-alliance-burnet","comida","","alimentos, despensa, comida, apoyo comunitario","food, food pantry, groceries, community support","","","unknown","","","","","Comuníquese con la organización para confirmar disponibilidad y requisitos antes de acudir.","Contact the organization to confirm availability and requirements before visiting.","","","","","Condado de Burnet","Burnet County","","","","","","","","","","","Burnet","","","","","","","Registro preparado a partir de “Food Pantries by County.xlsx”; requiere revisión administrativa antes de publicar."
"Helping Center of Marble Falls","Helping Center of Marble Falls","Helping Center of Marble Falls","Despensa de alimentos y apoyo comunitario para residentes de Condado de Burnet.","Food pantry and community support for residents of Burnet County.","Ofrece acceso a alimentos. Comuníquese directamente con la organización para confirmar disponibilidad, requisitos y otros apoyos.","Provides access to food. Contact the organization directly to confirm availability, requirements, and additional support.","helping-center-of-marble-falls-marble-falls","comida","","alimentos, despensa, comida, apoyo comunitario","food, food pantry, groceries, community support","","in_person","unknown","","","","","Comuníquese con la organización para confirmar disponibilidad y requisitos antes de acudir.","Contact the organization to confirm availability and requirements before visiting.","lunes: 9:30am-1:30pm
martes:9:30am-1:30pm; 5:30pm-7pm
miércoles: 9:30am-1:30pm
jueves: 9:30am-1:30pm; 5:30pm-7pm
viernes: 9:30am-1:30pm","Monday: 9:30am-1:30pm
Tuesday:9:30am-1:30pm; 5:30pm-7pm
Wednesday: 9:30am-1:30pm
Thursday: 9:30am-1:30pm; 5:30pm-7pm
Friday: 9:30am-1:30pm","","","Condado de Burnet","Burnet County","(830) 693-5689","","","","","1016 Broadway, Marble Falls, TX 78654","","Marble Falls","TX","78654","Burnet","","","","","","","Registro preparado a partir de “Food Pantries by County.xlsx”; requiere revisión administrativa antes de publicar."
"Area Agency of the Capital Area &
Aging and Disability Resource Center","Area Agency of the Capital Area &
Aging and Disability Resource Center","Area Agency of the Capital Area &
Aging and Disability Resource Center","Recurso de salud y apoyo personal disponible para la comunidad.","A health and personal support resource available to the community.","Ofrece servicios relacionados con salud y apoyo personal. Comuníquese directamente para confirmar elegibilidad, disponibilidad y proceso de acceso.","Area Agency on Aging of the Capital Area:
Helps older adults find and access community resources, programs, and services","area-agency-of-the-capital-area-and-aging-and-disability-resource-center-health-and-person","salud","","salud, atención, apoyo","health, care, support","","phone, online","unknown","","","","","Comuníquese directamente con la organización para confirmar elegibilidad, disponibilidad y próximos pasos.","Contact the organization directly to confirm eligibility, availability, and next steps.","","","","","Condado de Williamson; Condado de Bastrop; Condado de Caldwell; Condado de Fayette; Condado de Lee; Condado de Burnet; Condado de Travis","Williamson County; Bastrop County; Caldwell County; Fayette County; Lee County; Burnet County; Travis County","(888) 622-9111","","","","https://www.capcog.org/divisions/area-agency-on-aging/","","","","","","","","","https://www.capcog.org/divisions/area-agency-on-aging/","","","","Registro consolidado a partir de “Resources Spreadsheet.xlsx”; requiere revisión administrativa antes de publicar."
"Care Patrol of North Austin","Care Patrol of North Austin","Care Patrol of North Austin","Recurso de salud y apoyo personal disponible para la comunidad.","A health and personal support resource available to the community.","Ofrece servicios relacionados con salud y apoyo personal. Comuníquese directamente para confirmar elegibilidad, disponibilidad y proceso de acceso.","Senior care help for those discharged from a hospital/care setting, or if extra senior care is needed due to a recent change in health condition. Assisted living, memory care, independent living, nursing home, in-home care, respite care","care-patrol-of-north-austin-health-and-personal-support-williamson","salud","","salud, atención, apoyo","health, care, support","","phone, online","unknown","","","","","Comuníquese directamente con la organización para confirmar elegibilidad, disponibilidad y próximos pasos.","Contact the organization directly to confirm eligibility, availability, and next steps.","","","","","Condado de Williamson","Williamson County","(512) 643-2727","","","","https://carepatrol.com/north-austin/","","","","","","Williamson","","","https://carepatrol.com/north-austin/","","","","Registro consolidado a partir de “Resources Spreadsheet.xlsx”; requiere revisión administrativa antes de publicar."
"Oasis Senior Advisors","Oasis Senior Advisors","Oasis Senior Advisors","Recurso de salud y apoyo personal disponible para la comunidad.","A health and personal support resource available to the community.","Ofrece servicios relacionados con salud y apoyo personal. Comuníquese directamente para confirmar elegibilidad, disponibilidad y proceso de acceso.","Advisors helping seniors, families, healthcare professionals, and caregivers navigate senior care. Whether exploring assisted living, memory care, independent living, care homes, respite care, hospital-to-home transitions, long-term care insurance benefits, veterans benefits, or other senior care resources. Advisors work closely with families, hospitals, rehabilitation facilities, physicians, case managers, social workers, home care providers, and senior living communities.
Services are provided at no cost to families, are always confidential, and are focused on helping seniors find the right solutions for their unique needs. From Hospital to Home to Senior Living.","oasis-senior-advisors-health-and-personal-support-williamson","salud","","salud, atención, apoyo","health, care, support","","phone, online","free","","","","","Comuníquese directamente con la organización para confirmar elegibilidad, disponibilidad y próximos pasos.","Contact the organization directly to confirm eligibility, availability, and next steps.","","","","","Condado de Williamson; Condado de Bastrop; Condado de Burnet; Condado de Travis","Williamson County; Bastrop County; Burnet County; Travis County","(512) 800-1469","","","","https://www.oasissenioradvisors.com/locations/austin-central-tx/","","","","","","","","","https://www.oasissenioradvisors.com/locations/austin-central-tx/","","","","Registro consolidado a partir de “Resources Spreadsheet.xlsx”; requiere revisión administrativa antes de publicar."
"Senior Sitters, LLC","Senior Sitters, LLC","Senior Sitters, LLC","Recurso de salud y apoyo personal disponible para la comunidad.","A health and personal support resource available to the community.","Ofrece servicios relacionados con salud y apoyo personal. Comuníquese directamente para confirmar elegibilidad, disponibilidad y proceso de acceso.","Geriatric Assessment, Home Care, Memory/Alzheimer's Care, Personal Assistance Services, Short Term Stays. Provide assistance with living. Free initial assessment done by a geriatrics nurse. 24 hour service / 7 days a week. One hour minimum. Affordable hourly rates. Our services include: Bathing, dressing and grooming. Continence/incontinence care. Assistance with meals and meal planning. Assistance with walking, transferring and wheelchair mobility. Medication reminders. Transportation services. Light housekeeping/laundry. Companionship.","senior-sitters-llc-health-and-personal-support-austin","salud","","salud, atención, apoyo","health, care, support","","in_person, phone, online","free","","","","","Comuníquese directamente con la organización para confirmar elegibilidad, disponibilidad y próximos pasos.","Contact the organization directly to confirm eligibility, availability, and next steps.","","","","","Condado de Williamson; Condado de Travis","Williamson County; Travis County","(512) 250-5800","","","info@seniorsitterusa.com","https://www.seniorsittersusa.com/","13740 Research Blvd. Ste M7","","Austin","TX","13740","","","","https://www.seniorsittersusa.com/","","","","Registro consolidado a partir de “Resources Spreadsheet.xlsx”; requiere revisión administrativa antes de publicar."
"Avalon Memory Care","Avalon Memory Care","Avalon Memory Care","Recurso de salud y apoyo personal disponible para la comunidad.","A health and personal support resource available to the community.","Ofrece servicios relacionados con salud y apoyo personal. Comuníquese directamente para confirmar elegibilidad, disponibilidad y proceso de acceso.","25 bed for memory care. Assisted Living, Memory/Alzheimer's Care, Wandering Security System","avalon-memory-care-health-and-personal-support-williamson","salud","","salud, atención, apoyo","health, care, support","","in_person, phone, online","unknown","","","","","Comuníquese directamente con la organización para confirmar elegibilidad, disponibilidad y próximos pasos.","Contact the organization directly to confirm eligibility, availability, and next steps.","","","","","Condado de Williamson","Williamson County","(888) 522-1918","","","","https://avalonmemorycare.com/","2215 South Lakeline Blvd. Cedar Park, TX 78613","","","TX","78613","Williamson","","","https://avalonmemorycare.com/","","","","Registro consolidado a partir de “Resources Spreadsheet.xlsx”; requiere revisión administrativa antes de publicar."
"Switzer Senior Center","Switzer Senior Center","Switzer Senior Center","Recurso de salud y apoyo personal disponible para la comunidad.","A health and personal support resource available to the community.","Ofrece servicios relacionados con salud y apoyo personal. Comuníquese directamente para confirmar elegibilidad, disponibilidad y proceso de acceso.","Low income and working poor residents, who meet qualifications, may access limited","switzer-senior-center-health-and-personal-support-taylor","salud","","salud, atención, apoyo","health, care, support","","in_person, phone","unknown","","","","","Comuníquese directamente con la organización para confirmar elegibilidad, disponibilidad y próximos pasos.","Contact the organization directly to confirm eligibility, availability, and next steps.","","","","","Condado de Williamson","Williamson County","(512) 352-5523","","","","","410 W. 7th St., Taylor, Texas 76574","","Taylor","TX","76574","Williamson","","","","","","","Registro consolidado a partir de “Resources Spreadsheet.xlsx”; requiere revisión administrativa antes de publicar."
"My Care Supplies","My Care Supplies","My Care Supplies","Recurso de salud y apoyo personal disponible para la comunidad.","A health and personal support resource available to the community.","Ofrece servicios relacionados con salud y apoyo personal. Comuníquese directamente para confirmar elegibilidad, disponibilidad y proceso de acceso.","Medical supplies company backed by more than 65 years of experience in the field selling adult health products to those who need them. Product category- Incontinence, Ostomy, Urological, Nutrition, Wound, Diabetes and more.","my-care-supplies-health-and-personal-support-williamson","salud","","salud, atención, apoyo","health, care, support","","online","unknown","","","","","Comuníquese directamente con la organización para confirmar elegibilidad, disponibilidad y próximos pasos.","Contact the organization directly to confirm eligibility, availability, and next steps.","","","","","Condado de Williamson; Condado de Bastrop; Condado de Caldwell; Condado de Fayette; Condado de Gonzales; Condado de Guadalupe; Condado de Lee; Condado de Burnet; Condado de Travis","Williamson County; Bastrop County; Caldwell County; Fayette County; Gonzales County; Guadalupe County; Lee County; Burnet County; Travis County","","","","support@mycaresupplies.com","https://mycaresupplies.com/","","","","","","","","","https://mycaresupplies.com/","","","","Registro consolidado a partir de “Resources Spreadsheet.xlsx”; requiere revisión administrativa antes de publicar."
"Gilead Health Care","Gilead Health Care","Gilead Health Care","Recurso de salud y apoyo personal disponible para la comunidad.","A health and personal support resource available to the community.","Ofrece servicios relacionados con salud y apoyo personal. Comuníquese directamente para confirmar elegibilidad, disponibilidad y proceso de acceso.","Hospice, skilled nursing, therpay services, psychiatric nursing, medication management, chronic disease management, telehealth, infusion feeding","gilead-health-care-health-and-personal-support-round-rock","salud","","salud, atención, apoyo","health, care, support","","in_person, phone, online","unknown","","","","","Comuníquese directamente con la organización para confirmar elegibilidad, disponibilidad y próximos pasos.","Contact the organization directly to confirm eligibility, availability, and next steps.","","","","","Condado de Williamson","Williamson County","(512) 323-5858","","","","https://gileadhomehealth.com/","2300 Greenhill Dr. Bldg 5, Ste 500","","Round Rock","TX","78664","Williamson","","","https://gileadhomehealth.com/","","","","Registro consolidado a partir de “Resources Spreadsheet.xlsx”; requiere revisión administrativa antes de publicar."
"Halcyon Home","Halcyon Home","Halcyon Home","Recurso de salud y apoyo personal disponible para la comunidad.","A health and personal support resource available to the community.","Ofrece servicios relacionados con salud y apoyo personal. Comuníquese directamente para confirmar elegibilidad, disponibilidad y proceso de acceso.","emergency financial assistance for electric bills, gas, and housing costs such as rent. Referrals","halcyon-home-health-and-personal-support-austin","salud","","salud, atención, apoyo","health, care, support","","in_person, phone, online","unknown","","","","","Comuníquese directamente con la organización para confirmar elegibilidad, disponibilidad y próximos pasos.","Contact the organization directly to confirm eligibility, availability, and next steps.","","","","","Condado de Williamson","Williamson County","(512) 815-9009","","","info@halcyonhome.com","https://halcyonhome.com/","8133 Mesa Dr. Ste 200","","Austin","TX","78759","Williamson","","","https://halcyonhome.com/","","","","Registro consolidado a partir de “Resources Spreadsheet.xlsx”; requiere revisión administrativa antes de publicar."
"Texas Utility Help","Texas Utility Help","Texas Utility Help","Recurso de vivienda y asistencia económica disponible para la comunidad.","A housing and financial assistance resource available to the community.","Ofrece servicios relacionados con vivienda y asistencia económica. Comuníquese directamente para confirmar elegibilidad, disponibilidad y proceso de acceso.","Texas Utility Help can give financial assistance to qualified Texas
homeowners and renters with low income. Eligible expenses include
water and wastewater.","texas-utility-help-housing-and-financial-assistance-williamson","vivienda","","vivienda, renta, servicios públicos","housing, rent, utilities","","","unknown","","","","","Comuníquese directamente con la organización para confirmar elegibilidad, disponibilidad y próximos pasos.","Contact the organization directly to confirm eligibility, availability, and next steps.","","","","","Condado de Williamson; Condado de Caldwell; Condado de Fayette; Condado de Gonzales; Condado de Guadalupe; Condado de Lee; Condado de Burnet; Condado de Travis","Williamson County; Caldwell County; Fayette County; Gonzales County; Guadalupe County; Lee County; Burnet County; Travis County","","","","","","","","","","","","","","https://bluebonnetmhmr.sharepoint.com/:b:/s/HomelessPrevention-WilliamsonCounty/IQC40TlLEXaSTYznmTtKJaaGAXtBnuNwmWkEuRyUdhv7Wic?e=uePORz","","","","Registro consolidado a partir de “Resources Spreadsheet.xlsx”; requiere revisión administrativa antes de publicar."
"Community Action of Central Texas","Community Action of Central Texas","Community Action of Central Texas","Recurso de vivienda y asistencia económica disponible para la comunidad.","A housing and financial assistance resource available to the community.","Ofrece servicios relacionados con vivienda y asistencia económica. Comuníquese directamente para confirmar elegibilidad, disponibilidad y proceso de acceso.","Provides some referrals to utility bill help and conservation from Comprehensive Energy
Assistance Program / CEAP. A low cost, prescription assistance program is available, as well as
other medical care referrals.","community-action-of-central-texas-housing-and-financial-assistance-williamson","vivienda","","vivienda, renta, servicios públicos","housing, rent, utilities","","phone, online","unknown","","","","","Comuníquese directamente con la organización para confirmar elegibilidad, disponibilidad y próximos pasos.","Contact the organization directly to confirm eligibility, availability, and next steps.","","","","","Condado de Williamson; Condado de Burnet","Williamson County; Burnet County","(512) 392-1161","","","","https://communityaction.com/","","","","","","","","","https://communityaction.com/","","","","Registro consolidado a partir de “Resources Spreadsheet.xlsx”; requiere revisión administrativa antes de publicar."
"Madella Hilliard Neighborhood Center","Madella Hilliard Neighborhood Center","Madella Hilliard Neighborhood Center","Recurso de vivienda y asistencia económica disponible para la comunidad.","A housing and financial assistance resource available to the community.","Ofrece servicios relacionados con vivienda y asistencia económica. Comuníquese directamente para confirmar elegibilidad, disponibilidad y proceso de acceso.","A non-profit agency that provides limited amounts of emergency financial assistance to help pay
gas, electric, utility bills, and rent. Low income qualifications need to be met. *Also provides help
with applying for and completing forms for government assistance programs (both Texas and
federal) and also offers referrals to community services and charities","madella-hilliard-neighborhood-center-housing-and-financial-assistance-georgetown","vivienda","","vivienda, renta, servicios públicos","housing, rent, utilities","","in_person, phone","unknown","","","","","Comuníquese directamente con la organización para confirmar elegibilidad, disponibilidad y próximos pasos.","Contact the organization directly to confirm eligibility, availability, and next steps.","","","","","Condado de Williamson","Williamson County","(512) 930-0873","","","","","803 W. 8th St., Georgetown, Texas 78626","","Georgetown","TX","78626","Williamson","","","","","","","Registro consolidado a partir de “Resources Spreadsheet.xlsx”; requiere revisión administrativa antes de publicar."
"Mortgage Relief Helpline","Mortgage Relief Helpline","Mortgage Relief Helpline","Recurso de apoyo comunitario disponible para la comunidad.","A community support resource available to the community.","Ofrece servicios relacionados con apoyo comunitario. Comuníquese directamente para confirmar elegibilidad, disponibilidad y proceso de acceso.","For families falling behind on mortgage payments, this national agency will work with a family’s mortgage company to arrange a workout plan to catch up missed payments. Housing counselors will discuss all options available to avoid foreclosure. Agency does not make loans or buy property.","mortgage-relief-helpline-community-support-williamson","otros-recursos","","recursos comunitarios, apoyo","community resources, support","","phone","unknown","","","","","Comuníquese directamente con la organización para confirmar elegibilidad, disponibilidad y próximos pasos.","Contact the organization directly to confirm eligibility, availability, and next steps.","","","","","Condado de Williamson","Williamson County","(800) 750-8956","","","","","","","","","","Williamson","","","","","","","Registro consolidado a partir de “Resources Spreadsheet.xlsx”; requiere revisión administrativa antes de publicar."
"Debt Relief Hotline","Debt Relief Hotline","Debt Relief Hotline","Recurso de apoyo comunitario disponible para la comunidad.","A community support resource available to the community.","Ofrece servicios relacionados con apoyo comunitario. Comuníquese directamente para confirmar elegibilidad, disponibilidad y proceso de acceso.","For families struggling with credit card debt (typically over $10,000); relief is available. This national agency will contact a family’s creditor’s, reduce payments, interests, and principal amounts owed.","debt-relief-hotline-community-support-williamson","otros-recursos","","recursos comunitarios, apoyo","community resources, support","","phone","unknown","","","","","Comuníquese directamente con la organización para confirmar elegibilidad, disponibilidad y próximos pasos.","Contact the organization directly to confirm eligibility, availability, and next steps.","","","","","Condado de Williamson; Condado de Bastrop; Condado de Caldwell; Condado de Fayette; Condado de Gonzales; Condado de Guadalupe; Condado de Lee; Condado de Burnet; Condado de Travis","Williamson County; Bastrop County; Caldwell County; Fayette County; Gonzales County; Guadalupe County; Lee County; Burnet County; Travis County","(800) 291-1042","","","","","","","","","","","","","","","","","Registro consolidado a partir de “Resources Spreadsheet.xlsx”; requiere revisión administrativa antes de publicar."
"Free Bankruptcy Advice","Free Bankruptcy Advice","Free Bankruptcy Advice","Recurso de apoyo comunitario disponible para la comunidad.","A community support resource available to the community.","Ofrece servicios relacionados con apoyo comunitario. Comuníquese directamente para confirmar elegibilidad, disponibilidad y proceso de acceso.","Families who cannot use other debt solutions can connect with debt relief counselor to discuss debt and all options for relief. A family may call to discuss whether debt relief under bankruptcy makes sense for them.","free-bankruptcy-advice-community-support-williamson","otros-recursos","","recursos comunitarios, apoyo","community resources, support","","phone","unknown","","","","","Comuníquese directamente con la organización para confirmar elegibilidad, disponibilidad y próximos pasos.","Contact the organization directly to confirm eligibility, availability, and next steps.","","","","","Condado de Williamson; Condado de Bastrop; Condado de Caldwell; Condado de Fayette; Condado de Gonzales; Condado de Guadalupe; Condado de Lee; Condado de Burnet; Condado de Travis","Williamson County; Bastrop County; Caldwell County; Fayette County; Gonzales County; Guadalupe County; Lee County; Burnet County; Travis County","(800) 379-0985","","","","","","","","","","","","","","","","","Registro consolidado a partir de “Resources Spreadsheet.xlsx”; requiere revisión administrativa antes de publicar."
"Department of Health and Human Services","Department of Health and Human Services","Department of Health and Human Services","Recurso de apoyo comunitario disponible para la comunidad.","A community support resource available to the community.","Ofrece servicios relacionados con apoyo comunitario. Comuníquese directamente para confirmar elegibilidad, disponibilidad y proceso de acceso.","Provides local contact numbers for help including local HHSC office, information on child support, privacy rights information, centers for Medicaid/Medicare, Affordable Care Act and related consumer assistance. 
Supports the needs of mothers, children and families through programs such as Medicaid, CHIP, SNAP, women’s health.","department-of-health-and-human-services-community-support-williamson","otros-recursos","","recursos comunitarios, apoyo","community resources, support","","phone","unknown","","","","","Comuníquese directamente con la organización para confirmar elegibilidad, disponibilidad y próximos pasos.","Contact the organization directly to confirm eligibility, availability, and next steps.","","","","","Condado de Williamson; Condado de Bastrop; Condado de Caldwell; Condado de Fayette; Condado de Gonzales; Condado de Guadalupe; Condado de Lee; Condado de Burnet; Condado de Travis","Williamson County; Bastrop County; Caldwell County; Fayette County; Gonzales County; Guadalupe County; Lee County; Burnet County; Travis County","(877) 696-6775","","","","","","","","","","","","","","","","","Registro consolidado a partir de “Resources Spreadsheet.xlsx”; requiere revisión administrativa antes de publicar."
"Social Security Administration","Social Security Administration","Social Security Administration","Recurso de apoyo comunitario disponible para la comunidad.","A community support resource available to the community.","Ofrece servicios relacionados con apoyo comunitario. Comuníquese directamente para confirmar elegibilidad, disponibilidad y proceso de acceso.","Social Security card (replacements/initial), SSI/SSDI benefits, family and survivor benefits, medicare benefits","social-security-administration-community-support-williamson","otros-recursos","","recursos comunitarios, apoyo","community resources, support","","phone, online","unknown","","","","","Comuníquese directamente con la organización para confirmar elegibilidad, disponibilidad y próximos pasos.","Contact the organization directly to confirm eligibility, availability, and next steps.","","","","","Condado de Williamson; Condado de Bastrop; Condado de Caldwell; Condado de Fayette; Condado de Gonzales; Condado de Guadalupe; Condado de Lee; Condado de Burnet; Condado de Travis","Williamson County; Bastrop County; Caldwell County; Fayette County; Gonzales County; Guadalupe County; Lee County; Burnet County; Travis County","1 (800) 772-1213","","","","https://www.ssa.gov/","","","","","","","","","https://www.ssa.gov/","","","","Registro consolidado a partir de “Resources Spreadsheet.xlsx”; requiere revisión administrativa antes de publicar."
"National Homeless Veteran Call Center","National Homeless Veteran Call Center","National Homeless Veteran Call Center","Recurso de apoyo comunitario disponible para la comunidad.","A community support resource available to the community.","Ofrece servicios relacionados con apoyo comunitario. Comuníquese directamente para confirmar elegibilidad, disponibilidad y proceso de acceso.","Provides improved access for homeless Veterans to VA services and programs and other community resources.","national-homeless-veteran-call-center-community-support-williamson","otros-recursos","","recursos comunitarios, apoyo","community resources, support","","phone, online","unknown","","","","","Comuníquese directamente con la organización para confirmar elegibilidad, disponibilidad y próximos pasos.","Contact the organization directly to confirm eligibility, availability, and next steps.","","","","","Condado de Williamson; Condado de Bastrop; Condado de Caldwell; Condado de Fayette; Condado de Gonzales; Condado de Guadalupe; Condado de Lee; Condado de Burnet; Condado de Travis","Williamson County; Bastrop County; Caldwell County; Fayette County; Gonzales County; Guadalupe County; Lee County; Burnet County; Travis County","(877) 424-3838","","","","https://department.va.gov/homeless/nationalcallcenter/","","","","","","","","","https://department.va.gov/homeless/nationalcallcenter/","","","","Registro consolidado a partir de “Resources Spreadsheet.xlsx”; requiere revisión administrativa antes de publicar."
"VA Mental Health Residential Program","VA Mental Health Residential Program","VA Mental Health Residential Program","Recurso de apoyo comunitario disponible para la comunidad.","A community support resource available to the community.","Ofrece servicios relacionados con apoyo comunitario. Comuníquese directamente para confirmar elegibilidad, disponibilidad y proceso de acceso.","Programs are general in nature and treat a variety of mental health, substance use, and psychosocial issues with programs lasting from 30-60 days.
*Waco has all of the programming for female identifying Veternas.","va-mental-health-residential-program-community-support-williamson","otros-recursos","","recursos comunitarios, apoyo","community resources, support","","phone, online","unknown","","","","","Comuníquese directamente con la organización para confirmar elegibilidad, disponibilidad y próximos pasos.","Contact the organization directly to confirm eligibility, availability, and next steps.","","","","","Condado de Williamson; Condado de Bastrop; Condado de Caldwell; Condado de Fayette; Condado de Gonzales; Condado de Guadalupe; Condado de Lee; Condado de Burnet; Condado de Travis","Williamson County; Bastrop County; Caldwell County; Fayette County; Gonzales County; Guadalupe County; Lee County; Burnet County; Travis County","(254) 778-4811","","","","https://www.va.gov/central-texas-health-care/programs/mental-health-residential-programming/","","","","","","","","","https://www.va.gov/central-texas-health-care/programs/mental-health-residential-programming/","","","","Registro consolidado a partir de “Resources Spreadsheet.xlsx”; requiere revisión administrativa antes de publicar."
"Cedar Park VA Clinic","Cedar Park VA Clinic","Cedar Park VA Clinic","Recurso de apoyo comunitario disponible para la comunidad.","A community support resource available to the community.","Ofrece servicios relacionados con apoyo comunitario. Comuníquese directamente para confirmar elegibilidad, disponibilidad y proceso de acceso.","offers primary care and specialty health services, including mental health services, X-rays, laboratory services, nutrition counseling, women’s health services, and more.","cedar-park-va-clinic-community-support-williamson","otros-recursos","","recursos comunitarios, apoyo","community resources, support","","in_person, phone","unknown","","","","","Comuníquese directamente con la organización para confirmar elegibilidad, disponibilidad y próximos pasos.","Contact the organization directly to confirm eligibility, availability, and next steps.","","","","","Condado de Williamson","Williamson County","(800) 423-2111","","","","","1401 Medical Parkway Ste 400 Bldg C Cedar Park, TX 78613","","","TX","78613","Williamson","","","","","","","Registro consolidado a partir de “Resources Spreadsheet.xlsx”; requiere revisión administrativa antes de publicar."
"Beneficiary Travel Assistance","Beneficiary Travel Assistance","Beneficiary Travel Assistance","Recurso de apoyo comunitario disponible para la comunidad.","A community support resource available to the community.","Ofrece servicios relacionados con apoyo comunitario. Comuníquese directamente para confirmar elegibilidad, disponibilidad y proceso de acceso.","Eligible Veterans and caregivers can submit travel reimbursement claims for travel to and from approved healthcare appointments. These claims can include mileage and other travel expenses. Eligibility: Must be traveling for care at a VA health facility or for VA-approved care at a non-VA health facility in your community AND 1 of the following: You have a VA disability rating of 30% or higher, or
You’re traveling for treatment of a service-connected condition, even if your VA disability rating is less than 30%, or
You receive a VA pension, or
You have an income that’s below the maximum annual VA pension rate, or
You can’t afford to pay for your travel, as defined by our guidelines, or
You’re traveling for 1 of these reasons: A scheduled VA claim exam (also called a compensation and pension, or C&P, exam), to get a service dog, or for VA-approved transplant care
*Also an option for caregivers (check their eligibility online)","beneficiary-travel-assistance-community-support-williamson","otros-recursos","","recursos comunitarios, apoyo","community resources, support","","phone, online","unknown","","","","","Comuníquese directamente con la organización para confirmar elegibilidad, disponibilidad y próximos pasos.","Contact the organization directly to confirm eligibility, availability, and next steps.","","","","","Condado de Williamson; Condado de Bastrop; Condado de Caldwell; Condado de Fayette; Condado de Gonzales; Condado de Guadalupe; Condado de Lee; Condado de Burnet; Condado de Travis","Williamson County; Bastrop County; Caldwell County; Fayette County; Gonzales County; Guadalupe County; Lee County; Burnet County; Travis County","(855) 574-7292","","","","https://www.va.gov/health-care/file-travel-pay-reimbursement/","","","","","","","","","https://www.va.gov/health-care/file-travel-pay-reimbursement/","","","","Registro consolidado a partir de “Resources Spreadsheet.xlsx”; requiere revisión administrativa antes de publicar."
"Childcare Subsidy Hotline","Childcare Subsidy Hotline","Childcare Subsidy Hotline","Recurso de apoyo comunitario disponible para la comunidad.","A community support resource available to the community.","Ofrece servicios relacionados con apoyo comunitario. Comuníquese directamente para confirmar elegibilidad, disponibilidad y proceso de acceso.","Childcare Aware of America is a federally funded agency that will provide assistance with childcare for military families through the Military Fee Assistance Program. Respite care for eligible families available.","childcare-subsidy-hotline-community-support-williamson","otros-recursos","","recursos comunitarios, apoyo","community resources, support","","phone, online","unknown","","","","","Comuníquese directamente con la organización para confirmar elegibilidad, disponibilidad y próximos pasos.","Contact the organization directly to confirm eligibility, availability, and next steps.","","","","","Condado de Williamson; Condado de Bastrop; Condado de Caldwell; Condado de Fayette; Condado de Gonzales; Condado de Guadalupe; Condado de Lee; Condado de Travis","Williamson County; Bastrop County; Caldwell County; Fayette County; Gonzales County; Guadalupe County; Lee County; Travis County","(800) 424-2246","","","","http://www.childcareaware.org/","","","","","","","","","http://www.childcareaware.org/","","","","Registro consolidado a partir de “Resources Spreadsheet.xlsx”; requiere revisión administrativa antes de publicar."
"National Domestic Violence Hotline","National Domestic Violence Hotline","National Domestic Violence Hotline","Recurso de apoyo legal y de seguridad disponible para la comunidad.","A legal and safety support resource available to the community.","Ofrece servicios relacionados con apoyo legal y de seguridad. Comuníquese directamente para confirmar elegibilidad, disponibilidad y proceso de acceso.","Website offers additional resources for safety planning, DV and immigration, obstacles to leaving, how to document abuse. Live chat available.","national-domestic-violence-hotline-legal-and-safety-support-williamson","ayuda-legal","","ayuda legal, seguridad","legal help, safety","","phone, online","unknown","","","","","Comuníquese directamente con la organización para confirmar elegibilidad, disponibilidad y próximos pasos.","Contact the organization directly to confirm eligibility, availability, and next steps.","","","","","Condado de Williamson; Condado de Bastrop; Condado de Caldwell; Condado de Fayette; Condado de Gonzales; Condado de Guadalupe; Condado de Lee; Condado de Burnet; Condado de Travis","Williamson County; Bastrop County; Caldwell County; Fayette County; Gonzales County; Guadalupe County; Lee County; Burnet County; Travis County","1 (800) 799-7233","","","","https://www.thehotline.org/","","","","","","","","","https://www.thehotline.org/","","","","Registro consolidado a partir de “Resources Spreadsheet.xlsx”; requiere revisión administrativa antes de publicar."
"Texas Council on Family Violence","Texas Council on Family Violence","Texas Council on Family Violence","Recurso de apoyo legal y de seguridad disponible para la comunidad.","A legal and safety support resource available to the community.","Ofrece servicios relacionados con apoyo legal y de seguridad. Comuníquese directamente para confirmar elegibilidad, disponibilidad y proceso de acceso.","Webiste offers resources on support for seeking safety and support for causing harm. Personalized safety plans available.","texas-council-on-family-violence-legal-and-safety-support-williamson","ayuda-legal","","ayuda legal, seguridad","legal help, safety","","online","unknown","","","","","Comuníquese directamente con la organización para confirmar elegibilidad, disponibilidad y próximos pasos.","Contact the organization directly to confirm eligibility, availability, and next steps.","","","","","Condado de Williamson; Condado de Bastrop; Condado de Caldwell; Condado de Fayette; Condado de Gonzales; Condado de Guadalupe; Condado de Lee; Condado de Burnet; Condado de Travis","Williamson County; Bastrop County; Caldwell County; Fayette County; Gonzales County; Guadalupe County; Lee County; Burnet County; Travis County","","","","","https://tcfv.org/","","","","","","","","","https://tcfv.org/","","","","Registro consolidado a partir de “Resources Spreadsheet.xlsx”; requiere revisión administrativa antes de publicar."
"Rape, Abuse & Incest National Network (RAINN)","Rape, Abuse & Incest National Network (RAINN)","Rape, Abuse & Incest National Network (RAINN)","Recurso de apoyo legal y de seguridad disponible para la comunidad.","A legal and safety support resource available to the community.","Ofrece servicios relacionados con apoyo legal y de seguridad. Comuníquese directamente para confirmar elegibilidad, disponibilidad y proceso de acceso.","24/7 support in ENGLISH and SPANISH","rape-abuse-and-incest-national-network-rainn-legal-and-safety-support-williamson","ayuda-legal","","ayuda legal, seguridad","legal help, safety","","phone, online","unknown","","","","","Comuníquese directamente con la organización para confirmar elegibilidad, disponibilidad y próximos pasos.","Contact the organization directly to confirm eligibility, availability, and next steps.","","","","","Condado de Williamson; Condado de Bastrop; Condado de Caldwell; Condado de Fayette; Condado de Gonzales; Condado de Guadalupe; Condado de Lee; Condado de Burnet; Condado de Travis","Williamson County; Bastrop County; Caldwell County; Fayette County; Gonzales County; Guadalupe County; Lee County; Burnet County; Travis County","(800) 656-4673","","","","https://www.rainn.org/","","","","","","","","","https://www.rainn.org/","","","","Registro consolidado a partir de “Resources Spreadsheet.xlsx”; requiere revisión administrativa antes de publicar."
"Texas Association Against Sexual Assault","Texas Association Against Sexual Assault","Texas Association Against Sexual Assault","Recurso de apoyo legal y de seguridad disponible para la comunidad.","A legal and safety support resource available to the community.","Ofrece servicios relacionados con apoyo legal y de seguridad. Comuníquese directamente para confirmar elegibilidad, disponibilidad y proceso de acceso.","Crisis center locator provided in website. Materials available for download: survivor guides and brochures (English and Spanish)","texas-association-against-sexual-assault-legal-and-safety-support-williamson","ayuda-legal","","ayuda legal, seguridad","legal help, safety","","phone, online","unknown","","","","","Comuníquese directamente con la organización para confirmar elegibilidad, disponibilidad y próximos pasos.","Contact the organization directly to confirm eligibility, availability, and next steps.","","","","","Condado de Williamson; Condado de Bastrop; Condado de Caldwell; Condado de Fayette; Condado de Gonzales; Condado de Guadalupe; Condado de Lee; Condado de Burnet; Condado de Travis","Williamson County; Bastrop County; Caldwell County; Fayette County; Gonzales County; Guadalupe County; Lee County; Burnet County; Travis County","(512) 474-7190","","","","https://www.taasa.org/","","","","","","","","","https://www.taasa.org/","","","","Registro consolidado a partir de “Resources Spreadsheet.xlsx”; requiere revisión administrativa antes de publicar."
"National Sexual Assault Legal Hotline","National Sexual Assault Legal Hotline","National Sexual Assault Legal Hotline","Recurso de apoyo legal y de seguridad disponible para la comunidad.","A legal and safety support resource available to the community.","Ofrece servicios relacionados con apoyo legal y de seguridad. Comuníquese directamente para confirmar elegibilidad, disponibilidad y proceso de acceso.","Provides services related to legal and safety support. Contact the organization to confirm eligibility and availability.","national-sexual-assault-legal-hotline-legal-and-safety-support-williamson","ayuda-legal","","ayuda legal, seguridad","legal help, safety","","phone","unknown","","","","","Comuníquese directamente con la organización para confirmar elegibilidad, disponibilidad y próximos pasos.","Contact the organization directly to confirm eligibility, availability, and next steps.","","","","","Condado de Williamson; Condado de Bastrop; Condado de Caldwell; Condado de Fayette; Condado de Gonzales; Condado de Guadalupe; Condado de Lee; Condado de Burnet; Condado de Travis","Williamson County; Bastrop County; Caldwell County; Fayette County; Gonzales County; Guadalupe County; Lee County; Burnet County; Travis County","(567) 742-8837","","","","","","","","","","","","","","","","","Registro consolidado a partir de “Resources Spreadsheet.xlsx”; requiere revisión administrativa antes de publicar."
"Texas Workforce Solutions","Texas Workforce Solutions","Texas Workforce Solutions","Recurso de educación y empleo disponible para la comunidad.","A education and employment resource available to the community.","Ofrece servicios relacionados con educación y empleo. Comuníquese directamente para confirmar elegibilidad, disponibilidad y proceso de acceso.","Free services and programs to assist with job search. Access to computer and telephones.","texas-workforce-solutions-education-and-employment-williamson","educacion","","educación, empleo","education, employment","","phone, online","free","","","","","Comuníquese directamente con la organización para confirmar elegibilidad, disponibilidad y próximos pasos.","Contact the organization directly to confirm eligibility, availability, and next steps.","","","","","Condado de Williamson; Condado de Bastrop; Condado de Caldwell; Condado de Fayette; Condado de Lee; Condado de Burnet","Williamson County; Bastrop County; Caldwell County; Fayette County; Lee County; Burnet County","1 (844) 344-2780","","","","https://wfscapitalarea.com/","","","","","","","","","https://wfscapitalarea.com/","","","","Registro consolidado a partir de “Resources Spreadsheet.xlsx”; requiere revisión administrativa antes de publicar."
"Experience Works: Work Force Solutions","Experience Works: Work Force Solutions","Experience Works: Work Force Solutions","Recurso de educación y empleo disponible para la comunidad.","A education and employment resource available to the community.","Ofrece servicios relacionados con educación y empleo. Comuníquese directamente para confirmar elegibilidad, disponibilidad y proceso de acceso.","Experience works helps people 55 and older earn income. Age, income, eligibility and residency
requirements apply. AARP Senior Community Service Employment Program (SCSEP) provides
eligible participants with on the job experience to develop, or learn new skills through paid
training assignments at partnering not-for-profit and public agencies. They also provide paid “specialized
training” (ST).","experience-works-work-force-solutions-education-and-employment-williamson","educacion","","educación, empleo","education, employment","","in_person, phone","unknown","","","","","Comuníquese directamente con la organización para confirmar elegibilidad, disponibilidad y próximos pasos.","Contact the organization directly to confirm eligibility, availability, and next steps.","","","","","Condado de Williamson","Williamson County","(254) 200-2003","","","","","300 Cheyenne Drive Killeen, TX 76542","","","TX","76542","Williamson","","","","","","","Registro consolidado a partir de “Resources Spreadsheet.xlsx”; requiere revisión administrativa antes de publicar."
"GoodWill Industries of CT : Round Rock Job Center","GoodWill Industries of CT : Round Rock Job Center","GoodWill Industries of CT : Round Rock Job Center","Recurso de educación y empleo disponible para la comunidad.","A education and employment resource available to the community.","Ofrece servicios relacionados con educación y empleo. Comuníquese directamente para confirmar elegibilidad, disponibilidad y proceso de acceso.","Goodwill’s Workforce Advancement program offers assistance through various programs for
persons seeking entry into the workforce who have a disadvantaging condition, such as limited
access to employment, education, housing or health care. Intake hours: Monday, Tuesday, Thursday               9-11:30am, 1-3pm
Wednesday, Friday by appointment only","goodwill-industries-of-ct-round-rock-job-center-education-and-employment-williamson","educacion","","educación, empleo","education, employment","","in_person","unknown","","","","","Comuníquese directamente con la organización para confirmar elegibilidad, disponibilidad y próximos pasos.","Contact the organization directly to confirm eligibility, availability, and next steps.","","","","","Condado de Williamson","Williamson County","","","","","","150 West Palm Valley Blvd. Round Rock, TX 78664","","","TX","78664","Williamson","","","","","","","Registro consolidado a partir de “Resources Spreadsheet.xlsx”; requiere revisión administrativa antes de publicar."
"GoodWill Industries of CT : Georgetown Job Center","GoodWill Industries of CT : Georgetown Job Center","GoodWill Industries of CT : Georgetown Job Center","Recurso de educación y empleo disponible para la comunidad.","A education and employment resource available to the community.","Ofrece servicios relacionados con educación y empleo. Comuníquese directamente para confirmar elegibilidad, disponibilidad y proceso de acceso.","Intake hours: Monday 11-1pm, Wednesday                         1-3:30pm, Thursday 1-4pm
Tuesday and Friday by appointment only","goodwill-industries-of-ct-georgetown-job-center-education-and-employment-williamson","educacion","","educación, empleo","education, employment","","in_person, phone","unknown","","","","","Comuníquese directamente con la organización para confirmar elegibilidad, disponibilidad y próximos pasos.","Contact the organization directly to confirm eligibility, availability, and next steps.","","","","","Condado de Williamson","Williamson County","(512) 591-7808","","","","","805 W. University Ave., Suite 127 Georgetown, TX 78626","","","TX","78626","Williamson","","","","","","","Registro consolidado a partir de “Resources Spreadsheet.xlsx”; requiere revisión administrativa antes de publicar."
"Lone Star Circle of Care","Lone Star Circle of Care","Lone Star Circle of Care","Recurso de salud y apoyo personal disponible para la comunidad.","A health and personal support resource available to the community.","Ofrece servicios relacionados con salud y apoyo personal. Comuníquese directamente para confirmar elegibilidad, disponibilidad y proceso de acceso.","behavioral health, convenient care (minor illnesses, skin  conditions, wellness, vaccinations), dental, endocrinology, family medicine, pediatrics, ObGyn, mobile mammography, pharmacy, vision, senior care, women's health services, virtual visits","lone-star-circle-of-care-health-and-personal-support-williamson","salud","","salud, atención, apoyo","health, care, support","","phone, online","unknown","","","","","Comuníquese directamente con la organización para confirmar elegibilidad, disponibilidad y próximos pasos.","Contact the organization directly to confirm eligibility, availability, and next steps.","","","","","Condado de Williamson; Condado de Bastrop; Condado de Travis","Williamson County; Bastrop County; Travis County","1 (877) 800-5722","","","","https://lonestarcares.org/","","","","","","","","","https://lonestarcares.org/","","","","Registro consolidado a partir de “Resources Spreadsheet.xlsx”; requiere revisión administrativa antes de publicar."
"Discount Prescription Hotline","Discount Prescription Hotline","Discount Prescription Hotline","Recurso de salud y apoyo personal disponible para la comunidad.","A health and personal support resource available to the community.","Ofrece servicios relacionados con salud y apoyo personal. Comuníquese directamente para confirmar elegibilidad, disponibilidad y proceso de acceso.","The RX Outreach national program help families can save between 20% and 40% on their prescription medication. No exam needed. Medication shipped to the home.","discount-prescription-hotline-health-and-personal-support-williamson","salud","","salud, atención, apoyo","health, care, support","","phone","unknown","","","","","Comuníquese directamente con la organización para confirmar elegibilidad, disponibilidad y próximos pasos.","Contact the organization directly to confirm eligibility, availability, and next steps.","","","","","Condado de Williamson; Condado de Bastrop; Condado de Caldwell; Condado de Fayette; Condado de Gonzales; Condado de Guadalupe; Condado de Lee; Condado de Burnet; Condado de Travis","Williamson County; Bastrop County; Caldwell County; Fayette County; Gonzales County; Guadalupe County; Lee County; Burnet County; Travis County","(800) 291-1206","","","","","","","","","","","","","","","","","Registro consolidado a partir de “Resources Spreadsheet.xlsx”; requiere revisión administrativa antes de publicar."
"APICON Home Health","APICON Home Health","APICON Home Health","Recurso de salud y apoyo personal disponible para la comunidad.","A health and personal support resource available to the community.","Ofrece servicios relacionados con salud y apoyo personal. Comuníquese directamente para confirmar elegibilidad, disponibilidad y proceso de acceso.","At home nursing care, physical therapy, home health aide, wound care services, medical social services","apicon-home-health-health-and-personal-support-williamson","salud","","salud, atención, apoyo","health, care, support","","in_person, phone","unknown","","","","","Comuníquese directamente con la organización para confirmar elegibilidad, disponibilidad y próximos pasos.","Contact the organization directly to confirm eligibility, availability, and next steps.","","","","","Condado de Williamson; Condado de Travis","Williamson County; Travis County","(512) 249-0899","","","","","Office: 1850 Round Rock Ave. Round Rock, TX 78681","","","TX","78681","","","","https://bluebonnetmhmr.sharepoint.com/:w:/s/HomelessPrevention-WilliamsonCounty/IQDgCHa89OPnQJUv8dytejreASlo03BYpaGdCV4_UY6Guec?e=7HfEh9","","","","Registro consolidado a partir de “Resources Spreadsheet.xlsx”; requiere revisión administrativa antes de publicar."
"WilCo Care","WilCo Care","WilCo Care","Recurso de salud y apoyo personal disponible para la comunidad.","A health and personal support resource available to the community.","Ofrece servicios relacionados con salud y apoyo personal. Comuníquese directamente para confirmar elegibilidad, disponibilidad y proceso de acceso.","WilCo Care is designed to provide medical and prescription drug services for eligible, low-income Williamson County residents who don’t qualify for other state or federal health care programs.","wilco-care-health-and-personal-support-williamson","salud","","salud, atención, apoyo","health, care, support","","in_person, phone","unknown","","","","","Comuníquese directamente con la organización para confirmar elegibilidad, disponibilidad y próximos pasos.","Contact the organization directly to confirm eligibility, availability, and next steps.","","","","","Condado de Williamson","Williamson County","(512) 248-3252","","","","","355 Texas Ave. Round Rock, TX 78664","","","TX","78664","Williamson","","","https://bluebonnetmhmr.sharepoint.com/:b:/s/HomelessPrevention-WilliamsonCounty/IQBBZjaL1rtBRIfEjtPAkZ9zAVztu_9KNjXL6zGlWzr6-wk?e=BCJidl","","","","Registro consolidado a partir de “Resources Spreadsheet.xlsx”; requiere revisión administrativa antes de publicar."
"Bluebonnet Trails (OSAR) Outreach, Screening, Assessment, and Referral","Bluebonnet Trails (OSAR) Outreach, Screening, Assessment, and Referral","Bluebonnet Trails (OSAR) Outreach, Screening, Assessment, and Referral","Recurso de salud y apoyo personal disponible para la comunidad.","A health and personal support resource available to the community.","Ofrece servicios relacionados con salud y apoyo personal. Comuníquese directamente para confirmar elegibilidad, disponibilidad y proceso de acceso.","Licensed staff provides assessments and referrals to those who are actively seeking substance use services and/or support. OSAR Team conducts verbal screenings to gather information pertaining to severity of use and how use has impacted day to day functioning or mental health, in order to provide appropriate referrals to recovery resources.
OSAR counselors are available for additional support and case management until the individual successfully enters into their referred treatment service. For uninsured or underinsured individuals, the OSAR team can determine if you are approved for full or partial financial assistance towards your referred treatment services.
Once the needs of an individual have been identified for best outcomes of their recovery, the referred services may include intensive outpatient services, residential substance use services or additional community supports.","bluebonnet-trails-osar-outreach-screening-assessment-and-referral-health-and-personal-supp","salud","","salud, atención, apoyo","health, care, support","","phone","unknown","","","","","Comuníquese directamente con la organización para confirmar elegibilidad, disponibilidad y próximos pasos.","Contact the organization directly to confirm eligibility, availability, and next steps.","","","","","Condado de Williamson","Williamson County","(844) 309-6385","","","","","","","","","","Williamson","","","","","","","Registro consolidado a partir de “Resources Spreadsheet.xlsx”; requiere revisión administrativa antes de publicar."
"Oxford Homes","Oxford Homes","Oxford Homes","Recurso de apoyo comunitario disponible para la comunidad.","A community support resource available to the community.","Ofrece servicios relacionados con apoyo comunitario. Comuníquese directamente para confirmar elegibilidad, disponibilidad y proceso de acceso.","Sober living homes available in various locations. See website to search preferred area/availability. Most allow immediate move-in upon approval and provide grace period to find a job.","oxford-homes-community-support-williamson","otros-recursos","","recursos comunitarios, apoyo","community resources, support","","online","unknown","","","","","Comuníquese directamente con la organización para confirmar elegibilidad, disponibilidad y próximos pasos.","Contact the organization directly to confirm eligibility, availability, and next steps.","","","","","Condado de Williamson; Condado de Bastrop; Condado de Caldwell; Condado de Fayette; Condado de Gonzales; Condado de Guadalupe; Condado de Lee; Condado de Burnet; Condado de Travis","Williamson County; Bastrop County; Caldwell County; Fayette County; Gonzales County; Guadalupe County; Lee County; Burnet County; Travis County","","","","","https://www.oxfordvacancies.com/?state=&county=&gender=&q=&openOnly=true&openOnly=false&sort=&dir=","","","","","","","","","https://www.oxfordvacancies.com/?state=&county=&gender=&q=&openOnly=true&openOnly=false&sort=&dir=","","","","Registro consolidado a partir de “Resources Spreadsheet.xlsx”; requiere revisión administrativa antes de publicar."
"Capital Area Rutal Transportation Systems (CARTS)","Capital Area Rutal Transportation Systems (CARTS)","Capital Area Rutal Transportation Systems (CARTS)","Recurso de transporte disponible para la comunidad.","A transportation resource available to the community.","Ofrece servicios relacionados con transporte. Comuníquese directamente para confirmar elegibilidad, disponibilidad y proceso de acceso.","A reservationist will call you back within 24hrs to give you the status of your ride request.  If you are needing to book your ride sooner than that please contact via phone. Reservation Center Hours are Mon-Fri 7am-4:30pm.

Ride reservation is not made until a CARTS Reservationist gives you a call back to confirm the reservation. If you need to schedule a next-day ride you must schedule the ride by calling.","capital-area-rutal-transportation-systems-carts-transportation-williamson","transporte","","transporte","transportation","","phone, online","unknown","","","","","Comuníquese directamente con la organización para confirmar elegibilidad, disponibilidad y próximos pasos.","Contact the organization directly to confirm eligibility, availability, and next steps.","","","","","Condado de Williamson; Condado de Bastrop; Condado de Caldwell; Condado de Fayette; Condado de Lee; Condado de Burnet; Condado de Travis","Williamson County; Bastrop County; Caldwell County; Fayette County; Lee County; Burnet County; Travis County","(512) 478-7433","","","","https://www.ridecarts.com/","","","","","","","","","https://www.ridecarts.com/","","","","Registro consolidado a partir de “Resources Spreadsheet.xlsx”; requiere revisión administrativa antes de publicar."
"The Kind Clinic","The Kind Clinic","The Kind Clinic","Recurso de apoyo comunitario disponible para la comunidad.","A community support resource available to the community.","Ofrece servicios relacionados con apoyo comunitario. Comuníquese directamente para confirmar elegibilidad, disponibilidad y proceso de acceso.","HIV care, intersex care, gender-affirming care, access to medication to prevent HIV. Virtual services available. Walk-in STI testing and treatment.","the-kind-clinic-community-support-williamson","otros-recursos","","recursos comunitarios, apoyo","community resources, support","","in_person, phone, online","unknown","","","","","Comuníquese directamente con la organización para confirmar elegibilidad, disponibilidad y próximos pasos.","Contact the organization directly to confirm eligibility, availability, and next steps.","","","","","Condado de Williamson; Condado de Bastrop; Condado de Caldwell; Condado de Fayette; Condado de Gonzales; Condado de Guadalupe; Condado de Lee; Condado de Burnet; Condado de Travis","Williamson County; Bastrop County; Caldwell County; Fayette County; Gonzales County; Guadalupe County; Lee County; Burnet County; Travis County","(833) 937-5463","","","","https://kindclinic.org/","Operates clinics in 4 locations (Austin South, Austin Koenig, San Antonio, dallas)","","","TX","","","","","https://kindclinic.org/","","","","Registro consolidado a partir de “Resources Spreadsheet.xlsx”; requiere revisión administrativa antes de publicar."
"Community Action for Central Texas - Adult Education","Community Action for Central Texas - Adult Education","Community Action for Central Texas - Adult Education","Recurso de educación y empleo disponible para la comunidad.","A education and employment resource available to the community.","Ofrece servicios relacionados con educación y empleo. Comuníquese directamente para confirmar elegibilidad, disponibilidad y proceso de acceso.","The Adult Education Program offers courses tailored for adults to develop foundational educational skills, improve workplace literacy, enhance digital literacy, facilitate English language acquisition, and achieve a High School Equivalency (GED) diploma. These classes are designed to support learners in attaining essential competencies for personal development, employment, and ongoing educational opportunities.
Our free, in-person and online classes include:
High School Equivalency (GED preparation) in English and Spanish, English for Speakers of Other Languages (ESL), Career Training, Digital Literacy, Distance Education, College Preparation, English for Internationally Trained Professionals","community-action-for-central-texas-adult-education-education-and-employment-san-marcos","educacion","","educación, empleo","education, employment","","in_person, phone, online","free","","","","","Comuníquese directamente con la organización para confirmar elegibilidad, disponibilidad y próximos pasos.","Contact the organization directly to confirm eligibility, availability, and next steps.","","","","","Condado de Williamson; Condado de Bastrop; Condado de Caldwell; Condado de Fayette; Condado de Lee; Condado de Burnet; Condado de Travis","Williamson County; Bastrop County; Caldwell County; Fayette County; Lee County; Burnet County; Travis County","(737) 331-0372","","","adulted@communityaction.com","https://www.communityaction.com/adulteducation","215 S. Reimer Ste 130","","San Marcos","TX","78666","","","","https://www.communityaction.com/adulteducation","","","","Registro consolidado a partir de “Resources Spreadsheet.xlsx”; requiere revisión administrativa antes de publicar."
"Airtalk Wireless","Airtalk Wireless","Airtalk Wireless","Recurso de apoyo comunitario disponible para la comunidad.","A community support resource available to the community.","Ofrece servicios relacionados con apoyo comunitario. Comuníquese directamente para confirmar elegibilidad, disponibilidad y proceso de acceso.","A consumer can qualify for the Lifeline benefit if their income is 135% or less than the federal poverty guidelines, has no income, or if they participate in:
SNAP/Food Stamps, Medicaid, Supplemental Security Income (SSI), Federal Public Housing Assistance (FPHA), Veterans & Survivors Pension Benefit, Bureau of Indian Affairs, General Assistance, Tribally-Administered Temporary Assistance to Needy Families (TANF), Tribal Head Start, Food Distribution Program on Indian Reservations (FDPIR)","airtalk-wireless-community-support-williamson","otros-recursos","","recursos comunitarios, apoyo","community resources, support","","online","unknown","","","","","Comuníquese directamente con la organización para confirmar elegibilidad, disponibilidad y próximos pasos.","Contact the organization directly to confirm eligibility, availability, and next steps.","","","","","Condado de Williamson; Condado de Bastrop; Condado de Caldwell; Condado de Fayette; Condado de Gonzales; Condado de Guadalupe; Condado de Lee; Condado de Burnet; Condado de Travis","Williamson County; Bastrop County; Caldwell County; Fayette County; Gonzales County; Guadalupe County; Lee County; Burnet County; Travis County","","","","","https://airtalkwireless.com/","","","","","","","","","https://airtalkwireless.com/","","","","Registro consolidado a partir de “Resources Spreadsheet.xlsx”; requiere revisión administrativa antes de publicar."
"Assurance Wireless","Assurance Wireless","Assurance Wireless","Recurso de apoyo comunitario disponible para la comunidad.","A community support resource available to the community.","Ofrece servicios relacionados con apoyo comunitario. Comuníquese directamente para confirmar elegibilidad, disponibilidad y proceso de acceso.","Enrollment is available to individuals who qualify based on federal or state-specific eligibility criteria.  You may qualify if you or a member of your household participate in one of these assistance programs:
Medicaid/Medi-Cal, Supplemental Nutrition Assistance Program (Food Stamps or SNAP)/CalFresh, Supplemental Security Income, Federal Public Housing Assistance, Bureau of Indian Affairs General Assistance, Tribally-Administered Temporary Assistance for Needy Families, Food Distribution Program on Indian Reservations, Tribal Head Start, Veterans and Survivors Pension Benefit
You can also qualify based on household income.","assurance-wireless-community-support-williamson","otros-recursos","","recursos comunitarios, apoyo","community resources, support","","online","unknown","","","","","Comuníquese directamente con la organización para confirmar elegibilidad, disponibilidad y próximos pasos.","Contact the organization directly to confirm eligibility, availability, and next steps.","","","","","Condado de Williamson; Condado de Bastrop; Condado de Caldwell; Condado de Fayette; Condado de Gonzales; Condado de Guadalupe; Condado de Lee; Condado de Burnet; Condado de Travis","Williamson County; Bastrop County; Caldwell County; Fayette County; Gonzales County; Guadalupe County; Lee County; Burnet County; Travis County","","","","","https://www.assurancewireless.com/partner/bust?utm_source=hs_google&utm_medium=ad&utm_campaign=24011969716&utm_adgroup=193413228930&device=c&utm_term=lifeline%20cell%20phone%20providers&utm_content=815809901740&match=b&gclid=CjwKCAjwqJXUBhBNEiwA8BgG7jfzMD0nbM23hksKQyc8CqYcVZq40L0bzNsTxZfyP74i3fTFHnzY0BoCWFEQAvD_BwE&placement=&gad_source=1&gad_campaignid=24011969716&gbraid=0AAAABEIN4uShvM9S1n6DlNTwVaCGD8E4k&gclid=CjwKCAjwqJXUBhBNEiwA8BgG7jfzMD0nbM23hksKQyc8CqYcVZq40L0bzNsTxZfyP74i3fTFHnzY0BoCWFEQAvD_BwE","","","","","","","","","https://www.assurancewireless.com/partner/bust?utm_source=hs_google&utm_medium=ad&utm_campaign=24011969716&utm_adgroup=193413228930&device=c&utm_term=lifeline%20cell%20phone%20providers&utm_content=815809901740&match=b&gclid=CjwKCAjwqJXUBhBNEiwA8BgG7jfzMD0nbM23hksKQyc8CqYcVZq40L0bzNsTxZfyP74i3fTFHnzY0BoCWFEQAvD_BwE&placement=&gad_source=1&gad_campaignid=24011969716&gbraid=0AAAABEIN4uShvM9S1n6DlNTwVaCGD8E4k&gclid=CjwKCAjwqJXUBhBNEiwA8BgG7jfzMD0nbM23hksKQyc8CqYcVZq40L0bzNsTxZfyP74i3fTFHnzY0BoCWFEQAvD_BwE","","","","Registro consolidado a partir de “Resources Spreadsheet.xlsx”; requiere revisión administrativa antes de publicar."
"Furrbaby food pantry","Furrbaby food pantry","Furrbaby food pantry","Recurso de apoyo comunitario disponible para la comunidad.","A community support resource available to the community.","Ofrece servicios relacionados con apoyo comunitario. Comuníquese directamente para confirmar elegibilidad, disponibilidad y proceso de acceso.","There are no residency requirements - serves anyone who can make it to their pantry. For pet food, clients are required to submit a request online at Furrbabyfoodpantry.org the day before pickup. With individuals that do not have reliable access to a phone, computer, or email- they work directly with service providers or make accommodations on a case-by-case basis. A staff member can reach out on a client's behalf to can help coordinate food and supplies.
Often have free essential supplies available, including leashes, collars, bowls, blankets, toys, treats, harnesses, and other donated pet items, depending on current inventory.","furrbaby-food-pantry-community-support-williamson","otros-recursos","","recursos comunitarios, apoyo","community resources, support","","in_person, phone, online","free","","","","","Comuníquese directamente con la organización para confirmar elegibilidad, disponibilidad y próximos pasos.","Contact the organization directly to confirm eligibility, availability, and next steps.","","","","","Condado de Williamson; Condado de Bastrop; Condado de Caldwell; Condado de Fayette; Condado de Gonzales; Condado de Guadalupe; Condado de Lee; Condado de Burnet; Condado de Travis","Williamson County; Bastrop County; Caldwell County; Fayette County; Gonzales County; Guadalupe County; Lee County; Burnet County; Travis County","(626) 536-0979","","","furrbabyfoodpantry@gmail.com","https://www.furrbabyfoodpantry.org/","1603 Northwest Blvd. Georgetown, TX 78628","","","TX","78628","","","","https://www.furrbabyfoodpantry.org/","","","","Registro consolidado a partir de “Resources Spreadsheet.xlsx”; requiere revisión administrativa antes de publicar."
"Austin Humane Society","Austin Humane Society","Austin Humane Society","Recurso de apoyo comunitario disponible para la comunidad.","A community support resource available to the community.","Ofrece servicios relacionados con apoyo comunitario. Comuníquese directamente para confirmar elegibilidad, disponibilidad y proceso de acceso.","Food pantry and rehoming services available.

Food pantry currently on pause as of 8/17/26
check back on website for update","austin-humane-society-community-support-williamson","otros-recursos","","recursos comunitarios, apoyo","community resources, support","","in_person, phone, online","unknown","","","","","Comuníquese directamente con la organización para confirmar elegibilidad, disponibilidad y próximos pasos.","Contact the organization directly to confirm eligibility, availability, and next steps.","","","","","Condado de Williamson; Condado de Travis","Williamson County; Travis County","(512) 646-7387","","","petfoodpantry@austinhumanesociety.org","https://austinhumanesociety.org/","124 Anderson Ln. Austin, TX 78752","","","TX","78752","","","","https://austinhumanesociety.org/","","","","Registro consolidado a partir de “Resources Spreadsheet.xlsx”; requiere revisión administrativa antes de publicar."
"FANS of WCRAS","FANS of WCRAS","FANS of WCRAS","Recurso de apoyo comunitario disponible para la comunidad.","A community support resource available to the community.","Ofrece servicios relacionados con apoyo comunitario. Comuníquese directamente para confirmar elegibilidad, disponibilidad y proceso de acceso.","Can help with medical bills, pet deposits","fans-of-wcras-community-support-williamson","otros-recursos","","recursos comunitarios, apoyo","community resources, support","","online","unknown","","","","","Comuníquese directamente con la organización para confirmar elegibilidad, disponibilidad y próximos pasos.","Contact the organization directly to confirm eligibility, availability, and next steps.","","","","","Condado de Williamson","Williamson County","","","","assistance@fansofwcras.com","https://fansofwcras.com/","","","","","","Williamson","","","https://fansofwcras.com/","","","","Registro consolidado a partir de “Resources Spreadsheet.xlsx”; requiere revisión administrativa antes de publicar."
"Red Rover Relief","Red Rover Relief","Red Rover Relief","Recurso de apoyo comunitario disponible para la comunidad.","A community support resource available to the community.","Ofrece servicios relacionados con apoyo comunitario. Comuníquese directamente para confirmar elegibilidad, disponibilidad y proceso de acceso.","Grants to cover urgent medical care","red-rover-relief-community-support-williamson","otros-recursos","","recursos comunitarios, apoyo","community resources, support","","phone, online","unknown","","","","","Comuníquese directamente con la organización para confirmar elegibilidad, disponibilidad y próximos pasos.","Contact the organization directly to confirm eligibility, availability, and next steps.","","","","","Condado de Williamson; Condado de Bastrop; Condado de Caldwell; Condado de Fayette; Condado de Gonzales; Condado de Guadalupe; Condado de Lee; Condado de Burnet; Condado de Travis","Williamson County; Bastrop County; Caldwell County; Fayette County; Gonzales County; Guadalupe County; Lee County; Burnet County; Travis County","(916) 429-2457","","","info@redrover.org","https://redrover.org/relief/urgent-care-grants/","","","","","","","","","https://redrover.org/relief/urgent-care-grants/","","","","Registro consolidado a partir de “Resources Spreadsheet.xlsx”; requiere revisión administrativa antes de publicar."
"Emancipet","Emancipet","Emancipet","Recurso de apoyo comunitario disponible para la comunidad.","A community support resource available to the community.","Ofrece servicios relacionados con apoyo comunitario. Comuníquese directamente para confirmar elegibilidad, disponibilidad y proceso de acceso.","checkups, vaccines/shots, microchips, flea/tick preventative care, spay/neuter, surgery, dental services, heartworm treatment, urgent care. Austin mobile veterinary clinic offers free or discounted services for pets who live in the City of Austin or Travis County.

Serving outside of Travis County- Spay and neuter services are available at our regional mobile clinics by appointment only. Call or book online. Drop off time is 7:30 a.m. Please note there are limited spaces available.","emancipet-community-support-williamson","otros-recursos","","recursos comunitarios, apoyo","community resources, support","","phone, online","free","","","","","Comuníquese directamente con la organización para confirmar elegibilidad, disponibilidad y próximos pasos.","Contact the organization directly to confirm eligibility, availability, and next steps.","","","","","Condado de Williamson; Condado de Bastrop; Condado de Caldwell; Condado de Fayette; Condado de Gonzales; Condado de Guadalupe; Condado de Lee; Condado de Burnet","Williamson County; Bastrop County; Caldwell County; Fayette County; Gonzales County; Guadalupe County; Lee County; Burnet County","512-587-7729","","","","https://emancipet.org/find-your-clinic/","","","","","","","","","https://emancipet.org/find-your-clinic/","","","","Registro consolidado a partir de “Resources Spreadsheet.xlsx”; requiere revisión administrativa antes de publicar."
"Texas Humane Heroes","Texas Humane Heroes","Texas Humane Heroes","Recurso de apoyo comunitario disponible para la comunidad.","A community support resource available to the community.","Ofrece servicios relacionados con apoyo comunitario. Comuníquese directamente para confirmar elegibilidad, disponibilidad y proceso de acceso.","vaccinations, spay/neuter, heartworm treatment, and other clinic services provided
No walk-in appointments","texas-humane-heroes-community-support-williamson","otros-recursos","","recursos comunitarios, apoyo","community resources, support","","in_person, phone, online","unknown","","","","","Comuníquese directamente con la organización para confirmar elegibilidad, disponibilidad y próximos pasos.","Contact the organization directly to confirm eligibility, availability, and next steps.","","","","","Condado de Williamson; Condado de Bastrop; Condado de Caldwell; Condado de Fayette; Condado de Gonzales; Condado de Guadalupe; Condado de Lee; Condado de Burnet; Condado de Travis","Williamson County; Bastrop County; Caldwell County; Fayette County; Gonzales County; Guadalupe County; Lee County; Burnet County; Travis County","(512) 260-3602","","","info@txhh.org","https://humaneheroes.org/low-cost-clinics/","10930 E. Crystal Falls Parkway Leander, TX 78641","","","TX","10930","","","","https://humaneheroes.org/low-cost-clinics/","","","","Registro consolidado a partir de “Resources Spreadsheet.xlsx”; requiere revisión administrativa antes de publicar."
"Dr. Tarlton","Dr. Tarlton","Dr. Tarlton","Recurso de apoyo comunitario disponible para la comunidad.","A community support resource available to the community.","Ofrece servicios relacionados con apoyo comunitario. Comuníquese directamente para confirmar elegibilidad, disponibilidad y proceso de acceso.","Yearly vaccines $25","dr-tarlton-community-support-williamson","otros-recursos","","recursos comunitarios, apoyo","community resources, support","","phone, online","unknown","","","","","Comuníquese directamente con la organización para confirmar elegibilidad, disponibilidad y próximos pasos.","Contact the organization directly to confirm eligibility, availability, and next steps.","","","","","Condado de Williamson; Condado de Bastrop; Condado de Caldwell; Condado de Fayette; Condado de Gonzales; Condado de Guadalupe; Condado de Lee; Condado de Burnet; Condado de Travis","Williamson County; Bastrop County; Caldwell County; Fayette County; Gonzales County; Guadalupe County; Lee County; Burnet County; Travis County","(512) 656 8217","","","petclinicprereg@gmail.com","https://www.facebook.com/PetVaccinationClinic/","","","","","","","","","https://www.facebook.com/PetVaccinationClinic/","","","","Registro consolidado a partir de “Resources Spreadsheet.xlsx”; requiere revisión administrativa antes de publicar."
"Pop-Up Pet Vax","Pop-Up Pet Vax","Pop-Up Pet Vax","Recurso de apoyo comunitario disponible para la comunidad.","A community support resource available to the community.","Ofrece servicios relacionados con apoyo comunitario. Comuníquese directamente para confirmar elegibilidad, disponibilidad y proceso de acceso.","vaccines, heartworm prevention, flea and tick prevention
Walk-ins welcomed","pop-up-pet-vax-community-support-williamson","otros-recursos","","recursos comunitarios, apoyo","community resources, support","","online","unknown","","","","","Comuníquese directamente con la organización para confirmar elegibilidad, disponibilidad y próximos pasos.","Contact the organization directly to confirm eligibility, availability, and next steps.","","","","","Condado de Williamson; Condado de Bastrop; Condado de Caldwell; Condado de Fayette; Condado de Gonzales; Condado de Guadalupe; Condado de Lee; Condado de Burnet; Condado de Travis","Williamson County; Bastrop County; Caldwell County; Fayette County; Gonzales County; Guadalupe County; Lee County; Burnet County; Travis County","","","","info@popuppetvax.com","https://popuppetvax.com/","","","","","","","","","https://popuppetvax.com/","","","","Registro consolidado a partir de “Resources Spreadsheet.xlsx”; requiere revisión administrativa antes de publicar."
"Williamson County Regional Animal Shelter","Williamson County Regional Animal Shelter","Williamson County Regional Animal Shelter","Recurso de apoyo comunitario disponible para la comunidad.","A community support resource available to the community.","Ofrece servicios relacionados con apoyo comunitario. Comuníquese directamente para confirmar elegibilidad, disponibilidad y proceso de acceso.","Free spay/neuter service for stray, feral, or free-roaming cats in our service area. Left un-fixed, free-roaming cat populations quickly grow out of control.
Microchips, Military Pet Resources, PetHub Tags, Pet Registration, Rehoming
View rental properties and apartments with no breed discrimination.","williamson-county-regional-animal-shelter-community-support-williamson","otros-recursos","","recursos comunitarios, apoyo","community resources, support","","in_person, phone, online","free","","","","","Comuníquese directamente con la organización para confirmar elegibilidad, disponibilidad y próximos pasos.","Contact the organization directly to confirm eligibility, availability, and next steps.","","","","","Condado de Williamson","Williamson County","(512) 943-3322","","","","https://www.wilcotx.gov/pets","1855 SE Inner Loop Georgetown, TX 78626","","","TX","78626","Williamson","","","https://www.wilcotx.gov/pets","","","","Registro consolidado a partir de “Resources Spreadsheet.xlsx”; requiere revisión administrativa antes de publicar."
"APA's P.A.S.S Program","APA's P.A.S.S Program","APA's P.A.S.S Program","Recurso de apoyo comunitario disponible para la comunidad.","A community support resource available to the community.","Ofrece servicios relacionados con apoyo comunitario. Comuníquese directamente para confirmar elegibilidad, disponibilidad y proceso de acceso.","Positive Alternatives to Shelter Surrender program (PASS) offers case management, resources, and services to pet owners

As of 8/17/26- Please note that some of these resources may be limited or unavailable at this time. If we are not able to provide direct assistance, we will provide a referral.","apa-s-p-a-s-s-program-community-support-williamson","otros-recursos","","recursos comunitarios, apoyo","community resources, support","","online","unknown","","","","","Comuníquese directamente con la organización para confirmar elegibilidad, disponibilidad y próximos pasos.","Contact the organization directly to confirm eligibility, availability, and next steps.","","","","","Condado de Williamson; Condado de Bastrop; Condado de Caldwell; Condado de Fayette; Condado de Gonzales; Condado de Guadalupe; Condado de Lee; Condado de Burnet; Condado de Travis","Williamson County; Bastrop County; Caldwell County; Fayette County; Gonzales County; Guadalupe County; Lee County; Burnet County; Travis County","","","","","https://www.facebook.com/groups/PassAPA","","","","","","","","","https://www.facebook.com/groups/PassAPA","","","","Registro consolidado a partir de “Resources Spreadsheet.xlsx”; requiere revisión administrativa antes de publicar."
"Rehome by Adopt a Pet","Rehome by Adopt a Pet","Rehome by Adopt a Pet","Recurso de apoyo comunitario disponible para la comunidad.","A community support resource available to the community.","Ofrece servicios relacionados con apoyo comunitario. Comuníquese directamente para confirmar elegibilidad, disponibilidad y proceso de acceso.","Must create an account, pay a small one-time listing fee per pet, and publish their profile to reach millions of potential adopters.

You can review applications to find the right home for your pet—with our support at every step.","rehome-by-adopt-a-pet-community-support-williamson","otros-recursos","","recursos comunitarios, apoyo","community resources, support","","online","unknown","","","","","Comuníquese directamente con la organización para confirmar elegibilidad, disponibilidad y próximos pasos.","Contact the organization directly to confirm eligibility, availability, and next steps.","","","","","Condado de Williamson; Condado de Bastrop; Condado de Caldwell; Condado de Fayette; Condado de Gonzales; Condado de Guadalupe; Condado de Lee; Condado de Burnet; Condado de Travis","Williamson County; Bastrop County; Caldwell County; Fayette County; Gonzales County; Guadalupe County; Lee County; Burnet County; Travis County","","","","","https://rehome.adoptapet.com/","","","","","","","","","https://rehome.adoptapet.com/","","","","Registro consolidado a partir de “Resources Spreadsheet.xlsx”; requiere revisión administrativa antes de publicar."
"Home to Home","Home to Home","Home to Home","Recurso de apoyo comunitario disponible para la comunidad.","A community support resource available to the community.","Ofrece servicios relacionados con apoyo comunitario. Comuníquese directamente para confirmar elegibilidad, disponibilidad y proceso de acceso.","The platform works by allowing an individual to post a profile with pictures of their pet, which is then listed and shared with individuals and families who are interested in adopting a pet. Our mission is to keep animals out of shelters, and instead, rehome them with loving families. Temporary foster care follows the same process as re-homing for those  facing a housing crisis, medical challenges, or other emergencies.","home-to-home-community-support-williamson","otros-recursos","","recursos comunitarios, apoyo","community resources, support","","online","unknown","","","","","Comuníquese directamente con la organización para confirmar elegibilidad, disponibilidad y próximos pasos.","Contact the organization directly to confirm eligibility, availability, and next steps.","","","","","Condado de Williamson; Condado de Bastrop; Condado de Caldwell; Condado de Fayette; Condado de Gonzales; Condado de Guadalupe; Condado de Lee; Condado de Burnet; Condado de Travis","Williamson County; Bastrop County; Caldwell County; Fayette County; Gonzales County; Guadalupe County; Lee County; Burnet County; Travis County","","","","","https://home-home.org/","","","","","","","","","https://home-home.org/","","","","Registro consolidado a partir de “Resources Spreadsheet.xlsx”; requiere revisión administrativa antes de publicar."
"Williamson County Regional Animal Shelter","Williamson County Regional Animal Shelter","Williamson County Regional Animal Shelter","Recurso de apoyo comunitario disponible para la comunidad.","A community support resource available to the community.","Ofrece servicios relacionados con apoyo comunitario. Comuníquese directamente para confirmar elegibilidad, disponibilidad y proceso de acceso.","Provides services related to community support. Contact the organization to confirm eligibility and availability.","williamson-county-regional-animal-shelter-community-support-williamson-2","otros-recursos","","recursos comunitarios, apoyo","community resources, support","","in_person, phone, online","unknown","","","","","Comuníquese directamente con la organización para confirmar elegibilidad, disponibilidad y próximos pasos.","Contact the organization directly to confirm eligibility, availability, and next steps.","","","","","Condado de Williamson","Williamson County","(512) 943-3322","","","","https://www.wilcotx.gov/pets","1855 SE Inner Loop Georgetown, TX 78626","","","TX","78626","Williamson","","","https://www.wilcotx.gov/pets","","","","Registro consolidado a partir de “Resources Spreadsheet.xlsx”; requiere revisión administrativa antes de publicar."
"Ferallife Guards","Ferallife Guards","Ferallife Guards","Recurso de apoyo comunitario disponible para la comunidad.","A community support resource available to the community.","Ofrece servicios relacionados con apoyo comunitario. Comuníquese directamente para confirmar elegibilidad, disponibilidad y proceso de acceso.","Provide services, including rehab and sanctuary, for unwanted or abandoned felines.
Provide support services to trappers, feeders, colony managers and fosters that are part of a Community TNR Program.
Provide support services to TNR colony managers and cat and dog fosters that are affected by natural disasters.","ferallife-guards-community-support-leander","otros-recursos","","recursos comunitarios, apoyo","community resources, support","","in_person, online","unknown","","","","","Comuníquese directamente con la organización para confirmar elegibilidad, disponibilidad y próximos pasos.","Contact the organization directly to confirm eligibility, availability, and next steps.","","","","","Condado de Williamson; Condado de Travis","Williamson County; Travis County","","","","info@ferallifeguards.com","https://ferallifeguards.com/","3550 N Lakeline Blvd, Ste 170-1330, Leander, TX 78641-3504","","Leander","TX","78641","","","","https://ferallifeguards.com/","","","","Registro consolidado a partir de “Resources Spreadsheet.xlsx”; requiere revisión administrativa antes de publicar."
"Central Texas Feline Rescue","Central Texas Feline Rescue","Central Texas Feline Rescue","Recurso de apoyo comunitario disponible para la comunidad.","A community support resource available to the community.","Ofrece servicios relacionados con apoyo comunitario. Comuníquese directamente para confirmar elegibilidad, disponibilidad y proceso de acceso.","A non-profir organization that Traps, Neuter (or spay) Release and manage cats in feral colonies in the Austin/Round Rock area, and then maintain them through feeding and care.","central-texas-feline-rescue-community-support-williamson","otros-recursos","","recursos comunitarios, apoyo","community resources, support","","online","unknown","","","","","Comuníquese directamente con la organización para confirmar elegibilidad, disponibilidad y próximos pasos.","Contact the organization directly to confirm eligibility, availability, and next steps.","","","","","Condado de Williamson; Condado de Travis","Williamson County; Travis County","","","","ebrumbaugh@outlook.com","https://www.centraltexasfelinerescue.com/","","","","","","","","","https://www.centraltexasfelinerescue.com/","","","","Registro consolidado a partir de “Resources Spreadsheet.xlsx”; requiere revisión administrativa antes de publicar."
"Hope Alliance","Hope Alliance","Hope Alliance","Recurso de apoyo comunitario disponible para la comunidad.","A community support resource available to the community.","Ofrece servicios relacionados con apoyo comunitario. Comuníquese directamente para confirmar elegibilidad, disponibilidad y proceso de acceso.","shelter for women and children","hope-alliance-community-support-williamson","otros-recursos","","recursos comunitarios, apoyo","community resources, support","","phone, online","unknown","","","","","Comuníquese directamente con la organización para confirmar elegibilidad, disponibilidad y próximos pasos.","Contact the organization directly to confirm eligibility, availability, and next steps.","","","","","Condado de Williamson","Williamson County","(800) 460-7233","","","","https://www.hopealliancetx.org/","","","","","","Williamson","","","https://www.hopealliancetx.org/","","","","Registro consolidado a partir de “Resources Spreadsheet.xlsx”; requiere revisión administrativa antes de publicar."
"Halcyon Home","Halcyon Home","Halcyon Home","Recurso de salud y apoyo personal disponible para la comunidad.","A health and personal support resource available to the community.","Ofrece servicios relacionados con salud y apoyo personal. Comuníquese directamente para confirmar elegibilidad, disponibilidad y proceso de acceso.","Hospice care is provided by a team of professionals, including doctors, nurses, counselors, and volunteers. The team works together to develop a plan of care that meets the individual needs of the patient and their family.","halcyon-home-health-and-personal-support-austin-2","salud","","salud, atención, apoyo","health, care, support","","in_person, phone, online","unknown","","","","","Comuníquese directamente con la organización para confirmar elegibilidad, disponibilidad y próximos pasos.","Contact the organization directly to confirm eligibility, availability, and next steps.","","","","","Condado de Bastrop; Condado de Caldwell; Condado de Fayette; Condado de Gonzales; Condado de Guadalupe; Condado de Lee; Condado de Burnet; Condado de Travis","Bastrop County; Caldwell County; Fayette County; Gonzales County; Guadalupe County; Lee County; Burnet County; Travis County","(512) 815-9009","","","info@halcyonhome.com","https://halcyonhome.com/","8133 Mesa Dr. Ste 200","","Austin","TX","78759","","","","https://halcyonhome.com/","","","","Registro consolidado a partir de “Resources Spreadsheet.xlsx”; requiere revisión administrativa antes de publicar."
"Texas Utiliy Help","Texas Utiliy Help","Texas Utiliy Help","Recurso de vivienda y asistencia económica disponible para la comunidad.","A housing and financial assistance resource available to the community.","Ofrece servicios relacionados con vivienda y asistencia económica. Comuníquese directamente para confirmar elegibilidad, disponibilidad y proceso de acceso.","Texas Utility Help can give financial assistance to qualified Texas
homeowners and renters with low income. Eligible expenses include
water and wastewater.","texas-utiliy-help-housing-and-financial-assistance-bastrop","vivienda","","vivienda, renta, servicios públicos","housing, rent, utilities","","","unknown","","","","","Comuníquese directamente con la organización para confirmar elegibilidad, disponibilidad y próximos pasos.","Contact the organization directly to confirm eligibility, availability, and next steps.","","","","","Condado de Bastrop","Bastrop County","","","","","","","","","","","Bastrop","","","https://bluebonnetmhmr.sharepoint.com/:b:/s/HomelessPrevention-WilliamsonCounty/IQC40TlLEXaSTYznmTtKJaaGAXtBnuNwmWkEuRyUdhv7Wic?e=uePORz","","","","Registro consolidado a partir de “Resources Spreadsheet.xlsx”; requiere revisión administrativa antes de publicar."
"Combined Community Action, Inc.","Combined Community Action, Inc.","Combined Community Action, Inc.","Recurso de vivienda y asistencia económica disponible para la comunidad.","A housing and financial assistance resource available to the community.","Ofrece servicios relacionados con vivienda y asistencia económica. Comuníquese directamente para confirmar elegibilidad, disponibilidad y proceso de acceso.","Providing meals, utility assistance, weatherization, housing support, and community services.","combined-community-action-inc-housing-and-financial-assistance-giddings","vivienda","","vivienda, renta, servicios públicos","housing, rent, utilities","","in_person, phone, online","unknown","","","","","Comuníquese directamente con la organización para confirmar elegibilidad, disponibilidad y próximos pasos.","Contact the organization directly to confirm eligibility, availability, and next steps.","","","","","Condado de Bastrop; Condado de Caldwell; Condado de Fayette; Condado de Lee; Condado de Travis","Bastrop County; Caldwell County; Fayette County; Lee County; Travis County","(979) 540-2980","","","info@ccaction.com","https://www.ccaction.com/","165 W Austin St","","Giddings","TX","78942","","","","https://www.ccaction.com/","","","","Registro consolidado a partir de “Resources Spreadsheet.xlsx”; requiere revisión administrativa antes de publicar."
"Community Action for Central Texas","Community Action for Central Texas","Community Action for Central Texas","Recurso de vivienda y asistencia económica disponible para la comunidad.","A housing and financial assistance resource available to the community.","Ofrece servicios relacionados con vivienda y asistencia económica. Comuníquese directamente para confirmar elegibilidad, disponibilidad y proceso de acceso.","Provides some referrals to utility bill help and conservation from Comprehensive Energy
Assistance Program (CEAP).","community-action-for-central-texas-housing-and-financial-assistance-bastrop","vivienda","","vivienda, renta, servicios públicos","housing, rent, utilities","","phone, online","unknown","","","","","Comuníquese directamente con la organización para confirmar elegibilidad, disponibilidad y próximos pasos.","Contact the organization directly to confirm eligibility, availability, and next steps.","","","","","Condado de Bastrop; Condado de Caldwell","Bastrop County; Caldwell County","(512) 392-1161","","","","https://www.communityaction.com/","","","","","","","","","https://www.communityaction.com/","","","","Registro consolidado a partir de “Resources Spreadsheet.xlsx”; requiere revisión administrativa antes de publicar."
"Mortgage Relief Helpline: Care Connect USA","Mortgage Relief Helpline: Care Connect USA","Mortgage Relief Helpline: Care Connect USA","Recurso de apoyo comunitario disponible para la comunidad.","A community support resource available to the community.","Ofrece servicios relacionados con apoyo comunitario. Comuníquese directamente para confirmar elegibilidad, disponibilidad y proceso de acceso.","For families falling behind on mortgage payments, this national agency will work with a family’s mortgage company to arrange a workout plan to catch up missed payments. Housing counselors will discuss all options available to avoid foreclosure. Agency does not make loans or buy property.","mortgage-relief-helpline-care-connect-usa-community-support-bastrop","otros-recursos","","recursos comunitarios, apoyo","community resources, support","","phone","unknown","","","","","Comuníquese directamente con la organización para confirmar elegibilidad, disponibilidad y próximos pasos.","Contact the organization directly to confirm eligibility, availability, and next steps.","","","","","Condado de Bastrop; Condado de Caldwell; Condado de Fayette; Condado de Gonzales; Condado de Guadalupe; Condado de Lee; Condado de Burnet; Condado de Travis","Bastrop County; Caldwell County; Fayette County; Gonzales County; Guadalupe County; Lee County; Burnet County; Travis County","(800) 750-8956","","","info@careconnectusa.org","","","","","","","","","","","","","","Registro consolidado a partir de “Resources Spreadsheet.xlsx”; requiere revisión administrativa antes de publicar."
"GoodWill Industries: Bastrop Job Help Center","GoodWill Industries: Bastrop Job Help Center","GoodWill Industries: Bastrop Job Help Center","Recurso de educación y empleo disponible para la comunidad.","A education and employment resource available to the community.","Ofrece servicios relacionados con educación y empleo. Comuníquese directamente para confirmar elegibilidad, disponibilidad y proceso de acceso.","Intake hours: Monday-Thursday 9-11:30 am,                      1-3:30pm, Friday by appointment only","goodwill-industries-bastrop-job-help-center-education-and-employment-bastrop","educacion","","educación, empleo","education, employment","","in_person, phone","unknown","","","","","Comuníquese directamente con la organización para confirmar elegibilidad, disponibilidad y próximos pasos.","Contact the organization directly to confirm eligibility, availability, and next steps.","","","","","Condado de Bastrop","Bastrop County","(512) 308-9269","","","","","57 Loop 150 West Bastrop, TX 78602","","","TX","78602","Bastrop","","","","","","","Registro consolidado a partir de “Resources Spreadsheet.xlsx”; requiere revisión administrativa antes de publicar."
"Community Action for Central Texas","Community Action for Central Texas","Community Action for Central Texas","Recurso de salud y apoyo personal disponible para la comunidad.","A health and personal support resource available to the community.","Ofrece servicios relacionados con salud y apoyo personal. Comuníquese directamente para confirmar elegibilidad, disponibilidad y proceso de acceso.","Low cost, prescription assistance program is available, as well as  other medical care referrals.","community-action-for-central-texas-health-and-personal-support-bastrop","salud","","salud, atención, apoyo","health, care, support","","phone, online","unknown","","","","","Comuníquese directamente con la organización para confirmar elegibilidad, disponibilidad y próximos pasos.","Contact the organization directly to confirm eligibility, availability, and next steps.","","","","","Condado de Bastrop; Condado de Caldwell","Bastrop County; Caldwell County","(512) 392-1161","","","","https://www.communityaction.com/","","","","","","","","","https://www.communityaction.com/","","","","Registro consolidado a partir de “Resources Spreadsheet.xlsx”; requiere revisión administrativa antes de publicar."
"OSAR","OSAR","OSAR","Recurso de salud y apoyo personal disponible para la comunidad.","A health and personal support resource available to the community.","Ofrece servicios relacionados con salud y apoyo personal. Comuníquese directamente para confirmar elegibilidad, disponibilidad y proceso de acceso.","Provides services related to health and personal support. Contact the organization to confirm eligibility and availability.","osar-health-and-personal-support-bastrop","salud","","salud, atención, apoyo","health, care, support","","phone","unknown","","","","","Comuníquese directamente con la organización para confirmar elegibilidad, disponibilidad y próximos pasos.","Contact the organization directly to confirm eligibility, availability, and next steps.","","","","","Condado de Bastrop; Condado de Caldwell; Condado de Fayette; Condado de Gonzales; Condado de Guadalupe; Condado de Lee; Condado de Burnet; Condado de Travis","Bastrop County; Caldwell County; Fayette County; Gonzales County; Guadalupe County; Lee County; Burnet County; Travis County","(844) 309-6385","","","","","","","","","","","","","","","","","Registro consolidado a partir de “Resources Spreadsheet.xlsx”; requiere revisión administrativa antes de publicar."
"Camp Haven Sanctuary","Camp Haven Sanctuary","Camp Haven Sanctuary","Recurso de vivienda y asistencia económica disponible para la comunidad.","A housing and financial assistance resource available to the community.","Ofrece servicios relacionados con vivienda y asistencia económica. Comuníquese directamente para confirmar elegibilidad, disponibilidad y proceso de acceso.","*Not very responsive
Emergency and transitional housing, nutritious meals, hygiene resources, and access to healthcare and job placement services.","camp-haven-sanctuary-housing-and-financial-assistance-bastrop","vivienda","","vivienda, renta, servicios públicos","housing, rent, utilities","","in_person, phone, online","unknown","","","","","Comuníquese directamente con la organización para confirmar elegibilidad, disponibilidad y próximos pasos.","Contact the organization directly to confirm eligibility, availability, and next steps.","","","","","Condado de Bastrop","Bastrop County","(737) 278-0293","","","help@camphavensanctuary.org","https://www.camphavensanctuary.org/programs-and-services","549 Mesquite Dr.","","","TX","78612","Bastrop","","","https://www.camphavensanctuary.org/programs-and-services","","","","Registro consolidado a partir de “Resources Spreadsheet.xlsx”; requiere revisión administrativa antes de publicar."
"Bastrop Women's Shelter","Bastrop Women's Shelter","Bastrop Women's Shelter","Recurso de vivienda y asistencia económica disponible para la comunidad.","A housing and financial assistance resource available to the community.","Ofrece servicios relacionados con vivienda y asistencia económica. Comuníquese directamente para confirmar elegibilidad, disponibilidad y proceso de acceso.","Provides services related to housing and financial assistance. Contact the organization to confirm eligibility and availability.","bastrop-women-s-shelter-housing-and-financial-assistance-bastrop","vivienda","","vivienda, renta, servicios públicos","housing, rent, utilities","","","unknown","","","","","Comuníquese directamente con la organización para confirmar elegibilidad, disponibilidad y próximos pasos.","Contact the organization directly to confirm eligibility, availability, and next steps.","","","","","Condado de Bastrop; Condado de Fayette; Condado de Lee","Bastrop County; Fayette County; Lee County","","","","","","","","","","","","","","","","","","Registro consolidado a partir de “Resources Spreadsheet.xlsx”; requiere revisión administrativa antes de publicar."
"In the Streets Hands Up High","In the Streets Hands Up High","In the Streets Hands Up High","Recurso de vivienda y asistencia económica disponible para la comunidad.","A housing and financial assistance resource available to the community.","Ofrece servicios relacionados con vivienda y asistencia económica. Comuníquese directamente para confirmar elegibilidad, disponibilidad y proceso de acceso.","*Must complete application online for  shelter services
Family shelter, overnight shelter, disabled veteran shelter.
Open from 8:30am - 3:00pm Mon - Fri
We serve dine-in or to go meals for
Breakfast 9am-10:30am, Lunch 12pm-2pm, Dinner 6pm-7:30pm (2nd and 3rd Fri)
Assist w/pantry foods on Thurs only from 10:30 - 11:30am","in-the-streets-hands-up-high-housing-and-financial-assistance-bastrop","vivienda","","vivienda, renta, servicios públicos","housing, rent, utilities","","in_person, phone, online","unknown","","","","","Comuníquese directamente con la organización para confirmar elegibilidad, disponibilidad y próximos pasos.","Contact the organization directly to confirm eligibility, availability, and next steps.","","","","","Condado de Bastrop","Bastrop County","(888) 487-4846","","","","https://www.itshuh.org/","987 N SH 95 Bastrop, TX 78602","","","TX","78602","Bastrop","","","https://www.itshuh.org/","","","","Registro consolidado a partir de “Resources Spreadsheet.xlsx”; requiere revisión administrativa antes de publicar."
"Family Crisis Center","Family Crisis Center","Family Crisis Center","Recurso de vivienda y asistencia económica disponible para la comunidad.","A housing and financial assistance resource available to the community.","Ofrece servicios relacionados con vivienda y asistencia económica. Comuníquese directamente para confirmar elegibilidad, disponibilidad y proceso de acceso.","Emergency shelter and transitional housing support","family-crisis-center-housing-and-financial-assistance-bastrop","vivienda","","vivienda, renta, servicios públicos","housing, rent, utilities","","in_person, phone, online","unknown","","","","","Comuníquese directamente con la organización para confirmar elegibilidad, disponibilidad y próximos pasos.","Contact the organization directly to confirm eligibility, availability, and next steps.","","","","","Condado de Bastrop; Condado de Fayette; Condado de Lee","Bastrop County; Fayette County; Lee County","(512) 321-7760","","","fcc@familycrisiscenter.us","https://www.family-crisis-center.org/services","431 Old Austin Hwy Bastrop, TX 78602 (Behind HEB)","","","TX","78602","","","","https://www.family-crisis-center.org/services","","","","Registro consolidado a partir de “Resources Spreadsheet.xlsx”; requiere revisión administrativa antes de publicar."
"Golden Age Home - Faith Based Senior Care","Golden Age Home - Faith Based Senior Care","Golden Age Home - Faith Based Senior Care","Recurso de salud y apoyo personal disponible para la comunidad.","A health and personal support resource available to the community.","Ofrece servicios relacionados con salud y apoyo personal. Comuníquese directamente para confirmar elegibilidad, disponibilidad y proceso de acceso.","Provides move-in ready units for seniors 55+. Fully furnished options or choose to bring in personal furniture. Daily living assistance and social activities.
*Short-term respite available for $135 daily","golden-age-home-faith-based-senior-care-health-and-personal-support-caldwell","salud","","salud, atención, apoyo","health, care, support","","in_person, phone, online","unknown","","","","","Comuníquese directamente con la organización para confirmar elegibilidad, disponibilidad y próximos pasos.","Contact the organization directly to confirm eligibility, availability, and next steps.","","","","","Condado de Caldwell","Caldwell County","(512) 546-3135","","","nburnette@goldenagehome.com","https://www.goldenagehome.com/","1505 S Main St. Lockhart, TX 78644","","","TX","78644","Caldwell","","","https://www.goldenagehome.com/","","","","Registro consolidado a partir de “Resources Spreadsheet.xlsx”; requiere revisión administrativa antes de publicar."
"Lifeway Home Health","Lifeway Home Health","Lifeway Home Health","Recurso de salud y apoyo personal disponible para la comunidad.","A health and personal support resource available to the community.","Ofrece servicios relacionados con salud y apoyo personal. Comuníquese directamente para confirmar elegibilidad, disponibilidad y proceso de acceso.","In-home skilled nursing call, home health aides, occupational therapy, speech therapy, medical social workers. High tech visits including chemotherapy and IV therapy.
Eligibility: Medicare and Medicaid requiring homebound status and skilled service need. Private insurance and worker's comp varies.","lifeway-home-health-health-and-personal-support-caldwell","salud","","salud, atención, apoyo","health, care, support","","in_person, phone","unknown","","","","","Comuníquese directamente con la organización para confirmar elegibilidad, disponibilidad y próximos pasos.","Contact the organization directly to confirm eligibility, availability, and next steps.","","","","","Condado de Caldwell","Caldwell County","(512) 398-7189","","","","","633 S Colorado St. Lockhart, TX 78644","","","TX","78644","Caldwell","","","https://bluebonnetmhmr.sharepoint.com/:b:/s/HomelessPrevention-WilliamsonCounty/IQAuYV3g0DsCTo8xqa1jUbqMAe5uaCwOGkxJCdw7H0YD_0o?e=MNQbdX","","","","Registro consolidado a partir de “Resources Spreadsheet.xlsx”; requiere revisión administrativa antes de publicar."
"Comprehensive Energy Assistance Program","Comprehensive Energy Assistance Program","Comprehensive Energy Assistance Program","Recurso de vivienda y asistencia económica disponible para la comunidad.","A housing and financial assistance resource available to the community.","Ofrece servicios relacionados con vivienda y asistencia económica. Comuníquese directamente para confirmar elegibilidad, disponibilidad y proceso de acceso.","Provides energy assistance for residents of Hays, Caldwell, and Blanco counties. Services
include energy education, needs assessment, budget counseling, utility payment assistance, and
crisis-related purchase of portable heating and cooling units.                                                                               *Priority is given to low-income households with high energy use, a high energy burden, or the
presence of a child (age 5 or under), disabled, elderly individuals or veterans.","comprehensive-energy-assistance-program-housing-and-financial-assistance-caldwell","vivienda","","vivienda, renta, servicios públicos","housing, rent, utilities","","phone","unknown","","","","","Comuníquese directamente con la organización para confirmar elegibilidad, disponibilidad y próximos pasos.","Contact the organization directly to confirm eligibility, availability, and next steps.","","","","","Condado de Caldwell","Caldwell County","512) 392-1161","","","","","","","","","","Caldwell","","","","","","","Registro consolidado a partir de “Resources Spreadsheet.xlsx”; requiere revisión administrativa antes de publicar."
"St. Vincent De Paul","St. Vincent De Paul","St. Vincent De Paul","Recurso de vivienda y asistencia económica disponible para la comunidad.","A housing and financial assistance resource available to the community.","Ofrece servicios relacionados con vivienda y asistencia económica. Comuníquese directamente para confirmar elegibilidad, disponibilidad y proceso de acceso.","Financial assistance for electric/gas bills, food","st-vincent-de-paul-housing-and-financial-assistance-caldwell","vivienda","","vivienda, renta, servicios públicos","housing, rent, utilities","","in_person, phone","unknown","","","","","Comuníquese directamente con la organización para confirmar elegibilidad, disponibilidad y próximos pasos.","Contact the organization directly to confirm eligibility, availability, and next steps.","","","","","Condado de Caldwell","Caldwell County","(512) 395-5005","","","","","205 W Pecan St. Lockhart, TX 78644","","","TX","78644","Caldwell","","","","","","","Registro consolidado a partir de “Resources Spreadsheet.xlsx”; requiere revisión administrativa antes de publicar."
"Enrollment Department Call Center","Enrollment Department Call Center","Enrollment Department Call Center","Recurso de apoyo comunitario disponible para la comunidad.","A community support resource available to the community.","Ofrece servicios relacionados con apoyo comunitario. Comuníquese directamente para confirmar elegibilidad, disponibilidad y proceso de acceso.","Handles health care eligiblity, enrollment, and related services.For changing preferred VA facility, ask the agent to change to your choosing","enrollment-department-call-center-community-support-fayette","otros-recursos","","recursos comunitarios, apoyo","community resources, support","","phone","unknown","","","","","Comuníquese directamente con la organización para confirmar elegibilidad, disponibilidad y próximos pasos.","Contact the organization directly to confirm eligibility, availability, and next steps.","","","","","Condado de Fayette","Fayette County","(877) 222-8387","","","","","","","","","","Fayette","","","","","","","Registro consolidado a partir de “Resources Spreadsheet.xlsx”; requiere revisión administrativa antes de publicar."
"LaGrange VA Clinic","LaGrange VA Clinic","LaGrange VA Clinic","Recurso de apoyo comunitario disponible para la comunidad.","A community support resource available to the community.","Ofrece servicios relacionados con apoyo comunitario. Comuníquese directamente para confirmar elegibilidad, disponibilidad y proceso de acceso.","offers primary care and specialty health services, including X-rays, prescriptions, telehealth services, and more.","lagrange-va-clinic-community-support-lagrange","otros-recursos","","recursos comunitarios, apoyo","community resources, support","","in_person, phone","unknown","","","","","Comuníquese directamente con la organización para confirmar elegibilidad, disponibilidad y próximos pasos.","Contact the organization directly to confirm eligibility, availability, and next steps.","","","","","Condado de Fayette","Fayette County","(800) 423-2111","","","","","2 Saint Marks Place","","LaGrange","TX","78945","Fayette","","","","","","","Registro consolidado a partir de “Resources Spreadsheet.xlsx”; requiere revisión administrativa antes de publicar."
"Gonzales Christian Assistance Ministry","Gonzales Christian Assistance Ministry","Gonzales Christian Assistance Ministry","Recurso de vivienda y asistencia económica disponible para la comunidad.","A housing and financial assistance resource available to the community.","Ofrece servicios relacionados con vivienda y asistencia económica. Comuníquese directamente para confirmar elegibilidad, disponibilidad y proceso de acceso.","Services:
- Financial Assistance for Rent & Utilities
- Financial Assistance for Necessary Medications
- Gas Assistance for Doctors Appointments & Food Pickup
- Food Donations
- Clothing Donations & Assistance with Household Items","gonzales-christian-assistance-ministry-housing-and-financial-assistance-gonzales","vivienda","","vivienda, renta, servicios públicos","housing, rent, utilities","","in_person, phone","unknown","","","","","Comuníquese directamente con la organización para confirmar elegibilidad, disponibilidad y próximos pasos.","Contact the organization directly to confirm eligibility, availability, and next steps.","","","","","Condado de Gonzales","Gonzales County","(830) 672-5566","","","","","708 Saint Louis Street","","Gonzales","TX","78629","Gonzales","","","","","","","Registro consolidado a partir de “Resources Spreadsheet.xlsx”; requiere revisión administrativa antes de publicar."
"Stella's House (Refuge)","Stella's House (Refuge)","Stella's House (Refuge)","Recurso de apoyo comunitario disponible para la comunidad.","A community support resource available to the community.","Ofrece servicios relacionados con apoyo comunitario. Comuníquese directamente para confirmar elegibilidad, disponibilidad y proceso de acceso.","women overcoming addiction and traumas like those associated with prostitution, sex trafficking","stella-s-house-refuge-community-support-gonzales","otros-recursos","","recursos comunitarios, apoyo","community resources, support","","phone","unknown","","","","","Comuníquese directamente con la organización para confirmar elegibilidad, disponibilidad y próximos pasos.","Contact the organization directly to confirm eligibility, availability, and next steps.","","","","","Condado de Gonzales","Gonzales County","(830) 672-6180","","","","","","","","","","Gonzales","","","","","","","Registro consolidado a partir de “Resources Spreadsheet.xlsx”; requiere revisión administrativa antes de publicar."
"Community Council of South Central Texas - Utility Assistance","Community Council of South Central Texas - Utility Assistance","Community Council of South Central Texas - Utility Assistance","Recurso de vivienda y asistencia económica disponible para la comunidad.","A housing and financial assistance resource available to the community.","Ofrece servicios relacionados con vivienda y asistencia económica. Comuníquese directamente para confirmar elegibilidad, disponibilidad y proceso de acceso.","NOTE: Due to a decrease in funding, CCSCT assigns priority to households with the least amount of income and the greatest energy costs. Priority is also given to vulnerable individuals 60yrs+, persons with disabilities and families with children five years of age or under.","community-council-of-south-central-texas-utility-assistance-housing-and-financial-assistan","vivienda","","vivienda, renta, servicios públicos","housing, rent, utilities","","in_person, phone, online","unknown","","","","","Comuníquese directamente con la organización para confirmar elegibilidad, disponibilidad y próximos pasos.","Contact the organization directly to confirm eligibility, availability, and next steps.","","","","","Condado de Guadalupe","Guadalupe County","(830) 379-3022","","","","https://www.ccsct.org/utility-assistance-apply-for-services/","813 N State Hwy 123 Bypass,","","Seguin","TX","78155","Guadalupe","","","https://www.ccsct.org/utility-assistance-apply-for-services/","","","","Registro consolidado a partir de “Resources Spreadsheet.xlsx”; requiere revisión administrativa antes de publicar."
"The Randolph Area Christian Assistance Program","The Randolph Area Christian Assistance Program","The Randolph Area Christian Assistance Program","Recurso de vivienda y asistencia económica disponible para la comunidad.","A housing and financial assistance resource available to the community.","Ofrece servicios relacionados con vivienda y asistencia económica. Comuníquese directamente para confirmar elegibilidad, disponibilidad y proceso de acceso.","Guadalupe County- serves zip codes 78108 and 78124
*Also helps with food and utilities","the-randolph-area-christian-assistance-program-housing-and-financial-assistance-schertz","vivienda","","vivienda, renta, servicios públicos","housing, rent, utilities","","in_person, phone, online","unknown","","","","","Comuníquese directamente con la organización para confirmar elegibilidad, disponibilidad y próximos pasos.","Contact the organization directly to confirm eligibility, availability, and next steps.","","","","","Condado de Guadalupe","Guadalupe County","(210) 658-1613","","","racap@att.net","https://racap.org/","307 Pfeil Street","","Schertz","TX","78154","Guadalupe","","","https://racap.org/","","","","Registro consolidado a partir de “Resources Spreadsheet.xlsx”; requiere revisión administrativa antes de publicar."
"Community Council of South Central Texas - Veterans Financial Assistance","Community Council of South Central Texas - Veterans Financial Assistance","Community Council of South Central Texas - Veterans Financial Assistance","Recurso de apoyo comunitario disponible para la comunidad.","A community support resource available to the community.","Ofrece servicios relacionados con apoyo comunitario. Comuníquese directamente para confirmar elegibilidad, disponibilidad y proceso de acceso.","Provides services related to community support. Contact the organization to confirm eligibility and availability.","community-council-of-south-central-texas-veterans-financial-assistance-community-support-g","otros-recursos","","recursos comunitarios, apoyo","community resources, support","","","unknown","","","","","Comuníquese directamente con la organización para confirmar elegibilidad, disponibilidad y próximos pasos.","Contact the organization directly to confirm eligibility, availability, and next steps.","","","","","Condado de Guadalupe","Guadalupe County","","","","","","","","","","","Guadalupe","","","","","","","Registro consolidado a partir de “Resources Spreadsheet.xlsx”; requiere revisión administrativa antes de publicar."
"Community Council of South Central Texas - Head Start Program","Community Council of South Central Texas - Head Start Program","Community Council of South Central Texas - Head Start Program","Recurso de apoyo comunitario disponible para la comunidad.","A community support resource available to the community.","Ofrece servicios relacionados con apoyo comunitario. Comuníquese directamente para confirmar elegibilidad, disponibilidad y proceso de acceso.","Who is eligible? Children from birth to age five who are from families with incomes below the poverty guidelines, Children from homeless families, and families receiving public assistance such as SNAP, TANF or SSI, Foster children regardless of their foster family’s income","community-council-of-south-central-texas-head-start-program-community-support-seguin","otros-recursos","","recursos comunitarios, apoyo","community resources, support","","in_person, phone, online","unknown","","","","","Comuníquese directamente con la organización para confirmar elegibilidad, disponibilidad y próximos pasos.","Contact the organization directly to confirm eligibility, availability, and next steps.","","","","","Condado de Guadalupe","Guadalupe County","(830) 379-3022","","","","https://www.ccsct.org/head-start-apply-services/","813 N State Hwy 123 Bypass,","","Seguin","TX","78155","Guadalupe","","","https://www.ccsct.org/head-start-apply-services/","","","","Registro consolidado a partir de “Resources Spreadsheet.xlsx”; requiere revisión administrativa antes de publicar."
"Thriving Hearts Crisis Center
(previously: Guadalupe Valley Family Violence Shelter)","Thriving Hearts Crisis Center
(previously: Guadalupe Valley Family Violence Shelter)","Thriving Hearts Crisis Center
(previously: Guadalupe Valley Family Violence Shelter)","Recurso de apoyo comunitario disponible para la comunidad.","A community support resource available to the community.","Ofrece servicios relacionados con apoyo comunitario. Comuníquese directamente para confirmar elegibilidad, disponibilidad y proceso de acceso.","Emergency shelter for women, children, and men. Legal advocay, case management, counseling, limited transportation and support groups offered","thriving-hearts-crisis-center-previously-guadalupe-valley-family-violence-shelter-communit","otros-recursos","","recursos comunitarios, apoyo","community resources, support","","phone, online","unknown","","","","","Comuníquese directamente con la organización para confirmar elegibilidad, disponibilidad y próximos pasos.","Contact the organization directly to confirm eligibility, availability, and next steps.","","","","","Condado de Guadalupe","Guadalupe County","(830) 372-2780","","","help@safeseguin.org","https://www.safeseguin.org/","","","","","","Guadalupe","","","https://www.safeseguin.org/","","","","Registro consolidado a partir de “Resources Spreadsheet.xlsx”; requiere revisión administrativa antes de publicar."
"Community Resource Center","Community Resource Center","Community Resource Center","Recurso de apoyo comunitario disponible para la comunidad.","A community support resource available to the community.","Ofrece servicios relacionados con apoyo comunitario. Comuníquese directamente para confirmar elegibilidad, disponibilidad y proceso de acceso.","Provides delivery of social and public health services to qualified clients provided by nonprofit
organizations and government agencies. By locating dozens of these agencies in one location,
clients can quickly learn about, apply for, and receive services that are provided by these
agencies. Experienced staff can also refer these clients to off-site agencies.
Employment, education, Food pantry, transportation, health care, seniors, children.","community-resource-center-community-support-burnet","otros-recursos","","recursos comunitarios, apoyo","community resources, support","","in_person, phone, online","unknown","","","","","Comuníquese directamente con la organización para confirmar elegibilidad, disponibilidad y próximos pasos.","Contact the organization directly to confirm eligibility, availability, and next steps.","","","","","Condado de Burnet","Burnet County","(830) 693-0700","","","","https://crctx.org/","1016 Broadway Marble Falls, TX 78654","","","TX","78654","Burnet","","","https://crctx.org/","","","","Registro consolidado a partir de “Resources Spreadsheet.xlsx”; requiere revisión administrativa antes de publicar."
"Childcare subsidy hotline for military families","Childcare subsidy hotline for military families","Childcare subsidy hotline for military families","Recurso de apoyo comunitario disponible para la comunidad.","A community support resource available to the community.","Ofrece servicios relacionados con apoyo comunitario. Comuníquese directamente para confirmar elegibilidad, disponibilidad y proceso de acceso.","Childcare Aware of America is a federally funded agency that will provide assistance with childcare for military families through the Military Fee Assistance Program. Respite care for eligible families available.","childcare-subsidy-hotline-for-military-families-community-support-burnet","otros-recursos","","recursos comunitarios, apoyo","community resources, support","","phone, online","unknown","","","","","Comuníquese directamente con la organización para confirmar elegibilidad, disponibilidad y próximos pasos.","Contact the organization directly to confirm eligibility, availability, and next steps.","","","","","Condado de Burnet","Burnet County","(800) 424-2246","","","","http://www.childcareaware.org/","","","","","","Burnet","","","http://www.childcareaware.org/","","","","Registro consolidado a partir de “Resources Spreadsheet.xlsx”; requiere revisión administrativa antes de publicar."
"Christian Women's Job Corp of Highland Lakes (CWJCHL)","Christian Women's Job Corp of Highland Lakes (CWJCHL)","Christian Women's Job Corp of Highland Lakes (CWJCHL)","Recurso de educación y empleo disponible para la comunidad.","A education and employment resource available to the community.","Ofrece servicios relacionados con educación y empleo. Comuníquese directamente para confirmar elegibilidad, disponibilidad y proceso de acceso.","Free 12-week sessions twice a year—one beginning in February and another in September.
Class schedule: Tuesday, Wednesday, and Thursday from 9am-2:30pm
Classes are designed to equip you with practical skills, spiritual guidance, and a supportive community that walks with you every step of the way. Workforce preparation including, job search skills, customer service training, computer skills (Word and Excel).  Life skills including boundaries, money matters and time management.
Must be 18 years or older and be drug- and alcohol-free.
Submit application to  cwjchl78611@gmail.com or by mail: CWJC Highland Lakes, P.O. Box 1433, Burnet, TX 78611","christian-women-s-job-corp-of-highland-lakes-cwjchl-education-and-employment-burnet","educacion","","educación, empleo","education, employment","","in_person, phone, online","free","","","","","Comuníquese directamente con la organización para confirmar elegibilidad, disponibilidad y próximos pasos.","Contact the organization directly to confirm eligibility, availability, and next steps.","","","","","Condado de Burnet","Burnet County","(512) 756-1484","","","cwjchl78611@gmail.com","https://www.cwjchl.org/","218 E. Jackson, Burnet, TX 78611","","Burnet","TX","78611","Burnet","","","https://www.cwjchl.org/","","","","Registro consolidado a partir de “Resources Spreadsheet.xlsx”; requiere revisión administrativa antes de publicar."
"Highland Lakes Family Crisis Center","Highland Lakes Family Crisis Center","Highland Lakes Family Crisis Center","Recurso de apoyo comunitario disponible para la comunidad.","A community support resource available to the community.","Ofrece servicios relacionados con apoyo comunitario. Comuníquese directamente para confirmar elegibilidad, disponibilidad y proceso de acceso.","emergency shelter, individual therapy and support groups for survivors, medical and legal accompaniment, legal advocacy","highland-lakes-family-crisis-center-community-support-burnet","otros-recursos","","recursos comunitarios, apoyo","community resources, support","","phone, online","unknown","","","","","Comuníquese directamente con la organización para confirmar elegibilidad, disponibilidad y próximos pasos.","Contact the organization directly to confirm eligibility, availability, and next steps.","","","","","Condado de Burnet","Burnet County","(830) 693-5600","","","Services@hlfcc.org","https://www.hlfcc.org/","","","","","","Burnet","","","https://www.hlfcc.org/","","","","Registro consolidado a partir de “Resources Spreadsheet.xlsx”; requiere revisión administrativa antes de publicar."
"Care Patrol of Central and South Austin","Care Patrol of Central and South Austin","Care Patrol of Central and South Austin","Recurso de salud y apoyo personal disponible para la comunidad.","A health and personal support resource available to the community.","Ofrece servicios relacionados con salud y apoyo personal. Comuníquese directamente para confirmar elegibilidad, disponibilidad y proceso de acceso.","Senior care help for those discharged from a hospital/care setting, or if extra senior care is needed due to a recent change in health condition. Assisted living, memory care, independent living, nursing home, in-home care, respite care","care-patrol-of-central-and-south-austin-health-and-personal-support-travis","salud","","salud, atención, apoyo","health, care, support","","phone, online","unknown","","","","","Comuníquese directamente con la organización para confirmar elegibilidad, disponibilidad y próximos pasos.","Contact the organization directly to confirm eligibility, availability, and next steps.","","","","","Condado de Travis","Travis County","(512) 574-0910","","","","https://carepatrol.com/central-south-austin/","","","","","","Travis","","","https://carepatrol.com/central-south-austin/","","","","Registro consolidado a partir de “Resources Spreadsheet.xlsx”; requiere revisión administrativa antes de publicar."
"St. Vincent De Paul Church","St. Vincent De Paul Church","St. Vincent De Paul Church","Recurso de vivienda y asistencia económica disponible para la comunidad.","A housing and financial assistance resource available to the community.","Ofrece servicios relacionados con vivienda y asistencia económica. Comuníquese directamente para confirmar elegibilidad, disponibilidad y proceso de acceso.","Only takes calls Tuesdays and Thursdays 9:30am-10:30am","st-vincent-de-paul-church-housing-and-financial-assistance-travis","vivienda","","vivienda, renta, servicios públicos","housing, rent, utilities","","phone","unknown","","","","","Comuníquese directamente con la organización para confirmar elegibilidad, disponibilidad y próximos pasos.","Contact the organization directly to confirm eligibility, availability, and next steps.","","","","","Condado de Travis","Travis County","(512) 926-1171","","","","","","","","","","Travis","","","","","","","Registro consolidado a partir de “Resources Spreadsheet.xlsx”; requiere revisión administrativa antes de publicar."
"St. Austin Catholic Parish, Newman Hall","St. Austin Catholic Parish, Newman Hall","St. Austin Catholic Parish, Newman Hall","Recurso de vivienda y asistencia económica disponible para la comunidad.","A housing and financial assistance resource available to the community.","Ofrece servicios relacionados con vivienda y asistencia económica. Comuníquese directamente para confirmar elegibilidad, disponibilidad y proceso de acceso.","Lottery for financial assistance with utility bills, rent/partial, may receive assistance once every 6 months
Thursdays at 9am; services only 15-20 people","st-austin-catholic-parish-newman-hall-housing-and-financial-assistance-travis","vivienda","","vivienda, renta, servicios públicos","housing, rent, utilities","","in_person, phone, online","unknown","","","","","Comuníquese directamente con la organización para confirmar elegibilidad, disponibilidad y próximos pasos.","Contact the organization directly to confirm eligibility, availability, and next steps.","","","","","Condado de Travis","Travis County","(512) 477-9471","","","","https://staustin.org/outreach","2026 Guadalupe St. Austin, TX 78705","","","TX","78705","Travis","","","https://staustin.org/outreach","","","","Registro consolidado a partir de “Resources Spreadsheet.xlsx”; requiere revisión administrativa antes de publicar."
"All Saints Episcopal Church","All Saints Episcopal Church","All Saints Episcopal Church","Recurso de vivienda y asistencia económica disponible para la comunidad.","A housing and financial assistance resource available to the community.","Ofrece servicios relacionados con vivienda y asistencia económica. Comuníquese directamente para confirmar elegibilidad, disponibilidad y proceso de acceso.","40 people are helped eahc week on a 1st come, 1st serve basis. Eligible once every 6 months. Up to $40 in assistance for utility bills, rent.
Tuesdays at 8:15am to sign up (best to be in line by 6:30am)","all-saints-episcopal-church-housing-and-financial-assistance-travis","vivienda","","vivienda, renta, servicios públicos","housing, rent, utilities","","in_person, phone","unknown","","","","","Comuníquese directamente con la organización para confirmar elegibilidad, disponibilidad y próximos pasos.","Contact the organization directly to confirm eligibility, availability, and next steps.","","","","","Condado de Travis","Travis County","(512) 476-3589","","","","","209 W 27th St. Austin, TX 78705","","","TX","78705","Travis","","","","","","","Registro consolidado a partir de “Resources Spreadsheet.xlsx”; requiere revisión administrativa antes de publicar."
"Baptist Community Center","Baptist Community Center","Baptist Community Center","Recurso de vivienda y asistencia económica disponible para la comunidad.","A housing and financial assistance resource available to the community.","Ofrece servicios relacionados con vivienda y asistencia económica. Comuníquese directamente para confirmar elegibilidad, disponibilidad y proceso de acceso.","Limited financial assistance for: utilities (water, electric, gas), rent, local mortgages. Bring ID, social security card, and current bill to verify address
Call for appointment Mon-Fri 8:30am-noon & 1pm-5pm","baptist-community-center-housing-and-financial-assistance-travis","vivienda","","vivienda, renta, servicios públicos","housing, rent, utilities","","in_person","unknown","","","","","Comuníquese directamente con la organización para confirmar elegibilidad, disponibilidad y próximos pasos.","Contact the organization directly to confirm eligibility, availability, and next steps.","","","","","Condado de Travis","Travis County","","","","","","2000 E 2nd St. Austin, TX 78702","","","TX","78702","Travis","","","","","","","Registro consolidado a partir de “Resources Spreadsheet.xlsx”; requiere revisión administrativa antes de publicar."
"Travis County Family Support Services
(Palm Square Office)","Travis County Family Support Services
(Palm Square Office)","Travis County Family Support Services
(Palm Square Office)","Recurso de vivienda y asistencia económica disponible para la comunidad.","A housing and financial assistance resource available to the community.","Ofrece servicios relacionados con vivienda y asistencia económica. Comuníquese directamente para confirmar elegibilidad, disponibilidad y proceso de acceso.","Emergency financial assistance for: utilities, rent and/or mortgage, prescription assistance. ID and social security card needed. Bring bill that is past due or rent notice that is late.
Mon-Fri 8am-5pm","travis-county-family-support-services-palm-square-office-housing-and-financial-assistance-","vivienda","","vivienda, renta, servicios públicos","housing, rent, utilities","","in_person, phone","unknown","","","","","Comuníquese directamente con la organización para confirmar elegibilidad, disponibilidad y próximos pasos.","Contact the organization directly to confirm eligibility, availability, and next steps.","","","","","Condado de Travis","Travis County","(512) 854-4120","","","","","100 N IH 35, Ste 2000 Austin, TX 78701","","","TX","78701","Travis","","","","","","","Registro consolidado a partir de “Resources Spreadsheet.xlsx”; requiere revisión administrativa antes de publicar."
"Austin Neighborhood Center","Austin Neighborhood Center","Austin Neighborhood Center","Recurso de vivienda y asistencia económica disponible para la comunidad.","A housing and financial assistance resource available to the community.","Ofrece servicios relacionados con vivienda y asistencia económica. Comuníquese directamente para confirmar elegibilidad, disponibilidad y proceso de acceso.","Rent and Utility help + food, job search, bus passes","austin-neighborhood-center-housing-and-financial-assistance-travis","vivienda","","vivienda, renta, servicios públicos","housing, rent, utilities","","phone, online","unknown","","","","","Comuníquese directamente con la organización para confirmar elegibilidad, disponibilidad y próximos pasos.","Contact the organization directly to confirm eligibility, availability, and next steps.","","","","","Condado de Travis","Travis County","512-972-6699","","","","https://www.austintexas.gov/services/get-help-neighborhood-centers","","","","","","Travis","","","https://www.austintexas.gov/services/get-help-neighborhood-centers","","","","Registro consolidado a partir de “Resources Spreadsheet.xlsx”; requiere revisión administrativa antes de publicar."
"UpLift at University Presbyterian Church","UpLift at University Presbyterian Church","UpLift at University Presbyterian Church","Recurso de vivienda y asistencia económica disponible para la comunidad.","A housing and financial assistance resource available to the community.","Ofrece servicios relacionados con vivienda y asistencia económica. Comuníquese directamente para confirmar elegibilidad, disponibilidad y proceso de acceso.","Assistance for utilities or rent. Tuesdayas at 9:30am. No appointments made; names will stop being taken at 10:30am. Bring ID and printed copy of bill. Can receive assistance once every 6 months.","uplift-at-university-presbyterian-church-housing-and-financial-assistance-travis","vivienda","","vivienda, renta, servicios públicos","housing, rent, utilities","","in_person, phone","unknown","","","","","Comuníquese directamente con la organización para confirmar elegibilidad, disponibilidad y próximos pasos.","Contact the organization directly to confirm eligibility, availability, and next steps.","","","","","Condado de Travis","Travis County","(512) 476-5321","","","","","2203 San Antonio St. Austin, TX 78705","","","TX","78705","Travis","","","","","","","Registro consolidado a partir de “Resources Spreadsheet.xlsx”; requiere revisión administrativa antes de publicar."
"Greater Mt. Zion Church
(Community Assistance and Referral Center)","Greater Mt. Zion Church
(Community Assistance and Referral Center)","Greater Mt. Zion Church
(Community Assistance and Referral Center)","Recurso de vivienda y asistencia económica disponible para la comunidad.","A housing and financial assistance resource available to the community.","Ofrece servicios relacionados con vivienda y asistencia económica. Comuníquese directamente para confirmar elegibilidad, disponibilidad y proceso de acceso.","Utility and rent assistance to the community with financial emergencies.
Tuesdays and Thursdays 10:30am-1:30pm
Call or email for more information.","greater-mt-zion-church-community-assistance-and-referral-center-housing-and-financial-assi","vivienda","","vivienda, renta, servicios públicos","housing, rent, utilities","","in_person, phone, online","unknown","","","","","Comuníquese directamente con la organización para confirmar elegibilidad, disponibilidad y próximos pasos.","Contact the organization directly to confirm eligibility, availability, and next steps.","","","","","Condado de Travis","Travis County","(512) 478-7578","","","poverty@gmzaustin.org","https://gmzaustin.org/causes/poverty/","4301 Tannehill Ln. Austin, TX 78721","","","TX","78721","Travis","","","https://gmzaustin.org/causes/poverty/","","","","Registro consolidado a partir de “Resources Spreadsheet.xlsx”; requiere revisión administrativa antes de publicar."
"Catholic Charities of Central Texas","Catholic Charities of Central Texas","Catholic Charities of Central Texas","Recurso de vivienda y asistencia económica disponible para la comunidad.","A housing and financial assistance resource available to the community.","Ofrece servicios relacionados con vivienda y asistencia económica. Comuníquese directamente para confirmar elegibilidad, disponibilidad y proceso de acceso.","Financial Assistance for:
Utility Bills, Emergency Rent and/or Mortgage Assistance
Must gather all documentation required to determine eligibility before enrolling as an applicant in the program
Open 8:30am-12pm, 1pm-5pm
Complete application online","catholic-charities-of-central-texas-housing-and-financial-assistance-travis","vivienda","","vivienda, renta, servicios públicos","housing, rent, utilities","","in_person, phone, online","unknown","","","","","Comuníquese directamente con la organización para confirmar elegibilidad, disponibilidad y próximos pasos.","Contact the organization directly to confirm eligibility, availability, and next steps.","","","","","Condado de Travis","Travis County","(512) 651-6100","","","","https://ccctx.org/financial-stability/","1625 Rutherford Ln. Austin, TX 78754","","","TX","78754","Travis","","","https://ccctx.org/financial-stability/","","","","Registro consolidado a partir de “Resources Spreadsheet.xlsx”; requiere revisión administrativa antes de publicar."
"St. Matthews Episcopal Church","St. Matthews Episcopal Church","St. Matthews Episcopal Church","Recurso de vivienda y asistencia económica disponible para la comunidad.","A housing and financial assistance resource available to the community.","Ofrece servicios relacionados con vivienda y asistencia económica. Comuníquese directamente para confirmar elegibilidad, disponibilidad y proceso de acceso.","Help with rent and utilities. Applications by phone only","st-matthews-episcopal-church-housing-and-financial-assistance-travis","vivienda","","vivienda, renta, servicios públicos","housing, rent, utilities","","in_person, phone","unknown","","","","","Comuníquese directamente con la organización para confirmar elegibilidad, disponibilidad y próximos pasos.","Contact the organization directly to confirm eligibility, availability, and next steps.","","","","","Condado de Travis","Travis County","(512) 345-8314","","","","","8134 Mesa Dr. Austin, TX 78759","","","TX","78759","Travis","","","","","","","Registro consolidado a partir de “Resources Spreadsheet.xlsx”; requiere revisión administrativa antes de publicar."
"Catholic Charities Central Texas
(St. Michaels' Veterans Service)","Catholic Charities Central Texas
(St. Michaels' Veterans Service)","Catholic Charities Central Texas
(St. Michaels' Veterans Service)","Recurso de apoyo comunitario disponible para la comunidad.","A community support resource available to the community.","Ofrece servicios relacionados con apoyo comunitario. Comuníquese directamente para confirmar elegibilidad, disponibilidad y proceso de acceso.","Counseling Services
Provides high quality mental health services for children, adults, couples, and families to help with life’s  challenges. Services offered on a sliding fee structure. Contact to address and brief description of your request.","catholic-charities-central-texas-st-michaels-veterans-service-community-support-travis","otros-recursos","","recursos comunitarios, apoyo","community resources, support","","phone","unknown","","","","","Comuníquese directamente con la organización para confirmar elegibilidad, disponibilidad y próximos pasos.","Contact the organization directly to confirm eligibility, availability, and next steps.","","","","","Condado de Travis","Travis County","(512) 651-6125","","","","","","","","","","Travis","","","https://bluebonnetmhmr.sharepoint.com/:b:/s/HomelessPrevention-WilliamsonCounty/IQDm6qogQr6oQbWKa4218FZuAT3ISzgqVDsyh96IbTnmdjU?e=h1kAEa","","","","Registro consolidado a partir de “Resources Spreadsheet.xlsx”; requiere revisión administrativa antes de publicar."
"Austin VA Clinic","Austin VA Clinic","Austin VA Clinic","Recurso de apoyo comunitario disponible para la comunidad.","A community support resource available to the community.","Ofrece servicios relacionados con apoyo comunitario. Comuníquese directamente para confirmar elegibilidad, disponibilidad y proceso de acceso.","offers primary care and specialty health services, including a chiropractic clinic, vision care (optometry), dentistry, oncology, treatment for traumatic brain injuries (TBI), foot care (podiatry), and more","austin-va-clinic-community-support-travis","otros-recursos","","recursos comunitarios, apoyo","community resources, support","","in_person, phone","unknown","","","","","Comuníquese directamente con la organización para confirmar elegibilidad, disponibilidad y próximos pasos.","Contact the organization directly to confirm eligibility, availability, and next steps.","","","","","Condado de Travis","Travis County","(512) 823-4000","","","","","7901 Metropolis Dr. Austin, TX 78744","","","TX","78744","Travis","","","","","","","Registro consolidado a partir de “Resources Spreadsheet.xlsx”; requiere revisión administrativa antes de publicar."
"Catholic Charities Central Texas
St. Gabriel’s Pregnancy and Parenting Program","Catholic Charities Central Texas
St. Gabriel’s Pregnancy and Parenting Program","Catholic Charities Central Texas
St. Gabriel’s Pregnancy and Parenting Program","Recurso de apoyo comunitario disponible para la comunidad.","A community support resource available to the community.","Ofrece servicios relacionados con apoyo comunitario. Comuníquese directamente para confirmar elegibilidad, disponibilidad y proceso de acceso.","Helps families to give their children a safe and healthy start at life through education, mentoring, and
material assistance. Please call to request information or schedule an appointment.","catholic-charities-central-texas-st-gabriel-s-pregnancy-and-parenting-program-community-su","otros-recursos","","recursos comunitarios, apoyo","community resources, support","","phone","unknown","","","","","Comuníquese directamente con la organización para confirmar elegibilidad, disponibilidad y próximos pasos.","Contact the organization directly to confirm eligibility, availability, and next steps.","","","","","Condado de Travis","Travis County","(512) 651-6100","","","","","","","","","","Travis","","","https://bluebonnetmhmr.sharepoint.com/:b:/s/HomelessPrevention-WilliamsonCounty/IQDm6qogQr6oQbWKa4218FZuAT3ISzgqVDsyh96IbTnmdjU?e=h1kAEa","","","","Registro consolidado a partir de “Resources Spreadsheet.xlsx”; requiere revisión administrativa antes de publicar."
"Asian Family Support Services of Austin","Asian Family Support Services of Austin","Asian Family Support Services of Austin","Recurso de apoyo legal y de seguridad disponible para la comunidad.","A legal and safety support resource available to the community.","Ofrece servicios relacionados con apoyo legal y de seguridad. Comuníquese directamente para confirmar elegibilidad, disponibilidad y proceso de acceso.","Safety planning, counseling, connection to basic resources, job/education resources, legal services, medical resources, emergency and long-term housing resources","asian-family-support-services-of-austin-legal-and-safety-support-travis","ayuda-legal","","ayuda legal, seguridad","legal help, safety","","phone, online","unknown","","","","","Comuníquese directamente con la organización para confirmar elegibilidad, disponibilidad y próximos pasos.","Contact the organization directly to confirm eligibility, availability, and next steps.","","","","","Condado de Travis","Travis County","1 (877) 281-8371","","","","https://www.afssaustin.org/","","","","","","Travis","","","https://www.afssaustin.org/","","","","Registro consolidado a partir de “Resources Spreadsheet.xlsx”; requiere revisión administrativa antes de publicar."
"Travis County Family Support Services
(Palm Square Office)","Travis County Family Support Services
(Palm Square Office)","Travis County Family Support Services
(Palm Square Office)","Recurso de salud y apoyo personal disponible para la comunidad.","A health and personal support resource available to the community.","Ofrece servicios relacionados con salud y apoyo personal. Comuníquese directamente para confirmar elegibilidad, disponibilidad y proceso de acceso.","ID and social security card needed.
Mon-Fri 8am-5pm","travis-county-family-support-services-palm-square-office-health-and-personal-support-travi","salud","","salud, atención, apoyo","health, care, support","","in_person, phone","unknown","","","","","Comuníquese directamente con la organización para confirmar elegibilidad, disponibilidad y próximos pasos.","Contact the organization directly to confirm eligibility, availability, and next steps.","","","","","Condado de Travis","Travis County","(512) 854-4120","","","","","100 N IH 35, Ste 2000 Austin, TX 78701","","","TX","78701","Travis","","","","","","","Registro consolidado a partir de “Resources Spreadsheet.xlsx”; requiere revisión administrativa antes de publicar."
"Central Health Medical Access Program (MAP)","Central Health Medical Access Program (MAP)","Central Health Medical Access Program (MAP)","Recurso de salud y apoyo personal disponible para la comunidad.","A health and personal support resource available to the community.","Ofrece servicios relacionados con salud y apoyo personal. Comuníquese directamente para confirmar elegibilidad, disponibilidad y proceso de acceso.","For uninsured in Travis County. Access to local doctors, dental care, prescription medications, and other health services","central-health-medical-access-program-map-health-and-personal-support-travis","salud","","salud, atención, apoyo","health, care, support","","phone, online","unknown","","","","","Comuníquese directamente con la organización para confirmar elegibilidad, disponibilidad y próximos pasos.","Contact the organization directly to confirm eligibility, availability, and next steps.","","","","","Condado de Travis","Travis County","(512) 978-8130","","","","https://www.centralhealth.net/map/","","","","","","Travis","","","https://www.centralhealth.net/map/","","","","Registro consolidado a partir de “Resources Spreadsheet.xlsx”; requiere revisión administrativa antes de publicar."
"Cenikor","Cenikor","Cenikor","Recurso de salud y apoyo personal disponible para la comunidad.","A health and personal support resource available to the community.","Ofrece servicios relacionados con salud y apoyo personal. Comuníquese directamente para confirmar elegibilidad, disponibilidad y proceso de acceso.","Detoxification, Medication Assisted Treatment, Inpatient Residential, Day Treatment Program (PHP)
Outpatient, Aftercare, Recovery Housing","cenikor-health-and-personal-support-travis","salud","","salud, atención, apoyo","health, care, support","","phone, online","unknown","","","","","Comuníquese directamente con la organización para confirmar elegibilidad, disponibilidad y próximos pasos.","Contact the organization directly to confirm eligibility, availability, and next steps.","","","","","Condado de Travis","Travis County","1 (888) 236-4567","","","","https://www.cenikor.org/","","","","","","Travis","","","https://www.cenikor.org/","","","","Registro consolidado a partir de “Resources Spreadsheet.xlsx”; requiere revisión administrativa antes de publicar."
"Salvation Army","Salvation Army","Salvation Army","Recurso de salud y apoyo personal disponible para la comunidad.","A health and personal support resource available to the community.","Ofrece servicios relacionados con salud y apoyo personal. Comuníquese directamente para confirmar elegibilidad, disponibilidad y proceso de acceso.","Provides services related to health and personal support. Contact the organization to confirm eligibility and availability.","salvation-army-health-and-personal-support-travis","salud","","salud, atención, apoyo","health, care, support","","","unknown","","","","","Comuníquese directamente con la organización para confirmar elegibilidad, disponibilidad y próximos pasos.","Contact the organization directly to confirm eligibility, availability, and next steps.","","","","","Condado de Travis","Travis County","","","","","","","","","","","Travis","","","","","","","Registro consolidado a partir de “Resources Spreadsheet.xlsx”; requiere revisión administrativa antes de publicar."
"Texas Rio Grande Legal Aid","Texas Rio Grande Legal Aid","Texas Rio Grande Legal Aid","Recurso de apoyo legal y de seguridad disponible para la comunidad.","A legal and safety support resource available to the community.","Ofrece servicios relacionados con apoyo legal y de seguridad. Comuníquese directamente para confirmar elegibilidad, disponibilidad y proceso de acceso.","Free civil legal services specializing in family, employment, foreclosure, subsidized housing, farm worker, civil rights, environmental law.","texas-rio-grande-legal-aid-legal-and-safety-support-austin","ayuda-legal","","ayuda legal, seguridad","legal help, safety","","in_person, phone, online","free","","","","","Comuníquese directamente con la organización para confirmar elegibilidad, disponibilidad y próximos pasos.","Contact the organization directly to confirm eligibility, availability, and next steps.","","","","","Condado de Travis","Travis County","(956) 996-8752","","","","https://www.trla.org/","4920 North I-35, Austin, TX 78751","","Austin","TX","78751","Travis","","","https://www.trla.org/","","","","Registro consolidado a partir de “Resources Spreadsheet.xlsx”; requiere revisión administrativa antes de publicar."
"Catholic Charities Central Texas
(Immigration Legal Services)","Catholic Charities Central Texas
(Immigration Legal Services)","Catholic Charities Central Texas
(Immigration Legal Services)","Recurso de apoyo legal y de seguridad disponible para la comunidad.","A legal and safety support resource available to the community.","Ofrece servicios relacionados con apoyo legal y de seguridad. Comuníquese directamente para confirmar elegibilidad, disponibilidad y proceso de acceso.","Offers legal assistance to individuals and families eligible to apply for immigration benefits, with a focus  on family reunification. Includes humanitarian relief, Temporary Protected Status, as well as serving for victims of domestic violence and human trafficking. Contact to confirm current consultation schedule.","catholic-charities-central-texas-immigration-legal-services-legal-and-safety-support-travi","ayuda-legal","","ayuda legal, seguridad","legal help, safety","","phone","unknown","","","","","Comuníquese directamente con la organización para confirmar elegibilidad, disponibilidad y próximos pasos.","Contact the organization directly to confirm eligibility, availability, and next steps.","","","","","Condado de Travis","Travis County","(512) 651-6125","","","","","","","","","","Travis","","","https://bluebonnetmhmr.sharepoint.com/:b:/s/HomelessPrevention-WilliamsonCounty/IQDm6qogQr6oQbWKa4218FZuAT3ISzgqVDsyh96IbTnmdjU?e=h1kAEa","","","","Registro consolidado a partir de “Resources Spreadsheet.xlsx”; requiere revisión administrativa antes de publicar."
"Emancipet","Emancipet","Emancipet","Recurso de apoyo comunitario disponible para la comunidad.","A community support resource available to the community.","Ofrece servicios relacionados con apoyo comunitario. Comuníquese directamente para confirmar elegibilidad, disponibilidad y proceso de acceso.","checkups, vaccines/shots, microchips, flea/tick preventative care, spay/neuter, surgery, dental services, heartworm treatment, urgent care. Austin mobile veterinary clinic offers free or discounted services for pets who live in the City of Austin or Travis County.","emancipet-community-support-travis","otros-recursos","","recursos comunitarios, apoyo","community resources, support","","phone, online","free","","","","","Comuníquese directamente con la organización para confirmar elegibilidad, disponibilidad y próximos pasos.","Contact the organization directly to confirm eligibility, availability, and next steps.","","","","","Condado de Travis","Travis County","512-587-7729","","","","https://emancipet.org/find-your-clinic/","","","","","","Travis","","","https://emancipet.org/find-your-clinic/","","","","Registro consolidado a partir de “Resources Spreadsheet.xlsx”; requiere revisión administrativa antes de publicar."
"SAFE Alliance","SAFE Alliance","SAFE Alliance","Recurso de apoyo comunitario disponible para la comunidad.","A community support resource available to the community.","Ofrece servicios relacionados con apoyo comunitario. Comuníquese directamente para confirmar elegibilidad, disponibilidad y proceso de acceso.","Emergency shelter and continuum of housing services for victims of DV, sexual assault, sex trafficking, and child abuse.","safe-alliance-community-support-travis","otros-recursos","","recursos comunitarios, apoyo","community resources, support","","phone","unknown","","","","","Comuníquese directamente con la organización para confirmar elegibilidad, disponibilidad y próximos pasos.","Contact the organization directly to confirm eligibility, availability, and next steps.","","","","","Condado de Travis","Travis County","(512) 267-7233","","","","","","","","","","Travis","","","","","","","Registro consolidado a partir de “Resources Spreadsheet.xlsx”; requiere revisión administrativa antes de publicar."
