"lookup_id","resource_id","slug","status","organization_name","title_en","original_address","query_street","query_city","query_state","query_zip","provider","lookup_date","census_status","match_type","matched_address","latitude","longitude","classification","reasons"
"1","248e2b4d-7a2c-4427-9773-5cf5d36bbc60","sacred-heart-community-clinic","published","Sacred Heart Community Clinic","Free medical care for uninsured adults","620 Round Rock West Drive, Building 8, Round Rock, TX, 78681","620 Round Rock West Drive","Round Rock","TX","78681","U.S. Census Bureau Geocoder","2026-09-03","Match","Exact","620 ROUND ROCK WEST DR, ROUND ROCK, TX, 78681","30.503269391164","-97.688749171204","exact",""
"2","d36aa5a9-9c03-4a98-ad40-e34106f4c6db","williamson-county-childrens-advocacy-center","published","Williamson County Children’s Advocacy Center (WCCAC)","Support for child abuse victims","1811 SE Inner Loop, Georgetown, TX, 78626","1811 SE Inner Loop","Georgetown","TX","78626","U.S. Census Bureau Geocoder","2026-09-03","Match","Exact","1811 SE INNER LOOP, GEORGETOWN, TX, 78626","30.613853489482","-97.657223463808","exact",""
"3","f7cc7041-2b04-4ec8-a435-dfae78584f85","rock-ride-on-center-georgetown","published","ROCK Ride On Center for Kids","Equine-assisted therapy and support","2050 ROCKride Lane, Georgetown, TX, 78626","2050 ROCKride Lane","Georgetown","TX","78626","U.S. Census Bureau Geocoder","2026-09-03","No_Match","","","0","0","unresolved","no_geocoder_match"
"4","c81ada7a-35f9-4f2c-8282-303c82c3b30c","williamson-county-family-recovery-court","published","Williamson County","Family Recovery Court","405 Martin Luther King Street, Georgetown, TX, 78626","405 Martin Luther King Street","Georgetown","TX","78626","U.S. Census Bureau Geocoder","2026-09-03","Match","Exact","405 MARTIN LUTHER KING ST, GEORGETOWN, TX, 78626","30.639860538682","-97.680913263791","exact",""
"5","145067fd-844f-4744-bb56-9d13c420ca50","starry-carver-center-for-families","published","STARRY + Georgetown Health Foundation","STARRY – Carver Center for Families","1200 W. 17th St., Georgetown, TX, 78626","1200 W. 17th St.","Georgetown","TX","78626","U.S. Census Bureau Geocoder","2026-09-03","No_Match","","","0","0","unresolved","no_geocoder_match"
"6","96e32345-c31a-4260-a816-efb412582e88","williamson-county-juvenile-services-mental-health-family-support","published","Williamson County Juvenile Services","Mental health and family support for justice-involved youth","200 Wilco Way, Georgetown, TX, 78626","200 Wilco Way","Georgetown","TX","78626","U.S. Census Bureau Geocoder","2026-09-03","No_Match","","","0","0","unresolved","no_geocoder_match"
"7","36baf425-4bb9-47ad-bc13-101fdfd4fb78","georgetown-project-nest-empowerment-center","published","The Georgetown Project","NEST Empowerment Center","2201 Old Airport Rd., Georgetown, TX, 78628","2201 Old Airport Rd.","Georgetown","TX","78628","U.S. Census Bureau Geocoder","2026-09-03","Match","Non_Exact","2201 OLD AIRPORT RD, GEORGETOWN, TX, 78626","30.662546810362","-97.66894192358","needs_review","non_exact_match"
"8","bfa1bda7-274b-42fb-9a1b-3cacab6c0395","the-caring-place","published","The Caring Place","Food and crisis assistance","2000 Railroad Avenue, Programs & Services: 2001 Railroad Avenue, Georgetown, TX, 78626","2000 Railroad Avenue","Georgetown","TX","78626","U.S. Census Bureau Geocoder","2026-09-03","Match","Exact","2000 RAILROAD AVE, GEORGETOWN, TX, 78626","30.626922320429","-97.684634871524","exact",""
"9","5f5f2227-d772-4fbb-82fd-e81b283f3750","operation-liberty-hill","published","Operation Liberty Hill","Food, clothing, and financial assistance","1401 N. Highway 183, Leander, TX, 78641","1401 N. Highway 183","Leander","TX","78641","U.S. Census Bureau Geocoder","2026-09-03","Match","Non_Exact","1401 US HWY 183, LEANDER, TX, 78641","30.561119683154","-97.845581324213","needs_review","non_exact_match"
"10","6aaaceb5-440b-463b-b09b-81c9752bc509","literacy-council-williamson-county","published","Literacy Council of Williamson County","Literacy, English, and GED preparation","805 West University Avenue, Georgetown, TX, 78626","805 West University Avenue","Georgetown","TX","78626","U.S. Census Bureau Geocoder","2026-09-03","Match","Exact","805 W UNIVERSITY AVE, GEORGETOWN, TX, 78626","30.633233039789","-97.683247965121","exact",""
"11","47f853a3-e0b3-4e4f-babf-72ca6fa7cff3","catholic-charities-immigration-legal-services-georgetown","published","Catholic Charities of Central Texas","Catholic Charities – Immigration Legal Services in Georgetown","1200 W. 17th St., Carver Center, Georgetown, TX, 78626","1200 W. 17th St.","Georgetown","TX","78626","U.S. Census Bureau Geocoder","2026-09-03","No_Match","","","0","0","unresolved","no_geocoder_match"
"12","855ba650-5774-4bea-a87d-a4674464b7bc","derechos-y-recursos-legales-de-inmigracion-immigrant-legal-resource-center-ilrc","published","Immigrant Legal Resource Center (ILRC)","Immigration Rights & Legal Resources","6633 East Hwy 290, Suite 102, Austin, TX, 78723","6633 East Hwy 290","Austin","TX","78723","U.S. Census Bureau Geocoder","2026-09-03","Match","Exact","6633 E HWY 290, AUSTIN, TX, 78723","30.320712699368","-97.694147230615","exact",""
"13","36cce978-6612-4e04-8874-0a54503645eb","acceso-gratuito-a-computadoras-y-habilidades-digitales-austin-free-net","published","Austin Free-Net","Free Computer Access & Digital Skills","2209 Rosewood Ave., Austin, TX, 78702","2209 Rosewood Ave.","Austin","TX","78702","U.S. Census Bureau Geocoder","2026-09-03","Match","Exact","2209 ROSEWOOD AVE, AUSTIN, TX, 78702","30.270129712111","-97.715983517891","exact",""
"14","9e02be2f-dabf-4e0d-87ae-4b8aacdba5b4","texas-baptist-children-s-home-support-for-foster-youth-and-families","published","Texas Baptist Children's Home","Transitional housing and counseling","1101 N. Mays Street, Round Rock, TX, 78664","1101 N. Mays Street","Round Rock","TX","78664","U.S. Census Bureau Geocoder","2026-09-03","Match","Exact","1101 N MAYS ST, ROUND ROCK, TX, 78664","30.518300445659","-97.683005353582","exact",""
"15","a922e19a-6fa5-4e4d-8621-48a7d7623ab7","the-settlement-home-for-children-post-adoption-services-support-for-foster-youth-and-families","published","The Settlement Home for Children Post-Adoption Services","Post-adoption support services","1600 Payton Gin Road, Austin, TX, 78758","1600 Payton Gin Road","Austin","TX","78758","U.S. Census Bureau Geocoder","2026-09-03","Match","Exact","1600 PAYTON GIN RD, AUSTIN, TX, 78758","30.364686554099","-97.715124661538","exact",""
"16","e20bd28c-bbc1-4ff3-89f4-f6493b731344","upbring-support-for-foster-youth-and-families","published","Upbring","Foster care, adoption, and transition support","8305 Cross Park Drive, Austin, TX, 78754","8305 Cross Park Drive","Austin","TX","78754","U.S. Census Bureau Geocoder","2026-09-03","Match","Exact","8305 CROSS PARK DR, AUSTIN, TX, 78754","30.335611248587","-97.670013052943","exact",""
"17","9a3dbad5-475f-4fc9-bf04-66897b2da65c","cross-creek-behavioral-health-hospital-mental-health-and-wellness-services","published","Cross Creek Behavioral Health Hospital","Mental health and wellness services","8402 Cross Park Drive, Austin, TX, 78754","8402 Cross Park Drive","Austin","TX","78754","U.S. Census Bureau Geocoder","2026-09-03","Match","Exact","8402 CROSS PARK DR, AUSTIN, TX, 78754","30.338190028235","-97.676547212999","exact",""
"18","40f9a72b-aa77-4860-8ffd-6e4c473993a8","healing-wings-llc-mental-health-and-wellness-services","published","Healing Wings LLC","Therapy and psychological assessment for youth","4749 Williams Drive, Suite 323, Georgetown, TX, 78633","4749 Williams Drive","Georgetown","TX","78633","U.S. Census Bureau Geocoder","2026-09-03","Match","Exact","4749 WILLIAMS DR, GEORGETOWN, TX, 78633","30.688381168682","-97.723504139106","exact",""
"19","24a73cb9-c809-4de7-9d4a-91311a668122","impact-counseling-services-inc-mental-health-and-wellness-services","published","Impact Counseling Services, Inc","Counseling for youth, adults, and families","2100 Scenic Drive, Suite 140, Georgetown, TX, 78626","2100 Scenic Drive","Georgetown","TX","78626","U.S. Census Bureau Geocoder","2026-09-03","Match","Exact","2100 SCENIC DR, GEORGETOWN, TX, 78626","30.626375517074","-97.687611090441","exact",""
"20","2952025e-0e38-4b4a-bda8-476c35c850d6","samaritan-center-mental-health-and-wellness-services","published","Samaritan Center","Mental health and wellness services","8956 Research Blvd, Building 2, Austin, TX, 78758","8956 Research Blvd","Austin","TX","78758","U.S. Census Bureau Geocoder","2026-09-03","No_Match","","","0","0","unresolved","no_geocoder_match"
"21","dc1dba5f-ed5e-4f0b-ab30-931192372aed","boys-and-girls-club-of-georgetown-youth-development-and-recreation-programs","published","Boys and Girls Club of Georgetown","Youth development and recreation programs","1200 W. 17th Street, Georgetown, TX, 78626","1200 W. 17th Street","Georgetown","TX","78626","U.S. Census Bureau Geocoder","2026-09-03","No_Match","","","0","0","unresolved","no_geocoder_match"
"22","0e0452ad-c60b-4f3b-92ab-0434444425f4","candlelight-ranch-youth-development-and-recreation-programs","published","Candlelight Ranch","Youth development and recreation programs","6408 Muleshoe Bend Trail, Marble Falls, TX, 78654","6408 Muleshoe Bend Trail","Marble Falls","TX","78654","U.S. Census Bureau Geocoder","2026-09-03","Match","Exact","6408 MULESHOE BEND TRL, MARBLE FALLS, TX, 78654","30.506737991925","-98.074461663371","exact",""
"23","1fee08a5-40ba-4bbf-b10a-0474d09ea20c","rowing-dock-youth-development-and-recreation-programs","published","Rowing Dock","Youth development and recreation programs","2418 Stratford Drive, Austin, TX, 78746","2418 Stratford Drive","Austin","TX","78746","U.S. Census Bureau Geocoder","2026-09-03","Match","Exact","2418 STRATFORD DR, AUSTIN, TX, 78746","30.274703326726","-97.776634693722","exact",""
"24","bc94d411-db8d-4ba0-8571-2a8e964f289a","westcave-outdoor-discovery-center-youth-development-and-recreation-programs","published","Westcave Outdoor Discovery Center","Youth development and recreation programs","24814 Hamilton Pool Road, Round Mountain, TX, 78663","24814 Hamilton Pool Road","Round Mountain","TX","78663","U.S. Census Bureau Geocoder","2026-09-03","Match","Exact","24814 HAMILTON POOL RD, ROUND MOUNTAIN, TX, 78663","30.339205408058","-98.139544586832","exact",""
"25","a56bf4d3-8986-4009-b2d6-9c6273582a8d","zilker-botanical-garden-youth-development-and-recreation-programs","published","Zilker Botanical Garden","Youth development and recreation programs","2220 Barton Springs Road, Austin, TX, 78746","2220 Barton Springs Road","Austin","TX","78746","U.S. Census Bureau Geocoder","2026-09-03","Match","Exact","2220 BARTON SPRINGS RD, AUSTIN, TX, 78746","30.266224562324","-97.769029303442","exact",""
"26","15dc36d5-f3d8-4799-a3b8-adc185a5ed8f","vela-disability-and-family-support","published","VELA","Courses and support for parents of children with disabilities","3100 East 4th Street, Austin, TX, 78702","3100 East 4th Street","Austin","TX","78702","U.S. Census Bureau Geocoder","2026-09-03","Match","Exact","3100 E 4TH ST, AUSTIN, TX, 78702","30.254464697085","-97.708666617501","exact",""
"27","46442109-648c-4f51-9ed4-df714e0f9864","fostering-hope-community-support-for-individuals-and-families","published","Fostering Hope","Training and support for foster families","13300 Pond Springs Road, Austin, TX, 78729","13300 Pond Springs Road","Austin","TX","78729","U.S. Census Bureau Geocoder","2026-09-03","Match","Exact","13300 POND SPRINGS RD, AUSTIN, TX, 78729","30.447948416244","-97.782095001013","exact",""
"28","20e66dca-2481-48d1-a472-2f0cd5092e22","christi-center-mental-health-and-wellness-services","published","Christi Center","Mental health and wellness services","2306 Hancock Drive, Austin, TX, 78756","2306 Hancock Drive","Austin","TX","78756","U.S. Census Bureau Geocoder","2026-09-03","Match","Exact","2306 HANCOCK DR, AUSTIN, TX, 78756","30.324315298944","-97.74275681366","exact",""
"29","180d2b16-e6f5-47b5-92fa-44df43637545","bridge-lacrosse-youth-development-and-recreation-programs","published","Bridge Lacrosse","Free youth lacrosse","1200 Montopolis Drive, Austin, TX, 78741","1200 Montopolis Drive","Austin","TX","78741","U.S. Census Bureau Geocoder","2026-09-03","Match","Exact","1200 MONTOPOLIS DR, AUSTIN, TX, 78741","30.232319627812","-97.698902033918","exact",""
"30","b460fd32-3961-4299-9beb-4f29f185029b","austin-creative-reuse-education-and-learning-support-programs","published","Austin Creative Reuse","Education and learning support programs","2005 Wheless Lane, Austin, TX, 78723","2005 Wheless Lane","Austin","TX","78723","U.S. Census Bureau Geocoder","2026-09-03","Match","Exact","2005 WHELESS LN, AUSTIN, TX, 78723","30.313762259736","-97.68770220831","exact",""
"31","ad6f0ff8-ebd7-4a63-be71-910d8a51f48a","college-hub-at-foundation-communities-education-and-learning-support-programs","published","Foundation Communities","Affordable Housing & Community Support Services","3000 S IH 35, Suite 300, Austin, TX, 78704","3000 S IH 35","Austin","TX","78704","U.S. Census Bureau Geocoder","2026-09-03","No_Match","","","0","0","unresolved","no_geocoder_match"
"32","e3497e15-889d-4c79-b5df-5464e49d62b3","austin-clubhouse-mental-health-and-wellness-services","published","Austin Clubhouse","Mental health and wellness services","610 E. 45th Street, Inside Hyde Park Christian Church, east entrance, Austin, TX, 78751","610 E. 45th Street","Austin","TX","78751","U.S. Census Bureau Geocoder","2026-09-03","Match","Exact","610 E 45TH ST, AUSTIN, TX, 78751","30.306674432243","-97.723432360135","exact",""
"33","73b444a8-b037-4d04-8325-8e5ecec24043","helping-hand-home-for-children-support-for-foster-youth-and-families","published","Helping Hand Home for Children","Support for foster youth and families","3804 Avenue B, Austin, TX, 78751","3804 Avenue B","Austin","TX","78751","U.S. Census Bureau Geocoder","2026-09-03","Match","Exact","3804 AVE B, AUSTIN, TX, 78751","30.301949707135","-97.736329890761","exact",""
"34","f114ecc1-49ca-4a76-ac67-cf07dc060373","austin-habitat-for-humanity-housing-and-basic-needs-assistance","published","Austin Habitat for Humanity","Affordable homeownership and housing counseling","500 W Ben White Boulevard, Austin, TX, 78704","500 W Ben White Boulevard","Austin","TX","78704","U.S. Census Bureau Geocoder","2026-09-03","Match","Non_Exact","500 W BEN WHITE SVC RD, AUSTIN, TX, 78704","30.224927999257","-97.765736700053","needs_review","non_exact_match"
"35","e01eedb9-6ee0-4c1b-81c6-b822ffc9e6c7","austin-child-guidance-center-mental-health-and-wellness-services","published","Austin Child Guidance Center","Mental health and wellness services","810 W. 45th Street, Austin, TX, 78751","810 W. 45th Street","Austin","TX","78751","U.S. Census Bureau Geocoder","2026-09-03","Match","Exact","810 W 45TH ST, AUSTIN, TX, 78751","30.31231595723","-97.735435514344","exact",""
"36","964ed8a9-7a7f-48b6-8d16-233adc81572d","centered-youth-clinic-and-consulting-mental-health-and-wellness-services","published","Centered Youth Clinic & Consulting","Primary and specialized health care for youth","201 East Wilco Highway, Suite 201, Hutto, TX, 78634","201 East Wilco Highway","Hutto","TX","78634","U.S. Census Bureau Geocoder","2026-09-03","No_Match","","","0","0","unresolved","no_geocoder_match"
"37","30fa47b2-4985-432a-b020-53f19e042059","sunrise-homeless-navigation-center-homeless-navigation-and-basic-needs-support","published","Sunrise Homeless Navigation Center","Homeless navigation and basic-needs support","4430 Menchaca Rd, Austin, TX, 78745","4430 Menchaca Rd","Austin","TX","78745","U.S. Census Bureau Geocoder","2026-09-03","Match","Non_Exact","4430 MANCHACA RD, AUSTIN, TX, 78745","30.228234795217","-97.789496436521","needs_review","non_exact_match"
"38","0e830d50-cae6-4930-9a2b-987e73a20b85","lone-star-circle-of-care-community-health-services","published","Lone Star Circle of Care","MAP Enrollment & Affordable Health Care","1221 W. Ben White Blvd., Building B, Suite 200, Austin, TX, 78704","1221 W. Ben White Blvd.","Austin","TX","78704","U.S. Census Bureau Geocoder","2026-09-03","Match","Exact","1221 W BEN WHITE BLVD, AUSTIN, TX, 78704","30.227322029935","-97.778467421065","exact",""
"39","622d9262-1590-46f0-a976-b75a1c13ec4d","communitycare-primary-and-specialty-health-services","published","CommUnityCare","Primary and specialty health services","7050 Elroy Rd., Austin, TX, 78617","7050 Elroy Rd.","Austin","TX","78617","U.S. Census Bureau Geocoder","2026-09-03","Match","Non_Exact","7050 ELROY RD, DEL VALLE, TX, 78617","30.157779837875","-97.642229123497","needs_review","non_exact_match"
"40","0e96ff9d-9e8b-49e8-845a-e9952c5e138b","people-s-community-clinic-women-s-health-center","published","People's Community Clinic","Women’s Health Center","2909 North IH35, Austin, TX, 78722","2909 North IH35","Austin","TX","78722","U.S. Census Bureau Geocoder","2026-09-03","No_Match","","","0","0","unresolved","no_geocoder_match"
"41","1fb67fff-90dd-4867-8de4-878cc3e85322","people-s-community-clinic-community-health-clinic","published","People's Community Clinic","MAP Assistance & Affordable Health Care","1101 Camino La Costa, Austin, TX, 78752","1101 Camino La Costa","Austin","TX","78752","U.S. Census Bureau Geocoder","2026-09-03","Match","Exact","1101 CAM LA COSTA, AUSTIN, TX, 78752","30.324875579805","-97.700194597664","exact",""
"42","7fd18a9b-abd0-41c4-a16d-a776de28d1bd","austin-public-health-far-south-immunization-clinic","published","Austin Public Health","Far South Immunization Clinic","405 W. Stassney Lane, Austin, TX, 78745","405 W. Stassney Lane","Austin","TX","78745","U.S. Census Bureau Geocoder","2026-09-03","Match","Non_Exact","405 E STASSNEY LN, AUSTIN, TX, 78745","30.202823324581","-97.771764751983","needs_review","non_exact_match"
"43","9fd1002c-023f-4650-aa26-9b5889fbf6fc","austin-public-health-st-johns-immunization-clinic","published","Austin Public Health","St. Johns Immunization Clinic","7500 Blessing Avenue, Austin, TX, 78752","7500 Blessing Avenue","Austin","TX","78752","U.S. Census Bureau Geocoder","2026-09-03","Match","Exact","7500 BLESSING AVE, AUSTIN, TX, 78752","30.332027518138","-97.69306280548","exact",""
"44","4b2cd9bb-a1fc-409b-bdbe-39f3059edd9d","ventanilla-de-salud-health-information-and-preventive-services","published","Ventanilla de Salud – Consulado General de México en Austin","Health Information & Preventive Services","5202 E. Ben White Blvd., Suite 150, Austin, TX, 78741","5202 E. Ben White Blvd.","Austin","TX","78741","U.S. Census Bureau Geocoder","2026-09-03","Match","Exact","5202 E BEN WHITE BLVD, AUSTIN, TX, 78741","30.214530757707","-97.727076430412","exact",""
"45","6db18573-eec3-4bfb-9250-5392f9e27cbb","st-edward-s-community-counseling-clinic-community-counseling-services","published","St. Edward's Community Counseling Clinic","Community Counseling Services","3001 S. Congress Ave, East Hall 153, Austin, TX, 78704","3001 S. Congress Ave","Austin","TX","78704","U.S. Census Bureau Geocoder","2026-09-03","Match","Non_Exact","3001 CONGRESS AVE S, AUSTIN, TX, 78704","30.23336705748","-97.757808218145","needs_review","non_exact_match"
"46","e8dbc5bb-9bba-4913-9c18-aeea7afd55a1","lirios-para-mental-health-bilingual-counseling-services","published","Lirios Para Mental Health","Bilingual counseling services","4201 South Congress Avenue Ste 202, Austin, TX, 78745","4201 South Congress Avenue Ste 202","Austin","TX","78745","U.S. Census Bureau Geocoder","2026-09-03","Match","Non_Exact","4201 CONGRESS AVE S, AUSTIN, TX, 78745","30.221245548362","-97.764854785415","needs_review","non_exact_match"
"47","bb12f176-ea4d-4370-80de-21b47489272b","capital-area-counseling-affordable-counseling-services","published","Capital Area Counseling","Affordable counseling services","9111 Jollyville Rd, Suite 250, Austin, TX, 78759","9111 Jollyville Rd","Austin","TX","78759","U.S. Census Bureau Geocoder","2026-09-03","Match","Exact","9111 JOLLYVILLE RD, AUSTIN, TX, 78759","30.381596235919","-97.743300108233","exact",""
"48","78fd23b1-9406-49ad-b803-71e3e0c077ac","austin-child-guidance-center-child-and-family-therapy","published","Austin Child Guidance Center","Child and family therapy","810 W 45th St, Austin, TX, 78751","810 W 45th St","Austin","TX","78751","U.S. Census Bureau Geocoder","2026-09-03","Match","Exact","810 W 45TH ST, AUSTIN, TX, 78751","30.31231595723","-97.735435514344","exact",""
"49","380d78f2-3fd7-4cb0-ac5f-24952ac11a37","opportunities-for-williamson-and-burnet-counties-community-case-management-support","published","Opportunities for Williamson & Burnet Counties (OWBC)","Community Services, Head Start & Meals on Wheels","604 High Tech Drive, Georgetown, TX, 78626","604 High Tech Drive","Georgetown","TX","78626","U.S. Census Bureau Geocoder","2026-09-03","Match","Exact","604 HIGH TECH DR, GEORGETOWN, TX, 78626","30.619334151063","-97.670418401313","exact",""
"50","71ef5708-40b2-46e5-b632-07f876b68844","central-texas-food-bank-food-distribution","published","Central Texas Food Bank","Food distribution","6500 Metropolis Drive, Austin, TX, 78744","6500 Metropolis Drive","Austin","TX","78744","U.S. Census Bureau Geocoder","2026-09-03","Match","Exact","6500 METROPOLIS DR, AUSTIN, TX, 78744","30.202104818821","-97.710306976849","exact",""
"51","7a381e10-25c6-442b-a53a-6e7838946815","dolores-catholic-church-food-pantry","published","Dolores Catholic Church","Food Pantry","1111 Montopolis Dr., Austin, TX, 78741","1111 Montopolis Dr.","Austin","TX","78741","U.S. Census Bureau Geocoder","2026-09-03","Match","Exact","1111 MONTOPOLIS DR, AUSTIN, TX, 78741","30.23295051919","-97.698347342631","exact",""
"52","b2d878c8-fb16-4cec-98ef-214683c19eae","central-presbyterian-church-breakfast-and-basic-needs-support","published","Central Presbyterian Church","Central Mission: breakfast and basic needs","200 E. 8th St, Austin, TX, 78701","200 E. 8th St","Austin","TX","78701","U.S. Census Bureau Geocoder","2026-09-03","Match","Exact","200 E 8TH ST, AUSTIN, TX, 78701","30.269570081546","-97.740696585361","exact",""
"53","3ea9291b-b85a-4009-b49a-79169c6e0b4c","foundation-for-the-homeless-feed-my-people-breakfast-showers-and-clothing","published","Foundation for the Homeless / Feed My People","Breakfast, showers and clothing","1300 Lavaca St., Austin, TX","1300 Lavaca St.","Austin","TX","","U.S. Census Bureau Geocoder","2026-09-03","Match","Exact","1300 LAVACA ST, AUSTIN, TX, 78701","30.275804893724","-97.742633852007","exact",""
"54","4fa4cebd-453a-42f5-866f-020952f2260a","university-presbyterian-church-food-pantry-and-utility-assistance","published","University Presbyterian Church","Food pantry and utility assistance","2203 San Antonio Street, Austin, TX, 78705","2203 San Antonio Street","Austin","TX","78705","U.S. Census Bureau Geocoder","2026-09-03","Match","Exact","2203 SAN ANTONIO ST, AUSTIN, TX, 78705","30.28516485659","-97.742824975052","exact",""
"55","c5211c29-1b7f-43fc-bbd3-209a9af4b1ad","university-united-methodist-church-open-door-breakfast-and-clothing","published","University United Methodist Church","Open Door breakfast and clothing","2409 Guadalupe Street, Austin, TX, 78705","2409 Guadalupe Street","Austin","TX","78705","U.S. Census Bureau Geocoder","2026-09-03","Match","Exact","2409 GUADALUPE ST, AUSTIN, TX, 78705","30.287850560574","-97.741471735453","exact",""
"56","29e8c472-0ea5-487b-8bc6-1ef6152a06d1","consultame-mexican-consulate-procedure-assistance","published","Consultame","Mexican Consulate procedure assistance","2911 AW Grimes Blvd #203, Pflugerville, TX, 78660","2911 AW Grimes Blvd #203","Pflugerville","TX","78660","U.S. Census Bureau Geocoder","2026-09-03","Match","Non_Exact","2911 A W GRIMES BLVD, PFLUGERVILLE, TX, 78660","30.477624315033","-97.643205088749","needs_review","non_exact_match"
"57","4aca8d3c-240c-4408-b9fc-16d2c7bf2ac7","child-inc-child-care-for-families-with-low-incomes","published","Child Inc.","Child care for families with low incomes","818 East 53rd Street, Austin, TX, 78751","818 East 53rd Street","Austin","TX","78751","U.S. Census Bureau Geocoder","2026-09-03","Match","Exact","818 E 53RD ST, AUSTIN, TX, 78751","30.313947457322","-97.714780870706","exact",""
"58","c59aeb14-d78e-4511-be0f-f8f21479b7d5","the-goodwill-excel-center-adult-high-school-diploma-and-career-training","published","The Goodwill Excel Center","Adult high school diploma and career training","1015 Norwood Park Blvd., Austin, TX, 78753","1015 Norwood Park Blvd.","Austin","TX","78753","U.S. Census Bureau Geocoder","2026-09-03","Match","Exact","1015 NORWOOD PARK BLVD, AUSTIN, TX, 78753","30.339170351618","-97.692986090291","exact",""
"59","1e2c42fa-f230-4e76-afd3-9f70e1f51d8c","ut-austin-school-of-nursing-children-s-wellness-center","published","UT Austin School of Nursing","Children's Wellness Center","5301 Ross Rd., Building H, Suite H, Del Valle, TX, 78617","5301 Ross Rd.","Del Valle","TX","78617","U.S. Census Bureau Geocoder","2026-09-03","Match","Exact","5301 ROSS RD, DEL VALLE, TX, 78617","30.178219272974","-97.61519984697","exact",""
"60","9c1858a2-e36d-4bd8-b287-ad85594efea5","the-source-women-s-health-center-women-s-health-services","published","The Source Women's Health Center","Women’s health services","1007 E 41st St., Austin, TX, 78751","1007 E 41st St.","Austin","TX","78751","U.S. Census Bureau Geocoder","2026-09-03","Match","Exact","1007 E 41ST ST, AUSTIN, TX, 78751","30.298550430798","-97.720136142284","exact",""
"61","87a796dc-71a2-4d5a-b14c-292e6d11ac96","northeast-health-resource-center-free-diapers-and-menstrual-products","published","Northeast Health Resource Center","Free diapers and menstrual products","6711 Johnny Morris Rd., Austin, TX, 78724","6711 Johnny Morris Rd.","Austin","TX","78724","U.S. Census Bureau Geocoder","2026-09-03","Match","Exact","6711 JOHNNY MORRIS RD, AUSTIN, TX, 78724","30.300379483019","-97.648051929391","exact",""
"62","07b26629-178f-422e-9cbe-cb62b3c1416e","austin-public-health-dove-springs-neighborhood-center","published","Austin Public Health","Dove Springs Neighborhood Center","5811 Palo Blanco Lane, Austin, TX, 78744","5811 Palo Blanco Lane","Austin","TX","78744","U.S. Census Bureau Geocoder","2026-09-03","No_Match","","","0","0","unresolved","no_geocoder_match"
"63","03ab5ff0-7750-4d87-b288-0471a3f8691c","austin-public-health-st-john-community-center","published","Austin Public Health","St. John Community Center","7500 Blessing Avenue, Austin, TX, 78752","7500 Blessing Avenue","Austin","TX","78752","U.S. Census Bureau Geocoder","2026-09-03","Match","Exact","7500 BLESSING AVE, AUSTIN, TX, 78752","30.332027518138","-97.69306280548","exact",""
"64","f28939b6-8201-4657-a509-f1909198b3ff","austin-public-health-east-austin-neighborhood-center","published","Austin Public Health","East Austin Neighborhood Center","211 Comal Street, Austin, TX, 78702","211 Comal Street","Austin","TX","78702","U.S. Census Bureau Geocoder","2026-09-03","Match","Exact","211 COMAL ST, AUSTIN, TX, 78702","30.259538455721","-97.72811629403","exact",""
"65","3c82de24-1c8f-4d9b-bbde-7673dc6791da","austin-public-health-montopolis-community-center","published","Austin Public Health","Montopolis Community Center","1200 Montopolis Drive, Austin, TX, 78741","1200 Montopolis Drive","Austin","TX","78741","U.S. Census Bureau Geocoder","2026-09-03","Match","Exact","1200 MONTOPOLIS DR, AUSTIN, TX, 78741","30.232319627812","-97.698902033918","exact",""
"66","705a5ab0-a0d7-4fd5-86b7-6afa79678d64","dress-for-success-austin-employment-and-professional-clothing-support","published","Dress for Success Austin","Employment and professional clothing support","3000 S. I-35 Frontage Road, Suite 180, Austin, TX, 78704","3000 S. I-35 Frontage Road","Austin","TX","78704","U.S. Census Bureau Geocoder","2026-09-03","No_Match","","","0","0","unresolved","no_geocoder_match"
"67","fce78f82-15f4-431b-8524-c739e9d59503","navarro-high-school-family-resource-center-family-resource-center-support","published","Navarro High School Family Resource Center","Family Resource Center","1111 Fairfield Dr, Austin, TX, 78758","1111 Fairfield Dr","Austin","TX","78758","U.S. Census Bureau Geocoder","2026-09-03","Match","Exact","1111 FAIRFIELD DR, AUSTIN, TX, 78758","30.358888695117","-97.708738407205","exact",""
"68","965b2004-2de8-49f4-a0d3-d0f6a0ccb3ac","lincoln-goldfinch-law-immigration-legal-services","published","Lincoln-Goldfinch Law","Immigration legal services","1005 E 40th St, Austin, TX, 78751","1005 E 40th St","Austin","TX","78751","U.S. Census Bureau Geocoder","2026-09-03","Match","Exact","1005 E 40TH ST, AUSTIN, TX, 78751","30.297354389831","-97.720140720548","exact",""
"69","0a97f4ee-26c3-4a07-a118-c3cf024c20d5","all-saints-episcopal-church-rent-and-utility-assistance-all-saints-episcopal-church-rent-and-utility-assistanc","published","All Saints Episcopal Church Rent and Utility Assistance","Rent and utility assistance","209 W. 27th Street, Austin, TX, 78705","209 W. 27th Street","Austin","TX","78705","U.S. Census Bureau Geocoder","2026-09-03","Match","Exact","209 W 27TH ST, AUSTIN, TX, 78705","30.291781699937","-97.739080017072","exact",""
"70","283c04bd-73bd-4dad-8644-0d6c05e47886","green-doors-green-doors","published","Green Doors","Affordable & Supportive Housing","1503 S. I-35 Frontage Rd, Austin, TX, 78741","1503 S. I-35 Frontage Rd","Austin","TX","78741","U.S. Census Bureau Geocoder","2026-09-03","Match","Non_Exact","1503 S I- 35 SVC RD, AUSTIN, TX, 78741","30.24322360008","-97.735047607669","needs_review","non_exact_match"
"71","a13989cb-a3d6-42da-bf51-264ecc328b84","guadalupe-neighborhood-development-corporation-guadalupe-neighborhood-development-corporation","published","Guadalupe Neighborhood Development Corporation","Affordable rental and homeownership options","813 E. 8th Street, Austin, TX, 78702","813 E. 8th Street","Austin","TX","78702","U.S. Census Bureau Geocoder","2026-09-03","Match","Exact","813 E 8TH ST, AUSTIN, TX, 78702","30.267408392177","-97.733398227215","exact",""
"72","c95962a4-2670-4382-809b-433c69bd0c27","mueller-affordable-homes-mueller-affordable-homes","published","Mueller Affordable Homes","Affordable homeownership and rentals in Mueller","4550 Mueller Blvd., Austin, TX, 78723","4550 Mueller Blvd.","Austin","TX","78723","U.S. Census Bureau Geocoder","2026-09-03","Match","Exact","4550 MUELLER BLVD, AUSTIN, TX, 78723","30.297524012531","-97.707118794819","exact",""
"73","454c78f4-22eb-4e3e-afb1-27d2b6b32cac","austin-resource-center-for-the-homeless-arch-austin-resource-center-for-the-homeless-arch","published","Austin Resource Center for the Homeless (ARCH)","Emergency Shelter & Homeless Services","500 E 7th Street, Austin, TX, 78701","500 E 7th Street","Austin","TX","78701","U.S. Census Bureau Geocoder","2026-09-03","Match","Non_Exact","500 W 7TH ST, AUSTIN, TX, 78701","30.270325892098","-97.747043829002","needs_review","non_exact_match"
"74","b11604b0-5d1a-4d0e-9c59-58397e6b02d6","casa-marianella-casa-marianella","published","Casa Marianella","Refugio y Apoyo para Inmigrantes y Solicitantes de Asilo","821 Gunter Street, Austin, TX, 78702","821 Gunter Street","Austin","TX","78702","U.S. Census Bureau Geocoder","2026-09-03","Match","Exact","821 GUNTER ST, AUSTIN, TX, 78702","30.259361030684","-97.701511530882","exact",""
"75","9e6e2426-ca9f-49cf-974d-36834eccde34","city-of-austin-cold-weather-shelter","published","City of Austin","Cold Weather Shelter","505 Barton Springs Rd., Austin, TX, 78704","505 Barton Springs Rd.","Austin","TX","78704","U.S. Census Bureau Geocoder","2026-09-03","Match","Exact","505 BARTON SPRINGS RD, AUSTIN, TX, 78704","30.258445516251","-97.749273200861","exact",""
"76","148cb73a-4dc6-4b43-8515-1a59f006e203","downtown-austin-community-court-dacc-downtown-austin-community-court-dacc","published","Downtown Austin Community Court (DACC)","Community Court & Homeless Services","505 Barton Springs Road, First Floor, Austin, TX, 78704","505 Barton Springs Road","Austin","TX","78704","U.S. Census Bureau Geocoder","2026-09-03","Match","Exact","505 BARTON SPRINGS RD, AUSTIN, TX, 78704","30.258445516251","-97.749273200861","exact",""
"77","7ad531f3-582b-45d5-b9c7-c4edf164e26b","safe-alliance-safe-alliance","published","The SAFE Alliance (SAFE)","Domestic Violence & Sexual Assault","4800 Manor Rd., Building A, Austin, TX, 78723","4800 Manor Rd.","Austin","TX","78723","U.S. Census Bureau Geocoder","2026-09-03","Match","Exact","4800 MANOR RD, AUSTIN, TX, 78723","30.295253553201","-97.688969858832","exact",""
"78","5fcf4ba4-34cd-4e80-90e4-db0069526974","the-salvation-army-shelter-for-women-and-children-the-salvation-army-shelter-for-women-and-children","published","The Salvation Army","Emergency Shelter for Women & Children","4613 Tannehill Lane, Building 3, Austin, TX, 78721","4613 Tannehill Lane","Austin","TX","78721","U.S. Census Bureau Geocoder","2026-09-03","Match","Exact","4613 TANNEHILL LN, AUSTIN, TX, 78721","30.283868510119","-97.671640940227","exact",""
"79","78d81c43-ba39-444d-b04c-3075252a64f9","the-salvation-army-rathgeber-center-for-families-the-salvation-army-rathgeber-center-for-families","published","The Salvation Army - Rathgeber Center for Families","Emergency Family Shelter & Housing Support","4613 Tannehill Ln, Bldg 1, Austin, TX, 78721","4613 Tannehill Ln","Austin","TX","78721","U.S. Census Bureau Geocoder","2026-09-03","Match","Exact","4613 TANNEHILL LN, AUSTIN, TX, 78721","30.283868510119","-97.671640940227","exact",""
"80","d8a0d9f5-ca03-4a94-bf7a-a0d4f5d37669","angel-house-austin-baptist-chapel-angel-house-austin-baptist-chapel","published","Angel House/ Austin Baptist Chapel","Hot meals and showers","908 E Cesar Chavez St, Austin, TX, 78702","908 E Cesar Chavez St","Austin","TX","78702","U.S. Census Bureau Geocoder","2026-09-03","Match","Exact","908 E CESAR CHAVEZ ST, AUSTIN, TX, 78702","30.260916608742","-97.735384901884","exact",""
"81","9fb125d7-eee4-41ed-bb48-adfcf413ff6b","caritas-of-austin-caritas-of-austin","published","Caritas of Austin","Food and basic-needs assistance","611 Neches St., Austin, TX, 78701","611 Neches St.","Austin","TX","78701","U.S. Census Bureau Geocoder","2026-09-03","Match","Exact","611 NECHES ST, AUSTIN, TX, 78701","30.266899108638","-97.738133883428","exact",""
"82","f75751d5-0532-460c-9db1-e97ceba68cab","faith-presbyterian-church-faith-presbyterian-church","published","Austin City Lutherans & Faith Presbyterian Church","Despensa de Alimentos Pan para Todos","1314 E Oltorf St, Austin, TX, 78704","1314 E Oltorf St","Austin","TX","78704","U.S. Census Bureau Geocoder","2026-09-03","Match","Exact","1314 E OLTORF ST, AUSTIN, TX, 78704","30.234529768316","-97.743371852527","exact",""
"83","b6ddcd4a-db8d-4c8e-aa55-c3e4d34d9f4b","greater-mt-zion-church-greater-mt-zion-church-2","published","Greater Mt. Zion Church","Food Pantry","4301 Tannehill Lane, Austin, TX, 78721","4301 Tannehill Lane","Austin","TX","78721","U.S. Census Bureau Geocoder","2026-09-03","Match","Exact","4301 TANNEHILL LN, AUSTIN, TX, 78721","30.28137799203","-97.672552350731","exact",""
"84","cb535f66-7a0d-4881-a5af-87e976717ae0","st-vincent-de-paul-food-pantry-st-vincent-de-paul-food-pantry","published","Society of St. Vincent de Paul Diocesan Council of Austin","St. Vincent de Paul Food Pantry","901 W. Braker Lane, Austin, TX, 78758","901 W. Braker Lane","Austin","TX","78758","U.S. Census Bureau Geocoder","2026-09-03","Match","Exact","901 W BRAKER LN, AUSTIN, TX, 78758","30.381960004297","-97.686593590168","exact",""
"85","fd841f57-2c4a-4141-acc0-71b0c09c2f60","university-baptist-church-university-baptist-church","published","University Baptist Church (UBC)","Comida Comunitaria Gratuita","2409 Guadalupe St., Austin, TX, 78705","2409 Guadalupe St.","Austin","TX","78705","U.S. Census Bureau Geocoder","2026-09-03","Match","Exact","2409 GUADALUPE ST, AUSTIN, TX, 78705","30.287850560574","-97.741471735453","exact",""
"86","bf5c41af-a94a-4b0f-be55-3a8c0bded946","ashwell-sexual-health-and-wellness-clinic-ashwell-sexual-health-and-wellness-clinic","published","Ashwell Sexual Health and Wellness Clinic","Sexual health and wellness care","3100 Red River Suite 3, Austin, TX, 78705","3100 Red River Suite 3","Austin","TX","78705","U.S. Census Bureau Geocoder","2026-09-03","Match","Non_Exact","3100 RED RIVER ST, AUSTIN, TX, 78705","30.29037526522","-97.727288368731","needs_review","non_exact_match"
"87","986bbf8f-0c0a-4b57-a0d1-ab8d9fb7fe9f","kind-dental-care-kind-dental-care","published","Kind Dental Care","Dental care savings plan","10700 Anderson Mill Rd #300, Austin, TX, 78750","10700 Anderson Mill Rd #300","Austin","TX","78750","U.S. Census Bureau Geocoder","2026-09-03","Match","Exact","10700 ANDERSON MILL RD, AUSTIN, TX, 78750","30.446953047535","-97.811995808788","exact",""
"88","c61cce1e-249c-476b-b865-15db97834851","society-of-st-vincent-de-paul-svdp-pharmacy-program","published","Society of St. Vincent de Paul","SVdP Pharmacy Program","901 W. Braker Lane, Austin, TX, 78758","901 W. Braker Lane","Austin","TX","78758","U.S. Census Bureau Geocoder","2026-09-03","Match","Exact","901 W BRAKER LN, AUSTIN, TX, 78758","30.381960004297","-97.686593590168","exact",""
"89","5f2c362a-438a-4f1a-9a7e-f5d76a092c3b","the-goodwill-career-and-technical-academy-the-goodwill-career-and-technical-academy","published","The Goodwill Career and Technical Academy","Technical education and career training","1015 Norwood Park Boulevard, Austin, TX, 78753","1015 Norwood Park Boulevard","Austin","TX","78753","U.S. Census Bureau Geocoder","2026-09-03","Match","Exact","1015 NORWOOD PARK BLVD, AUSTIN, TX, 78753","30.339170351618","-97.692986090291","exact",""
"90","e0d9758c-a1a5-40d4-8cef-a4fe70121dec","trinity-center-trinity-center","published","Trinity Center","Day center for people experiencing homelessness","304 E. 7th St, Austin, TX, 78701","304 E. 7th St","Austin","TX","78701","U.S. Census Bureau Geocoder","2026-09-03","Match","Exact","304 E 7TH ST, AUSTIN, TX, 78701","30.268326453613","-97.73991485344","exact",""
"91","8d7f538b-020c-4470-9a49-4850aca6497a","terapia-bilingue-individual-y-familiar-austin-bilingual-therapy","published","Austin Bilingual Therapy","Bilingual individual and family therapy","8700 Menchaca Rd, Suite 205, Austin, TX, 78748","8700 Menchaca Rd","Austin","TX","78748","U.S. Census Bureau Geocoder","2026-09-03","Match","Non_Exact","8700 MANCHACA RD, AUSTIN, TX, 78748","30.185401547547","-97.816714998975","needs_review","non_exact_match"
"92","48138c8c-4ea6-473a-b0c0-ea9df8476bef","apoyo-de-salud-mental-para-jovenes-lgbtqia-y-familias-outyouth","published","OutYouth","Mental health support for LGBTQIA+ youth and families","3007 N Lamar Blvd, Austin, TX, 78705","3007 N Lamar Blvd","Austin","TX","78705","U.S. Census Bureau Geocoder","2026-09-03","Match","Exact","3007 N LAMAR BLVD, AUSTIN, TX, 78705","30.299539990354","-97.74655989559","exact",""
"93","246c88c0-398e-42e8-9194-b491c26bcaf3","atencion-medica-gratuita-para-ninos-sin-seguro-lirios-pediatrics","published","Lirios Pediatrics","Free health care for uninsured children","4201 S Congress Ave, Suite 202, Austin, TX, 78745","4201 S Congress Ave","Austin","TX","78745","U.S. Census Bureau Geocoder","2026-09-03","Match","Non_Exact","4201 CONGRESS AVE S, AUSTIN, TX, 78745","30.221245548362","-97.764854785415","needs_review","non_exact_match"
"94","cbf5824e-7e4a-4970-b6df-a52600064887","atencion-medica-para-residentes-sin-seguro-volunteer-healthcare-clinic","published","Volunteer Healthcare Clinic","Health care for uninsured residents","4215 Medical Pkwy, Austin, TX, 78756","4215 Medical Pkwy","Austin","TX","78756","U.S. Census Bureau Geocoder","2026-09-03","Match","Exact","4215 MEDICAL PKWY, AUSTIN, TX, 78756","30.31155349063","-97.742443922372","exact",""
"95","9b5c158e-7afa-4803-b3d2-5a381824ccd9","city-of-austin-vital-statistics","published","City of Austin – Austin Public Health","City of Austin – Office of Vital Records","7201 Levander Loop Bldg. C, Austin, TX, 78702","7201 Levander Loop Bldg. C","Austin","TX","78702","U.S. Census Bureau Geocoder","2026-09-03","No_Match","","","0","0","unresolved","no_geocoder_match"
"96","0edcce44-82b9-48aa-af70-cdbb3481fb9c","travis-central-appraisal-district-tcad","draft","Travis Central Appraisal District (TCAD)","Property appraisal and tax exemptions","850 East Anderson Lane, Austin, TX, 78752","850 East Anderson Lane","Austin","TX","78752","U.S. Census Bureau Geocoder","2026-09-03","Match","Non_Exact","850 E ANDERSON LN SVC RD, AUSTIN, TX, 78752","30.338393069397","-97.69803878022","needs_review","non_exact_match"
"97","bb315bb3-7fb2-4348-b299-449331255bd4","travis-county-clerk-s-office-recording-division","draft","Travis County Clerk's Office","Recording Division","5501 Airport Blvd, Ste. 100B, Austin, TX, 78751","5501 Airport Blvd","Austin","TX","78751","U.S. Census Bureau Geocoder","2026-09-03","Match","Exact","5501 AIRPORT BLVD, AUSTIN, TX, 78751","30.318769733594","-97.712697851496","exact",""
"98","b70cbbba-4659-4657-b50e-7d2db25a1388","travis-county-clerk-s-office-probate-division","draft","Travis County Clerk's Office","Probate Division","200 W 8th St, #140, Austin, TX, 78701","200 W 8th St","Austin","TX","78701","U.S. Census Bureau Geocoder","2026-09-03","Match","Exact","200 W 8TH ST, AUSTIN, TX, 78701","30.270343175709","-97.743459021295","exact",""
"99","2820cec6-9291-4585-9a6a-a7ce0dd533c4","travis-county-clerk-s-office-misdemeanor-division","draft","Travis County Clerk's Office","Misdemeanor Division","1000 Guadalupe St, Suite 222, Austin, TX, 78701","1000 Guadalupe St","Austin","TX","78701","U.S. Census Bureau Geocoder","2026-09-03","Match","Exact","1000 GUADALUPE ST, AUSTIN, TX, 78701","30.272843643358","-97.744938378299","exact",""
"100","a8dc3b93-1f99-408c-a283-b421244d111d","travis-county-clerk-s-office-civil-division","draft","Travis County Clerk's Office","Civil Division","1700 Guadalupe St, Ste. 4.300, Austin, TX, 78701","1700 Guadalupe St","Austin","TX","78701","U.S. Census Bureau Geocoder","2026-09-03","Match","Exact","1700 GUADALUPE ST, AUSTIN, TX, 78701","30.279809691347","-97.742332778441","exact",""
"101","f0af5bdc-4f5e-4ac1-95cf-dc4cca39a5fa","travis-county-tax-office","draft","Travis County Tax Office","Property taxes and vehicle services","2433 Ridgepoint Dr, Austin, TX, 78754","2433 Ridgepoint Dr","Austin","TX","78754","U.S. Census Bureau Geocoder","2026-09-03","Match","Exact","2433 RIDGEPOINT DR, AUSTIN, TX, 78754","30.328993068823","-97.674103755616","exact",""
"102","28e68e9c-a1a8-4d0b-bc7b-07016870b424","travis-county-law-library","draft","Travis County Law Library","Law library and self-representation assistance","1700 Guadalupe St, 2nd Floor, Austin, TX, 78701","1700 Guadalupe St","Austin","TX","78701","U.S. Census Bureau Geocoder","2026-09-03","Match","Exact","1700 GUADALUPE ST, AUSTIN, TX, 78701","30.279809691347","-97.742332778441","exact",""
"103","192ff2bb-47d5-4e66-8ce0-707963cedb01","travis-county-district-clerk-jury-and-passports","draft","Travis County District Clerk","Jury and passport services","5325 Airport Blvd, 1st Floor (Pasaportes) / Suite 1100 (Jurado), Austin, TX, 78751","5325 Airport Blvd","Austin","TX","78751","U.S. Census Bureau Geocoder","2026-09-03","Match","Exact","5325 AIRPORT BLVD, AUSTIN, TX, 78751","30.314267125881","-97.714884849125","exact",""
"104","4115c792-beac-4c6d-8a48-741741cc1a67","travis-county-district-clerk-divorces","draft","Travis County District Clerk","Divorce filing and processing","1700 Guadalupe Street, 3rd Floor, Room 3.200 (Civil & Family Courts Facility), Austin, TX, 78701","1700 Guadalupe Street","Austin","TX","78701","U.S. Census Bureau Geocoder","2026-09-03","Match","Exact","1700 GUADALUPE ST, AUSTIN, TX, 78701","30.279809691347","-97.742332778441","exact",""
"105","ea4846e2-c3b8-4097-a341-87ac4db9c11b","travis-county-domestic-relations-child-support","draft","Travis County Domestic Relations (Child Support)","Child and spousal support enforcement","1700 Guadalupe St, 5th Floor, Austin, TX, 78701","1700 Guadalupe St","Austin","TX","78701","U.S. Census Bureau Geocoder","2026-09-03","Match","Exact","1700 GUADALUPE ST, AUSTIN, TX, 78701","30.279809691347","-97.742332778441","exact",""
"106","721880c3-a6fa-42a3-ac6a-1dac836305b8","tx-dps-dept-of-public-safety","published","State of Texas – Texas Department of Public Safety","Texas Department of Public Safety (TxDPS)","5805 N. Lamar Blvd., Austin, TX, 78752","5805 N. Lamar Blvd.","Austin","TX","78752","U.S. Census Bureau Geocoder","2026-09-03","Match","Exact","5805 N LAMAR BLVD, AUSTIN, TX, 78752","30.326902454533","-97.725673172778","exact",""
"107","d8dbc7e1-d086-4b8c-aa34-a5ffc957b8da","williamson-county-clerk-records","published","Williamson County Government","Williamson County Clerk","405 Martin Luther King St, Georgetown, TX, 78626","405 Martin Luther King St","Georgetown","TX","78626","U.S. Census Bureau Geocoder","2026-09-03","Match","Exact","405 MARTIN LUTHER KING ST, GEORGETOWN, TX, 78626","30.639860538682","-97.680913263791","exact",""
"108","f8db57ca-4412-46e9-a1da-aead364cbd33","bastrop-county-clerk","draft","Bastrop County Clerk","Vital records, deeds, and court filings","803 Pine Street, Bastrop, TX, 78602","803 Pine Street","Bastrop","TX","78602","U.S. Census Bureau Geocoder","2026-09-03","Match","Exact","803 PINE ST, BASTROP, TX, 78602","30.109402162757","-97.318636187198","exact",""
"109","39ff5930-8bde-4c04-9fc2-1c9ac5b29615","social-security-office","published","U.S. Social Security Administration (SSA)","Social Security Administration (SSA) – Austin Field Office","1029 Camino La Costa, Austin, TX, 78752","1029 Camino La Costa","Austin","TX","78752","U.S. Census Bureau Geocoder","2026-09-03","Match","Exact","1029 CAM LA COSTA, AUSTIN, TX, 78752","30.325587286086","-97.701660548776","exact",""
"110","2f2fc895-6e71-4be5-9e6f-90aecf8673fd","us-bankruptcy-clerk","published","United States Bankruptcy Court – Western District of Texas","U.S. Bankruptcy Court – Western District of Texas, Austin Division","903 San Jacinto Blvd, #322, Austin, TX, 78701","903 San Jacinto Blvd, #322","Austin","TX","78701","U.S. Census Bureau Geocoder","2026-09-03","Match","Exact","903 SAN JACINTO BLVD, AUSTIN, TX, 78701","30.270226431053","-97.739246091827","exact",""
"111","717c0149-204c-4a6e-8300-b1a1213eabe0","servicios-para-veteranos-del-condado-de-travis-travis-county","published","Travis County","Veterans benefits counseling and claims assistance","5325 Airport Boulevard, Austin, TX, 78751","5325 Airport Boulevard","Austin","TX","78751","U.S. Census Bureau Geocoder","2026-09-03","Match","Exact","5325 AIRPORT BLVD, AUSTIN, TX, 78751","30.314267125881","-97.714884849125","exact",""
"112","8e73d3df-4162-4125-b65e-ef03c3293585","atencion-para-veteranos-sin-hogar-de-va-central-texas-u-s-department-of-veterans-affairs-va-central-texas","published","U.S. Department of Veterans Affairs (VA Central Texas)","VA Central Texas Homeless Veteran Care","7901 Metropolis Dr., Austin, TX, 78744","7901 Metropolis Dr.","Austin","TX","78744","U.S. Census Bureau Geocoder","2026-09-03","Match","Exact","7901 METROPOLIS DR, AUSTIN, TX, 78744","30.206981427636","-97.694420497254","exact",""
"113","800cef72-58f3-4bd0-bb1a-294961db7486","servicios-para-veteranos-del-condado-de-williamson-williamson-county","published","Williamson County","Veterans benefits counseling and claims assistance","100 Wilco Way, Suite V101, Georgetown, TX, 78626","100 Wilco Way, Suite V101","Georgetown","TX","78626","U.S. Census Bureau Geocoder","2026-09-03","No_Match","","","0","0","unresolved","no_geocoder_match"
"114","0da18055-141a-481b-bad5-6ead41d7a125","clinica-va-de-cedar-park-u-s-department-of-veterans-affairs-va-central-texas","published","U.S. Department of Veterans Affairs (VA) – VA Central Texas Healthcare System","VA Central Texas – Veterans Health Care","7901 Metropolis Drive, Austin, TX, 78744","7901 Metropolis Drive","Austin","TX","78744","U.S. Census Bureau Geocoder","2026-09-03","Match","Exact","7901 METROPOLIS DR, AUSTIN, TX, 78744","30.206981427636","-97.694420497254","exact",""
"115","1f9d9076-ebd8-444e-9c6e-5a3964b6e7e1","servicios-para-veteranos-del-condado-de-hays-hays-county","published","Hays County","Veterans benefits counseling and claims assistance","111 E. San Antonio St., Ste. 100, San Marcos, TX, 78666","111 E. San Antonio St., Ste. 100","San Marcos","TX","78666","U.S. Census Bureau Geocoder","2026-09-03","Match","Exact","111 E SAN ANTONIO ST, SAN MARCOS, TX, 78666","29.882209171732","-97.941147942359","exact",""
"116","b4ec4cc4-7148-4215-9e96-bf243cb77dd1","caridades-catolicas-de-central-texas-servicios-para-veteranos-st-michael-s-catholic-charities-of-central-texas","published","Catholic Charities of Central Texas","St. Michael's Veteran Services","2901 Saint Francis St., Killeen, TX, 76543","2901 Saint Francis St.","Killeen","TX","76543","U.S. Census Bureau Geocoder","2026-09-03","Match","Exact","2901 ST FRANCIS ST, KILLEEN, TX, 76543","31.120484743843","-97.700056882122","exact",""
"117","5e7c1ec1-b2e5-4807-9b3c-248719aefd2b","oficina-de-servicios-para-veteranos-del-condado-de-bastrop-bastrop-county","published","Bastrop County","Veterans benefits counseling and claims assistance","104 Loop 150, Bastrop, TX, 78602","104 Loop 150","Bastrop","TX","78602","U.S. Census Bureau Geocoder","2026-09-03","Match","Exact","104 LOOP 150, BASTROP, TX, 78602","30.105370308357","-97.329141331888","exact",""
"118","5161245e-540b-4198-bbfb-51c2763f0ed3","heroes-night-out-centro-de-recursos-heroes-heroes-night-out","published","Heroes Night Out","Resource center for veterans and their families","1150 S. Bell Blvd., Bldg 5, Cedar Park, TX, 78613","1150 S. Bell Blvd., Bldg 5","Cedar Park","TX","78613","U.S. Census Bureau Geocoder","2026-09-03","Match","Exact","1150 S BELL BLVD, CEDAR PARK, TX, 78613","30.495476234211","-97.811513627009","exact",""
"119","c74b8afc-53cb-47fb-a880-a21ccf91a0c8","comision-de-veteranos-de-texas-representantes-de-reclamos-de-va-texas-veterans-commission","draft","Texas Veterans Commission","Representatives for VA benefit claims and appeals","No hay oficina única — consejeros integrados en instalaciones de VA en distintas áreas, incluida Austin, TX","No hay oficina única — consejeros integrados en instalaciones de VA en distintas áreas, incluida Austin","","TX","","U.S. Census Bureau Geocoder","2026-09-03","","","","0","0","unresolved","variable_or_non_specific_location"
"120","4380d5fd-6cfa-41d7-8380-3b8f185ba163","servicios-para-veteranos-del-condado-de-caldwell-caldwell-county","draft","Caldwell County","Veterans benefits counseling and applications","1403 Blackjack St., Lockhart, TX, 78644","1403 Blackjack St.","Lockhart","TX","78644","U.S. Census Bureau Geocoder","2026-09-03","Match","Exact","1403 BLACKJACK ST, LOCKHART, TX, 78644","29.873459934637","-97.652500825586","exact",""
"121","8909eca7-2057-4a5d-88af-35f40f0cb002","centro-de-asistencia-para-negocios-de-veteranos-vboc-utrgv-university-of-texas-rio-grande-valley-utrgv-u-s-small-business-administration","draft","University of Texas Rio Grande Valley (UTRGV) / U.S. Small Business Administration","Veterans Business Outreach Center (VBOC) – UTRGV","1407 E. Freddy Gonzalez Dr., CESS Bldg., Suite 1.200, Edinburg, TX, 78539","1407 E. Freddy Gonzalez Dr.","Edinburg","TX","78539","U.S. Census Bureau Geocoder","2026-09-03","Match","Non_Exact","1407 E FREDDY GONZALEZ DR, EDINBURG, TX, 78542","26.285074616712","-98.152738497929","needs_review","non_exact_match"
"122","73e14c4e-af91-43fe-83bb-094977880a82","age-of-central-texas-servicios-para-cuidadores-age-of-central-texas","draft","AGE of Central Texas","Navigation and support for family caregivers","7640 Guadalupe St, Austin, TX, 78752","7640 Guadalupe St","Austin","TX","78752","U.S. Census Bureau Geocoder","2026-09-03","Match","Exact","7640 GUADALUPE ST, AUSTIN, TX, 78752","30.343359511282","-97.71165809166","exact",""
"123","506da0f9-5a4a-4d22-95de-5765ecc825dd","alzheimer-s-texas-apoyo-a-cuidadores-alzheimer-s-texas","draft","Alzheimer's Texas","Support and respite for dementia caregivers","7000 N. MoPac Expy #200, Austin, TX, 78731","7000 N. MoPac Expy #200","Austin","TX","78731","U.S. Census Bureau Geocoder","2026-09-03","No_Match","","","0","0","unresolved","no_geocoder_match"
"124","53b6fddc-6986-423a-a3a5-8270cb669a16","family-eldercare-family-eldercare","draft","Family Eldercare","In-home care for older adults and people with disabilities","1700 Rutherford Lane, Austin, TX, 78754","1700 Rutherford Lane","Austin","TX","78754","U.S. Census Bureau Geocoder","2026-09-03","Match","Exact","1700 RUTHERFORD LN, AUSTIN, TX, 78754","30.33422131784","-97.680206637669","exact",""
"125","04566642-11ce-41c5-b1c2-b3cec69dbbdd","central-texas-food-bank-programas-para-adultos-mayores-csfp-y-hope-central-texas-food-bank","draft","Central Texas Food Bank","Senior food programs (CSFP and HOPE)","6500 Metropolis Drive, Austin, TX, 78744","6500 Metropolis Drive","Austin","TX","78744","U.S. Census Bureau Geocoder","2026-09-03","Match","Exact","6500 METROPOLIS DR, AUSTIN, TX, 78744","30.202104818821","-97.710306976849","exact",""
"126","8feadfac-90c3-4cb6-b439-aa1d897aa6a4","programa-de-consejeria-de-beneficios-hicap-de-texas-via-aaacap-area-agency-on-aging-of-the-capital-area-capcog-texas-hhsc","published","Area Agency on Aging of the Capital Area (CAPCOG) / Texas HHSC","Area Agency on Aging of the Capital Area (AAACAP)","6800 Burleson Road, Bldg 301/310, Suite 165, Austin, TX, 78744","6800 Burleson Road","Austin","TX","78744","U.S. Census Bureau Geocoder","2026-09-03","Match","Exact","6800 BURLESON RD, AUSTIN, TX, 78744","30.2020259204","-97.710212162777","exact",""
"127","9a748be6-55f1-40ab-a40f-4e6e3046fe33","capmetro-access-capital-metropolitan-transportation-authority-capmetro","draft","Capital Metropolitan Transportation Authority (CapMetro)","CapMetro Access","2910 E. 5th St., Austin, TX, 78702","2910 E. 5th St.","Austin","TX","78702","U.S. Census Bureau Geocoder","2026-09-03","Match","Exact","2910 E 5TH ST, AUSTIN, TX, 78702","30.256283920407","-97.709935579651","exact",""
"128","acbc17f1-ec65-47fc-93f7-00e68e3c0c0a","carts-capital-area-rural-transportation-system-carts","draft","CARTS","Rural public and non-emergency medical transportation","Sede en Cedar Creek, TX","Sede en Cedar Creek","","TX","","U.S. Census Bureau Geocoder","2026-09-03","","","","0","0","unresolved","variable_or_non_specific_location"
"129","302de942-8d80-4199-bc05-f3a7197abebe","exencion-de-impuestos-homestead-65-distrito-de-tasacion-travis-central-appraisal-district-y-distritos-equivalentes-en-cada-condado","draft","Travis Central Appraisal District","Over-65 homestead tax exemption","850 East Anderson Lane, Austin, TX, 78752","850 East Anderson Lane","Austin","TX","78752","U.S. Census Bureau Geocoder","2026-09-03","Match","Non_Exact","850 E ANDERSON LN SVC RD, AUSTIN, TX, 78752","30.338393069397","-97.69803878022","needs_review","non_exact_match"
"130","ad05bbf6-8ec8-41b1-9c3f-df476c3acc9d","asistencia-con-servicios-publicos-del-condado-de-travis-ceap-travis-county-health-and-human-services","draft","Travis County Health and Human Services","Travis County Utility Assistance (CEAP)","6 Centros Comunitarios (ver sitio), TX","6 Centros Comunitarios (ver sitio)","","TX","","U.S. Census Bureau Geocoder","2026-09-03","","","","0","0","unresolved","variable_or_non_specific_location"
"131","ff8d025b-295a-4b1f-9a09-26ca5ea8f787","asistencia-con-servicios-publicos-community-action-inc-hays-caldwell-blanco-community-action-inc-of-central-texas","draft","Community Action, Inc. of Central Texas","Utility payment assistance","215 S. Reimer Avenue, Suite 130, San Marcos, TX, 78666","215 S. Reimer Avenue","San Marcos","TX","78666","U.S. Census Bureau Geocoder","2026-09-03","Match","Non_Exact","215 REIMER AVE, SAN MARCOS, TX, 78666","29.852272672502","-97.97683295747","needs_review","non_exact_match"
"132","e1f144b6-eded-49b7-bc96-d3b48d8ca033","centro-de-ancianos-san-marcos-san-marcos-senior-citizens-center-community-action-inc-of-central-texas","draft","Community Action Inc. of Central Texas","San Marcos Senior Citizens Center","810 Arizona Street, San Marcos, TX, 78666","810 Arizona Street","San Marcos","TX","78666","U.S. Census Bureau Geocoder","2026-09-03","Match","Exact","810 ARIZONA ST, SAN MARCOS, TX, 78666","29.870222876065","-97.944337906988","exact",""
"133","f266da43-7ff9-4e6b-9fb8-5c65b10eac0b","centro-de-actividades-para-ancianos-del-area-de-lockhart-ciudad-de-lockhart","draft","Ciudad de Lockhart","Lockhart Area Senior Citizen Activity Center","901 Bois D'Arc Street, Lockhart, TX, 78644","901 Bois D'Arc Street","Lockhart","TX","78644","U.S. Census Bureau Geocoder","2026-09-03","Match","Exact","901 BOIS DARC ST, LOCKHART, TX, 78644","29.885270323548","-97.684756594655","exact",""
"134","ae13c611-e987-4851-a76a-244b9a096fba","centro-comunitario-de-ancianos-de-bastrop-bastrop-community-senior-center","draft","Bastrop Community Senior Center","Activities, exercise, and meals for older adults","1209 Linden St, Unit A, Bastrop, TX, 78602","1209 Linden St","Bastrop","TX","78602","U.S. Census Bureau Geocoder","2026-09-03","Match","Exact","1209 LINDEN ST, BASTROP, TX, 78602","30.125201375678","-97.314461685988","exact",""
"135","560915b3-0a0d-4b8b-aae8-7822575c9f38","engage-travis-county-travis-county-health-and-human-services","draft","Travis County Health and Human Services","engAGE Travis County","5325 Airport Blvd, 2do piso, Austin, TX, 78753","5325 Airport Blvd, 2do piso","Austin","TX","78753","U.S. Census Bureau Geocoder","2026-09-03","Match","Non_Exact","5325 AIRPORT BLVD, AUSTIN, TX, 78751","30.314267125881","-97.714884849125","needs_review","non_exact_match"
"136","7136ccfe-2ede-4de6-ad9a-fffbcb49040d","h-e-l-p-programa-de-prestamo-de-equipo-medico-age-of-central-texas-age-of-central-texas","published","AGE of Central Texas","Comprehensive support for older adults and caregivers","7640 Guadalupe St, Austin, TX, 78752","7640 Guadalupe St","Austin","TX","78752","U.S. Census Bureau Geocoder","2026-09-03","Match","Exact","7640 GUADALUPE ST, AUSTIN, TX, 78752","30.343359511282","-97.71165809166","exact",""
"137","24a2c0f9-7f26-40d2-b836-df8f9fcb99dd","ollie-s-medical-equipment-lending-closet-senior-access-drive-a-senior-drive-a-senior-central-texas-antes-senior-access","published","Drive a Senior Central Texas (antes ""Senior Access"")","Drive a Senior – Transportation & Support for Older Adults","2601 Exposition Boulevard, Austin, TX, 78703","2601 Exposition Boulevard","Austin","TX","78703","U.S. Census Bureau Geocoder","2026-09-03","No_Match","","","0","0","unresolved","no_geocoder_match"
"138","b0219ae4-33d0-4864-b248-b6d26826b3ae","closet-de-equipo-cpath-cerebral-palsy-awareness-transition-hope-cpath-cerebral-palsy-awareness-transition-hope","published","Cerebral Palsy Awareness Transition Hope (CPATH Texas)","CPATH Adaptive & Mobility Equipment Closet","5555 N. Lamar, Building J Suite 125, Building J Suite 125, Austin, TX, 78751","5555 N. Lamar, Building J Suite 125","Austin","TX","78751","U.S. Census Bureau Geocoder","2026-09-03","Match","Non_Exact","5555 N LAMAR BLVD, AUSTIN, TX, 78751","30.323802057897","-97.727628130341","needs_review","non_exact_match"
"139","f17774b3-626f-4eab-9077-95d46cea0711","city-of-austin-vital-statistics-city-of-austin-vital-statistics","draft","City of Austin Vital Statistics","Certified birth and death certificates","7201 Levander Loop, Building C, Building C, Austin, TX, 78702","7201 Levander Loop, Building C","Austin","TX","78702","U.S. Census Bureau Geocoder","2026-09-03","No_Match","","","0","0","unresolved","no_geocoder_match"
"140","ff866166-7d9e-4d6e-ac4d-7386004157d5","manos-de-cristo-salud-dental-necesidades-basicas-y-educacion-manos-de-cristo-inc","published","Manos de Cristo, Inc.","Manos de Cristo – Dental Care, Basic Needs & Education","4911 Harmon Avenue, Austin, TX, 78751","4911 Harmon Avenue","Austin","TX","78751","U.S. Census Bureau Geocoder","2026-09-03","Match","Exact","4911 HARMON AVE, AUSTIN, TX, 78751","30.308857837465","-97.712893068473","exact",""
"141","ab202566-f7ac-44cc-a7a7-9537b078b51b","despensa-de-emergencia-del-condado-de-bastrop-bastrop-county-emergency-food-pantry","draft","Bastrop County Emergency Food Pantry","Emergency food assistance","1201 Pine Street, Bastrop, TX, 78602","1201 Pine Street","Bastrop","TX","78602","U.S. Census Bureau Geocoder","2026-09-03","Match","Exact","1201 PINE ST, BASTROP, TX, 78602","30.109482504456","-97.313731255959","exact",""
"142","fa8108e4-57c3-4c89-b74f-7192cd4d9783","cocina-de-sopa-open-door-open-door-soup-kitchen","draft","Open Door Soup Kitchen","Free community breakfast and lunch","987 N State Highway 95, Bastrop, TX, 78602","987 N State Highway 95","Bastrop","TX","78602","U.S. Census Bureau Geocoder","2026-09-03","Tie","","","0","0","needs_review","multiple_geocoder_candidates"
"143","e094e039-07de-436e-8942-3abbe5becd34","despensa-de-la-iglesia-primera-bautista-bastrop-primera-baptist-church","draft","Primera Baptist Church","Food pantry and clothing closet — Bastrop","306 Paul C Bell St, Bastrop, TX, 78602","306 Paul C Bell St","Bastrop","TX","78602","U.S. Census Bureau Geocoder","2026-09-03","Match","Exact","306 PAUL C BELL ST, BASTROP, TX, 78602","30.103180459117","-97.317429229407","exact",""
"144","f307f0ea-7f7a-4737-a487-e9c3c5cd2f41","despensa-comunitaria-community-cupboard-elgin-community-cupboard","draft","Community Cupboard","Elgin community food pantry","303 Ave C, Elgin, TX, 78621","303 Ave C","Elgin","TX","78621","U.S. Census Bureau Geocoder","2026-09-03","Tie","","","0","0","needs_review","multiple_geocoder_candidates"
"145","c4e54dbb-6cae-42b4-8ce4-c5138271bfed","despensa-de-la-iglesia-catolica-sagrado-corazon-elgin-sacred-heart-catholic-church","draft","Sacred Heart Catholic Church","Food, rent, and utility assistance — Elgin","302 West 11th Street, Elgin, TX, 78621","302 West 11th Street","Elgin","TX","78621","U.S. Census Bureau Geocoder","2026-09-03","Match","Exact","302 W 11TH ST, ELGIN, TX, 78621","30.352158038491","-97.379364625869","exact",""
"146","3c5faf40-fa41-450b-894c-299c71202980","despensa-de-la-primera-iglesia-bautista-de-elgin-first-baptist-church-elgin","draft","First Baptist Church Elgin","Elgin food pantry","205 W. 2nd Street, Elgin, TX, 78621","205 W. 2nd Street","Elgin","TX","78621","U.S. Census Bureau Geocoder","2026-09-03","Match","Exact","205 W 2ND ST, ELGIN, TX, 78621","30.349053023549","-97.372228722835","exact",""
"147","03df7d5f-d3a9-4b7a-b646-a823f882ca6c","despensa-de-alimentos-de-smithville-smithville-food-pantry","draft","Smithville Food Pantry","Food pantry","301 Lee St. Smithville, TX 78957, Smithville, TX, 78957","301 Lee St. Smithville, TX 78957","Smithville","TX","78957","U.S. Census Bureau Geocoder","2026-09-03","Match","Non_Exact","301 LEE ST, SMITHVILLE, TX, 78957","30.00421724728","-97.162544416886","needs_review","non_exact_match"
"148","faf2ea96-cef5-4920-9cfa-e9a9917d6588","despensa-comunidad-de-esperanza-friendship-bible-baptist-church-cedar-creek-friendship-bible-baptist-church-community-of-hope-inc","draft","Friendship Bible Baptist Church / Community of Hope Inc.","Community of Hope Food Pantry (Friendship Bible Baptist Church) — Cedar Creek","111 Pearce Lane, Cedar Creek, TX, 78612","111 Pearce Lane","Cedar Creek","TX","78612","U.S. Census Bureau Geocoder","2026-09-03","Match","Exact","111 PEARCE LN, CEDAR CREEK, TX, 78612","30.086444422563","-97.49997933017","exact",""
"149","ec30a4a3-60cf-4a17-bdbe-b2098131d48a","despensa-de-la-iglesia-metodista-unida-de-cedar-creek-cedar-creek-united-methodist-church","draft","Cedar Creek United Methodist Church","Cedar Creek food pantry","5630 FM 535, Cedar Creek, TX, 78612","5630 FM 535","Cedar Creek","TX","78612","U.S. Census Bureau Geocoder","2026-09-03","Match","Exact","5630 FM 535, CEDAR CREEK, TX, 78612","30.083886904657","-97.500852071141","exact",""
"150","5089e913-cd51-483c-b322-666165033d0f","despensa-movil-de-cedar-creek-central-texas-food-bank-central-texas-food-bank","draft","Central Texas Food Bank","Cedar Creek mobile pantry","125 Voss Pkwy, Cedar Creek, TX, 78612","125 Voss Pkwy","Cedar Creek","TX","78612","U.S. Census Bureau Geocoder","2026-09-03","Match","Exact","125 VOSS PKWY, CEDAR CREEK, TX, 78612","30.093349035508","-97.47852773545","exact",""
"151","1d5c0fd4-3e2a-4d75-a2a2-d2fcd2fffb61","despensa-movil-de-elgin-central-texas-food-bank-central-texas-food-bank","draft","Central Texas Food Bank","Elgin mobile pantry","1501 US-290, Elgin, TX, 78621","1501 US-290","Elgin","TX","78621","U.S. Census Bureau Geocoder","2026-09-03","Match","Exact","1501 US HWY 290, ELGIN, TX, 78621","30.352226324199","-97.404131293349","exact",""
"152","c980a647-c289-49af-908b-1e2ff4cc59eb","golden-harvest-comidas-para-personas-mayores-meals-on-wheels-central-texas-food-bank-programa-golden-harvest","draft","Central Texas Food Bank (programa Golden Harvest)","Golden Harvest Senior Meals (Meals on Wheels)","Bastrop Community Senior Center, 1209 Linden St, Bastrop, TX, 78602","Bastrop Community Senior Center, 1209 Linden St","Bastrop","TX","78602","U.S. Census Bureau Geocoder","2026-09-03","Match","Non_Exact","1209 LINDEN ST, BASTROP, TX, 78602","30.125201375678","-97.314461685988","needs_review","non_exact_match"
"153","d1fb9aff-e20f-4e22-88b1-1ac68d60670d","clinica-wic-de-bastrop-austin-public-health-administra-wic-para-el-area-de-bastrop","draft","Austin Public Health (administra WIC para el área de Bastrop)","WIC Bastrop Clinic","443 Texas Highway 71, Bastrop, TX, 78602","443 Texas Highway 71","Bastrop","TX","78602","U.S. Census Bureau Geocoder","2026-09-03","Match","Non_Exact","443 STATE HWY 71 W, BASTROP, TX, 78602","30.110959370086","-97.353902183688","needs_review","non_exact_match"
"154","a9218b46-6595-453b-b319-a2cb3624d4af","autoridad-de-vivienda-de-bastrop-bastrop-housing-authority","draft","Bastrop Housing Authority","Public housing and Section 8 vouchers","502 Farm Street, Bastrop, TX, 78602","502 Farm Street","Bastrop","TX","78602","U.S. Census Bureau Geocoder","2026-09-03","Match","Exact","502 FARM ST, BASTROP, TX, 78602","30.112690260315","-97.32158564417","exact",""
"155","c5402ac3-c220-4995-937d-3b1673a613a9","autoridad-de-vivienda-de-elgin-elgin-housing-authority","draft","Elgin Housing Authority","Public housing and Section 8 vouchers","515 Old McDade Road, Elgin, TX, 78621","515 Old McDade Road","Elgin","TX","78621","U.S. Census Bureau Geocoder","2026-09-03","Match","Exact","515 OLD MCDADE RD, ELGIN, TX, 78621","30.346398841232","-97.364473342414","exact",""
"156","f76f85ba-51fe-426f-b57a-dffe1defe6bb","advocacy-outreach-elgin-advocacy-outreach","draft","Advocacy Outreach","Emergency housing, eviction prevention, and day shelter","200-A Depot Street, Elgin, TX, 78621","200-A Depot Street","Elgin","TX","78621","U.S. Census Bureau Geocoder","2026-09-03","Match","Non_Exact","200 DEPOT ST, ELGIN, TX, 78621","30.34729592992","-97.371470653728","needs_review","non_exact_match"
"157","d9b16bbc-d6e2-48e6-a5ab-9e9d5ab3f5a0","combined-community-action-climatizacion-y-asistencia-de-utilities-ceap-combined-community-action-inc","draft","Combined Community Action, Inc.","Home weatherization and energy assistance","165 W Austin Street, Giddings, TX, 78942","165 W Austin Street","Giddings","TX","78942","U.S. Census Bureau Geocoder","2026-09-03","Match","Exact","165 W AUSTIN ST, GIDDINGS, TX, 78942","30.1830477827","-96.937983391088","exact",""
"158","64eaf9fd-99fb-4dfe-8ebc-639d80ebbfd4","equipo-de-recuperacion-a-largo-plazo-del-condado-de-bastrop-bastrop-county-long-term-recovery-team-bcltrt","draft","Bastrop County Long Term Recovery Team (BCLTRT)","Bastrop County Long Term Recovery Team","15 American Legion Drive, Bastrop, TX, 78602","15 American Legion Drive","Bastrop","TX","78602","U.S. Census Bureau Geocoder","2026-09-03","Match","Exact","15 AMERICAN LEGION DR, BASTROP, TX, 78602","30.107303488301","-97.295496774407","exact",""
"159","c3d4d644-e959-47e2-a470-e63cd383e280","centro-de-salud-comunitario-de-bastrop-community-health-centers-of-south-central-texas-chcsct","draft","Community Health Centers of South Central Texas (CHCSCT)","Bastrop Community Health Center","275 Jackson Street, Bastrop, TX, 78602","275 Jackson Street","Bastrop","TX","78602","U.S. Census Bureau Geocoder","2026-09-03","Match","Exact","275 JACKSON ST, BASTROP, TX, 78602","30.102406136824","-97.307379588104","exact",""
"160","6bf9b42e-a820-46ab-9868-e6b4aaeba1e5","centro-de-salud-familiar-de-elgin-community-health-centers-of-south-central-texas-chcsct","draft","Community Health Centers of South Central Texas (CHCSCT)","Family Health Center at Elgin","711 W 10th St., Elgin, TX, 78621","711 W 10th St.","Elgin","TX","78621","U.S. Census Bureau Geocoder","2026-09-03","Match","Exact","711 W 10TH ST, ELGIN, TX, 78621","30.34787521348","-97.380360662554","exact",""
"161","6253cf05-e248-48ee-a471-1bb5a6861985","lone-star-circle-of-care-en-bastrop-lone-star-circle-of-care-lscc","draft","Lone Star Circle of Care (LSCC)","Lone Star Circle of Care at Bastrop","605 Old Austin Hwy, Bastrop, TX, 78602","605 Old Austin Hwy","Bastrop","TX","78602","U.S. Census Bureau Geocoder","2026-09-03","Match","Exact","605 OLD AUSTIN HWY, BASTROP, TX, 78602","30.111053621098","-97.337329024503","exact",""
"162","3523d021-4843-43b1-9af2-70b583c9183c","clinica-ob-gyn-de-communitycare-en-bastrop-communitycare-health-centers","draft","CommUnityCare Health Centers","CommUnityCare OB/GYN Clinic: Bastrop","301 Hwy 71 W, Suite 111, Bastrop, TX, 78602","301 Hwy 71 W","Bastrop","TX","78602","U.S. Census Bureau Geocoder","2026-09-03","Match","Exact","301 HWY 71 W, BASTROP, TX, 78602","30.106899299046","-97.334728258613","exact",""
"163","9409990b-0eb4-4a63-9cba-995ca29708de","departamento-de-salud-publica-del-condado-de-bastrop-bastrop-county-government","draft","Bastrop County Government","Bastrop County Public Health Department","104 Loop 150, Grady Tuck Building, Bastrop, TX, 78602","104 Loop 150","Bastrop","TX","78602","U.S. Census Bureau Geocoder","2026-09-03","Match","Exact","104 LOOP 150, BASTROP, TX, 78602","30.105370308357","-97.329141331888","exact",""
"164","a43b6184-e8d0-4794-bebe-82bd37dd0fa2","bluebonnet-trails-community-services-bastrop-bluebonnet-trails-community-services","draft","Bluebonnet Trails Community Services","Behavioral health, disability, and crisis support — Bastrop","275 Jackson St., Bastrop, TX, 78602","275 Jackson St.","Bastrop","TX","78602","U.S. Census Bureau Geocoder","2026-09-03","Match","Exact","275 JACKSON ST, BASTROP, TX, 78602","30.102406136824","-97.307379588104","exact",""
"165","e9611291-d315-49fc-843b-0103baba142d","clinica-comunitaria-de-smithville-smithville-community-clinic-organizacion-sin-fines-de-lucro-independiente","draft","Smithville Community Clinic (organización sin fines de lucro independiente)","Smithville Community Clinic","808 SE Martin Luther King Drive, Smithville, TX, 78957","808 SE Martin Luther King Drive","Smithville","TX","78957","U.S. Census Bureau Geocoder","2026-09-03","No_Match","","","0","0","unresolved","no_geocoder_match"
"166","2c2224ee-ec1e-47d2-9311-adcb6192a511","programa-de-atencion-medica-para-indigentes-del-condado-de-bastrop-bastrop-county-government","published","Bastrop County Indigent Health Care","Health Care Assistance for Low-Income Residents","104 Loop 150 W, Bastrop, TX, 78602","104 Loop 150 W","Bastrop","TX","78602","U.S. Census Bureau Geocoder","2026-09-03","Match","Non_Exact","104 LOOP 150, BASTROP, TX, 78602","30.105370308357","-97.329141331888","needs_review","non_exact_match"
"167","e94bbd4a-e8ca-406f-a834-6b08f913bd15","autobus-rural-carts-country-bus-condado-de-bastrop-capital-area-rural-transportation-system-carts","draft","Capital Area Rural Transportation System (CARTS)","CARTS Country Bus — Bastrop County","Estación Bastrop: 310 Hospital Dr, Bastrop, TX, 78602","Estación Bastrop: 310 Hospital Dr","Bastrop","TX","78602","U.S. Census Bureau Geocoder","2026-09-03","Match","Non_Exact","310 HOSPITAL DR, BASTROP, TX, 78602","30.107033063842","-97.329788196522","needs_review","non_exact_match"
"168","3a9d1256-af01-4769-bb61-8cf9b7d3e945","educacion-para-adultos-de-community-action-inc-bastrop-community-action-inc-of-central-texas","draft","Community Action, Inc. of Central Texas","Community Action Inc. Adult Education (Bastrop)","1602 Hill Street, Bastrop, TX, 78602","1602 Hill Street","Bastrop","TX","78602","U.S. Census Bureau Geocoder","2026-09-03","Match","Exact","1602 HILL ST, BASTROP, TX, 78602","30.117003996884","-97.315174099078","exact",""
"169","03c59176-049c-4c8b-b88e-2183737b12bb","head-start-early-head-start-hearts-of-texas-cen-tex-family-services-inc","draft","Cen-Tex Family Services, Inc.","Hearts of Texas Head Start","2402 Main St, Bastrop, TX, 78602","2402 Main St","Bastrop","TX","78602","U.S. Census Bureau Geocoder","2026-09-03","Match","Exact","2402 MAIN ST, BASTROP, TX, 78602","30.128424657845","-97.32045723826","exact",""
"170","9843a2f6-f872-4047-99ed-1abfafa60f61","centro-de-recursos-familiares-de-bisd-ged-esl-nocturno-bastrop-independent-school-district-bisd","draft","Bastrop Independent School District (BISD)","BISD Family Resource & Health Center (Evening GED/ESL)","1602 Hill Street, Bastrop, TX, 78602","1602 Hill Street","Bastrop","TX","78602","U.S. Census Bureau Geocoder","2026-09-03","Match","Exact","1602 HILL ST, BASTROP, TX, 78602","30.117003996884","-97.315174099078","exact",""
"171","fd2760f6-81c5-4dd7-8729-ebd0de85a85b","servicios-de-enlace-mckinney-vento-de-bisd-bastrop-independent-school-district-bisd","draft","Bastrop Independent School District (BISD)","BISD McKinney-Vento Homeless Liaison Services","1602 Hill Street, Bastrop, TX, 78602","1602 Hill Street","Bastrop","TX","78602","U.S. Census Bureau Geocoder","2026-09-03","Match","Exact","1602 HILL ST, BASTROP, TX, 78602","30.117003996884","-97.315174099078","exact",""
"172","4e3b8aac-bd20-4b21-a6b2-38f5752b273b","biblioteca-publica-de-bastrop-city-of-bastrop","draft","City of Bastrop","Bastrop Public Library","1100 Church Street, Bastrop, TX, 78602","1100 Church Street","Bastrop","TX","78602","U.S. Census Bureau Geocoder","2026-09-03","Match","Exact","1100 CHURCH ST, BASTROP, TX, 78602","30.112137160125","-97.321322913838","exact",""
"173","74cee507-34e1-4d84-b6ef-35ad50f35bb3","biblioteca-publica-de-smithville-city-of-smithville","draft","City of Smithville","Smithville Public Library","507 Main St, Smithville, TX, 78957","507 Main St","Smithville","TX","78957","U.S. Census Bureau Geocoder","2026-09-03","Match","Exact","507 MAIN ST, SMITHVILLE, TX, 78957","30.010283503298","-97.158641966876","exact",""
"174","818ec584-39cb-4f83-b5f2-5a5f4a0bf502","biblioteca-publica-de-elgin-city-of-elgin","draft","City of Elgin","Elgin Public Library","404 N. Main Street, Elgin, TX, 78621","404 N. Main Street","Elgin","TX","78621","U.S. Census Bureau Geocoder","2026-09-03","Match","Exact","404 N MAIN ST, ELGIN, TX, 78621","30.350535606091","-97.371673529343","exact",""
"175","b46e9732-0eb7-48e0-89d7-ee8979869c2b","campus-de-austin-community-college-en-elgin-austin-community-college-district-acc","draft","Austin Community College District (ACC)","Austin Community College — Elgin Campus","1501 W. US Highway 290, Elgin, TX, 78621","1501 W. US Highway 290","Elgin","TX","78621","U.S. Census Bureau Geocoder","2026-09-03","Match","Non_Exact","1501 US HWY 290, ELGIN, TX, 78621","30.352226324199","-97.404131293349","needs_review","non_exact_match"
"176","96f1bed9-7531-411e-99b6-f15a7e030f85","programa-de-asistencia-de-renta-utilities-despensa-de-emergencia-del-condado-de-bastrop-bastrop-county-emergency-food-pantry","draft","Bastrop County Emergency Food Pantry","Emergency rent and utility assistance","1201 Pine St, Bastrop, TX, 78602","1201 Pine St","Bastrop","TX","78602","U.S. Census Bureau Geocoder","2026-09-03","Match","Exact","1201 PINE ST, BASTROP, TX, 78602","30.109482504456","-97.313731255959","exact",""
"177","8476d6ef-9633-47b5-83d4-c89dc775b030","oficina-de-beneficios-de-hhsc-bastrop-texas-health-and-human-services-commission-hhsc","draft","Texas Health and Human Services Commission (HHSC)","Texas HHSC Benefits Office — Bastrop","3809 Loop 150 E, Bastrop, TX, 78602","3809 Loop 150 E","Bastrop","TX","78602","U.S. Census Bureau Geocoder","2026-09-03","No_Match","","","0","0","unresolved","no_geocoder_match"
"178","5bc08239-2d68-424b-9b6c-0b28f1b16c54","oficina-de-beneficios-de-hhsc-elgin-texas-health-and-human-services-commission-hhsc","draft","Texas Health and Human Services Commission (HHSC)","Texas HHSC Benefits Office — Elgin","218 S Main St, Elgin, TX, 78621","218 S Main St","Elgin","TX","78621","U.S. Census Bureau Geocoder","2026-09-03","Match","Exact","218 S MAIN ST, ELGIN, TX, 78621","30.345815269193","-97.369745497442","exact",""
"179","ffc5a197-bdbc-49f6-a8b0-e2fc6d20e3f2","workforce-solutions-rural-capital-area-oficina-de-bastrop-workforce-solutions-rural-capital-area","draft","Workforce Solutions Rural Capital Area","Employment and job training — Bastrop office","53 Loop 150 West, Bastrop, TX, 78602","53 Loop 150 West","Bastrop","TX","78602","U.S. Census Bureau Geocoder","2026-09-03","Match","Non_Exact","53 LOOP 150, BASTROP, TX, 78602","30.10552848448","-97.328932709373","needs_review","non_exact_match"
"180","7e3edaac-9562-4dc5-b884-d09b5b907cd7","ayuda-legal-riogrande-de-texas-trla-texas-riogrande-legal-aid-inc","draft","Texas RioGrande Legal Aid, Inc.","Texas RioGrande Legal Aid (TRLA)","4920 North I-35, Austin, TX, 78751","4920 North I-35","Austin","TX","78751","U.S. Census Bureau Geocoder","2026-09-03","No_Match","","","0","0","unresolved","no_geocoder_match"
"181","dc30539b-1f5e-4176-ae79-2d9aa4d53b74","autoayuda-legal-juez-de-paz-precinto-1-condado-de-bastrop-bastrop-county-government","draft","Bastrop County Government","Bastrop County Justice of the Peace Pct. 1 Self-Help","804 Pecan Street, Bastrop, TX, 78602","804 Pecan Street","Bastrop","TX","78602","U.S. Census Bureau Geocoder","2026-09-03","Match","Exact","804 PECAN ST, BASTROP, TX, 78602","30.108534978889","-97.317556188746","exact",""
"182","d3706107-6b76-406a-8ebf-20fb3c8f2332","oficina-de-servicios-para-veteranos-del-condado-de-bastrop-bastrop-county-government","draft","Bastrop County Government","Bastrop County Veteran Services Office","104 Loop 150, Bastrop, TX, 78602","104 Loop 150","Bastrop","TX","78602","U.S. Census Bureau Geocoder","2026-09-03","Match","Exact","104 LOOP 150, BASTROP, TX, 78602","30.105370308357","-97.329141331888","exact",""
"183","4557e75b-5cef-4723-99d9-6b262d4c5e3c","actividades-para-adultos-mayores-de-elgin-ciudad-de-elgin-parques-y-recreacion","draft","Ciudad de Elgin, Parques y Recreación","Elgin Senior Activities","361 N. Hwy 95, Elgin, TX","361 N. Hwy 95","Elgin","TX","","U.S. Census Bureau Geocoder","2026-09-03","Match","Non_Exact","361 STATE HWY 95 N, ELGIN, TX, 78621","30.353066514934","-97.384902056655","needs_review","non_exact_match"
"184","ce3088ec-323f-4d85-90d5-d5736318d5c7","damas-de-la-caridad-de-bastrop-iglesia-ascension-ladies-of-charity-of-bastrop-ascension-catholic-church","draft","Ladies of Charity of Bastrop / Ascension Catholic Church","Utility bill assistance","804 Pine Street, Bastrop, TX, 78602","804 Pine Street","Bastrop","TX","78602","U.S. Census Bureau Geocoder","2026-09-03","Match","Exact","804 PINE ST, BASTROP, TX, 78602","30.109516913468","-97.318615324832","exact",""
"185","407e8035-bc4d-4b93-a206-d5f028acd038","tienda-born-again-emporium-born-again-emporium-esfuerzo-conjunto-de-8-iglesias-de-smithville","draft","Born Again Emporium","Thrift Store & Community Support","1642 NE Loop 230, Smithville, TX, 78957","1642 NE Loop 230","Smithville","TX","78957","U.S. Census Bureau Geocoder","2026-09-03","Match","Exact","1642 NE LOOP 230, SMITHVILLE, TX, 78957","29.99942615626","-97.138522010531","exact",""
"186","2a3cb8bc-969e-4e58-aef3-e09ae04792f0","bastrop-county-cares-bastrop-county-cares","draft","Bastrop County Cares","Health & Community Support Navigation","806 Water St., Bastrop, TX, 78602","806 Water St.","Bastrop","TX","78602","U.S. Census Bureau Geocoder","2026-09-03","Match","Exact","806 WATER ST, BASTROP, TX, 78602","30.108545678993","-97.318787214765","exact",""
"187","1ca04324-ee01-49f7-88a0-f7a473eedba6","circle-of-hope-community-center-circle-of-hope-community-center","draft","Circle of Hope Community Center","Food Pantry & Family Support","2900 West Pecan Street, Pflugerville, TX, 78660","2900 West Pecan Street","Pflugerville","TX","78660","U.S. Census Bureau Geocoder","2026-09-03","Match","Exact","2900 W PECAN ST, PFLUGERVILLE, TX, 78660","30.449882849435","-97.658127379196","exact",""
"188","79c126f2-d23e-41f0-8191-fe66e7cb3919","centro-comunitario-del-condado-de-travis-pflugerville-travis-county-health-and-human-services","published","Travis County Health and Human Services","Travis County Community Center — Pflugerville","15822 Foothill Farms Loop, Pflugerville, TX, 78660","15822 Foothill Farms Loop","Pflugerville","TX","78660","U.S. Census Bureau Geocoder","2026-09-03","Match","Exact","15822 FOOTHILL FARMS LOOP, PFLUGERVILLE, TX, 78660","30.44776622102","-97.652194443577","exact",""
"189","744a034c-13a9-4e65-bb4c-aaaab73576d2","pflugerville-health-center-communitycare-communitycare-health-centers","published","CommUnityCare Health Centers","Medical, Dental & Mental Health Care for Families","2700 W. Pecan St., Suite #450, Pflugerville, TX, 78660","2700 W. Pecan St.","Pflugerville","TX","78660","U.S. Census Bureau Geocoder","2026-09-03","No_Match","","","0","0","unresolved","no_geocoder_match"
"190","ad27eff6-8e16-4be4-be97-0e88058b8bd2","distrito-escolar-de-pflugerville-trabajo-social-y-asistencia-alimentaria-pflugerville-independent-school-district","published","Pflugerville Independent School District (PfISD) – Social Work","Family Connection to Community Resources","1401 W. Pecan St., Pflugerville, TX, 78660","1401 W. Pecan St.","Pflugerville","TX","78660","U.S. Census Bureau Geocoder","2026-09-03","Match","Non_Exact","1401 PECAN ST W, PFLUGERVILLE, TX, 78660","30.446685430783","-97.635386739301","needs_review","non_exact_match"
"191","248e6c14-214d-430b-bb84-6201ef75c1a2","biblioteca-publica-de-pflugerville-recursos-de-empleo-city-of-pflugerville-pflugerville-community-development-corporation","published","Pflugerville Public Library","Job Search Assistance","1008 W. Pfluger St., Pflugerville, TX, 78660","1008 W. Pfluger St.","Pflugerville","TX","78660","U.S. Census Bureau Geocoder","2026-09-03","Match","Exact","1008 W PFLUGER ST, PFLUGERVILLE, TX, 78660","30.441656788504","-97.628823188033","exact",""
"192","4075ac63-2b76-4020-8dfe-ea07a761d25d","pflugerville-parks-recreation-programas-para-adultos-mayores-city-of-pflugerville","published","Pflugerville Parks & Recreation —  City of Pflugerville","Senior Programs","400 Immanuel Road, Pflugerville, TX, 78660","400 Immanuel Road","Pflugerville","TX","78660","U.S. Census Bureau Geocoder","2026-09-03","No_Match","","","0","0","unresolved","no_geocoder_match"
"193","73b799fb-891b-4ed6-9218-3e4509ab8b1f","centro-comunitario-del-condado-de-travis-manor-travis-county-health-and-human-services","published","Travis County Health and Human Services","Travis County Community Center — Manor","600 W Carrie Manor St, Manor, TX, 78653","600 W Carrie Manor St","Manor","TX","78653","U.S. Census Bureau Geocoder","2026-09-03","Match","Non_Exact","600 CARRIE MANOR ST W, MANOR, TX, 78653","30.340617482298","-97.564043035678","needs_review","non_exact_match"
"194","12a4ba93-0bd7-4476-9e57-f59b35c75af9","centro-comunitario-del-condado-de-travis-del-valle-travis-county-health-and-human-services","published","Travis County Health and Human Services","Travis County Community Center — Del Valle","3518 FM 973, Del Valle, TX, 78617","3518 FM 973","Del Valle","TX","78617","U.S. Census Bureau Geocoder","2026-09-03","Match","Non_Exact","3518 FM 973 S, DEL VALLE, TX, 78617","30.198785094942","-97.641766424749","needs_review","non_exact_match"
"195","48337b98-9b16-46f6-8513-37dafae976af","del-valle-health-wellness-center-communitycare-central-health-communitycare-health-centers","published","CommUnityCare Health Centers","Comprehensive Health Care for Families in Del Valle","7050 Elroy Rd., Del Valle, TX, 78617","7050 Elroy Rd.","Del Valle","TX","78617","U.S. Census Bureau Geocoder","2026-09-03","Match","Exact","7050 ELROY RD, DEL VALLE, TX, 78617","30.157779837875","-97.642229123497","exact",""
"196","bd430b02-3cb1-4861-9966-59e1b20535ce","manor-mustang-health-center-people-s-community-clinic-integral-care-people-s-community-clinic-integral-care","published","People's Community Clinic / Integral Care","Medical & Mental Health Care for Manor ISD Students","10323 US Hwy 290 E, Bldg 35 (detrás de Manor New Tech), Manor, TX, 78653","10323 US Hwy 290 E","Manor","TX","78653","U.S. Census Bureau Geocoder","2026-09-03","Match","Non_Exact","10323 US HWY 290, MANOR, TX, 78653","30.345813113987","-97.571835057075","needs_review","non_exact_match"
"197","0c68b06e-cf10-40f1-bde2-00fc2e9d7a9a","biblioteca-garfield-east-travis-gateway-library-district-east-travis-gateway-library-district","published","East Travis Gateway Library District (ETGLD)","Garfield Library – Internet, Technology & Educational Resources","5121 Albert Brown Dr, Del Valle, TX, 78617","5121 Albert Brown Dr","Del Valle","TX","78617","U.S. Census Bureau Geocoder","2026-09-03","Match","Exact","5121 ALBERT BROWN DR, DEL VALLE, TX, 78617","30.187712499454","-97.560691413413","exact",""
"198","eed8e03b-41f3-4f79-97af-9221116028b2","lake-travis-crisis-ministries-lake-travis-crisis-ministries","published","Lake Travis Crisis Ministries","Food Pantry & Emergency Financial Assistance","1304 Ranch Road 620 North, Suite 100, Lakeway, TX, 78734","1304 Ranch Road 620 North","Lakeway","TX","78734","U.S. Census Bureau Geocoder","2026-09-03","Match","Exact","1304 RANCH RD 620 N, LAKEWAY, TX, 78734","30.376990046411","-97.946547557707","exact",""
"199","79e6b782-1b4d-462f-b7cb-edbcc1970d4e","centro-comunitario-del-condado-de-travis-jonestown-travis-county-health-and-human-services","published","Travis County Health and Human Services","Travis County Community Center — Jonestown (North West Rural)","18649 FM 1431, Suite 6A, Jonestown, TX, 78645","18649 FM 1431","Jonestown","TX","78645","U.S. Census Bureau Geocoder","2026-09-03","No_Match","","","0","0","unresolved","no_geocoder_match"
"200","4838708e-aef3-4267-88dc-0d6b857377cd","hill-country-community-ministries-hccm-hill-country-community-ministries","published","Hill Country Community Ministries (HCCM)","Food pantry and Resource Center","1005 Lacy Drive, Leander, TX, 78641","1005 Lacy Drive","Leander","TX","78641","U.S. Census Bureau Geocoder","2026-09-03","Match","Exact","1005 LACY DR, LEANDER, TX, 78641","30.565518895963","-97.849243821789","exact",""
"201","8e441103-0f9f-4e9f-98c7-48abc40c829e","lakeway-activity-center-city-of-lakeway","published","City of Lakeway – Lakeway Activity Center","Community Spanish Classes","105 Cross Creek, Lakeway, TX, 78734","105 Cross Creek","Lakeway","TX","78734","U.S. Census Bureau Geocoder","2026-09-03","Match","Exact","105 CROSS CREEK, LAKEWAY, TX, 78734","30.362932713159","-97.979611926101","exact",""
"202","85db4da9-40aa-4d3f-8d8e-47ee12f6b470","lake-travis-community-library-servicios-para-adultos-mayores-lake-travis-community-library","published","Lake Travis Community Library","Senior Services","1938 Lohmans Crossing Rd, Lakeway, TX, 78734","1938 Lohmans Crossing Rd","Lakeway","TX","78734","U.S. Census Bureau Geocoder","2026-09-03","Match","Exact","1938 LOHMANS CROSSING RD, LAKEWAY, TX, 78734","30.3444413279","-97.975292231257","exact",""
"203","971d1abd-c963-42f0-836f-75b7b05426d5","manchaca-united-methodist-church-despensa-de-alimentos-manchaca-united-methodist-church","published","Manchaca United Methodist Church","Food Pantry","1011 FM 1626, Manchaca, TX, 78652","1011 FM 1626","Manchaca","TX","78652","U.S. Census Bureau Geocoder","2026-09-03","No_Match","","","0","0","unresolved","no_geocoder_match"
"204","28518a19-636e-4203-ad56-71df016c78ae","mercado-movil-y-distribucion-de-alimentos-de-creedmoor-city-of-creedmoor-central-texas-food-bank","published","City of Creedmoor / Central Texas Food Bank","Mobile Market & Food Distribution","12511 FM 1625, Creedmoor, TX, 78610","12511 FM 1625","Creedmoor","TX","78610","U.S. Census Bureau Geocoder","2026-09-03","Match","Exact","12511 FM 1625, CREEDMOOR, TX, 78610","30.086975629696","-97.734848723504","exact",""
"205","781f32b5-d6f0-49d3-b98f-1fad59122c64","despensa-movil-de-creedmoor-elementary-ctfb-del-valle-isd-central-texas-food-bank-del-valle-isd","published","Creedmoor Elementary – Feeding Futures School Pantry","Creedmoor Elementary Mobile Food Pantry","5604 FM 1327, Creedmoor, TX, 78610","5604 FM 1327","Creedmoor","TX","78610","U.S. Census Bureau Geocoder","2026-09-03","Match","Exact","5604 FM 1327, CREEDMOOR, TX, 78610","30.088820482962","-97.722679889095","exact",""
"206","a600ca1d-45fc-408e-bdc8-b10e2efa2886","elgin-community-cupboard-elgin-community-cupboard","published","Elgin Community Cupboard","Food Pantry","303 Ave C, Elgin, TX, 78621","303 Ave C","Elgin","TX","78621","U.S. Census Bureau Geocoder","2026-09-03","Tie","","","0","0","needs_review","multiple_geocoder_candidates"
"207","50591043-0e94-47bb-8e30-7a9dd272465a","elgin-isd-families-in-transition-elgin-independent-school-district","published","Elgin Independent School District (Elgin ISD)","Families in Transition","902 West 2nd Street, Portable P3/34/505, Elgin Intermediate School, Elgin, TX, 78621","902 West 2nd Street","Elgin","TX","78621","U.S. Census Bureau Geocoder","2026-09-03","Match","Exact","902 W 2ND ST, ELGIN, TX, 78621","30.348455311113","-97.379188901863","exact",""
"208","ae2c7616-75fd-4dfc-ae89-889775d93abb","westbank-libraries-westbank-community-library-district","published","Westbank Community Library District","Free Library Programs and Community Resources","1309 Westbank Dr, Austin, TX, 78746","1309 Westbank Dr","Austin","TX","78746","U.S. Census Bureau Geocoder","2026-09-03","Match","Exact","1309 WESTBANK DR, AUSTIN, TX, 78746","30.274293508596","-97.812171046711","exact",""
"209","2d7f18e8-ef1a-47cf-8a96-922e50e222ad","biblioteca-de-leyes-y-centro-de-autoayuda-del-condado-de-travis-travis-county","published","Travis County Law Library & Self-Help Center","Legal Forms and Self-Help for Representing Yourself in Court","1700 Guadalupe St., 2do piso, Austin, TX, 78701","1700 Guadalupe St.","Austin","TX","78701","U.S. Census Bureau Geocoder","2026-09-03","Match","Exact","1700 GUADALUPE ST, AUSTIN, TX, 78701","30.279809691347","-97.742332778441","exact",""
"210","5c98eae9-8418-4a9b-bfc2-342ec9ede2b5","the-safe-alliance-servicios-legales-the-safe-alliance","published","The SAFE Alliance","Free Support and Services for Survivors of Violence and Abuse","4800 Manor Rd., Building A, Austin, TX, 78723","4800 Manor Rd.","Austin","TX","78723","U.S. Census Bureau Geocoder","2026-09-03","Match","Exact","4800 MANOR RD, AUSTIN, TX, 78723","30.295253553201","-97.688969858832","exact",""
"211","b3cfcb36-4f77-44d5-978c-d66c763d429a","capmetro-ruta-990-manor-express-capital-metropolitan-transportation-authority-capmetro","published","Capital Metropolitan Transportation Authority (CapMetro) – Route 990 Manor/Elgin Express","Bus Service from Manor to Austin","101 W Carrie Manor St., Manor, TX, 78653","101 W Carrie Manor St.","Manor","TX","78653","U.S. Census Bureau Geocoder","2026-09-03","Match","Non_Exact","101 E CARRIE MANOR ST, MANOR, TX, 78653","30.339436655283","-97.557984539974","needs_review","non_exact_match"
"212","edc2a6d0-c693-4b83-9d1e-a1e4c1e4bc6a","capmetro-ruta-214-capital-metropolitan-transportation-authority-capmetro","published","Capital Metropolitan Transportation Authority (CapMetro) – Route 214","Bus Service from Lago Vista & Jonestown to Lakeline Station","Dawn Dr. & Thunderbird St., Lago Vista, TX, 78645","Dawn Dr. & Thunderbird St.","Lago Vista","TX","78645","U.S. Census Bureau Geocoder","2026-09-03","Match","Exact","DAWN DR & THUNDERBIRD ST, LAGO VISTA, TX, 78645","30.453821256946","-97.98726505424","needs_review","street_number_mismatch"
"213","b6a07b03-37a7-4665-8566-f13df34ef906","housing-authority-of-travis-county-hatc-housing-authority-of-travis-county","published","Housing Authority of Travis County (HATC)","Affordable Housing & Rental Assistance","502 E Highland Mall Blvd, Suite 106-B, Austin, TX, 78752","502 E Highland Mall Blvd, Suite 106-B","Austin","TX","78752","U.S. Census Bureau Geocoder","2026-09-03","Match","Non_Exact","502 E HIGHLAND MALL BLVD, AUSTIN, TX, 78752","30.328127456676","-97.710074491484","needs_review","non_exact_match"
"214","8c822dd0-4914-4a7e-8475-8686386d295f","pflugerville-meadows-vivienda-asequible-texas-housing-foundation","published","Texas Housing Foundation – Pflugerville Meadows","Affordable Rental Apartments in Pflugerville","201 Meadow Lane, Pflugerville, TX, 78660","201 Meadow Lane","Pflugerville","TX","78660","U.S. Census Bureau Geocoder","2026-09-03","Match","Exact","201 MEADOW LN, PFLUGERVILLE, TX, 78660","30.444050469744","-97.626571166291","exact",""
"215","60024568-c352-4d9a-88e2-a3eaf3688385","asistencia-de-weatherizacion-del-hogar-travis-county-hhs-travis-county-health-and-human-services","published","Travis County Health and Human Services – Home Weatherization Services","Free Home Energy Efficiency Improvements","5325 Airport Blvd., Austin, TX, 78751","5325 Airport Blvd.","Austin","TX","78751","U.S. Census Bureau Geocoder","2026-09-03","Match","Exact","5325 AIRPORT BLVD, AUSTIN, TX, 78751","30.314267125881","-97.714884849125","exact",""
"216","957a2be5-c531-4835-8857-3d5f695abe58","first-baptist-church-pflugerville-despensa-de-alimentos-first-baptist-church-pflugerville","published","First Baptist Church Pflugerville","Free Community Food Pantry","903 Pfluger Street, Pflugerville, TX, 78660","903 Pfluger Street","Pflugerville","TX","78660","U.S. Census Bureau Geocoder","2026-09-03","Match","Non_Exact","903 W PFLUGER ST, PFLUGERVILLE, TX, 78660","30.441155483631","-97.628040849765","needs_review","non_exact_match"
"217","5af011fa-ae44-4b4c-a6f3-ee621c1067f5","first-united-methodist-church-of-pflugerville-despensa-paula-s-y-ropero-first-united-methodist-church-of-pflugerville","published","First United Methodist Church of Pflugerville","Free Food Pantry & Clothing Assistance","500 E. Pecan St., Pflugerville, TX, 78660","500 E. Pecan St.","Pflugerville","TX","78660","U.S. Census Bureau Geocoder","2026-09-03","Match","Exact","500 E PECAN ST, PFLUGERVILLE, TX, 78660","30.438243218982","-97.617254945611","exact",""
"218","ada9dadc-4ec8-4907-a707-d4007f35690f","sacred-heart-catholic-church-elgin-sociedad-de-san-vicente-de-paul-sacred-heart-catholic-church","published","Sacred Heart Catholic Church – St. Vincent de Paul","Food pantry and basic-needs assistance","302 West 11th Street, Elgin, TX, 78621","302 West 11th Street","Elgin","TX","78621","U.S. Census Bureau Geocoder","2026-09-03","Match","Exact","302 W 11TH ST, ELGIN, TX, 78621","30.352158038491","-97.379364625869","exact",""
"219","539a447e-0cf8-4ca3-bbcf-aaa795dc39c5","haynie-chapel-united-methodist-church-despensa-de-alimentos-haynie-chapel-united-methodist-church","published","Haynie Chapel United Methodist Church","Food Pantry for Families in Del Valle","16309 Greenwood Dr, Del Valle, TX, 78617","16309 Greenwood Dr","Del Valle","TX","78617","U.S. Census Bureau Geocoder","2026-09-03","Match","Exact","16309 GREENWOOD DR, DEL VALLE, TX, 78617","30.189579741812","-97.560348858279","exact",""
"220","f7b86ed1-1722-4b5c-8db8-668d70f39b7d","rolling-hills-community-church-despensa-comunitaria-shepherd-s-heart-rolling-hills-community-church","published","Rolling Hills Community Church","Free Food Pantry for Families","6201 Lohman Ford Rd, Lago Vista, TX, 78645","6201 Lohman Ford Rd","Lago Vista","TX","78645","U.S. Census Bureau Geocoder","2026-09-03","Match","Exact","6201 LOHMAN FORD RD, LAGO VISTA, TX, 78645","30.453886411872","-97.979380283177","exact",""
"221","de405ed2-13a0-4e12-8469-202bb65a6e6b","first-presbyterian-church-of-georgetown-williamson","draft","First Presbyterian Church of Georgetown","Food pantry","703 South Church St. (enter white door), TX","703 South Church St.","","TX","","U.S. Census Bureau Geocoder","2026-09-03","","","","0","0","needs_review","insufficient_address_components"
"222","ad347649-b2e8-49c7-a878-ee5b77361fd6","the-salvation-army-williamson","draft","The Salvation Army","Food pantry","601 W. Louis Henna Blvd. Round Rock, TX 78664, TX, 78664","601 W. Louis Henna Blvd.","Round Rock","TX","78664","U.S. Census Bureau Geocoder","2026-09-03","Match","Non_Exact","601 LOUIS HENNA BLVD, ROUND ROCK, TX, 78664","30.482486189991","-97.659536480559","needs_review","non_exact_match"
"223","2aece945-b84e-43b7-bac8-24b02591d4e8","foundation-communities-lakeline-station-williamson","draft","Foundation Communities - Lakeline Station","Food pantry","13635 Rutledge Spur, Austin, TX, TX","13635 Rutledge Spur","Austin","TX","","U.S. Census Bureau Geocoder","2026-09-03","Match","Non_Exact","13635 RUTLEDGE SPR, AUSTIN, TX, 78717","30.475717563926","-97.781005131765","needs_review","non_exact_match"
"224","09b70bc8-2b35-4b78-a14a-bb542429f16e","zion-chapel-missionary-baptist-church-williamson","draft","Zion Chapel Missionary Baptist Church","Food pantry","612 MLK Jr. Blvd. Taylor, TX 76574, TX, 76574","612 MLK Jr. Blvd.","Taylor","TX","76574","U.S. Census Bureau Geocoder","2026-09-03","No_Match","","","0","0","unresolved","no_geocoder_match"
"225","5a55abad-00b5-43cd-945b-10635c0ce4e5","foundation-communities-vintage-creek-travis","draft","Foundation Communities - Vintage Creek","Food pantry","7224 Northeast Dr. Austin, TX 78723, TX, 78723","7224 Northeast Dr.","Austin","TX","78723","U.S. Census Bureau Geocoder","2026-09-03","No_Match","","","0","0","unresolved","no_geocoder_match"
"226","e38a3530-8fad-48de-b48a-2bbb28841acc","foundation-communities-m-station-travis","draft","Foundation Communities - M Station","Food pantry","2918 E Martin Luther King Jr. Blvd Austin, TX 78722, TX, 78722","2918 E Martin Luther King Jr. Blvd","Austin","TX","78722","U.S. Census Bureau Geocoder","2026-09-03","Match","Non_Exact","2918 E MARTIN LUTHER KING JR BLVD, AUSTIN, TX, 78702","30.282027419131","-97.707663365932","needs_review","non_exact_match"
"227","9a2b31f5-34bb-4c7d-bcd3-e35c7630400d","mision-cristiana-travis","draft","Mision Cristiana","Food pantry","6117 W Hwy 290 Austin, TX 78749, TX, 78749","6117 W Hwy 290","Austin","TX","78749","U.S. Census Bureau Geocoder","2026-09-03","Tie","","","0","0","needs_review","multiple_geocoder_candidates"
"228","9453be7c-8e5c-4b14-8eb7-f6b0e768f622","first-united-methodist-church-paula-s-food-pantry-and-clothes-closet-travis","draft","First United Methodist Church - Paula's Food Pantry and Clothes Closet","Food pantry","500 Pecan St. East, Pflugerville, TX","500 Pecan St. East, Pflugerville","","TX","","U.S. Census Bureau Geocoder","2026-09-03","","","","0","0","needs_review","insufficient_address_components"
"229","50b24b7d-a6fc-4cd4-8b6b-a640bbcca1cc","travis-co-jonestown-community-center-travis","draft","Travis Co. Jonestown Community Center","Food pantry","18649 FM 1631 Jonestown, TX 78645, TX, 78645","18649 FM 1631","Jonestown","TX","78645","U.S. Census Bureau Geocoder","2026-09-03","No_Match","","","0","0","unresolved","no_geocoder_match"
"230","1a27a3fe-76fa-4f3f-b284-1e2c86693ffc","bastrop-emergency-food-pantry-and-support-center-inc-bastrop","draft","Bastrop Emergency Food Pantry and Support Center Inc.","Food pantry","806 Fayette St. Bastrop, TX 78602, TX, 78602","806 Fayette St.","Bastrop","TX","78602","U.S. Census Bureau Geocoder","2026-09-03","No_Match","","","0","0","unresolved","no_geocoder_match"
"231","52d5b5c6-2ed5-4398-a480-af31028de87c","ridgeway-baptist-church-bastrop","draft","Ridgeway Baptist Church","Food pantry","159 Ridgeway Cemetray Rd. Paige, TX 78659, TX, 78659","159 Ridgeway Cemetray Rd.","Paige","TX","78659","U.S. Census Bureau Geocoder","2026-09-03","No_Match","","","0","0","unresolved","no_geocoder_match"
"232","68822793-b0a7-4c07-a7a9-8bbaa398b0e8","grace-baptist-church-of-red-rock-red-rock","draft","Grace Baptist Church of Red Rock","Food pantry","115 Sorrell, Red Rock, TX 78662, Red Rock, TX, 78662","115 Sorrell, Red Rock, TX 78662","Red Rock","TX","78662","U.S. Census Bureau Geocoder","2026-09-03","No_Match","","","0","0","unresolved","no_geocoder_match"
"233","52eaa45a-a64d-43f5-980b-ea7cd88044cb","apostolic-christian-church-of-bastrop-bastrop","draft","Apostolic Christian Church of Bastrop","Food pantry","1033 Hwy 71 W, Bastrop, TX 78602, Bastrop, TX, 78602","1033 Hwy 71 W, Bastrop, TX 78602","Bastrop","TX","78602","U.S. Census Bureau Geocoder","2026-09-03","Tie","","","0","0","needs_review","multiple_geocoder_candidates"
"234","104861dd-ebbc-4c0a-9aa9-68ec2b0cb772","open-door-soup-kitchen-in-the-streets-hands-up-high-its-huh-bastrop","draft","Open Door Soup Kitchen: In The Streets - Hands Up High (ITS HUH)","Open Door soup kitchen","987 N SH 95 Bastrop, TX 78602, TX, 78602","987 N SH 95","Bastrop","TX","78602","U.S. Census Bureau Geocoder","2026-09-03","Tie","","","0","0","needs_review","multiple_geocoder_candidates"
"235","c312730e-a013-41e6-b4f5-2077fa524a70","schulenberg-area-food-pantry-fayette","draft","Schulenberg Area Food Pantry","Food pantry","304 East Ave. Schulenberg, TX, TX","304 East Ave. Schulenberg, TX","","TX","","U.S. Census Bureau Geocoder","2026-09-03","","","","0","0","needs_review","insufficient_address_components"
"236","a2dbb0c5-89a4-4127-a6c4-3e68a03231ea","gonzales-christian-assistance-ministry-gonzales","draft","Gonzales Christian Assistance Ministry","Food and basic-needs assistance","708 St. Louis Street, Gonzales, TX, 78629","708 St. Louis Street","Gonzales","TX","78629","U.S. Census Bureau Geocoder","2026-09-03","Tie","","","0","0","needs_review","multiple_geocoder_candidates"
"237","694e5f8c-3024-43b7-a0d7-0690f5209dce","helping-center-of-marble-falls-marble-falls","draft","Helping Center of Marble Falls","Food pantry","1016 Broadway, Marble Falls, TX 78654, Marble Falls, TX, 78654","1016 Broadway, Marble Falls, TX 78654","Marble Falls","TX","78654","U.S. Census Bureau Geocoder","2026-09-03","No_Match","","","0","0","unresolved","no_geocoder_match"
"238","97c3289a-20eb-4581-a420-48e93c3c5dc0","senior-sitters-llc-health-and-personal-support-austin","draft","Senior Sitters, LLC","Memory care","13740 Research Blvd. Ste M7, Austin, TX, 78750","13740 Research Blvd. Ste M7","Austin","TX","78750","U.S. Census Bureau Geocoder","2026-09-03","No_Match","","","0","0","unresolved","no_geocoder_match"
"239","fb064d44-73e3-40c1-87d3-12ae0b1238d7","goodwill-industries-of-ct-round-rock-job-center-education-and-employment-williamson","draft","GoodWill Industries of CT : Round Rock Job Center","Employment and job training","150 West Palm Valley Blvd. Round Rock, TX 78664, TX, 78664","150 West Palm Valley Blvd.","Round Rock","TX","78664","U.S. Census Bureau Geocoder","2026-09-03","Match","Non_Exact","150 PALM VALLEY BLVD, ROUND ROCK, TX, 78664","30.51797803531","-97.683869019728","needs_review","non_exact_match"
"240","f3f89cbe-af38-4486-872f-6ece9eab830e","the-kind-clinic-community-support-williamson","draft","The Kind Clinic","Sexual health and inclusive care","Operates clinics in 4 locations (Austin South, Austin Koenig, San Antonio, dallas), TX","Operates clinics in 4 locations (Austin South, Austin Koenig, San Antonio, dallas)","","TX","","U.S. Census Bureau Geocoder","2026-09-03","","","","0","0","unresolved","variable_or_non_specific_location"
"241","298c7ffb-5919-463f-b700-3e02e2766ed9","furrbaby-food-pantry-community-support-williamson","draft","Furrbaby food pantry","Pet food and supplies","1603 Northwest Blvd. Georgetown, TX 78628, TX, 78628","1603 Northwest Blvd.","Georgetown","TX","78628","U.S. Census Bureau Geocoder","2026-09-03","No_Match","","","0","0","unresolved","no_geocoder_match"
"242","463348b0-7ad0-4b4e-abe3-d9ab5afe50c5","austin-humane-society-community-support-williamson","draft","Austin Humane Society","Pet food and rehoming support","124 Anderson Ln. Austin, TX 78752, TX, 78752","124 Anderson Ln.","Austin","TX","78752","U.S. Census Bureau Geocoder","2026-09-03","Tie","","","0","0","needs_review","multiple_geocoder_candidates"
"243","b05780d3-c0f8-453c-b665-6a0676fe2f71","goodwill-industries-bastrop-job-help-center-education-and-employment-bastrop","draft","GoodWill Industries: Bastrop Job Help Center","Employment and job training","57 Loop 150 West Bastrop, TX 78602, TX, 78602","57 Loop 150 West","Bastrop","TX","78602","U.S. Census Bureau Geocoder","2026-09-03","Match","Non_Exact","57 LOOP 150, BASTROP, TX, 78602","30.105531792382","-97.328931165685","needs_review","non_exact_match"
"244","04223034-598c-435c-8d68-62d308b7bd07","camp-haven-sanctuary-housing-and-financial-assistance-bastrop","draft","Camp Haven Sanctuary","Prepared meals","549 Mesquite Dr., TX","549 Mesquite Dr.","","TX","","U.S. Census Bureau Geocoder","2026-09-03","","","","0","0","needs_review","insufficient_address_components"
"245","49e20288-0419-4c47-9c8f-f063aafd4a6b","in-the-streets-hands-up-high-housing-and-financial-assistance-bastrop","draft","In the Streets Hands Up High","Meals, pantry, and shelter","987 N SH 95 Bastrop, TX 78602, TX, 78602","987 N SH 95","Bastrop","TX","78602","U.S. Census Bureau Geocoder","2026-09-03","Tie","","","0","0","needs_review","multiple_geocoder_candidates"
"246","29117cb0-2d56-4dc2-9abd-dbe455dcf335","lagrange-va-clinic-community-support-lagrange","draft","LaGrange VA Clinic","Primary care and telehealth for Veterans","2 Saint Marks Place, LaGrange, TX, 78945","2 Saint Marks Place","LaGrange","TX","78945","U.S. Census Bureau Geocoder","2026-09-03","No_Match","","","0","0","unresolved","no_geocoder_match"
"247","9b69d51f-cb43-4c93-ba58-19dafd8f7eea","community-resource-center-community-support-burnet","draft","Community Resource Center","Comprehensive resource navigation","1016 Broadway Marble Falls, TX 78654, TX, 78654","1016 Broadway","Marble Falls","TX","78654","U.S. Census Bureau Geocoder","2026-09-03","Match","Non_Exact","1016 BROADWAY ST, MARBLE FALLS, TX, 78654","30.577187045236","-98.275745029167","needs_review","non_exact_match"
"248","1a7bba8e-a7d0-4d7a-be2c-0bc5e7646c79","christian-women-s-job-corp-of-highland-lakes-cwjchl-education-and-employment-burnet","draft","Christian Women's Job Corp of Highland Lakes (CWJCHL)","Job and life-skills training for women","218 E. Jackson, Burnet, TX 78611, Burnet, TX, 78611","218 E. Jackson, Burnet, TX 78611","Burnet","TX","78611","U.S. Census Bureau Geocoder","2026-09-03","No_Match","","","0","0","unresolved","no_geocoder_match"
"249","4d1f40fa-609d-4b0a-adc5-f718f1c0671c","travis-county-family-support-services-palm-square-office-housing-and-financial-assistance","draft","Travis County Family Support Services (Palm Square Office)","Emergency financial assistance","100 N IH 35, Ste 2000 Austin, TX 78701, TX, 78701","100 N IH 35, Ste 2000","Austin","TX","78701","U.S. Census Bureau Geocoder","2026-09-03","Match","Non_Exact","100 I- 35 SVC RD N, AUSTIN, TX, 78701","30.261297453285","-97.736809646422","needs_review","non_exact_match"
"250","f98be83d-1a62-46c2-bff5-5186baf6bb33","texas-rio-grande-legal-aid-legal-and-safety-support-austin","draft","Texas Rio Grande Legal Aid","Civil legal assistance","4920 North I-35, Austin, TX 78751, Austin, TX, 78751","4920 North I-35, Austin, TX 78751","Austin","TX","78751","U.S. Census Bureau Geocoder","2026-09-03","No_Match","","","0","0","unresolved","no_geocoder_match"
