"severity","confidence","code","status","id","slug","organization_name","title_es","title_en","primary_category","detail","recommendation"
"access","medium","address_without_in_person","published","78fd23b1-9406-49ad-b803-71e3e0c077ac","austin-child-guidance-center-child-and-family-therapy","Austin Child Guidance Center","Terapia infantil y familiar","Child and family therapy","salud","Address exists but in-person is not selected.","Confirm whether this is a service location or remove the address."
"access","medium","address_without_in_person","published","36cce978-6612-4e04-8874-0a54503645eb","acceso-gratuito-a-computadoras-y-habilidades-digitales-austin-free-net","Austin Free-Net","Acceso Gratuito a Computadoras y Habilidades Digitales","Free Computer Access & Digital Skills","educacion","Address exists but in-person is not selected.","Confirm whether this is a service location or remove the address."
"access","medium","address_without_in_person","draft","16d516fc-28ce-45c2-b035-a5d9ee23d813","austin-habitat-for-humanity-reparacion-de-vivienda-bastrop-austin-habitat-for-humanity","Austin Habitat for Humanity","Austin Habitat for Humanity — Reparación de Vivienda (Bastrop)","Austin Habitat for Humanity — Home Repair (Bastrop)","vivienda","Address exists but in-person is not selected.","Confirm whether this is a service location or remove the address."
"access","medium","address_without_in_person","draft","3471b448-666e-449a-917d-7b56298439f9","austin-water-customer-service-taps","Austin Water","Austin Water – Servicio al Cliente / TAPS","Austin Water – Customer Service / TAPS","vivienda","Address exists but in-person is not selected.","Confirm whether this is a service location or remove the address."
"access","medium","address_without_in_person","draft","4f319f20-d10c-4127-b367-821adfe1b5c0","agencia-de-area-sobre-el-envejecimiento-del-area-capital-aaacap-adrc-capcog-capital-area-council-of-governments-capcog","Capital Area Council of Governments (CAPCOG)","Agencia de Área sobre el Envejecimiento del Área Capital (AAACAP) / ADRC — CAPCOG","Area Agency on Aging of the Capital Area (AAACAP) / ADRC — CAPCOG","otros-recursos","Address exists but in-person is not selected.","Confirm whether this is a service location or remove the address."
"access","medium","address_without_in_person","published","bb12f176-ea4d-4370-80de-21b47489272b","capital-area-counseling-affordable-counseling-services","Capital Area Counseling","Servicios de consejería asequibles","Affordable counseling services","salud","Address exists but in-person is not selected.","Confirm whether this is a service location or remove the address."
"access","medium","address_without_in_person","published","edc2a6d0-c693-4b83-9d1e-a1e4c1e4bc6a","capmetro-ruta-214-capital-metropolitan-transportation-authority-capmetro","Capital Metropolitan Transportation Authority (CapMetro) – Route 214","Autobús entre Lago Vista, Jonestown y Lakeline Station","Bus Service from Lago Vista & Jonestown to Lakeline Station","transporte","Address exists but in-person is not selected.","Confirm whether this is a service location or remove the address."
"access","medium","address_without_in_person","published","b3cfcb36-4f77-44d5-978c-d66c763d429a","capmetro-ruta-990-manor-express-capital-metropolitan-transportation-authority-capmetro","Capital Metropolitan Transportation Authority (CapMetro) – Route 990 Manor/Elgin Express","Autobús de Manor hacia Austin","Bus Service from Manor to Austin","transporte","Address exists but in-person is not selected.","Confirm whether this is a service location or remove the address."
"access","medium","address_without_in_person","published","5d8f99e2-1f94-43ef-824d-6db420ef9742","central-health-medical-access-program-map","Central Health","Asistencia para la cobertura de salud de MAP y MAP Basic","MAP & MAP Basic Health Coverage Assistance","salud","Address exists but in-person is not selected.","Confirm whether this is a service location or remove the address."
"access","medium","address_without_in_person","published","969b11e0-252c-4c6c-bca7-769f4326288c","west-lake-hills-registro-de-emergencias-stear-city-of-west-lake-hills","City of West Lake Hills – State of Texas Emergency Assistance Registry (STEAR)","Registro de Asistencia para Emergencias para Personas con Necesidades Especiales","Emergency Assistance Registry for People with Special Needs","otros-recursos","Address exists but in-person is not selected.","Confirm whether this is a service location or remove the address."
"access","medium","address_without_in_person","published","622d9262-1590-46f0-a976-b75a1c13ec4d","communitycare-primary-and-specialty-health-services","CommUnityCare","Servicios de salud primaria y especializada","Primary and specialty health services","salud","Address exists but in-person is not selected.","Confirm whether this is a service location or remove the address."
"access","medium","address_without_in_person","published","1f6272c7-a375-4adf-987e-b9f237db57bb","del-valle-isd-apoyo-estudiantil-y-familiar-del-valle-independent-school-district","Del Valle Independent School District","Del Valle ISD — Apoyo Estudiantil y Familiar","Del Valle ISD — Student and Family Support","otros-recursos","Address exists but in-person is not selected.","Confirm whether this is a service location or remove the address."
"access","medium","address_without_in_person","published","d28a7164-f6b8-4ded-a55a-07ab2e5751fd","half-helen-foundation-community-eye-exams","Half Helen Foundation","Exámenes comunitarios de la vista","Community eye exams","salud","Address exists but in-person is not selected.","Confirm whether this is a service location or remove the address."
"access","medium","address_without_in_person","published","ba71aa96-7a45-40ee-8f26-950d7180e7b9","lake-travis-isd-programas-para-estudiantes-sin-hogar-mckinney-vento-lake-travis-independent-school-district","Lake Travis ISD – McKinney-Vento Program","Apoyo Educativo para Estudiantes sin Vivienda Estable","Educational Support for Students Experiencing Homelessness","educacion","Address exists but in-person is not selected.","Confirm whether this is a service location or remove the address."
"access","medium","address_without_in_person","published","ff866166-7d9e-4d6e-ac4d-7386004157d5","manos-de-cristo-salud-dental-necesidades-basicas-y-educacion-manos-de-cristo-inc","Manos de Cristo, Inc.","Manos de Cristo – Salud Dental, Necesidades Básicas y Educación","Manos de Cristo – Dental Care, Basic Needs & Education","salud","Address exists but in-person is not selected.","Confirm whether this is a service location or remove the address."
"access","medium","address_without_in_person","published","1f38b864-ea55-418e-89e3-91cec44a92d6","meals-for-vets-comidas-para-veteranos-meals-for-vets","Meals for Vets","Comidas para Veteranos","Meals for Vets","comida","Address exists but in-person is not selected.","Confirm whether this is a service location or remove the address."
"access","medium","address_without_in_person","draft","8f45635a-6179-4946-9761-8d2104e43bc6","meals-on-wheels-central-texas-mowct-meals-on-wheels-central-texas","Meals on Wheels Central Texas","Meals on Wheels Central Texas (MOWCT)","Meals on Wheels Central Texas (MOWCT)","comida","Address exists but in-person is not selected.","Confirm whether this is a service location or remove the address."
"access","medium","address_without_in_person","published","2529bbca-e9d7-41ed-aba0-24ba610650b4","ayuda-para-renta-servicios-publicos-alimentos-y-necesidades-basicas-sacred-heart-catholic-church-st-vincent-de-paul-conference","Sacred Heart Catholic Church – St. Vincent de Paul Conference","Ayuda para Renta, Servicios Públicos, Alimentos y Necesidades Básicas","Rent, Utility, Food & Basic Needs Assistance","recursos-financieros","Address exists but in-person is not selected.","Confirm whether this is a service location or remove the address."
"access","medium","address_without_in_person","draft","f628a3d6-5aac-4b4a-8286-388271782c88","sociedad-de-san-vicente-de-paul-iglesia-sagrado-corazon-elgin-sacred-heart-catholic-church-sociedad-de-san-vicente-de-paul","Sacred Heart Catholic Church / Sociedad de San Vicente de Paúl","Sociedad de San Vicente de Paúl — Iglesia Sagrado Corazón (Elgin)","Society of St. Vincent de Paul — Sacred Heart Catholic Church (Elgin)","recursos-financieros","Address exists but in-person is not selected.","Confirm whether this is a service location or remove the address."
"access","medium","address_without_in_person","published","bd0bfec9-67eb-41bf-a349-f59e6e9e21f8","st-elizabeth-of-hungary-sociedad-de-san-vicente-de-paul-st-elizabeth-of-hungary-catholic-church","St. Elizabeth of Hungary Catholic Church – St. Vincent de Paul","Ayuda Financiera y Alimentaria para Familias en Pflugerville","Financial & Food Assistance for Families in Pflugerville","recursos-financieros","Address exists but in-person is not selected.","Confirm whether this is a service location or remove the address."
"access","medium","address_without_in_person","published","67120353-9e41-4d94-987d-5b4731a05eea","st-joseph-catholic-church-manor-sociedad-de-san-vicente-de-paul-st-joseph-catholic-church","St. Joseph Catholic Church – Society of St. Vincent de Paul","Ayuda para Renta, Servicios Públicos, Alimentos y Artículos Básicos","Rent, Utility, Food & Basic Needs Assistance","recursos-financieros","Address exists but in-person is not selected.","Confirm whether this is a service location or remove the address."
"access","medium","address_without_in_person","draft","21f73241-fcef-4258-ae30-48bece224ed4","sociedad-de-san-vicente-de-paul-iglesia-st-paul-smithville-st-paul-catholic-church-sociedad-de-san-vicente-de-paul","St. Paul Catholic Church / Sociedad de San Vicente de Paúl","Sociedad de San Vicente de Paúl — Iglesia St. Paul (Smithville)","Society of St. Vincent de Paul — St. Paul Catholic Church (Smithville)","recursos-financieros","Address exists but in-person is not selected.","Confirm whether this is a service location or remove the address."
"access","medium","address_without_in_person","draft","801a5986-85a8-48fc-920c-0b4ca1142c6a","servicio-de-referencia-e-informacion-de-abogados-del-colegio-de-abogados-de-texas-state-bar-of-texas","State Bar of Texas","Servicio de Referencia e Información de Abogados del Colegio de Abogados de Texas","State Bar of Texas Lawyer Referral & Information Service (LRIS)","ayuda-legal","Address exists but in-person is not selected.","Confirm whether this is a service location or remove the address."
"access","medium","address_without_in_person","published","7ad531f3-582b-45d5-b9c7-c4edf164e26b","safe-alliance-safe-alliance","The SAFE Alliance (SAFE)","Apoyo Familiar y Violencia","Domestic Violence & Sexual Assault","vivienda","Address exists but in-person is not selected.","Confirm whether this is a service location or remove the address."
"access","medium","address_without_in_person","published","ccd0d6b2-a99e-4203-96e8-41b68f1385a2","asistencia-de-pago-inicial-hill-country-home-travis-county-housing-finance-corporation-travis-county-housing-finance-corporation","Travis County Housing Finance Corporation (TCHFC)","Ayuda para el Pago Inicial de una Vivienda","Down Payment Assistance for Homebuyers","vivienda","Address exists but in-person is not selected.","Confirm whether this is a service location or remove the address."
"access","medium","address_without_in_person","published","8e73d3df-4162-4125-b65e-ef03c3293585","atencion-para-veteranos-sin-hogar-de-va-central-texas-u-s-department-of-veterans-affairs-va-central-texas","U.S. Department of Veterans Affairs (VA Central Texas)","Atención para Veteranos sin Hogar de VA Central Texas","VA Central Texas Homeless Veteran Care","vivienda","Address exists but in-person is not selected.","Confirm whether this is a service location or remove the address."
"access","medium","address_without_in_person","published","2b71fb0b-d017-4a52-b188-67fe1b23a9cf","programa-de-alcance-de-justicia-para-veteranos-central-texas-u-s-department-of-veterans-affairs-vha","U.S. Department of Veterans Affairs (VHA)","Programa de Alcance de Justicia para Veteranos – Central Texas","VA Veterans Justice Outreach – Central Texas","ayuda-legal","Address exists but in-person is not selected.","Confirm whether this is a service location or remove the address."
"access","medium","in_person_without_address","published","89813161-cbea-4aac-b1cd-3880a150280b","a-rocha-usa-community-support-for-individuals-and-families","A Rocha USA","Apoyo comunitario para personas y familias","Community support for individuals and families","otros-recursos","In-person method has no street address.","Confirm a real service location or remove in-person."
"access","medium","in_person_without_address","published","aef44fd4-dad3-46c3-b679-414b3d981ac1","african-american-youth-harvest-foundation-community-support-for-individuals-and-families","African American Youth Harvest Foundation","Apoyo comunitario para personas y familias","Community support for individuals and families","otros-recursos","In-person method has no street address.","Confirm a real service location or remove in-person."
"access","medium","in_person_without_address","published","1e1c4788-2cfb-457b-80a1-e70c8f25772b","atx-kids-club-youth-development-and-recreation-programs","ATX Kids Club","Programas de desarrollo y recreación juvenil","Youth development and recreation programs","educacion","In-person method has no street address.","Confirm a real service location or remove in-person."
"access","medium","in_person_without_address","published","e01eedb9-6ee0-4c1b-81c6-b822ffc9e6c7","austin-child-guidance-center-mental-health-and-wellness-services","Austin Child Guidance Center","Servicios de salud mental y bienestar","Mental health and wellness services","salud","In-person method has no street address.","Confirm a real service location or remove in-person."
"access","medium","in_person_without_address","published","e3497e15-889d-4c79-b5df-5464e49d62b3","austin-clubhouse-mental-health-and-wellness-services","Austin Clubhouse","Servicios de salud mental y bienestar","Mental health and wellness services","salud","In-person method has no street address.","Confirm a real service location or remove in-person."
"access","medium","in_person_without_address","published","d7cdfca1-dd48-419e-9b40-bc26888e1ede","clases-de-ingles-ged-y-capacitacion-laboral-austin-community-college-district","Austin Community College District","Clases de inglés, GED y capacitación laboral","English, GED, and Career Training Programs","educacion","In-person method has no street address.","Confirm a real service location or remove in-person."
"access","medium","in_person_without_address","published","b460fd32-3961-4299-9beb-4f29f185029b","austin-creative-reuse-education-and-learning-support-programs","Austin Creative Reuse","Programas educativos y apoyo al aprendizaje","Education and learning support programs","educacion","In-person method has no street address.","Confirm a real service location or remove in-person."
"access","medium","in_person_without_address","published","f114ecc1-49ca-4a76-ac67-cf07dc060373","austin-habitat-for-humanity-housing-and-basic-needs-assistance","Austin Habitat for Humanity","Vivienda y asistencia para necesidades básicas","Housing and basic-needs assistance","vivienda","In-person method has no street address.","Confirm a real service location or remove in-person."
"access","medium","in_person_without_address","published","1eb2779a-7fd2-4524-a9d4-2f66924afa2b","austin-voices-for-education-and-youth-community-support-for-individuals-and-families","Austin Voices for Education and Youth","Apoyo comunitario para personas y familias","Community support for individuals and families","otros-recursos","In-person method has no street address.","Confirm a real service location or remove in-person."
"access","medium","in_person_without_address","published","7fa18f46-b399-464b-aad2-a7a363e16d3d","clinicas-de-inscripcion-a-seguro-medico-austin-voices-for-education-and-youth-avey","Austin Voices for Education and Youth (AVEY)","Clínicas de inscripción a seguro médico","Health insurance enrollment clinics","salud","In-person method has no street address.","Confirm a real service location or remove in-person."
"access","medium","in_person_without_address","published","000603d6-1748-4b96-8b53-6199e5631544","ayuda-para-usar-mychart-austin-voices-for-education-and-youth-avey","Austin Voices for Education and Youth (AVEY)","Ayuda para usar MyChart","MyChart enrollment and technology help","salud","In-person method has no street address.","Confirm a real service location or remove in-person."
"access","medium","in_person_without_address","published","d8a4c908-3fc6-4462-8f83-6b47945f1185","austin-youth-fitness-youth-development-and-recreation-programs","Austin Youth Fitness","Programas de desarrollo y recreación juvenil","Youth development and recreation programs","educacion","In-person method has no street address.","Confirm a real service location or remove in-person."
"access","medium","in_person_without_address","published","6c0c4768-3cad-4e52-b3cd-67f0bcb006ce","austin-youth-river-watch-youth-development-and-recreation-programs","Austin Youth River Watch","Programas de desarrollo y recreación juvenil","Youth development and recreation programs","educacion","In-person method has no street address.","Confirm a real service location or remove in-person."
"access","medium","in_person_without_address","published","7c98a4a6-92bf-4ba7-99a0-3f1f9217008b","autism-society-of-texas-community-support-for-individuals-and-families","Autism Society of Texas","Apoyo comunitario para personas y familias","Community support for individuals and families","otros-recursos","In-person method has no street address.","Confirm a real service location or remove in-person."
"access","medium","in_person_without_address","published","8f77124b-79e0-406e-b2bd-ceb422004b23","beat-4-beat-education-and-learning-support-programs","Beat 4 Beat","Programas educativos y apoyo al aprendizaje","Education and learning support programs","educacion","In-person method has no street address.","Confirm a real service location or remove in-person."
"access","medium","in_person_without_address","published","98d4da6f-df63-4e3f-b11e-5647f372c084","black-mamas-atx-community-support-for-individuals-and-families","Black Mamas ATX","Apoyo comunitario para personas y familias","Community support for individuals and families","otros-recursos","In-person method has no street address.","Confirm a real service location or remove in-person."
"access","medium","in_person_without_address","published","0582465d-96a1-4806-a237-22ee6bed50d3","black-women-who-community-support-for-individuals-and-families","Black Women Who","Apoyo comunitario para personas y familias","Community support for individuals and families","otros-recursos","In-person method has no street address.","Confirm a real service location or remove in-person."
"access","medium","in_person_without_address","published","84bc6c87-6a0e-4e45-8677-6c6aa9c9242b","bluebonnet-trails-mental-health","Bluebonnet Trails Community Services","Servicios de salud mental y crisis","Mental health and crisis services","salud","In-person method has no street address.","Confirm a real service location or remove in-person."
"access","medium","in_person_without_address","published","dc1dba5f-ed5e-4f0b-ab30-931192372aed","boys-and-girls-club-of-georgetown-youth-development-and-recreation-programs","Boys and Girls Club of Georgetown","Programas de desarrollo y recreación juvenil","Youth development and recreation programs","educacion","In-person method has no street address.","Confirm a real service location or remove in-person."
"access","medium","in_person_without_address","published","7d9f192e-046d-4def-8c1b-ef30bbdbbf5a","breakthrough-ctx-education-and-learning-support-programs","Breakthrough CTX","Programas educativos y apoyo al aprendizaje","Education and learning support programs","educacion","In-person method has no street address.","Confirm a real service location or remove in-person."
"access","medium","in_person_without_address","published","180d2b16-e6f5-47b5-92fa-44df43637545","bridge-lacrosse-youth-development-and-recreation-programs","Bridge Lacrosse","Programas de desarrollo y recreación juvenil","Youth development and recreation programs","educacion","In-person method has no street address.","Confirm a real service location or remove in-person."
"access","medium","in_person_without_address","published","0e0452ad-c60b-4f3b-92ab-0434444425f4","candlelight-ranch-youth-development-and-recreation-programs","Candlelight Ranch","Programas de desarrollo y recreación juvenil","Youth development and recreation programs","educacion","In-person method has no street address.","Confirm a real service location or remove in-person."
"access","medium","in_person_without_address","published","61bdd76d-f81b-493a-ab05-584d643c593c","carts-williamson-county-transportation","Capital Area Rural Transportation System","Transporte público rural CARTS","CARTS rural public transportation","transporte","In-person method has no street address.","Confirm a real service location or remove in-person."
"access","medium","in_person_without_address","published","2428ce80-12ca-41f2-b8c4-2e7f97ccc0b2","transporte-rural-y-regional-en-travis-county-capital-area-rural-transportation-system-carts","Capital Area Rural Transportation System (CARTS)","Transporte rural y regional en Travis County","Rural and Regional Transportation in Travis County","transporte","In-person method has no street address.","Confirm a real service location or remove in-person."
"access","medium","in_person_without_address","draft","58886f56-a383-4fab-9de3-69091c2bb92f","carts-now-bastrop-servicio-a-demanda-capital-area-rural-transportation-system-carts","Capital Area Rural Transportation System (CARTS)","CARTS Now Bastrop (servicio a demanda)","CARTS Now Bastrop (on-demand service)","transporte","In-person method has no street address.","Confirm a real service location or remove in-person."
"access","medium","in_person_without_address","draft","6a4e5f6f-82a4-466d-83ab-c7e908f7081f","carts-now-elgin-servicio-a-demanda-capital-area-rural-transportation-system-carts","Capital Area Rural Transportation System (CARTS)","CARTS Now Elgin (servicio a demanda)","CARTS Now Elgin (on-demand service)","transporte","In-person method has no street address.","Confirm a real service location or remove in-person."
"access","medium","in_person_without_address","draft","c336fcb3-3fc8-4767-9bbc-e73dd7f5d974","servicio-local-de-la-ciudad-de-smithville-carts-carts-en-contrato-con-la-ciudad-de-smithville","CARTS, en contrato con la Ciudad de Smithville","Servicio Local de la Ciudad de Smithville (CARTS)","City of Smithville Local Service (CARTS)","transporte","In-person method has no street address.","Confirm a real service location or remove in-person."
"access","medium","in_person_without_address","draft","52e14780-187c-4da0-aa22-8723a2dc8334","carts-metro-connector-ruta-990-manor-elgin-express-carts-en-coordinacion-con-capital-metro","CARTS, en coordinación con Capital Metro","CARTS Metro Connector / Ruta 990 Manor–Elgin Express","CARTS Metro Connector / Route 990 Manor/Elgin Express","transporte","In-person method has no street address.","Confirm a real service location or remove in-person."
"access","medium","in_person_without_address","published","f695bd6c-bf3c-4476-b78c-2262aa8befb8","cary-council-on-at-risk-youth-education-and-learning-support-programs","CARY (Council on At Risk Youth)","Programas educativos y apoyo al aprendizaje","Education and learning support programs","educacion","In-person method has no street address.","Confirm a real service location or remove in-person."
"access","medium","in_person_without_address","published","179bfc2d-5f17-4f27-9000-086c4ec3c871","center-for-child-protection-education-and-learning-support-programs","Center for Child Protection","Programas educativos y apoyo al aprendizaje","Education and learning support programs","educacion","In-person method has no street address.","Confirm a real service location or remove in-person."
"access","medium","in_person_without_address","published","964ed8a9-7a7f-48b6-8d16-233adc81572d","centered-youth-clinic-and-consulting-mental-health-and-wellness-services","Centered Youth Clinic & Consulting","Servicios de salud mental y bienestar","Mental health and wellness services","salud","In-person method has no street address.","Confirm a real service location or remove in-person."
"access","medium","in_person_without_address","published","cc1e8755-504a-4bb2-8af6-0b86dd9d9fa3","centros-de-salud-y-bienestar-central-health","Central Health","Centros de salud y bienestar","Health and wellness centers","salud","In-person method has no street address.","Confirm a real service location or remove in-person."
"access","medium","in_person_without_address","published","7c12b2f6-3825-479d-932b-e64bf14a6006","encuentra-alimentos-cerca-de-ti-central-texas-food-bank","Central Texas Food Bank","Encuentra alimentos cerca de ti","Find Food Near You","comida","In-person method has no street address.","Confirm a real service location or remove in-person."
"access","medium","in_person_without_address","published","265e6ee1-0afb-4146-9f65-ace9c5f0fd94","central-texas-food-bank-benefits-williamson","Central Texas Food Bank","Ayuda para solicitar beneficios públicos","Public benefits application assistance","recursos-financieros","In-person method has no street address.","Confirm a real service location or remove in-person."
"access","medium","in_person_without_address","published","20e66dca-2481-48d1-a472-2f0cd5092e22","christi-center-mental-health-and-wellness-services","Christi Center","Servicios de salud mental y bienestar","Mental health and wellness services","salud","In-person method has no street address.","Confirm a real service location or remove in-person."
"access","medium","in_person_without_address","published","6979b575-1dc0-4995-8ba3-2dc3a7a76413","descuentos-y-ayuda-con-servicios-publicos-city-of-austin-utilities-austin-energy","City of Austin Utilities / Austin Energy","Descuentos y ayuda con servicios públicos","Utility Discounts and Emergency Assistance","recursos-financieros","In-person method has no street address.","Confirm a real service location or remove in-person."
"access","medium","in_person_without_address","published","eb50ec57-9f9f-413b-a695-5d9d14744273","link-cedar-park","City of Cedar Park","LiNK Cedar Park","LiNK Cedar Park","transporte","In-person method has no street address.","Confirm a real service location or remove in-person."
"access","medium","in_person_without_address","published","10825944-0e36-452d-94a3-148363d1ee10","round-rock-rides","City of Round Rock","Round Rock Rides","Round Rock Rides","transporte","In-person method has no street address.","Confirm a real service location or remove in-person."
"access","medium","in_person_without_address","published","1c36da4e-fca1-45c1-a90d-307af32eaeb7","college-possible-texas-community-support-for-individuals-and-families","College Possible Texas","Apoyo comunitario para personas y familias","Community support for individuals and families","otros-recursos","In-person method has no street address.","Confirm a real service location or remove in-person."
"access","medium","in_person_without_address","draft","29a68c85-b3d6-431c-be10-9217ef6ea7b3","meals-on-wheels-rural-capital-area-combined-community-action-inc","Combined Community Action, Inc.","Meals on Wheels Rural Capital Area","Meals on Wheels Rural Capital Area","comida","In-person method has no street address.","Confirm a real service location or remove in-person."
"access","medium","in_person_without_address","published","7579a51f-b20b-48d1-803d-565fae885ee7","community-action-adult-education-williamson","Community Action, Inc. of Central Texas","Educación para adultos y capacitación laboral","Adult education and workforce training","educacion","In-person method has no street address.","Confirm a real service location or remove in-person."
"access","medium","in_person_without_address","published","9705f473-749a-45d8-aa10-c1c7e7b35537","atencion-medica-primaria-y-especializada-communitycare-health-centers","CommUnityCare Health Centers","Atención médica primaria y especializada","Primary and Specialty Health Care","salud","In-person method has no street address.","Confirm a real service location or remove in-person."
"access","medium","in_person_without_address","published","684e5303-f318-4851-ac58-b2c899680469","con-mi-madre-community-support-for-individuals-and-families","Con Mi Madre","Apoyo comunitario para personas y familias","Community support for individuals and families","otros-recursos","In-person method has no street address.","Confirm a real service location or remove in-person."
"access","medium","in_person_without_address","published","4058c496-d4db-4eff-81ec-41f098c3527b","creative-action-youth-development-and-recreation-programs","Creative Action","Programas de desarrollo y recreación juvenil","Youth development and recreation programs","educacion","In-person method has no street address.","Confirm a real service location or remove in-person."
"access","medium","in_person_without_address","published","9a3dbad5-475f-4fc9-bf04-66897b2da65c","cross-creek-behavioral-health-hospital-mental-health-and-wellness-services","Cross Creek Behavioral Health Hospital","Servicios de salud mental y bienestar","Mental health and wellness services","salud","In-person method has no street address.","Confirm a real service location or remove in-person."
"access","medium","in_person_without_address","published","5ebe2d7f-a56c-4e2c-89ff-03f385c585a6","crux-climbing-center-youth-development-and-recreation-programs","Crux Climbing Center","Programas de desarrollo y recreación juvenil","Youth development and recreation programs","educacion","In-person method has no street address.","Confirm a real service location or remove in-person."
"access","medium","in_person_without_address","published","77f8682b-dc32-4ba5-87c7-e067208a8df0","david-phillips-foundation-youth-development-and-recreation-programs","David Phillips Foundation","Programas de desarrollo y recreación juvenil","Youth development and recreation programs","educacion","In-person method has no street address.","Confirm a real service location or remove in-person."
"access","medium","in_person_without_address","published","2cf67bff-cb89-4145-bcaa-06eea395e39a","dell-children-s-health-plan-mental-health-and-wellness-services","Dell Children's Health Plan","Servicios de salud mental y bienestar","Mental health and wellness services","salud","In-person method has no street address.","Confirm a real service location or remove in-person."
"access","medium","in_person_without_address","published","fa2a5b60-1967-4367-b0a6-97f9d68d0c91","dress-for-success-austin-community-support-for-individuals-and-families","Dress for Success Austin","Apoyo comunitario para personas y familias","Community support for individuals and families","otros-recursos","In-person method has no street address.","Confirm a real service location or remove in-person."
"access","medium","in_person_without_address","published","ef4c29a6-c365-45bd-9522-4372e0bcd2f0","transporte-gratuito-para-adultos-mayores-drive-a-senior","Drive a Senior","Transporte gratuito para adultos mayores","Free Transportation for Older Adults","transporte","In-person method has no street address.","Confirm a real service location or remove in-person."
"access","medium","in_person_without_address","draft","f2839ead-ac8c-4fc8-a137-5294ba153283","drive-a-senior-transporte-para-adultos-mayores-del-centro-de-texas-drive-a-senior-antes-chariot","Drive a Senior (antes ""Chariot"")","Drive a Senior — Transporte para Adultos Mayores del Centro de Texas","Drive a Senior — Central Texas Senior Transportation","transporte","In-person method has no street address.","Confirm a real service location or remove in-person."
"access","medium","in_person_without_address","draft","640c90ee-1db6-40f5-9523-3a873742e909","drive-a-senior-central-texas-drive-a-senior-central-texas","Drive a Senior Central Texas","Transporte y apoyo en el hogar para adultos mayores","Transportation and in-home support for older adults","transporte","In-person method has no street address.","Confirm a real service location or remove in-person."
"access","medium","in_person_without_address","published","61c2eb0e-15e4-4ab3-850d-b0523906648c","eanes-care-eanes-isd-eanes-independent-school-district","Eanes Independent School District","Cuidado Infantil, Educación Temprana y Programa después de Escuela","Child Care, Early Education & After-School","educacion","In-person method has no street address.","Confirm a real service location or remove in-person."
"access","medium","in_person_without_address","draft","464ffcb3-0fc6-46e9-8613-e581d1f31fa9","emancipet-community-support-williamson","Emancipet","Clínicas veterinarias móviles","Mobile veterinary clinics","salud","In-person method has no street address.","Confirm a real service location or remove in-person."
"access","medium","in_person_without_address","published","5dae4db1-6d7d-47ce-a9a8-822cdd6b50a9","explore-austin-youth-development-and-recreation-programs","Explore Austin","Programas de desarrollo y recreación juvenil","Youth development and recreation programs","educacion","In-person method has no street address.","Confirm a real service location or remove in-person."
"access","medium","in_person_without_address","published","ecaa3518-9c6d-46c9-8ab8-82c41abd5fd0","families-in-nature-youth-development-and-recreation-programs","Families in Nature","Programas de desarrollo y recreación juvenil","Youth development and recreation programs","educacion","In-person method has no street address.","Confirm a real service location or remove in-person."
"access","medium","in_person_without_address","draft","8c649e92-d0c9-48b6-bbbd-020dfc153811","centro-de-crisis-familiar-refugio-del-condado-de-bastrop-family-crisis-center-inc","Family Crisis Center, Inc.","Centro de Crisis Familiar (Refugio del Condado de Bastrop)","Family Crisis Center (Bastrop County Women's Shelter)","otros-recursos","In-person method has no street address.","Confirm a real service location or remove in-person."
"access","medium","in_person_without_address","published","c7d5e8eb-2fe9-4426-b76f-df160b7294db","proyecto-de-solicitud-simplificada-de-texas-tsap-snap-para-adultos-mayores-feeding-texas-texas-hhsc","Feeding Texas / Texas HHSC","Proyecto de Solicitud Simplificada de Texas (TSAP) — SNAP para Adultos Mayores","Texas Simplified Application Project (TSAP) — SNAP for Seniors","comida","In-person method has no street address.","Confirm a real service location or remove in-person."
"access","medium","in_person_without_address","published","17d7d8cf-38ce-4b5f-952c-5426e84a723f","foster-angels-of-central-texas-support-for-foster-youth-and-families","Foster Angels of Central Texas","Apoyo para jóvenes y familias de cuidado temporal","Support for foster youth and families","otros-recursos","In-person method has no street address.","Confirm a real service location or remove in-person."
"access","medium","in_person_without_address","published","2c4a2020-6a11-443c-be76-22b87d68cc87","foster-village-support-for-foster-youth-and-families","Foster Village","Apoyo para jóvenes y familias de cuidado temporal","Support for foster youth and families","otros-recursos","In-person method has no street address.","Confirm a real service location or remove in-person."
"access","medium","in_person_without_address","published","46442109-648c-4f51-9ed4-df714e0f9864","fostering-hope-community-support-for-individuals-and-families","Fostering Hope","Apoyo comunitario para personas y familias","Community support for individuals and families","otros-recursos","In-person method has no street address.","Confirm a real service location or remove in-person."
"access","medium","in_person_without_address","published","01742e09-a7bc-4597-9697-7682b1623521","girl-scouts-of-central-texas-youth-development-and-recreation-programs","Girl Scouts of Central Texas","Programas de desarrollo y recreación juvenil","Youth development and recreation programs","educacion","In-person method has no street address.","Confirm a real service location or remove in-person."
"access","medium","in_person_without_address","published","084b197a-594d-4614-bbd9-600775df37d6","girls-empowerment-network-youth-development-and-recreation-programs","Girls Empowerment Network","Programas de desarrollo y recreación juvenil","Youth development and recreation programs","educacion","In-person method has no street address.","Confirm a real service location or remove in-person."
"access","medium","in_person_without_address","published","82498cc8-75da-410b-8e26-8c572a635a0c","giving-austin-labor-support-gals-mental-health-and-wellness-services","Giving Austin Labor Support (GALS)","Servicios de salud mental y bienestar","Mental health and wellness services","salud","In-person method has no street address.","Confirm a real service location or remove in-person."
"access","medium","in_person_without_address","published","40f9a72b-aa77-4860-8ffd-6e4c473993a8","healing-wings-llc-mental-health-and-wellness-services","Healing Wings LLC","Servicios de salud mental y bienestar","Mental health and wellness services","salud","In-person method has no street address.","Confirm a real service location or remove in-person."
"access","medium","in_person_without_address","published","73b444a8-b037-4d04-8325-8e5ecec24043","helping-hand-home-for-children-support-for-foster-youth-and-families","Helping Hand Home for Children","Apoyo para jóvenes y familias de cuidado temporal","Support for foster youth and families","otros-recursos","In-person method has no street address.","Confirm a real service location or remove in-person."
"access","medium","in_person_without_address","published","24a73cb9-c809-4de7-9d4a-91311a668122","impact-counseling-services-inc-mental-health-and-wellness-services","Impact Counseling Services, Inc","Servicios de salud mental y bienestar","Mental health and wellness services","salud","In-person method has no street address.","Confirm a real service location or remove in-person."
"access","medium","in_person_without_address","published","eb2b6233-ade9-4cc5-885a-785ef5d682db","just-keep-livin-foundation-youth-development-and-recreation-programs","just keep livin Foundation","Programas de desarrollo y recreación juvenil","Youth development and recreation programs","educacion","In-person method has no street address.","Confirm a real service location or remove in-person."
"access","medium","in_person_without_address","published","0de5cb4c-9a5d-4a8a-a7a8-3e2f5a885947","keep-austin-beautiful-education-and-learning-support-programs","Keep Austin Beautiful","Programas educativos y apoyo al aprendizaje","Education and learning support programs","educacion","In-person method has no street address.","Confirm a real service location or remove in-person."
"access","medium","in_person_without_address","published","179b818c-3ff0-4748-87d7-42d78891b0de","lake-travis-isd-oficina-de-programas-comunitarios-lake-travis-independent-school-district","Lake Travis Independent School District","Oficina de Programas Comunitarios","Office of Community Programs","educacion","In-person method has no street address.","Confirm a real service location or remove in-person."
"access","medium","in_person_without_address","published","6736b501-749e-4473-b1d5-45c82c1fa03f","lifeworks-mental-health-and-wellness-services","Lifeworks","Servicios de salud mental y bienestar","Mental health and wellness services","salud","In-person method has no street address.","Confirm a real service location or remove in-person."
"access","medium","in_person_without_address","published","5b5e715c-1154-4c6a-84d5-856bb491db4f","educacion-para-adultos-y-preparacion-laboral-literacy-coalition-of-central-texas","Literacy Coalition of Central Texas","Educación para adultos y preparación laboral","Adult Education and Career Preparation","educacion","In-person method has no street address.","Confirm a real service location or remove in-person."
"access","medium","in_person_without_address","published","6aaaceb5-440b-463b-b09b-81c9752bc509","literacy-council-williamson-county","Literacy Council of Williamson County","Literacy Council of Williamson County","Literacy Council of Williamson County","educacion","In-person method has no street address.","Confirm a real service location or remove in-person."
"access","medium","in_person_without_address","published","b005b675-a70d-44fb-9af3-cfd2252c65d9","live-like-cati-community-support-for-individuals-and-families","Live Like Cati","Apoyo comunitario para personas y familias","Community support for individuals and families","otros-recursos","In-person method has no street address.","Confirm a real service location or remove in-person."
"access","medium","in_person_without_address","published","84e753f7-023c-4527-9a6b-1e8e6871f1dc","lone-star-circle-of-care-at-jonestown-lone-star-circle-of-care","Lone Star Circle of Care","Atención Médica, Dental y de Salud Mental a Bajo Costo","Affordable Medical, Dental & Mental Health Care","salud","In-person method has no street address.","Confirm a real service location or remove in-person."
"access","medium","in_person_without_address","published","1223b6d6-d956-43c5-b254-0b938076d2f1","mama-sana-vibrant-woman-community-support-for-individuals-and-families","Mama Sana Vibrant Woman","Apoyo comunitario para personas y familias","Community support for individuals and families","otros-recursos","In-person method has no street address.","Confirm a real service location or remove in-person."
"access","medium","in_person_without_address","published","7ae4b2a1-43b3-49ef-8c4a-f639bb574817","terapia-bilingue-para-ansiedad-trauma-y-bienestar-emocional-manana-counseling-pllc","Mañana Counseling, PLLC","Terapia Bilingüe para Ansiedad, Trauma y Bienestar Emocional","Bilingual Therapy for Anxiety, Trauma, and Emotional Wellness","salud","In-person method has no street address.","Confirm a real service location or remove in-person."
"access","medium","in_person_without_address","published","1592590b-5cd6-47c3-931b-fae1ab5710bc","manor-isd-project-hope-mckinney-vento-manor-independent-school-district","Manor Independent School District (Manor ISD)","Proyecto Hope (McKinney-Vento)","Project Hope (McKinney-Vento)","otros-recursos","In-person method has no street address.","Confirm a real service location or remove in-person."
"access","medium","in_person_without_address","published","52ab99cc-b7b3-4426-a7c9-74df09a8defa","maven-youth-youth-development-and-recreation-programs","Maven Youth","Programas de desarrollo y recreación juvenil","Youth development and recreation programs","educacion","In-person method has no street address.","Confirm a real service location or remove in-person."
"access","medium","in_person_without_address","published","e463ca6b-f0a8-465a-8852-3116fb039d43","op-veteran-op-veteran","OP Veteran","Conexión Comunitaria y Bienestar para Veteranos","Veteran Community Connection and Wellness","salud","In-person method has no street address.","Confirm a real service location or remove in-person."
"access","medium","in_person_without_address","published","5f5f2227-d772-4fbb-82fd-e81b283f3750","operation-liberty-hill","Operation Liberty Hill","Operation Liberty Hill","Operation Liberty Hill","recursos-financieros","In-person method has no street address.","Confirm a real service location or remove in-person."
"access","medium","in_person_without_address","published","7c09f9be-c599-4f1f-a803-9e13f309540d","owbc-head-start-williamson","Opportunities for Williamson & Burnet Counties","Programa Head Start","Head Start program","educacion","In-person method has no street address.","Confirm a real service location or remove in-person."
"access","medium","in_person_without_address","published","50672310-7949-49fa-95b4-4e7aff7e4bf2","partners-for-education-agriculture-and-sustainability-peas-education-and-learning-support-programs","Partners For Education Agriculture and Sustainability (PEAS)","Programas educativos y apoyo al aprendizaje","Education and learning support programs","educacion","In-person method has no street address.","Confirm a real service location or remove in-person."
"access","medium","in_person_without_address","published","10a27315-251e-44b7-8960-80f79a2a980b","partnerships-for-children-community-support-for-individuals-and-families","Partnerships for Children","Apoyo comunitario para personas y familias","Community support for individuals and families","otros-recursos","In-person method has no street address.","Confirm a real service location or remove in-person."
"access","medium","in_person_without_address","published","3d84a53d-1b8f-4ae9-8b34-291a1f5fb7e6","rbi-austin-youth-development-and-recreation-programs","RBI Austin","Programas de desarrollo y recreación juvenil","Youth development and recreation programs","educacion","In-person method has no street address.","Confirm a real service location or remove in-person."
"access","medium","in_person_without_address","published","1fee08a5-40ba-4bbf-b10a-0474d09ea20c","rowing-dock-youth-development-and-recreation-programs","Rowing Dock","Programas de desarrollo y recreación juvenil","Youth development and recreation programs","educacion","In-person method has no street address.","Confirm a real service location or remove in-person."
"access","medium","in_person_without_address","published","248e2b4d-7a2c-4427-9773-5cf5d36bbc60","sacred-heart-community-clinic","Sacred Heart Community Clinic","Atención médica gratuita para personas sin seguro","Free medical care for uninsured adults","salud","In-person method has no street address.","Confirm a real service location or remove in-person."
"access","medium","in_person_without_address","published","53df8be8-d80b-47a7-bec4-47043ef9f377","seedling-youth-development-and-recreation-programs","Seedling","Programas de desarrollo y recreación juvenil","Youth development and recreation programs","educacion","In-person method has no street address.","Confirm a real service location or remove in-person."
"access","medium","in_person_without_address","published","381ceae3-e148-49af-84be-d9a66b5fc351","senior-access-drive-a-senior","Senior Access","Senior Access / Drive a Senior","Senior Access / Drive a Senior","transporte","In-person method has no street address.","Confirm a real service location or remove in-person."
"access","medium","in_person_without_address","published","70bff9cc-e79e-458e-aa08-123353f489e1","shield-ranch-foundation-el-ranchito-youth-development-and-recreation-programs","Shield Ranch Foundation/El Ranchito","Programas de desarrollo y recreación juvenil","Youth development and recreation programs","educacion","In-person method has no street address.","Confirm a real service location or remove in-person."
"access","medium","in_person_without_address","published","9e02be2f-dabf-4e0d-87ae-4b8aacdba5b4","texas-baptist-children-s-home-support-for-foster-youth-and-families","Texas Baptist Children's Home","Apoyo para jóvenes y familias de cuidado temporal","Support for foster youth and families","otros-recursos","In-person method has no street address.","Confirm a real service location or remove in-person."
"access","medium","in_person_without_address","published","b34b0e49-696b-4043-b340-be0dfee17673","texas-foster-family-association-community-support-for-individuals-and-families","Texas Foster Family Association","Apoyo comunitario para personas y familias","Community support for individuals and families","otros-recursos","In-person method has no street address.","Confirm a real service location or remove in-person."
"access","medium","in_person_without_address","published","e6ea2283-56c6-4012-979b-70edad0567b1","texas-parks-and-wildlife-department-tpwd-youth-development-and-recreation-programs","Texas Parks and Wildlife Department (TPWD)","Programas de desarrollo y recreación juvenil","Youth development and recreation programs","educacion","In-person method has no street address.","Confirm a real service location or remove in-person."
"access","medium","in_person_without_address","published","cf420eae-5eb6-4315-a972-980ff4f43f65","trla-lassa-asistencia-legal-para-sobrevivientes-de-agresion-sexual-texas-riogrande-legal-aid","Texas RioGrande Legal Aid (TRLA) – Legal Aid for Survivors of Sexual Assault (LASSA)","Asistencia Legal Gratuita para Sobrevivientes de Agresión Sexual","Free Legal Assistance for Survivors of Sexual Assault","ayuda-legal","In-person method has no street address.","Confirm a real service location or remove in-person."
"access","medium","in_person_without_address","published","11d31d56-84c0-4f93-b048-ca140c5d554a","nutricion-y-beneficios-wic-texas-wic","Texas WIC","Nutrición y beneficios WIC","WIC nutrition and food benefits","comida","In-person method has no street address.","Confirm a real service location or remove in-person."
"access","medium","in_person_without_address","published","3a9cfb2b-3c64-46fb-981d-cb0cc1a101ba","texas-wildlife-association-education-and-learning-support-programs","Texas Wildlife Association","Programas educativos y apoyo al aprendizaje","Education and learning support programs","educacion","In-person method has no street address.","Confirm a real service location or remove in-person."
"access","medium","in_person_without_address","published","85303f47-6ce4-425d-bbd7-103377ee3183","the-georgetown-project-community-support-for-individuals-and-families","The Georgetown Project","Apoyo comunitario para personas y familias","Community support for individuals and families","otros-recursos","In-person method has no street address.","Confirm a real service location or remove in-person."
"access","medium","in_person_without_address","published","a922e19a-6fa5-4e4d-8621-48a7d7623ab7","the-settlement-home-for-children-post-adoption-services-support-for-foster-youth-and-families","The Settlement Home for Children Post-Adoption Services","Apoyo para jóvenes y familias de cuidado temporal","Support for foster youth and families","otros-recursos","In-person method has no street address.","Confirm a real service location or remove in-person."
"access","medium","in_person_without_address","published","fe44121c-f3fc-45e0-bedb-ddceff9cd388","todos-juntos-learning-center-community-support-for-individuals-and-families","Todos Juntos Learning Center","Apoyo comunitario para personas y familias","Community support for individuals and families","otros-recursos","In-person method has no street address.","Confirm a real service location or remove in-person."
"access","medium","in_person_without_address","published","2ddc9f82-7c49-4781-9c1e-b81cbef39535","travis-audubon-youth-development-and-recreation-programs","Travis Audubon","Programas de desarrollo y recreación juvenil","Youth development and recreation programs","educacion","In-person method has no street address.","Confirm a real service location or remove in-person."
"access","medium","in_person_without_address","published","a322325a-0aa9-42dd-9803-52d242da0f4c","ayuda-para-pagar-servicios-publicos-travis-county-health-and-human-services","Travis County Health and Human Services","Ayuda para pagar servicios públicos","Utility Payment Assistance","recursos-financieros","In-person method has no street address.","Confirm a real service location or remove in-person."
"access","medium","in_person_without_address","published","0c902098-64b3-4727-80f1-f1c92c9f7f75","us-citizenship-and-immigration-services-uscis","U.S. Department of Homeland Security – U.S. Citizenship and Immigration Services","Servicios de Ciudadanía e Inmigración de Estados Unidos (USCIS)","U.S. Citizenship and Immigration Services (USCIS)	","otros-recursos","In-person method has no street address.","Confirm a real service location or remove in-person."
"access","medium","in_person_without_address","published","e20bd28c-bbc1-4ff3-89f4-f6493b731344","upbring-support-for-foster-youth-and-families","Upbring","Apoyo para jóvenes y familias de cuidado temporal","Support for foster youth and families","otros-recursos","In-person method has no street address.","Confirm a real service location or remove in-person."
"access","medium","in_person_without_address","published","e2b49b45-73e8-4905-b97e-01ab1e099a9d","uplift-texas-food-and-basic-needs-assistance","Uplift Texas","Alimentos y asistencia para necesidades básicas","Food and basic-needs assistance","comida","In-person method has no street address.","Confirm a real service location or remove in-person."
"access","medium","in_person_without_address","published","0d41a430-c159-4f9b-b8f4-2ed7b1cbc5cc","urban-roots-youth-development-and-recreation-programs","Urban Roots","Programas de desarrollo y recreación juvenil","Youth development and recreation programs","educacion","In-person method has no street address.","Confirm a real service location or remove in-person."
"access","medium","in_person_without_address","published","15dc36d5-f3d8-4799-a3b8-adc185a5ed8f","vela-disability-and-family-support","VELA","Apoyo para personas con discapacidades y sus familias","Disability and family support","otros-recursos","In-person method has no street address.","Confirm a real service location or remove in-person."
"access","medium","in_person_without_address","published","bc94d411-db8d-4ba0-8571-2a8e964f289a","westcave-outdoor-discovery-center-youth-development-and-recreation-programs","Westcave Outdoor Discovery Center","Programas de desarrollo y recreación juvenil","Youth development and recreation programs","educacion","In-person method has no street address.","Confirm a real service location or remove in-person."
"access","medium","in_person_without_address","published","c81ada7a-35f9-4f2c-8282-303c82c3b30c","williamson-county-family-recovery-court","Williamson County","Tribunal de Recuperación Familiar de Williamson County","Williamson County Family Recovery Court","salud","In-person method has no street address.","Confirm a real service location or remove in-person."
"access","medium","in_person_without_address","published","2f3dd17c-8a9b-47c0-95fd-499b693273c3","wcchd-wic-williamson","Williamson County and Cities Health District","Nutrición y beneficios WIC","WIC nutrition and food benefits","comida","In-person method has no street address.","Confirm a real service location or remove in-person."
"access","medium","in_person_without_address","published","7b3c4f39-f752-49eb-b8c7-5fc858a65e3c","williamson-county-children-s-advocacy-center-education-and-learning-support-programs","Williamson County Children's Advocacy Center","Programas educativos y apoyo al aprendizaje","Education and learning support programs","educacion","In-person method has no street address.","Confirm a real service location or remove in-person."
"access","medium","in_person_without_address","published","37bd8b8e-1c14-47a0-b5e2-b812761ab0c4","williamson-county-court-appointed-attorney","Williamson County Indigent Defense","Williamson County – Abogado Designado por el Tribunal","Williamson County – Court-Appointed Attorney","ayuda-legal","In-person method has no street address.","Confirm a real service location or remove in-person."
"access","medium","in_person_without_address","published","6aaf57ab-6fc3-4e9d-83d8-917a1d53cab3","wonders-and-worries-community-support-for-individuals-and-families","Wonders & Worries","Apoyo comunitario para personas y familias","Community support for individuals and families","otros-recursos","In-person method has no street address.","Confirm a real service location or remove in-person."
"access","medium","in_person_without_address","published","c8dbfac7-9f96-46ce-9968-5f58ebec7f72","workforce-solutions-rural-capital-area-williamson","Workforce Solutions Rural Capital Area","Workforce Solutions Rural Capital Area","Workforce Solutions Rural Capital Area","educacion","In-person method has no street address.","Confirm a real service location or remove in-person."
"access","medium","in_person_without_address","draft","a2c84b8d-dea7-4e87-b8bc-8b7b252b3d19","servicios-de-cuidado-infantil-workforce-solutions-rural-capital-area-workforce-solutions-rural-capital-area-wsrca","Workforce Solutions Rural Capital Area (WSRCA)","Servicios de Cuidado Infantil — Workforce Solutions Rural Capital Area","Child Care Services — Workforce Solutions Rural Capital Area","otros-recursos","In-person method has no street address.","Confirm a real service location or remove in-person."
"access","medium","in_person_without_address","published","6c24c546-2575-4a93-8ac9-7afac780955b","workforce-solutions-rural-capital-area-child-care-services-financial-and-basic-needs-assistance","Workforce Solutions Rural Capital Area- Child Care Services","Asistencia financiera y apoyo para necesidades básicas","Financial and basic-needs assistance","recursos-financieros","In-person method has no street address.","Confirm a real service location or remove in-person."
"access","medium","in_person_without_address","published","11faa1df-af1b-4123-a1d5-bbe2e14dd076","ywca-greater-austin-youth-development-and-recreation-programs","YWCA Greater Austin","Programas de desarrollo y recreación juvenil","Youth development and recreation programs","educacion","In-person method has no street address.","Confirm a real service location or remove in-person."
"access","medium","in_person_without_address","published","a56bf4d3-8986-4009-b2d6-9c6273582a8d","zilker-botanical-garden-youth-development-and-recreation-programs","Zilker Botanical Garden","Programas de desarrollo y recreación juvenil","Youth development and recreation programs","educacion","In-person method has no street address.","Confirm a real service location or remove in-person."
"classification","low","possible_category_mismatch","published","a37dbeb1-a190-4764-8ca6-5c2d0fb65fc8","orientacion-para-encontrar-ayuda-local-2-1-1-texas","2-1-1 Texas","Orientación para encontrar ayuda local","Help Finding Local Resources","otros-recursos","Text signals transporte but primary category is otros-recursos.","Review immutable source evidence before changing category; incidental mentions are common."
"classification","low","possible_category_mismatch","published","aef44fd4-dad3-46c3-b679-414b3d981ac1","african-american-youth-harvest-foundation-community-support-for-individuals-and-families","African American Youth Harvest Foundation","Apoyo comunitario para personas y familias","Community support for individuals and families","otros-recursos","Text signals educacion but primary category is otros-recursos.","Review immutable source evidence before changing category; incidental mentions are common."
"classification","low","possible_category_mismatch","draft","73e14c4e-af91-43fe-83bb-094977880a82","age-of-central-texas-servicios-para-cuidadores-age-of-central-texas","AGE of Central Texas","AGE of Central Texas — Servicios para Cuidadores","AGE of Central Texas — Caregiver Services","otros-recursos","Text signals educacion but primary category is otros-recursos.","Review immutable source evidence before changing category; incidental mentions are common."
"classification","low","possible_category_mismatch","draft","93b39ce7-b3ed-4cd1-91b7-9cd85cafc318","airtalk-wireless-community-support-williamson","Airtalk Wireless","Servicio telefónico Lifeline","Lifeline phone service","otros-recursos","Text signals educacion but primary category is otros-recursos.","Review immutable source evidence before changing category; incidental mentions are common."
"classification","low","possible_category_mismatch","published","0a97f4ee-26c3-4a07-a118-c3cf024c20d5","all-saints-episcopal-church-rent-and-utility-assistance-all-saints-episcopal-church-rent-and-utility-assistanc","All Saints Episcopal Church Rent and Utility Assistance","All Saints Episcopal Church","All Saints Episcopal Church Rent and Utility Assistance","vivienda","Text signals transporte but primary category is vivienda.","Review immutable source evidence before changing category; incidental mentions are common."
"classification","low","possible_category_mismatch","published","e3497e15-889d-4c79-b5df-5464e49d62b3","austin-clubhouse-mental-health-and-wellness-services","Austin Clubhouse","Servicios de salud mental y bienestar","Mental health and wellness services","salud","Text signals educacion but primary category is salud.","Review immutable source evidence before changing category; incidental mentions are common."
"classification","low","possible_category_mismatch","published","5c580c96-5e59-465f-9223-c223a9a1e1b1","austin-habitat-for-humanity-homeownership-program-austin-habitat-for-humanity-homeownership-program","Austin Habitat for Humanity Homeownership Program","Austin Habitat for Humanity Homeownership Program","Austin Habitat for Humanity Homeownership Program","vivienda","Text signals educacion but primary category is vivienda.","Review immutable source evidence before changing category; incidental mentions are common."
"classification","low","possible_category_mismatch","draft","153a2496-64c7-4ea3-b4bb-e51c370d0376","austin-neighborhood-center-housing-and-financial-assistance-travis","Austin Neighborhood Center","Renta, servicios y necesidades básicas","Rent, utilities, and basic needs","recursos-financieros","Text signals transporte but primary category is recursos-financieros.","Review immutable source evidence before changing category; incidental mentions are common."
"classification","low","possible_category_mismatch","draft","d1fb9aff-e20f-4e22-88b1-1ac68d60670d","clinica-wic-de-bastrop-austin-public-health-administra-wic-para-el-area-de-bastrop","Austin Public Health (administra WIC para el área de Bastrop)","Clínica WIC de Bastrop","WIC Bastrop Clinic","comida","Text signals educacion but primary category is comida.","Review immutable source evidence before changing category; incidental mentions are common."
"classification","low","possible_category_mismatch","published","454c78f4-22eb-4e3e-afb1-27d2b6b32cac","austin-resource-center-for-the-homeless-arch-austin-resource-center-for-the-homeless-arch","Austin Resource Center for the Homeless (ARCH)","Refugio de Emergencia y Servicios para Personas sin Vivienda","Emergency Shelter & Homeless Services","vivienda","Text signals ayuda-legal but primary category is vivienda.","Review immutable source evidence before changing category; incidental mentions are common."
"classification","low","possible_category_mismatch","published","1eb2779a-7fd2-4524-a9d4-2f66924afa2b","austin-voices-for-education-and-youth-community-support-for-individuals-and-families","Austin Voices for Education and Youth","Apoyo comunitario para personas y familias","Community support for individuals and families","otros-recursos","Text signals educacion but primary category is otros-recursos.","Review immutable source evidence before changing category; incidental mentions are common."
"classification","low","possible_category_mismatch","published","5e7c1ec1-b2e5-4807-9b3c-248719aefd2b","oficina-de-servicios-para-veteranos-del-condado-de-bastrop-bastrop-county","Bastrop County","Oficina de Servicios para Veteranos del Condado de Bastrop","Bastrop County Veterans Service Office","recursos-financieros","Text signals educacion but primary category is recursos-financieros.","Review immutable source evidence before changing category; incidental mentions are common."
"classification","low","possible_category_mismatch","draft","2a3cb8bc-969e-4e58-aef3-e09ae04792f0","bastrop-county-cares-bastrop-county-cares","Bastrop County Cares","Conexión con Servicios de Salud y Apoyo Comunitario","Health & Community Support Navigation","salud","Text signals transporte but primary category is salud.","Review immutable source evidence before changing category; incidental mentions are common."
"classification","low","possible_category_mismatch","draft","96f1bed9-7531-411e-99b6-f15a7e030f85","programa-de-asistencia-de-renta-utilities-despensa-de-emergencia-del-condado-de-bastrop-bastrop-county-emergency-food-pantry","Bastrop County Emergency Food Pantry","Programa de Asistencia de Renta/Utilities — Despensa de Emergencia del Condado de Bastrop","Rent/Utility Assistance Program — Bastrop County Emergency Food Pantry","recursos-financieros","Text signals comida but primary category is recursos-financieros.","Review immutable source evidence before changing category; incidental mentions are common."
"classification","low","possible_category_mismatch","draft","9409990b-0eb4-4a63-9cba-995ca29708de","departamento-de-salud-publica-del-condado-de-bastrop-bastrop-county-government","Bastrop County Government","Departamento de Salud Pública del Condado de Bastrop","Bastrop County Public Health Department","salud","Text signals educacion but primary category is salud.","Review immutable source evidence before changing category; incidental mentions are common."
"classification","low","possible_category_mismatch","draft","a9218b46-6595-453b-b319-a2cb3624d4af","autoridad-de-vivienda-de-bastrop-bastrop-housing-authority","Bastrop Housing Authority","Vivienda pública y vales de Sección 8","Public housing and Section 8 vouchers","vivienda","Text signals ayuda-legal but primary category is vivienda.","Review immutable source evidence before changing category; incidental mentions are common."
"classification","low","possible_category_mismatch","published","98d4da6f-df63-4e3f-b11e-5647f372c084","black-mamas-atx-community-support-for-individuals-and-families","Black Mamas ATX","Apoyo comunitario para personas y familias","Community support for individuals and families","otros-recursos","Text signals educacion but primary category is otros-recursos.","Review immutable source evidence before changing category; incidental mentions are common."
"classification","low","possible_category_mismatch","published","0582465d-96a1-4806-a237-22ee6bed50d3","black-women-who-community-support-for-individuals-and-families","Black Women Who","Apoyo comunitario para personas y familias","Community support for individuals and families","otros-recursos","Text signals educacion but primary category is otros-recursos.","Review immutable source evidence before changing category; incidental mentions are common."
"classification","low","possible_category_mismatch","published","b11604b0-5d1a-4d0e-9c59-58397e6b02d6","casa-marianella-casa-marianella","Casa Marianella","Immigrant & Asylum Seeker Shelter & Support","Refugio y Apoyo para Inmigrantes y Solicitantes de Asilo","vivienda","Text signals ayuda-legal but primary category is vivienda.","Review immutable source evidence before changing category; incidental mentions are common."
"classification","low","possible_category_mismatch","draft","1ae95abd-bb23-4d4b-a3e2-531cf3b9c56b","catholic-charities-central-texas-st-gabriel-s-pregnancy-and-parenting-program-community-su","Catholic Charities Central Texas St. Gabriel’s Pregnancy and Parenting Program","Apoyo durante el embarazo y la crianza","Pregnancy and parenting support","vivienda","Text signals educacion but primary category is vivienda.","Review immutable source evidence before changing category; incidental mentions are common."
"classification","low","possible_category_mismatch","published","b4ec4cc4-7148-4215-9e96-bf243cb77dd1","caridades-catolicas-de-central-texas-servicios-para-veteranos-st-michael-s-catholic-charities-of-central-texas","Catholic Charities of Central Texas","Caridades Católicas de Central Texas – Servicios para Veteranos St. Michael's","Catholic Charities of Central Texas – St. Michael's Veteran Services","recursos-financieros","Text signals educacion but primary category is recursos-financieros.","Review immutable source evidence before changing category; incidental mentions are common."
"classification","low","possible_category_mismatch","draft","798beb75-7052-4241-af32-58a77d98e259","childcare-subsidy-hotline-community-support-williamson","Childcare Subsidy Hotline","Subsidios de cuidado infantil para familias militares","Child care subsidies for military families","otros-recursos","Text signals educacion but primary category is otros-recursos.","Review immutable source evidence before changing category; incidental mentions are common."
"classification","low","possible_category_mismatch","published","20e66dca-2481-48d1-a472-2f0cd5092e22","christi-center-mental-health-and-wellness-services","Christi Center","Servicios de salud mental y bienestar","Mental health and wellness services","salud","Text signals educacion but primary category is salud.","Review immutable source evidence before changing category; incidental mentions are common."
"classification","low","possible_category_mismatch","draft","f17774b3-626f-4eab-9077-95d46cea0711","city-of-austin-vital-statistics-city-of-austin-vital-statistics","City of Austin Vital Statistics","Copias certificadas de actas de nacimiento y defunción","Certified birth and death certificates","otros-recursos","Text signals ayuda-legal but primary category is otros-recursos.","Review immutable source evidence before changing category; incidental mentions are common."
"classification","low","possible_category_mismatch","published","f41c8153-55dd-40d3-859e-512f01bf8efd","colin-s-hope-community-support-for-individuals-and-families","Colin's Hope","Apoyo comunitario para personas y familias","Community support for individuals and families","otros-recursos","Text signals educacion but primary category is otros-recursos.","Review immutable source evidence before changing category; incidental mentions are common."
"classification","low","possible_category_mismatch","published","1c36da4e-fca1-45c1-a90d-307af32eaeb7","college-possible-texas-community-support-for-individuals-and-families","College Possible Texas","Apoyo comunitario para personas y familias","Community support for individuals and families","otros-recursos","Text signals educacion but primary category is otros-recursos.","Review immutable source evidence before changing category; incidental mentions are common."
"classification","low","possible_category_mismatch","draft","ff8d025b-295a-4b1f-9a09-26ca5ea8f787","asistencia-con-servicios-publicos-community-action-inc-hays-caldwell-blanco-community-action-inc-of-central-texas","Community Action Inc. of Central Texas","Asistencia con Servicios Públicos — Community Action Inc. (Hays/Caldwell/Blanco)","Utility Assistance — Community Action Inc. (Hays/Caldwell/Blanco)","recursos-financieros","Text signals educacion but primary category is recursos-financieros.","Review immutable source evidence before changing category; incidental mentions are common."
"classification","low","possible_category_mismatch","draft","d9ac6095-de0d-473e-9ba2-6b04353d712e","community-council-of-south-central-texas-head-start-program-community-support-seguin","Community Council of South Central Texas - Head Start Program","Head Start y educación infantil temprana","Head Start and early childhood education","otros-recursos","Text signals educacion but primary category is otros-recursos.","Review immutable source evidence before changing category; incidental mentions are common."
"classification","low","possible_category_mismatch","published","7f85aa91-8857-4480-a180-82c837537281","williamson-county-community-resource-center-liberty-hill","Community Resource Centers of Texas","Williamson County Community Resource Center – Liberty Hill","Williamson County Community Resource Center – Liberty Hill","vivienda","Text signals transporte but primary category is vivienda.","Review immutable source evidence before changing category; incidental mentions are common."
"classification","low","possible_category_mismatch","draft","8181be7b-00f9-498e-8ca2-9041bd8847b5","comprehensive-energy-assistance-program-housing-and-financial-assistance-caldwell","Comprehensive Energy Assistance Program","Asistencia energética CEAP","CEAP energy assistance","recursos-financieros","Text signals educacion but primary category is recursos-financieros.","Review immutable source evidence before changing category; incidental mentions are common."
"classification","low","possible_category_mismatch","published","684e5303-f318-4851-ac58-b2c899680469","con-mi-madre-community-support-for-individuals-and-families","Con Mi Madre","Apoyo comunitario para personas y familias","Community support for individuals and families","otros-recursos","Text signals educacion but primary category is otros-recursos.","Review immutable source evidence before changing category; incidental mentions are common."
"classification","low","possible_category_mismatch","published","906ee53a-a139-4b2b-9a78-7b01e8624f85","connect-atx-community-resource-navigation","Connect ATX","Navegación de recursos comunitarios","Community resource navigation","otros-recursos","Text signals transporte but primary category is otros-recursos.","Review immutable source evidence before changing category; incidental mentions are common."
"classification","low","possible_category_mismatch","published","9a3dbad5-475f-4fc9-bf04-66897b2da65c","cross-creek-behavioral-health-hospital-mental-health-and-wellness-services","Cross Creek Behavioral Health Hospital","Servicios de salud mental y bienestar","Mental health and wellness services","salud","Text signals transporte but primary category is salud.","Review immutable source evidence before changing category; incidental mentions are common."
"classification","low","possible_category_mismatch","published","1f6272c7-a375-4adf-987e-b9f237db57bb","del-valle-isd-apoyo-estudiantil-y-familiar-del-valle-independent-school-district","Del Valle Independent School District","Del Valle ISD — Apoyo Estudiantil y Familiar","Del Valle ISD — Student and Family Support","otros-recursos","Text signals educacion but primary category is otros-recursos.","Review immutable source evidence before changing category; incidental mentions are common."
"classification","low","possible_category_mismatch","published","148cb73a-4dc6-4b43-8515-1a59f006e203","downtown-austin-community-court-dacc-downtown-austin-community-court-dacc","Downtown Austin Community Court (DACC)","Tribunal Comunitario y Servicios para Personas sin Vivienda","Community Court & Homeless Services","vivienda","Text signals ayuda-legal but primary category is vivienda.","Review immutable source evidence before changing category; incidental mentions are common."
"classification","low","possible_category_mismatch","published","1617f63a-5e6d-4d72-ae3c-24cef6ca65f4","drive-a-senior-network-drive-a-senior-network","Drive a Senior Network","Drive a Senior Network","Drive a Senior Network","otros-recursos","Text signals transporte but primary category is otros-recursos.","Review immutable source evidence before changing category; incidental mentions are common."
"classification","low","possible_category_mismatch","draft","8c649e92-d0c9-48b6-bbbd-020dfc153811","centro-de-crisis-familiar-refugio-del-condado-de-bastrop-family-crisis-center-inc","Family Crisis Center, Inc.","Centro de Crisis Familiar (Refugio del Condado de Bastrop)","Family Crisis Center (Bastrop County Women's Shelter)","otros-recursos","Text signals ayuda-legal but primary category is otros-recursos.","Review immutable source evidence before changing category; incidental mentions are common."
"classification","low","possible_category_mismatch","published","9c7159f5-e24a-4847-9947-88357e965652","buscador-de-ayuda-comunitaria-findhelp-and-texas-2-1-1","findhelp and Texas 2-1-1","Buscador de ayuda comunitaria","Community assistance search","otros-recursos","Text signals transporte but primary category is otros-recursos.","Review immutable source evidence before changing category; incidental mentions are common."
"classification","low","possible_category_mismatch","published","ad6f0ff8-ebd7-4a63-be71-910d8a51f48a","college-hub-at-foundation-communities-education-and-learning-support-programs","Foundation Communities","Vivienda asequible y servicios de apoyo comunitario","Affordable Housing & Community Support Services","vivienda","Text signals educacion but primary category is vivienda.","Review immutable source evidence before changing category; incidental mentions are common."
"classification","low","possible_category_mismatch","published","82498cc8-75da-410b-8e26-8c572a635a0c","giving-austin-labor-support-gals-mental-health-and-wellness-services","Giving Austin Labor Support (GALS)","Servicios de salud mental y bienestar","Mental health and wellness services","salud","Text signals educacion but primary category is salud.","Review immutable source evidence before changing category; incidental mentions are common."
"classification","low","possible_category_mismatch","draft","fb064d44-73e3-40c1-87d3-12ae0b1238d7","goodwill-industries-of-ct-round-rock-job-center-education-and-employment-williamson","GoodWill Industries of CT : Round Rock Job Center","Empleo y capacitación laboral","Employment and job training","otros-recursos","Text signals educacion but primary category is otros-recursos.","Review immutable source evidence before changing category; incidental mentions are common."
"classification","low","possible_category_mismatch","published","fbb60027-51bd-418d-ace5-5484e3fb16e7","hope-alliance-survivor-services","Hope Alliance","Apoyo para sobrevivientes de violencia y abuso sexual","Support for survivors of violence and sexual assault","otros-recursos","Text signals ayuda-legal but primary category is otros-recursos.","Review immutable source evidence before changing category; incidental mentions are common."
"classification","low","possible_category_mismatch","published","24a73cb9-c809-4de7-9d4a-91311a668122","impact-counseling-services-inc-mental-health-and-wellness-services","Impact Counseling Services, Inc","Servicios de salud mental y bienestar","Mental health and wellness services","salud","Text signals educacion but primary category is salud.","Review immutable source evidence before changing category; incidental mentions are common."
"classification","low","possible_category_mismatch","published","6736b501-749e-4473-b1d5-45c82c1fa03f","lifeworks-mental-health-and-wellness-services","Lifeworks","Servicios de salud mental y bienestar","Mental health and wellness services","salud","Text signals educacion but primary category is salud.","Review immutable source evidence before changing category; incidental mentions are common."
"classification","low","possible_category_mismatch","published","53a4fba4-9c67-4ed4-b2c3-c3e9b889e8b9","lone-star-circle-of-care-the-big-pink-bus-mobile-mammography","Lone Star Circle of Care","Mamografías móviles de The Big Pink Bus","The Big Pink Bus mobile mammography","salud","Text signals transporte but primary category is salud.","Review immutable source evidence before changing category; incidental mentions are common."
"classification","low","possible_category_mismatch","draft","b46cbe83-44a7-437d-b790-531ae562eab1","national-domestic-violence-hotline-legal-and-safety-support-williamson","National Domestic Violence Hotline","Línea de ayuda para violencia doméstica","Domestic violence hotline","ayuda-legal","Text signals educacion but primary category is ayuda-legal.","Review immutable source evidence before changing category; incidental mentions are common."
"classification","low","possible_category_mismatch","published","fce78f82-15f4-431b-8524-c739e9d59503","navarro-high-school-family-resource-center-family-resource-center-support","Navarro High School Family Resource Center","Centro de Recursos Familiares","Family Resource Center","otros-recursos","Text signals educacion but primary category is otros-recursos.","Review immutable source evidence before changing category; incidental mentions are common."
"classification","low","possible_category_mismatch","published","bb79ba13-9206-42de-8815-bdabc9089bb3","neighbor-to-neighbor-neighbor-to-neighbor","Neighbor to Neighbor","Neighbor to Neighbor Program","Neighbor to Neighbor","recursos-financieros","Text signals transporte but primary category is recursos-financieros.","Review immutable source evidence before changing category; incidental mentions are common."
"classification","low","possible_category_mismatch","published","87a796dc-71a2-4d5a-b14c-292e6d11ac96","northeast-health-resource-center-free-diapers-and-menstrual-products","Northeast Health Resource Center","Pañales y productos menstruales gratuitos","Free diapers and menstrual products","salud","Text signals educacion but primary category is salud.","Review immutable source evidence before changing category; incidental mentions are common."
"classification","low","possible_category_mismatch","published","5f5f2227-d772-4fbb-82fd-e81b283f3750","operation-liberty-hill","Operation Liberty Hill","Operation Liberty Hill","Operation Liberty Hill","recursos-financieros","Text signals comida but primary category is recursos-financieros.","Review immutable source evidence before changing category; incidental mentions are common."
"classification","low","possible_category_mismatch","published","baf26283-8c39-4a4b-99dc-41126636b87d","opportunities-williamson-burnet-counties","Opportunities for Williamson & Burnet Counties","Opportunities for Williamson & Burnet Counties (OWBC)","Opportunities for Williamson & Burnet Counties (OWBC)","recursos-financieros","Text signals educacion but primary category is recursos-financieros.","Review immutable source evidence before changing category; incidental mentions are common."
"classification","low","possible_category_mismatch","published","bd430b02-3cb1-4861-9966-59e1b20535ce","manor-mustang-health-center-people-s-community-clinic-integral-care-people-s-community-clinic-integral-care","People's Community Clinic / Integral Care","Atención Médica y Salud Mental para Estudiantes de Manor ISD","Medical & Mental Health Care for Manor ISD Students","salud","Text signals educacion but primary category is salud.","Review immutable source evidence before changing category; incidental mentions are common."
"classification","low","possible_category_mismatch","published","ad27eff6-8e16-4be4-be97-0e88058b8bd2","distrito-escolar-de-pflugerville-trabajo-social-y-asistencia-alimentaria-pflugerville-independent-school-district","Pflugerville Independent School District (PfISD) – Social Work","Conexión con Recursos Comunitarios para Familias","Family Connection to Community Resources","otros-recursos","Text signals educacion but primary category is otros-recursos.","Review immutable source evidence before changing category; incidental mentions are common."
"classification","low","possible_category_mismatch","draft","7b215691-6eb6-4155-8e57-c96b1a28348e","veteranos-rojo-blanco-y-azul-del-condado-de-bastrop-red-white-blue-veterans-of-bastrop-county","Red, White & Blue Veterans of Bastrop County","Apoyo a organizaciones que sirven a veteranos","Support for Veteran-serving organizations","otros-recursos","Text signals educacion but primary category is otros-recursos.","Review immutable source evidence before changing category; incidental mentions are common."
"classification","low","possible_category_mismatch","draft","97c3289a-20eb-4581-a420-48e93c3c5dc0","senior-sitters-llc-health-and-personal-support-austin","Senior Sitters, LLC","Cuidado de memoria","Memory care","salud","Text signals transporte but primary category is salud.","Review immutable source evidence before changing category; incidental mentions are common."
"classification","low","possible_category_mismatch","published","3019aef0-f55f-4501-bab8-f04de67819e4","service-league-of-greater-lakeway-service-league-of-greater-lakeway","Service League of Greater Lakeway","Equipo Médico Gratuito y Ayudas de Movilidad","Free Medical Equipment & Mobility Aids","salud","Text signals transporte but primary category is salud.","Review immutable source evidence before changing category; incidental mentions are common."
"classification","low","possible_category_mismatch","published","aba8c2dc-e950-4c8f-88cb-fac97c7d2768","society-of-st-vincent-de-paul-society-of-st-vincent-de-paul","Society of St. Vincent de Paul","Society of St. Vincent de Paul","Society of St. Vincent de Paul","vivienda","Text signals transporte but primary category is vivienda.","Review immutable source evidence before changing category; incidental mentions are common."
"classification","low","possible_category_mismatch","published","bd0bfec9-67eb-41bf-a349-f59e6e9e21f8","st-elizabeth-of-hungary-sociedad-de-san-vicente-de-paul-st-elizabeth-of-hungary-catholic-church","St. Elizabeth of Hungary Catholic Church – St. Vincent de Paul","Ayuda Financiera y Alimentaria para Familias en Pflugerville","Financial & Food Assistance for Families in Pflugerville","recursos-financieros","Text signals comida but primary category is recursos-financieros.","Review immutable source evidence before changing category; incidental mentions are common."
"classification","low","possible_category_mismatch","published","c3fa79c2-8092-4bd6-9e5b-dff2f71ca79c","st-george-s-senior-housing-st-george-s-senior-housing","St. George’s Senior Housing","St. George’s Court Apartments","St. George’s Senior Housing","vivienda","Text signals ayuda-legal but primary category is vivienda.","Review immutable source evidence before changing category; incidental mentions are common."
"classification","low","possible_category_mismatch","published","67120353-9e41-4d94-987d-5b4731a05eea","st-joseph-catholic-church-manor-sociedad-de-san-vicente-de-paul-st-joseph-catholic-church","St. Joseph Catholic Church – Society of St. Vincent de Paul","Ayuda para Renta, Servicios Públicos, Alimentos y Artículos Básicos","Rent, Utility, Food & Basic Needs Assistance","recursos-financieros","Text signals comida but primary category is recursos-financieros.","Review immutable source evidence before changing category; incidental mentions are common."
"classification","low","possible_category_mismatch","draft","21f73241-fcef-4258-ae30-48bece224ed4","sociedad-de-san-vicente-de-paul-iglesia-st-paul-smithville-st-paul-catholic-church-sociedad-de-san-vicente-de-paul","St. Paul Catholic Church / Sociedad de San Vicente de Paúl","Sociedad de San Vicente de Paúl — Iglesia St. Paul (Smithville)","Society of St. Vincent de Paul — St. Paul Catholic Church (Smithville)","recursos-financieros","Text signals transporte but primary category is recursos-financieros.","Review immutable source evidence before changing category; incidental mentions are common."
"classification","low","possible_category_mismatch","published","30fa47b2-4985-432a-b020-53f19e042059","sunrise-homeless-navigation-center-homeless-navigation-and-basic-needs-support","Sunrise Homeless Navigation Center","Orientación para personas sin hogar y apoyo para necesidades básicas","Homeless navigation and basic-needs support","vivienda","Text signals transporte but primary category is vivienda.","Review immutable source evidence before changing category; incidental mentions are common."
"classification","low","possible_category_mismatch","published","36baf425-4bb9-47ad-bc13-101fdfd4fb78","georgetown-project-nest-empowerment-center","The Georgetown Project","The Georgetown Project – NEST Empowerment Center","The Georgetown Project – NEST Empowerment Center","salud","Text signals educacion but primary category is salud.","Review immutable source evidence before changing category; incidental mentions are common."
"classification","low","possible_category_mismatch","published","5f2c362a-438a-4f1a-9a7e-f5d76a092c3b","the-goodwill-career-and-technical-academy-the-goodwill-career-and-technical-academy","The Goodwill Career and Technical Academy","Goodwill Career and Technical Academy","The Goodwill Career and Technical Academy","otros-recursos","Text signals educacion but primary category is otros-recursos.","Review immutable source evidence before changing category; incidental mentions are common."
"classification","low","possible_category_mismatch","published","7ad531f3-582b-45d5-b9c7-c4edf164e26b","safe-alliance-safe-alliance","The SAFE Alliance (SAFE)","Apoyo Familiar y Violencia","Domestic Violence & Sexual Assault","vivienda","Text signals ayuda-legal but primary category is vivienda.","Review immutable source evidence before changing category; incidental mentions are common."
"classification","low","possible_category_mismatch","draft","956ba064-4bd6-4892-94f4-52fd0a329055","salvation-army-unidad-de-servicio-del-condado-de-bastrop-the-salvation-army-texas-division","The Salvation Army – Texas Division","Salvation Army — Unidad de Servicio del Condado de Bastrop","The Salvation Army — Bastrop County TX Service Unit","recursos-financieros","Text signals transporte but primary category is recursos-financieros.","Review immutable source evidence before changing category; incidental mentions are common."
"classification","low","possible_category_mismatch","published","fe44121c-f3fc-45e0-bedb-ddceff9cd388","todos-juntos-learning-center-community-support-for-individuals-and-families","Todos Juntos Learning Center","Apoyo comunitario para personas y familias","Community support for individuals and families","otros-recursos","Text signals educacion but primary category is otros-recursos.","Review immutable source evidence before changing category; incidental mentions are common."
"classification","low","possible_category_mismatch","draft","302de942-8d80-4199-bc05-f3a7197abebe","exencion-de-impuestos-homestead-65-distrito-de-tasacion-travis-central-appraisal-district-y-distritos-equivalentes-en-cada-condado","Travis Central Appraisal District (y distritos equivalentes en cada condado)","Exención de Impuestos Homestead 65+ (Distrito de Tasación)","Over-65 Homestead Tax Exemption (Appraisal District)","vivienda","Text signals educacion but primary category is vivienda.","Review immutable source evidence before changing category; incidental mentions are common."
"classification","low","possible_category_mismatch","published","717c0149-204c-4a6e-8300-b1a1213eabe0","servicios-para-veteranos-del-condado-de-travis-travis-county","Travis County","Servicios para Veteranos del Condado de Travis","Travis County Veterans Services","salud","Text signals educacion but primary category is salud.","Review immutable source evidence before changing category; incidental mentions are common."
"classification","low","possible_category_mismatch","published","79c126f2-d23e-41f0-8191-fe66e7cb3919","centro-comunitario-del-condado-de-travis-pflugerville-travis-county-health-and-human-services","Travis County Health and Human Services","Centro Comunitario del Condado de Travis — Pflugerville","Travis County Community Center — Pflugerville","otros-recursos","Text signals comida but primary category is otros-recursos.","Review immutable source evidence before changing category; incidental mentions are common."
"classification","low","possible_category_mismatch","published","12a4ba93-0bd7-4476-9e57-f59b35c75af9","centro-comunitario-del-condado-de-travis-del-valle-travis-county-health-and-human-services","Travis County Health and Human Services","Centro Comunitario del Condado de Travis — Del Valle","Travis County Community Center — Del Valle","otros-recursos","Text signals comida but primary category is otros-recursos.","Review immutable source evidence before changing category; incidental mentions are common."
"classification","low","possible_category_mismatch","published","e0d9758c-a1a5-40d4-8cef-a4fe70121dec","trinity-center-trinity-center","Trinity Center","Trinity Center","Trinity Center","otros-recursos","Text signals transporte but primary category is otros-recursos.","Review immutable source evidence before changing category; incidental mentions are common."
"classification","low","possible_category_mismatch","published","0c902098-64b3-4727-80f1-f1c92c9f7f75","us-citizenship-and-immigration-services-uscis","U.S. Department of Homeland Security – U.S. Citizenship and Immigration Services","Servicios de Ciudadanía e Inmigración de Estados Unidos (USCIS)","U.S. Citizenship and Immigration Services (USCIS)	","otros-recursos","Text signals ayuda-legal but primary category is otros-recursos.","Review immutable source evidence before changing category; incidental mentions are common."
"classification","low","possible_category_mismatch","published","2f2fc895-6e71-4be5-9e6f-90aecf8673fd","us-bankruptcy-clerk","United States Bankruptcy Court – Western District of Texas","Tribunal de Bancarrota de los Estados Unidos – División de Austin","U.S. Bankruptcy Court – Western District of Texas, Austin Division","otros-recursos","Text signals ayuda-legal but primary category is otros-recursos.","Review immutable source evidence before changing category; incidental mentions are common."
"classification","low","possible_category_mismatch","published","35bf79ce-5e71-4b10-97d1-a8937cef2d43","united-way-for-greater-austin-connectatx-resource-navigation","United Way for Greater Austin","Navegación de recursos ConnectATX","ConnectATX resource navigation","otros-recursos","Text signals transporte but primary category is otros-recursos.","Review immutable source evidence before changing category; incidental mentions are common."
"classification","low","possible_category_mismatch","published","cb14b8fd-d05f-4d23-bfdb-30ebbe0abaa6","uplift-university-presbyterian-church-uplift-university-presbyterian-church","UPLift @ University Presbyterian Church","UPLift @ University Presbyterian Church","UPLift @ University Presbyterian Church","recursos-financieros","Text signals transporte but primary category is recursos-financieros.","Review immutable source evidence before changing category; incidental mentions are common."
"classification","low","possible_category_mismatch","published","4b2cd9bb-a1fc-409b-bdbe-39f3059edd9d","ventanilla-de-salud-health-information-and-preventive-services","Ventanilla de Salud – Consulado General de México en Austin","Información de salud y servicios preventivos","Health Information & Preventive Services","salud","Text signals educacion but primary category is salud.","Review immutable source evidence before changing category; incidental mentions are common."
"classification","low","possible_category_mismatch","published","c81ada7a-35f9-4f2c-8282-303c82c3b30c","williamson-county-family-recovery-court","Williamson County","Tribunal de Recuperación Familiar de Williamson County","Williamson County Family Recovery Court","salud","Text signals ayuda-legal but primary category is salud.","Review immutable source evidence before changing category; incidental mentions are common."
"classification","low","possible_category_mismatch","published","2f3dd17c-8a9b-47c0-95fd-499b693273c3","wcchd-wic-williamson","Williamson County and Cities Health District","Nutrición y beneficios WIC","WIC nutrition and food benefits","comida","Text signals educacion but primary category is comida.","Review immutable source evidence before changing category; incidental mentions are common."
"classification","low","possible_category_mismatch","published","d36aa5a9-9c03-4a98-ad40-e34106f4c6db","williamson-county-childrens-advocacy-center","Williamson County Children’s Advocacy Center (WCCAC)","Apoyo para niñas y niños víctimas de abuso","Support for child abuse victims","salud","Text signals ayuda-legal but primary category is salud.","Review immutable source evidence before changing category; incidental mentions are common."
"classification","low","possible_category_mismatch","published","ed885976-274d-41e6-af23-20e22b07713f","williamson-county-community-resource-navigation","Williamson County Community Resource Center","Orientación para encontrar ayuda","Community resource navigation","otros-recursos","Text signals transporte but primary category is otros-recursos.","Review immutable source evidence before changing category; incidental mentions are common."
"classification","low","possible_category_mismatch","published","ccd3b173-fc5f-4318-acdb-f3c36eb7a010","williamson-county-outpatient-services","Williamson County Community Supervision & Corrections Department","Servicios Ambulatorios de Williamson County","Williamson County Outpatient Services","salud","Text signals educacion but primary category is salud.","Review immutable source evidence before changing category; incidental mentions are common."
"classification","low","possible_category_mismatch","published","b9773d13-7e7e-4f12-88fd-d3835500811d","central-texas-treatment-center","Williamson County Community Supervision & Corrections Department","Central Texas Treatment Center","Central Texas Treatment Center","salud","Text signals educacion but primary category is salud.","Review immutable source evidence before changing category; incidental mentions are common."
"classification","low","possible_category_mismatch","published","d8dbc7e1-d086-4b8c-aa34-a5ffc957b8da","williamson-county-clerk-records","Williamson County Government","Secretario del Condado de Williamson","Williamson County Clerk","otros-recursos","Text signals ayuda-legal but primary category is otros-recursos.","Review immutable source evidence before changing category; incidental mentions are common."
"classification","low","possible_category_mismatch","draft","a2c84b8d-dea7-4e87-b8bc-8b7b252b3d19","servicios-de-cuidado-infantil-workforce-solutions-rural-capital-area-workforce-solutions-rural-capital-area-wsrca","Workforce Solutions Rural Capital Area (WSRCA)","Servicios de Cuidado Infantil — Workforce Solutions Rural Capital Area","Child Care Services — Workforce Solutions Rural Capital Area","otros-recursos","Text signals educacion but primary category is otros-recursos.","Review immutable source evidence before changing category; incidental mentions are common."
"classification","low","possible_veterinary_category_mismatch","draft","b46e9732-0eb7-48e0-89d7-ee8979869c2b","campus-de-austin-community-college-en-elgin-austin-community-college-district-acc","Austin Community College District (ACC)","Campus de Austin Community College en Elgin","Austin Community College — Elgin Campus","educacion","Veterinary language appears with primary category educacion.","Review immutable source evidence; the mention may be incidental."
"classification","low","possible_veterinary_category_mismatch","published","babaf4b3-a506-4cef-8dbc-bccc0e05d71e","meals-on-wheels-central-texas-meals-on-wheels-central-texas","Meals on Wheels Central Texas","Meals on Wheels Central Texas","Meals on Wheels Central Texas","otros-recursos","Veterinary language appears with primary category otros-recursos.","Review immutable source evidence; the mention may be incidental."
"classification","low","possible_veterinary_category_mismatch","draft","05a26221-7303-4397-a87f-984cc8660162","red-rover-relief-community-support-williamson","Red Rover Relief","Subvenciones para atención veterinaria urgente","Urgent veterinary care grants","recursos-financieros","Veterinary language appears with primary category recursos-financieros.","Review immutable source evidence; the mention may be incidental."
"editorial","high","ambiguous_survivor_title","draft","9ce822a1-a937-412a-ac7b-651db9f9f27f","asian-family-support-services-of-austin-legal-and-safety-support-travis","Asian Family Support Services of Austin","Apoyo integral para sobrevivientes asiáticos","Comprehensive support for Asian survivors","salud","The title does not identify what survivors experienced.","Add the verified violence, abuse, assault, or trafficking context."
"editorial","high","mechanically_concatenated_prose","draft","93b39ce7-b3ed-4cd1-91b7-9cd85cafc318","airtalk-wireless-community-support-williamson","Airtalk Wireless","Servicio telefónico Lifeline","Lifeline phone service","otros-recursos","summary_es repeats the same sentence opening.","Synthesize overlapping claims into coherent prose."
"editorial","high","mechanically_concatenated_prose","draft","93b39ce7-b3ed-4cd1-91b7-9cd85cafc318","airtalk-wireless-community-support-williamson","Airtalk Wireless","Servicio telefónico Lifeline","Lifeline phone service","otros-recursos","summary_en repeats the same sentence opening.","Synthesize overlapping claims into coherent prose."
"editorial","high","mechanically_concatenated_prose","draft","93b39ce7-b3ed-4cd1-91b7-9cd85cafc318","airtalk-wireless-community-support-williamson","Airtalk Wireless","Servicio telefónico Lifeline","Lifeline phone service","otros-recursos","description_es repeats the same sentence opening.","Synthesize overlapping claims into coherent prose."
"editorial","high","mechanically_concatenated_prose","draft","a7b453f7-8679-4e59-9a1c-1fc605ae8251","all-saints-episcopal-church-housing-and-financial-assistance-travis","All Saints Episcopal Church","Asistencia con servicios públicos","Utility assistance","recursos-financieros","summary_es repeats the same sentence opening.","Synthesize overlapping claims into coherent prose."
"editorial","high","mechanically_concatenated_prose","draft","a7b453f7-8679-4e59-9a1c-1fc605ae8251","all-saints-episcopal-church-housing-and-financial-assistance-travis","All Saints Episcopal Church","Asistencia con servicios públicos","Utility assistance","recursos-financieros","summary_en repeats the same sentence opening.","Synthesize overlapping claims into coherent prose."
"editorial","high","mechanically_concatenated_prose","draft","a7b453f7-8679-4e59-9a1c-1fc605ae8251","all-saints-episcopal-church-housing-and-financial-assistance-travis","All Saints Episcopal Church","Asistencia con servicios públicos","Utility assistance","recursos-financieros","description_es repeats the same sentence opening.","Synthesize overlapping claims into coherent prose."
"editorial","high","mechanically_concatenated_prose","draft","b46b9fea-09ff-496e-a141-5c302dd53067","apicon-home-health-health-and-personal-support-williamson","APICON Home Health","Atención médica en el hogar","Home health care","salud","summary_en repeats the same sentence opening.","Synthesize overlapping claims into coherent prose."
"editorial","high","mechanically_concatenated_prose","draft","b46b9fea-09ff-496e-a141-5c302dd53067","apicon-home-health-health-and-personal-support-williamson","APICON Home Health","Atención médica en el hogar","Home health care","salud","description_es repeats the same sentence opening.","Synthesize overlapping claims into coherent prose."
"editorial","high","mechanically_concatenated_prose","draft","9ce822a1-a937-412a-ac7b-651db9f9f27f","asian-family-support-services-of-austin-legal-and-safety-support-travis","Asian Family Support Services of Austin","Apoyo integral para sobrevivientes asiáticos","Comprehensive support for Asian survivors","salud","summary_es repeats the same sentence opening.","Synthesize overlapping claims into coherent prose."
"editorial","high","mechanically_concatenated_prose","draft","9ce822a1-a937-412a-ac7b-651db9f9f27f","asian-family-support-services-of-austin-legal-and-safety-support-travis","Asian Family Support Services of Austin","Apoyo integral para sobrevivientes asiáticos","Comprehensive support for Asian survivors","salud","summary_en repeats the same sentence opening.","Synthesize overlapping claims into coherent prose."
"editorial","high","mechanically_concatenated_prose","draft","9ce822a1-a937-412a-ac7b-651db9f9f27f","asian-family-support-services-of-austin-legal-and-safety-support-travis","Asian Family Support Services of Austin","Apoyo integral para sobrevivientes asiáticos","Comprehensive support for Asian survivors","salud","description_es repeats the same sentence opening.","Synthesize overlapping claims into coherent prose."
"editorial","high","mechanically_concatenated_prose","draft","463348b0-7ad0-4b4e-abe3-d9ab5afe50c5","austin-humane-society-community-support-williamson","Austin Humane Society","Alimentos y reubicación para mascotas","Pet food and rehoming support","comida","summary_es repeats the same sentence opening.","Synthesize overlapping claims into coherent prose."
"editorial","high","mechanically_concatenated_prose","draft","463348b0-7ad0-4b4e-abe3-d9ab5afe50c5","austin-humane-society-community-support-williamson","Austin Humane Society","Alimentos y reubicación para mascotas","Pet food and rehoming support","comida","description_es repeats the same sentence opening.","Synthesize overlapping claims into coherent prose."
"editorial","high","mechanically_concatenated_prose","draft","153a2496-64c7-4ea3-b4bb-e51c370d0376","austin-neighborhood-center-housing-and-financial-assistance-travis","Austin Neighborhood Center","Renta, servicios y necesidades básicas","Rent, utilities, and basic needs","recursos-financieros","summary_es repeats the same sentence opening.","Synthesize overlapping claims into coherent prose."
"editorial","high","mechanically_concatenated_prose","draft","153a2496-64c7-4ea3-b4bb-e51c370d0376","austin-neighborhood-center-housing-and-financial-assistance-travis","Austin Neighborhood Center","Renta, servicios y necesidades básicas","Rent, utilities, and basic needs","recursos-financieros","summary_en repeats the same sentence opening.","Synthesize overlapping claims into coherent prose."
"editorial","high","mechanically_concatenated_prose","draft","153a2496-64c7-4ea3-b4bb-e51c370d0376","austin-neighborhood-center-housing-and-financial-assistance-travis","Austin Neighborhood Center","Renta, servicios y necesidades básicas","Rent, utilities, and basic needs","recursos-financieros","description_es repeats the same sentence opening.","Synthesize overlapping claims into coherent prose."
"editorial","high","mechanically_concatenated_prose","draft","12bd6cff-ffaa-48c0-9d3f-9239ff15efa5","austin-va-clinic-community-support-travis","Austin VA Clinic","Atención médica especializada para veteranos","Specialty health care for Veterans","salud","summary_es repeats the same sentence opening.","Synthesize overlapping claims into coherent prose."
"editorial","high","mechanically_concatenated_prose","draft","12bd6cff-ffaa-48c0-9d3f-9239ff15efa5","austin-va-clinic-community-support-travis","Austin VA Clinic","Atención médica especializada para veteranos","Specialty health care for Veterans","salud","summary_en repeats the same sentence opening.","Synthesize overlapping claims into coherent prose."
"editorial","high","mechanically_concatenated_prose","draft","12bd6cff-ffaa-48c0-9d3f-9239ff15efa5","austin-va-clinic-community-support-travis","Austin VA Clinic","Atención médica especializada para veteranos","Specialty health care for Veterans","salud","description_es repeats the same sentence opening.","Synthesize overlapping claims into coherent prose."
"editorial","high","mechanically_concatenated_prose","draft","e2d51c94-d6f5-4449-a409-6b3dede0de48","avalon-memory-care-health-and-personal-support-williamson","Avalon Memory Care","Vivienda asistida y cuidado de memoria","Assisted living and memory care","salud","summary_es repeats the same sentence opening.","Synthesize overlapping claims into coherent prose."
"editorial","high","mechanically_concatenated_prose","draft","e2d51c94-d6f5-4449-a409-6b3dede0de48","avalon-memory-care-health-and-personal-support-williamson","Avalon Memory Care","Vivienda asistida y cuidado de memoria","Assisted living and memory care","salud","summary_en repeats the same sentence opening.","Synthesize overlapping claims into coherent prose."
"editorial","high","mechanically_concatenated_prose","draft","e2d51c94-d6f5-4449-a409-6b3dede0de48","avalon-memory-care-health-and-personal-support-williamson","Avalon Memory Care","Vivienda asistida y cuidado de memoria","Assisted living and memory care","salud","description_es repeats the same sentence opening.","Synthesize overlapping claims into coherent prose."
"editorial","high","mechanically_concatenated_prose","draft","9124771b-1610-4770-aa68-e9fd890abc49","baptist-community-center-housing-and-financial-assistance-travis","Baptist Community Center","Asistencia con renta, hipoteca y servicios","Rent, mortgage, and utility assistance","recursos-financieros","description_es repeats the same sentence opening.","Synthesize overlapping claims into coherent prose."
"editorial","high","mechanically_concatenated_prose","draft","2370ce88-bccd-4b7b-ab14-a90c9028f1f7","bluebonnet-trails-osar-outreach-screening-assessment-and-referral-health-and-personal-supp","Bluebonnet Trails (OSAR) Outreach, Screening, Assessment, and Referral","Evaluación y referidos para consumo de sustancias","Substance use assessment and referrals","salud","summary_es repeats the same sentence opening.","Synthesize overlapping claims into coherent prose."
"editorial","high","mechanically_concatenated_prose","draft","2370ce88-bccd-4b7b-ab14-a90c9028f1f7","bluebonnet-trails-osar-outreach-screening-assessment-and-referral-health-and-personal-supp","Bluebonnet Trails (OSAR) Outreach, Screening, Assessment, and Referral","Evaluación y referidos para consumo de sustancias","Substance use assessment and referrals","salud","summary_en repeats the same sentence opening.","Synthesize overlapping claims into coherent prose."
"editorial","high","mechanically_concatenated_prose","draft","2370ce88-bccd-4b7b-ab14-a90c9028f1f7","bluebonnet-trails-osar-outreach-screening-assessment-and-referral-health-and-personal-supp","Bluebonnet Trails (OSAR) Outreach, Screening, Assessment, and Referral","Evaluación y referidos para consumo de sustancias","Substance use assessment and referrals","salud","description_es repeats the same sentence opening.","Synthesize overlapping claims into coherent prose."
"editorial","high","mechanically_concatenated_prose","draft","04223034-598c-435c-8d68-62d308b7bd07","camp-haven-sanctuary-housing-and-financial-assistance-bastrop","Camp Haven Sanctuary","Comidas preparadas","Prepared meals","comida","summary_es repeats the same sentence opening.","Synthesize overlapping claims into coherent prose."
"editorial","high","mechanically_concatenated_prose","draft","04223034-598c-435c-8d68-62d308b7bd07","camp-haven-sanctuary-housing-and-financial-assistance-bastrop","Camp Haven Sanctuary","Comidas preparadas","Prepared meals","comida","summary_en repeats the same sentence opening.","Synthesize overlapping claims into coherent prose."
"editorial","high","mechanically_concatenated_prose","draft","04223034-598c-435c-8d68-62d308b7bd07","camp-haven-sanctuary-housing-and-financial-assistance-bastrop","Camp Haven Sanctuary","Comidas preparadas","Prepared meals","comida","description_es repeats the same sentence opening.","Synthesize overlapping claims into coherent prose."
"editorial","high","mechanically_concatenated_prose","draft","bdd2ff76-896e-4c89-b3b5-165a07d3dca0","care-patrol-of-central-and-south-austin-health-and-personal-support-travis","Care Patrol of Central and South Austin","Orientación para encontrar cuidado de adultos mayores","Senior care placement guidance","educacion","summary_es repeats the same sentence opening.","Synthesize overlapping claims into coherent prose."
"editorial","high","mechanically_concatenated_prose","draft","bdd2ff76-896e-4c89-b3b5-165a07d3dca0","care-patrol-of-central-and-south-austin-health-and-personal-support-travis","Care Patrol of Central and South Austin","Orientación para encontrar cuidado de adultos mayores","Senior care placement guidance","educacion","summary_en repeats the same sentence opening.","Synthesize overlapping claims into coherent prose."
"editorial","high","mechanically_concatenated_prose","draft","bdd2ff76-896e-4c89-b3b5-165a07d3dca0","care-patrol-of-central-and-south-austin-health-and-personal-support-travis","Care Patrol of Central and South Austin","Orientación para encontrar cuidado de adultos mayores","Senior care placement guidance","educacion","description_es repeats the same sentence opening.","Synthesize overlapping claims into coherent prose."
"editorial","high","mechanically_concatenated_prose","draft","f885dbcf-e491-4038-a9ed-21fa7f9f3d15","care-patrol-of-north-austin-health-and-personal-support-williamson","Care Patrol of North Austin","Orientación para encontrar cuidado de adultos mayores","Senior care placement guidance","educacion","summary_es repeats the same sentence opening.","Synthesize overlapping claims into coherent prose."
"editorial","high","mechanically_concatenated_prose","draft","f885dbcf-e491-4038-a9ed-21fa7f9f3d15","care-patrol-of-north-austin-health-and-personal-support-williamson","Care Patrol of North Austin","Orientación para encontrar cuidado de adultos mayores","Senior care placement guidance","educacion","summary_en repeats the same sentence opening.","Synthesize overlapping claims into coherent prose."
"editorial","high","mechanically_concatenated_prose","draft","f885dbcf-e491-4038-a9ed-21fa7f9f3d15","care-patrol-of-north-austin-health-and-personal-support-williamson","Care Patrol of North Austin","Orientación para encontrar cuidado de adultos mayores","Senior care placement guidance","educacion","description_es repeats the same sentence opening.","Synthesize overlapping claims into coherent prose."
"editorial","high","mechanically_concatenated_prose","draft","56c3dc2d-704f-4e0b-8610-9ca65785b32c","catholic-charities-central-texas-immigration-legal-services-legal-and-safety-support-travi","Catholic Charities Central Texas (Immigration Legal Services)","Servicios legales de inmigración","Immigration legal services","ayuda-legal","summary_es repeats the same sentence opening.","Synthesize overlapping claims into coherent prose."
"editorial","high","mechanically_concatenated_prose","draft","56c3dc2d-704f-4e0b-8610-9ca65785b32c","catholic-charities-central-texas-immigration-legal-services-legal-and-safety-support-travi","Catholic Charities Central Texas (Immigration Legal Services)","Servicios legales de inmigración","Immigration legal services","ayuda-legal","description_es repeats the same sentence opening.","Synthesize overlapping claims into coherent prose."
"editorial","high","mechanically_concatenated_prose","draft","cb5732bd-032f-4146-9f6f-dfdc426a8a46","cedar-park-va-clinic-community-support-williamson","Cedar Park VA Clinic","Atención primaria y especializada para veteranos","Primary and specialty care for Veterans","salud","summary_es repeats the same sentence opening.","Synthesize overlapping claims into coherent prose."
"editorial","high","mechanically_concatenated_prose","draft","cb5732bd-032f-4146-9f6f-dfdc426a8a46","cedar-park-va-clinic-community-support-williamson","Cedar Park VA Clinic","Atención primaria y especializada para veteranos","Primary and specialty care for Veterans","salud","summary_en repeats the same sentence opening.","Synthesize overlapping claims into coherent prose."
"editorial","high","mechanically_concatenated_prose","draft","cb5732bd-032f-4146-9f6f-dfdc426a8a46","cedar-park-va-clinic-community-support-williamson","Cedar Park VA Clinic","Atención primaria y especializada para veteranos","Primary and specialty care for Veterans","salud","description_es repeats the same sentence opening.","Synthesize overlapping claims into coherent prose."
"editorial","high","mechanically_concatenated_prose","draft","ff3e097d-18c5-46a3-8d4c-d5d7090f9fff","central-health-medical-access-program-map-health-and-personal-support-travis","Central Health Medical Access Program (MAP)","Acceso médico MAP para personas sin seguro","MAP health access for uninsured residents","salud","summary_es repeats the same sentence opening.","Synthesize overlapping claims into coherent prose."
"editorial","high","mechanically_concatenated_prose","draft","ff3e097d-18c5-46a3-8d4c-d5d7090f9fff","central-health-medical-access-program-map-health-and-personal-support-travis","Central Health Medical Access Program (MAP)","Acceso médico MAP para personas sin seguro","MAP health access for uninsured residents","salud","summary_en repeats the same sentence opening.","Synthesize overlapping claims into coherent prose."
"editorial","high","mechanically_concatenated_prose","draft","ff3e097d-18c5-46a3-8d4c-d5d7090f9fff","central-health-medical-access-program-map-health-and-personal-support-travis","Central Health Medical Access Program (MAP)","Acceso médico MAP para personas sin seguro","MAP health access for uninsured residents","salud","description_es repeats the same sentence opening.","Synthesize overlapping claims into coherent prose."
"editorial","high","mechanically_concatenated_prose","draft","798beb75-7052-4241-af32-58a77d98e259","childcare-subsidy-hotline-community-support-williamson","Childcare Subsidy Hotline","Subsidios de cuidado infantil para familias militares","Child care subsidies for military families","otros-recursos","description_es repeats the same sentence opening.","Synthesize overlapping claims into coherent prose."
"editorial","high","mechanically_concatenated_prose","draft","539f2929-8496-4a25-acf4-588a4b00b864","combined-community-action-inc-housing-and-financial-assistance-giddings","Combined Community Action, Inc.","Comidas, vivienda y servicios públicos","Meals, housing, and utility assistance","recursos-financieros","summary_es repeats the same sentence opening.","Synthesize overlapping claims into coherent prose."
"editorial","high","mechanically_concatenated_prose","draft","539f2929-8496-4a25-acf4-588a4b00b864","combined-community-action-inc-housing-and-financial-assistance-giddings","Combined Community Action, Inc.","Comidas, vivienda y servicios públicos","Meals, housing, and utility assistance","recursos-financieros","summary_en repeats the same sentence opening.","Synthesize overlapping claims into coherent prose."
"editorial","high","mechanically_concatenated_prose","draft","539f2929-8496-4a25-acf4-588a4b00b864","combined-community-action-inc-housing-and-financial-assistance-giddings","Combined Community Action, Inc.","Comidas, vivienda y servicios públicos","Meals, housing, and utility assistance","recursos-financieros","description_es repeats the same sentence opening.","Synthesize overlapping claims into coherent prose."
"editorial","high","mechanically_concatenated_prose","draft","d7ce7df6-a443-4deb-88b6-e2f3097dac72","community-action-for-central-texas-adult-education-education-and-employment-san-marcos","Community Action for Central Texas - Adult Education","Educación para adultos","Adult education","educacion","summary_es repeats the same sentence opening.","Synthesize overlapping claims into coherent prose."
"editorial","high","mechanically_concatenated_prose","draft","d7ce7df6-a443-4deb-88b6-e2f3097dac72","community-action-for-central-texas-adult-education-education-and-employment-san-marcos","Community Action for Central Texas - Adult Education","Educación para adultos","Adult education","educacion","summary_en repeats the same sentence opening.","Synthesize overlapping claims into coherent prose."
"editorial","high","mechanically_concatenated_prose","draft","d7ce7df6-a443-4deb-88b6-e2f3097dac72","community-action-for-central-texas-adult-education-education-and-employment-san-marcos","Community Action for Central Texas - Adult Education","Educación para adultos","Adult education","educacion","description_es repeats the same sentence opening.","Synthesize overlapping claims into coherent prose."
"editorial","high","mechanically_concatenated_prose","draft","27d08a00-9ce1-423d-9664-b60593846a20","community-action-of-central-texas-housing-and-financial-assistance-williamson","Community Action of Central Texas","Referidos para servicios públicos y medicamentos","Utility and prescription referrals","recursos-financieros","description_es repeats the same sentence opening.","Synthesize overlapping claims into coherent prose."
"editorial","high","mechanically_concatenated_prose","draft","9b69d51f-cb43-4c93-ba58-19dafd8f7eea","community-resource-center-community-support-burnet","Community Resource Center","Navegación integral de recursos","Comprehensive resource navigation","comida","summary_es repeats the same sentence opening.","Synthesize overlapping claims into coherent prose."
"editorial","high","mechanically_concatenated_prose","draft","9b69d51f-cb43-4c93-ba58-19dafd8f7eea","community-resource-center-community-support-burnet","Community Resource Center","Navegación integral de recursos","Comprehensive resource navigation","comida","summary_en repeats the same sentence opening.","Synthesize overlapping claims into coherent prose."
"editorial","high","mechanically_concatenated_prose","draft","9b69d51f-cb43-4c93-ba58-19dafd8f7eea","community-resource-center-community-support-burnet","Community Resource Center","Navegación integral de recursos","Comprehensive resource navigation","comida","description_es repeats the same sentence opening.","Synthesize overlapping claims into coherent prose."
"editorial","high","mechanically_concatenated_prose","draft","8181be7b-00f9-498e-8ca2-9041bd8847b5","comprehensive-energy-assistance-program-housing-and-financial-assistance-caldwell","Comprehensive Energy Assistance Program","Asistencia energética CEAP","CEAP energy assistance","recursos-financieros","summary_es repeats the same sentence opening.","Synthesize overlapping claims into coherent prose."
"editorial","high","mechanically_concatenated_prose","draft","8181be7b-00f9-498e-8ca2-9041bd8847b5","comprehensive-energy-assistance-program-housing-and-financial-assistance-caldwell","Comprehensive Energy Assistance Program","Asistencia energética CEAP","CEAP energy assistance","recursos-financieros","description_es repeats the same sentence opening.","Synthesize overlapping claims into coherent prose."
"editorial","high","mechanically_concatenated_prose","draft","cb85a753-658c-491e-96e3-3afb16e5b232","family-crisis-center-housing-and-financial-assistance-bastrop","Family Crisis Center","Refugio de emergencia y vivienda transicional","Emergency shelter and transitional housing","vivienda","summary_es repeats the same sentence opening.","Synthesize overlapping claims into coherent prose."
"editorial","high","mechanically_concatenated_prose","draft","cb85a753-658c-491e-96e3-3afb16e5b232","family-crisis-center-housing-and-financial-assistance-bastrop","Family Crisis Center","Refugio de emergencia y vivienda transicional","Emergency shelter and transitional housing","vivienda","description_es repeats the same sentence opening.","Synthesize overlapping claims into coherent prose."
"editorial","high","mechanically_concatenated_prose","draft","4257c95b-892b-4b7d-a2c0-2e520a19f576","gilead-health-care-health-and-personal-support-round-rock","Gilead Health Care","Atención médica en el hogar","Home health care","salud","summary_es repeats the same sentence opening.","Synthesize overlapping claims into coherent prose."
"editorial","high","mechanically_concatenated_prose","draft","4257c95b-892b-4b7d-a2c0-2e520a19f576","gilead-health-care-health-and-personal-support-round-rock","Gilead Health Care","Atención médica en el hogar","Home health care","salud","summary_en repeats the same sentence opening.","Synthesize overlapping claims into coherent prose."
"editorial","high","mechanically_concatenated_prose","draft","4257c95b-892b-4b7d-a2c0-2e520a19f576","gilead-health-care-health-and-personal-support-round-rock","Gilead Health Care","Atención médica en el hogar","Home health care","salud","description_es repeats the same sentence opening.","Synthesize overlapping claims into coherent prose."
"editorial","high","mechanically_concatenated_prose","draft","b05780d3-c0f8-453c-b665-6a0676fe2f71","goodwill-industries-bastrop-job-help-center-education-and-employment-bastrop","GoodWill Industries: Bastrop Job Help Center","Empleo y capacitación laboral","Employment and job training","otros-recursos","summary_es repeats the same sentence opening.","Synthesize overlapping claims into coherent prose."
"editorial","high","mechanically_concatenated_prose","draft","b05780d3-c0f8-453c-b665-6a0676fe2f71","goodwill-industries-bastrop-job-help-center-education-and-employment-bastrop","GoodWill Industries: Bastrop Job Help Center","Empleo y capacitación laboral","Employment and job training","otros-recursos","description_es repeats the same sentence opening.","Synthesize overlapping claims into coherent prose."
"editorial","high","mechanically_concatenated_prose","draft","25ad6490-ad4a-4974-b5c5-1d420ff62214","greater-mt-zion-church-community-assistance-and-referral-center-housing-and-financial-assi","Greater Mt. Zion Church (Community Assistance and Referral Center)","Asistencia con servicios públicos","Utility assistance","recursos-financieros","summary_es repeats the same sentence opening.","Synthesize overlapping claims into coherent prose."
"editorial","high","mechanically_concatenated_prose","draft","25ad6490-ad4a-4974-b5c5-1d420ff62214","greater-mt-zion-church-community-assistance-and-referral-center-housing-and-financial-assi","Greater Mt. Zion Church (Community Assistance and Referral Center)","Asistencia con servicios públicos","Utility assistance","recursos-financieros","summary_en repeats the same sentence opening.","Synthesize overlapping claims into coherent prose."
"editorial","high","mechanically_concatenated_prose","draft","25ad6490-ad4a-4974-b5c5-1d420ff62214","greater-mt-zion-church-community-assistance-and-referral-center-housing-and-financial-assi","Greater Mt. Zion Church (Community Assistance and Referral Center)","Asistencia con servicios públicos","Utility assistance","recursos-financieros","description_es repeats the same sentence opening.","Synthesize overlapping claims into coherent prose."
"editorial","high","mechanically_concatenated_prose","draft","e30fd355-274e-4f5f-9a73-427037fca0e3","halcyon-home-health-and-personal-support-austin","Halcyon Home","Asistencia de emergencia con renta y servicios","Emergency rent and utility assistance","recursos-financieros","summary_es repeats the same sentence opening.","Synthesize overlapping claims into coherent prose."
"editorial","high","mechanically_concatenated_prose","draft","e30fd355-274e-4f5f-9a73-427037fca0e3","halcyon-home-health-and-personal-support-austin","Halcyon Home","Asistencia de emergencia con renta y servicios","Emergency rent and utility assistance","recursos-financieros","summary_en repeats the same sentence opening.","Synthesize overlapping claims into coherent prose."
"editorial","high","mechanically_concatenated_prose","draft","e30fd355-274e-4f5f-9a73-427037fca0e3","halcyon-home-health-and-personal-support-austin","Halcyon Home","Asistencia de emergencia con renta y servicios","Emergency rent and utility assistance","recursos-financieros","description_es repeats the same sentence opening.","Synthesize overlapping claims into coherent prose."
"editorial","high","mechanically_concatenated_prose","draft","49e20288-0419-4c47-9c8f-f063aafd4a6b","in-the-streets-hands-up-high-housing-and-financial-assistance-bastrop","In the Streets Hands Up High","Comidas, despensa y refugio","Meals, pantry, and shelter","comida","summary_es repeats the same sentence opening.","Synthesize overlapping claims into coherent prose."
"editorial","high","mechanically_concatenated_prose","draft","49e20288-0419-4c47-9c8f-f063aafd4a6b","in-the-streets-hands-up-high-housing-and-financial-assistance-bastrop","In the Streets Hands Up High","Comidas, despensa y refugio","Meals, pantry, and shelter","comida","summary_en repeats the same sentence opening.","Synthesize overlapping claims into coherent prose."
"editorial","high","mechanically_concatenated_prose","draft","49e20288-0419-4c47-9c8f-f063aafd4a6b","in-the-streets-hands-up-high-housing-and-financial-assistance-bastrop","In the Streets Hands Up High","Comidas, despensa y refugio","Meals, pantry, and shelter","comida","description_es repeats the same sentence opening.","Synthesize overlapping claims into coherent prose."
"editorial","high","mechanically_concatenated_prose","draft","29117cb0-2d56-4dc2-9abd-dbe455dcf335","lagrange-va-clinic-community-support-lagrange","LaGrange VA Clinic","Atención primaria y telesalud para veteranos","Primary care and telehealth for Veterans","salud","summary_es repeats the same sentence opening.","Synthesize overlapping claims into coherent prose."
"editorial","high","mechanically_concatenated_prose","draft","29117cb0-2d56-4dc2-9abd-dbe455dcf335","lagrange-va-clinic-community-support-lagrange","LaGrange VA Clinic","Atención primaria y telesalud para veteranos","Primary care and telehealth for Veterans","salud","summary_en repeats the same sentence opening.","Synthesize overlapping claims into coherent prose."
"editorial","high","mechanically_concatenated_prose","draft","29117cb0-2d56-4dc2-9abd-dbe455dcf335","lagrange-va-clinic-community-support-lagrange","LaGrange VA Clinic","Atención primaria y telesalud para veteranos","Primary care and telehealth for Veterans","salud","description_es repeats the same sentence opening.","Synthesize overlapping claims into coherent prose."
"editorial","high","mechanically_concatenated_prose","draft","fb64f4a9-8f18-427e-a511-97bb0d42e52d","lifeway-home-health-health-and-personal-support-caldwell","Lifeway Home Health","Atención médica en el hogar","Home health care","salud","summary_es repeats the same sentence opening.","Synthesize overlapping claims into coherent prose."
"editorial","high","mechanically_concatenated_prose","draft","fb64f4a9-8f18-427e-a511-97bb0d42e52d","lifeway-home-health-health-and-personal-support-caldwell","Lifeway Home Health","Atención médica en el hogar","Home health care","salud","summary_en repeats the same sentence opening.","Synthesize overlapping claims into coherent prose."
"editorial","high","mechanically_concatenated_prose","draft","fb64f4a9-8f18-427e-a511-97bb0d42e52d","lifeway-home-health-health-and-personal-support-caldwell","Lifeway Home Health","Atención médica en el hogar","Home health care","salud","description_es repeats the same sentence opening.","Synthesize overlapping claims into coherent prose."
"editorial","high","mechanically_concatenated_prose","draft","d8aae272-9f5e-44dd-a62d-889109042f03","madella-hilliard-neighborhood-center-housing-and-financial-assistance-georgetown","Madella Hilliard Neighborhood Center","Asistencia de emergencia con renta y servicios","Emergency rent and utility assistance","recursos-financieros","summary_es repeats the same sentence opening.","Synthesize overlapping claims into coherent prose."
"editorial","high","mechanically_concatenated_prose","draft","d8aae272-9f5e-44dd-a62d-889109042f03","madella-hilliard-neighborhood-center-housing-and-financial-assistance-georgetown","Madella Hilliard Neighborhood Center","Asistencia de emergencia con renta y servicios","Emergency rent and utility assistance","recursos-financieros","summary_en repeats the same sentence opening.","Synthesize overlapping claims into coherent prose."
"editorial","high","mechanically_concatenated_prose","draft","d8aae272-9f5e-44dd-a62d-889109042f03","madella-hilliard-neighborhood-center-housing-and-financial-assistance-georgetown","Madella Hilliard Neighborhood Center","Asistencia de emergencia con renta y servicios","Emergency rent and utility assistance","recursos-financieros","description_es repeats the same sentence opening.","Synthesize overlapping claims into coherent prose."
"editorial","high","mechanically_concatenated_prose","draft","5e5dad48-075b-4540-b4d0-48206fc82b8c","oasis-senior-advisors-health-and-personal-support-williamson","Oasis Senior Advisors","Orientación para encontrar cuidado de adultos mayores","Senior care placement guidance","salud","summary_es repeats the same sentence opening.","Synthesize overlapping claims into coherent prose."
"editorial","high","mechanically_concatenated_prose","draft","5e5dad48-075b-4540-b4d0-48206fc82b8c","oasis-senior-advisors-health-and-personal-support-williamson","Oasis Senior Advisors","Orientación para encontrar cuidado de adultos mayores","Senior care placement guidance","salud","summary_en repeats the same sentence opening.","Synthesize overlapping claims into coherent prose."
"editorial","high","mechanically_concatenated_prose","draft","5e5dad48-075b-4540-b4d0-48206fc82b8c","oasis-senior-advisors-health-and-personal-support-williamson","Oasis Senior Advisors","Orientación para encontrar cuidado de adultos mayores","Senior care placement guidance","salud","description_es repeats the same sentence opening.","Synthesize overlapping claims into coherent prose."
"editorial","high","mechanically_concatenated_prose","draft","97c3289a-20eb-4581-a420-48e93c3c5dc0","senior-sitters-llc-health-and-personal-support-austin","Senior Sitters, LLC","Cuidado de memoria","Memory care","salud","summary_es repeats the same sentence opening.","Synthesize overlapping claims into coherent prose."
"editorial","high","mechanically_concatenated_prose","draft","97c3289a-20eb-4581-a420-48e93c3c5dc0","senior-sitters-llc-health-and-personal-support-austin","Senior Sitters, LLC","Cuidado de memoria","Memory care","salud","summary_en repeats the same sentence opening.","Synthesize overlapping claims into coherent prose."
"editorial","high","mechanically_concatenated_prose","draft","97c3289a-20eb-4581-a420-48e93c3c5dc0","senior-sitters-llc-health-and-personal-support-austin","Senior Sitters, LLC","Cuidado de memoria","Memory care","salud","description_es repeats the same sentence opening.","Synthesize overlapping claims into coherent prose."
"editorial","high","mechanically_concatenated_prose","draft","5b58628a-fea9-46ee-a8c4-42b880aef872","st-austin-catholic-parish-newman-hall-housing-and-financial-assistance-travis","St. Austin Catholic Parish, Newman Hall","Asistencia con servicios públicos","Utility assistance","recursos-financieros","summary_es repeats the same sentence opening.","Synthesize overlapping claims into coherent prose."
"editorial","high","mechanically_concatenated_prose","draft","5b58628a-fea9-46ee-a8c4-42b880aef872","st-austin-catholic-parish-newman-hall-housing-and-financial-assistance-travis","St. Austin Catholic Parish, Newman Hall","Asistencia con servicios públicos","Utility assistance","recursos-financieros","summary_en repeats the same sentence opening.","Synthesize overlapping claims into coherent prose."
"editorial","high","mechanically_concatenated_prose","draft","5b58628a-fea9-46ee-a8c4-42b880aef872","st-austin-catholic-parish-newman-hall-housing-and-financial-assistance-travis","St. Austin Catholic Parish, Newman Hall","Asistencia con servicios públicos","Utility assistance","recursos-financieros","description_es repeats the same sentence opening.","Synthesize overlapping claims into coherent prose."
"editorial","high","mechanically_concatenated_prose","draft","f98be83d-1a62-46c2-bff5-5186baf6bb33","texas-rio-grande-legal-aid-legal-and-safety-support-austin","Texas Rio Grande Legal Aid","Asistencia legal civil","Civil legal assistance","ayuda-legal","summary_es repeats the same sentence opening.","Synthesize overlapping claims into coherent prose."
"editorial","high","mechanically_concatenated_prose","draft","f98be83d-1a62-46c2-bff5-5186baf6bb33","texas-rio-grande-legal-aid-legal-and-safety-support-austin","Texas Rio Grande Legal Aid","Asistencia legal civil","Civil legal assistance","ayuda-legal","description_es repeats the same sentence opening.","Synthesize overlapping claims into coherent prose."
"editorial","high","mechanically_concatenated_prose","draft","62e8a3c8-74e5-4bde-990f-3784cea517aa","texas-utility-help-housing-and-financial-assistance-williamson","Texas Utility Help","Asistencia con facturas de agua","Water bill assistance","recursos-financieros","summary_es repeats the same sentence opening.","Synthesize overlapping claims into coherent prose."
"editorial","high","mechanically_concatenated_prose","draft","62e8a3c8-74e5-4bde-990f-3784cea517aa","texas-utility-help-housing-and-financial-assistance-williamson","Texas Utility Help","Asistencia con facturas de agua","Water bill assistance","recursos-financieros","summary_en repeats the same sentence opening.","Synthesize overlapping claims into coherent prose."
"editorial","high","mechanically_concatenated_prose","draft","62e8a3c8-74e5-4bde-990f-3784cea517aa","texas-utility-help-housing-and-financial-assistance-williamson","Texas Utility Help","Asistencia con facturas de agua","Water bill assistance","recursos-financieros","description_es repeats the same sentence opening.","Synthesize overlapping claims into coherent prose."
"editorial","high","mechanically_concatenated_prose","draft","82c204f8-4b8f-4785-a38e-2ef1b175ef75","va-mental-health-residential-program-community-support-williamson","VA Mental Health Residential Program","Tratamiento residencial de salud mental y sustancias","Residential mental health and substance use treatment","salud","summary_es repeats the same sentence opening.","Synthesize overlapping claims into coherent prose."
"editorial","high","mechanically_concatenated_prose","draft","82c204f8-4b8f-4785-a38e-2ef1b175ef75","va-mental-health-residential-program-community-support-williamson","VA Mental Health Residential Program","Tratamiento residencial de salud mental y sustancias","Residential mental health and substance use treatment","salud","summary_en repeats the same sentence opening.","Synthesize overlapping claims into coherent prose."
"editorial","high","mechanically_concatenated_prose","draft","82c204f8-4b8f-4785-a38e-2ef1b175ef75","va-mental-health-residential-program-community-support-williamson","VA Mental Health Residential Program","Tratamiento residencial de salud mental y sustancias","Residential mental health and substance use treatment","salud","description_es repeats the same sentence opening.","Synthesize overlapping claims into coherent prose."
"editorial","high","mechanically_concatenated_prose","draft","e3599bf1-0015-4bc7-a032-7c527276b0ed","williamson-county-regional-animal-shelter-community-support-williamson","Williamson County Regional Animal Shelter","Esterilización gratuita de gatos comunitarios","Free spay and neuter for community cats","salud","summary_es repeats the same sentence opening.","Synthesize overlapping claims into coherent prose."
"editorial","high","mechanically_concatenated_prose","draft","e3599bf1-0015-4bc7-a032-7c527276b0ed","williamson-county-regional-animal-shelter-community-support-williamson","Williamson County Regional Animal Shelter","Esterilización gratuita de gatos comunitarios","Free spay and neuter for community cats","salud","description_es repeats the same sentence opening.","Synthesize overlapping claims into coherent prose."
"editorial","high","title_contains_organization","draft","f76f85ba-51fe-426f-b57a-dffe1defe6bb","advocacy-outreach-elgin-advocacy-outreach","Advocacy Outreach","Advocacy Outreach (Elgin)","Advocacy Outreach (Elgin)","vivienda","A title redundantly contains organization_name.","Remove the institution wording while preserving the service identity."
"editorial","high","title_contains_organization","draft","73e14c4e-af91-43fe-83bb-094977880a82","age-of-central-texas-servicios-para-cuidadores-age-of-central-texas","AGE of Central Texas","AGE of Central Texas — Servicios para Cuidadores","AGE of Central Texas — Caregiver Services","otros-recursos","A title redundantly contains organization_name.","Remove the institution wording while preserving the service identity."
"editorial","high","title_contains_organization","draft","506da0f9-5a4a-4d22-95de-5765ecc825dd","alzheimer-s-texas-apoyo-a-cuidadores-alzheimer-s-texas","Alzheimer's Texas","Alzheimer's Texas — Apoyo a Cuidadores","Alzheimer's Texas — Caregiver Support","otros-recursos","A title redundantly contains organization_name.","Remove the institution wording while preserving the service identity."
"editorial","high","title_contains_organization","draft","16d516fc-28ce-45c2-b035-a5d9ee23d813","austin-habitat-for-humanity-reparacion-de-vivienda-bastrop-austin-habitat-for-humanity","Austin Habitat for Humanity","Austin Habitat for Humanity — Reparación de Vivienda (Bastrop)","Austin Habitat for Humanity — Home Repair (Bastrop)","vivienda","A title redundantly contains organization_name.","Remove the institution wording while preserving the service identity."
"editorial","high","title_contains_organization","draft","3471b448-666e-449a-917d-7b56298439f9","austin-water-customer-service-taps","Austin Water","Austin Water – Servicio al Cliente / TAPS","Austin Water – Customer Service / TAPS","vivienda","A title redundantly contains organization_name.","Remove the institution wording while preserving the service identity."
"editorial","high","title_contains_organization","published","5e7c1ec1-b2e5-4807-9b3c-248719aefd2b","oficina-de-servicios-para-veteranos-del-condado-de-bastrop-bastrop-county","Bastrop County","Oficina de Servicios para Veteranos del Condado de Bastrop","Bastrop County Veterans Service Office","recursos-financieros","A title redundantly contains organization_name.","Remove the institution wording while preserving the service identity."
"editorial","high","title_contains_organization","draft","96f1bed9-7531-411e-99b6-f15a7e030f85","programa-de-asistencia-de-renta-utilities-despensa-de-emergencia-del-condado-de-bastrop-bastrop-county-emergency-food-pantry","Bastrop County Emergency Food Pantry","Programa de Asistencia de Renta/Utilities — Despensa de Emergencia del Condado de Bastrop","Rent/Utility Assistance Program — Bastrop County Emergency Food Pantry","recursos-financieros","A title redundantly contains organization_name.","Remove the institution wording while preserving the service identity."
"editorial","high","title_contains_organization","draft","a43b6184-e8d0-4794-bebe-82bd37dd0fa2","bluebonnet-trails-community-services-bastrop-bluebonnet-trails-community-services","Bluebonnet Trails Community Services","Bluebonnet Trails Community Services — Bastrop","Bluebonnet Trails Community Services — Bastrop","salud","A title redundantly contains organization_name.","Remove the institution wording while preserving the service identity."
"editorial","high","title_contains_organization","draft","4380d5fd-6cfa-41d7-8380-3b8f185ba163","servicios-para-veteranos-del-condado-de-caldwell-caldwell-county","Caldwell County","Servicios para Veteranos del Condado de Caldwell","Caldwell County Veterans Services","recursos-financieros","A title redundantly contains organization_name.","Remove the institution wording while preserving the service identity."
"editorial","high","title_contains_organization","draft","acbc17f1-ec65-47fc-93f7-00e68e3c0c0a","carts-capital-area-rural-transportation-system-carts","CARTS","CARTS (Capital Area Rural Transportation System)","CARTS (Capital Area Rural Transportation System)","transporte","A title redundantly contains organization_name.","Remove the institution wording while preserving the service identity."
"editorial","high","title_contains_organization","published","b4ec4cc4-7148-4215-9e96-bf243cb77dd1","caridades-catolicas-de-central-texas-servicios-para-veteranos-st-michael-s-catholic-charities-of-central-texas","Catholic Charities of Central Texas","Caridades Católicas de Central Texas – Servicios para Veteranos St. Michael's","Catholic Charities of Central Texas – St. Michael's Veteran Services","recursos-financieros","A title redundantly contains organization_name.","Remove the institution wording while preserving the service identity."
"editorial","high","title_contains_organization","draft","ec30a4a3-60cf-4a17-bdbe-b2098131d48a","despensa-de-la-iglesia-metodista-unida-de-cedar-creek-cedar-creek-united-methodist-church","Cedar Creek United Methodist Church","Despensa de la Iglesia Metodista Unida de Cedar Creek","Cedar Creek United Methodist Church Food Pantry","comida","A title redundantly contains organization_name.","Remove the institution wording while preserving the service identity."
"editorial","high","title_contains_organization","draft","04566642-11ce-41c5-b1c2-b3cec69dbbdd","central-texas-food-bank-programas-para-adultos-mayores-csfp-y-hope-central-texas-food-bank","Central Texas Food Bank","Central Texas Food Bank — Programas para Adultos Mayores (CSFP y HOPE)","Central Texas Food Bank — Senior Programs (CSFP and HOPE)","comida","A title redundantly contains organization_name.","Remove the institution wording while preserving the service identity."
"editorial","high","title_contains_organization","draft","5089e913-cd51-483c-b322-666165033d0f","despensa-movil-de-cedar-creek-central-texas-food-bank-central-texas-food-bank","Central Texas Food Bank","Despensa Móvil de Cedar Creek (Central Texas Food Bank)","Cedar Creek Mobile Pantry (Central Texas Food Bank)","comida","A title redundantly contains organization_name.","Remove the institution wording while preserving the service identity."
"editorial","high","title_contains_organization","draft","1d5c0fd4-3e2a-4d75-a2a2-d2fcd2fffb61","despensa-movil-de-elgin-central-texas-food-bank-central-texas-food-bank","Central Texas Food Bank","Despensa Móvil de Elgin (Central Texas Food Bank)","Elgin Mobile Pantry (Central Texas Food Bank)","comida","A title redundantly contains organization_name.","Remove the institution wording while preserving the service identity."
"editorial","high","title_contains_organization","draft","f307f0ea-7f7a-4737-a487-e9c3c5cd2f41","despensa-comunitaria-community-cupboard-elgin-community-cupboard","Community Cupboard","Despensa Comunitaria (Community Cupboard) — Elgin","Community Cupboard — Elgin","comida","A title redundantly contains organization_name.","Remove the institution wording while preserving the service identity."
"editorial","high","title_contains_organization","published","d4ed0a29-53f4-4a2d-b599-a0658288b06e","community-medical-services-cedar-park","Community Medical Services","Community Medical Services – Cedar Park","Community Medical Services – Cedar Park","salud","A title redundantly contains organization_name.","Remove the institution wording while preserving the service identity."
"editorial","high","title_contains_organization","draft","3c5faf40-fa41-450b-894c-299c71202980","despensa-de-la-primera-iglesia-bautista-de-elgin-first-baptist-church-elgin","First Baptist Church Elgin","Despensa de la Primera Iglesia Bautista de Elgin","First Baptist Church Elgin Food Pantry","comida","A title redundantly contains organization_name.","Remove the institution wording while preserving the service identity."
"editorial","high","title_contains_organization","published","1f9d9076-ebd8-444e-9c6e-5a3964b6e7e1","servicios-para-veteranos-del-condado-de-hays-hays-county","Hays County","Servicios para Veteranos del Condado de Hays","Hays County Veterans Services","recursos-financieros","A title redundantly contains organization_name.","Remove the institution wording while preserving the service identity."
"editorial","high","title_contains_organization","published","5161245e-540b-4198-bbfb-51c2763f0ed3","heroes-night-out-centro-de-recursos-heroes-heroes-night-out","Heroes Night Out","Heroes Night Out / Centro de Recursos Heroes","Heroes Night Out / Heroes Resource Center","otros-recursos","A title redundantly contains organization_name.","Remove the institution wording while preserving the service identity."
"editorial","high","title_contains_organization","published","b3e2deec-ec82-4a93-8c2b-fa160cc216ff","lone-star-circle-of-care-round-rock-behavioral-health","Lone Star Circle of Care","Lone Star Circle of Care – Salud Conductual de Round Rock","Lone Star Circle of Care – Round Rock Behavioral Health","salud","A title redundantly contains organization_name.","Remove the institution wording while preserving the service identity."
"editorial","high","title_contains_organization","published","efc5c4c7-6673-4c20-923a-6105141637a0","lone-star-circle-of-care-georgetown-behavioral-health","Lone Star Circle of Care","Lone Star Circle of Care – Salud Conductual de Georgetown","Lone Star Circle of Care – Georgetown Behavioral Health","salud","A title redundantly contains organization_name.","Remove the institution wording while preserving the service identity."
"editorial","high","title_contains_organization","draft","8f45635a-6179-4946-9761-8d2104e43bc6","meals-on-wheels-central-texas-mowct-meals-on-wheels-central-texas","Meals on Wheels Central Texas","Meals on Wheels Central Texas (MOWCT)","Meals on Wheels Central Texas (MOWCT)","comida","A title redundantly contains organization_name.","Remove the institution wording while preserving the service identity."
"editorial","high","title_contains_organization","published","baf26283-8c39-4a4b-99dc-41126636b87d","opportunities-williamson-burnet-counties","Opportunities for Williamson & Burnet Counties","Opportunities for Williamson & Burnet Counties (OWBC)","Opportunities for Williamson & Burnet Counties (OWBC)","recursos-financieros","A title redundantly contains organization_name.","Remove the institution wording while preserving the service identity."
"editorial","high","title_contains_organization","draft","e094e039-07de-436e-8942-3abbe5becd34","despensa-de-la-iglesia-primera-bautista-bastrop-primera-baptist-church","Primera Baptist Church","Despensa de la Iglesia Primera Bautista (Bastrop)","Primera Baptist Church Food Pantry (Bastrop)","comida","A title redundantly contains organization_name.","Remove the institution wording while preserving the service identity."
"editorial","high","title_contains_organization","draft","c4e54dbb-6cae-42b4-8ce4-c5138271bfed","despensa-de-la-iglesia-catolica-sagrado-corazon-elgin-sacred-heart-catholic-church","Sacred Heart Catholic Church","Despensa de la Iglesia Católica Sagrado Corazón (Elgin)","Sacred Heart Catholic Church Food Pantry (Elgin)","comida","A title redundantly contains organization_name.","Remove the institution wording while preserving the service identity."
"editorial","high","title_contains_organization","published","381ceae3-e148-49af-84be-d9a66b5fc351","senior-access-drive-a-senior","Senior Access","Senior Access / Drive a Senior","Senior Access / Drive a Senior","transporte","A title redundantly contains organization_name.","Remove the institution wording while preserving the service identity."
"editorial","high","title_contains_organization","published","b2d9fdb2-61f0-4eac-b3c6-9b0631cbb96d","starry-williamson-county","STARRY","STARRY – Williamson County","STARRY – Williamson County","salud","A title redundantly contains organization_name.","Remove the institution wording while preserving the service identity."
"editorial","high","title_contains_organization","draft","801a5986-85a8-48fc-920c-0b4ca1142c6a","servicio-de-referencia-e-informacion-de-abogados-del-colegio-de-abogados-de-texas-state-bar-of-texas","State Bar of Texas","Servicio de Referencia e Información de Abogados del Colegio de Abogados de Texas","State Bar of Texas Lawyer Referral & Information Service (LRIS)","ayuda-legal","A title redundantly contains organization_name.","Remove the institution wording while preserving the service identity."
"editorial","high","title_contains_organization","published","701f1343-57dc-4616-9bf6-c6582bd42593","texas-legal-services-center-williamson-county","Texas Legal Services Center","Texas Legal Services Center – Williamson County","Texas Legal Services Center – Williamson County","ayuda-legal","A title redundantly contains organization_name.","Remove the institution wording while preserving the service identity."
"editorial","high","title_contains_organization","draft","b53bac7b-daaf-4336-b67b-a19c290e87ec","linea-legal-directa-para-texanos-texas-legal-services-center-texas-legal-services-center","Texas Legal Services Center","Línea Legal Directa para Texanos (Texas Legal Services Center)","Legal Hotline for Texans (Texas Legal Services Center)","ayuda-legal","A title redundantly contains organization_name.","Remove the institution wording while preserving the service identity."
"editorial","high","title_contains_organization","draft","c74b8afc-53cb-47fb-a880-a21ccf91a0c8","comision-de-veteranos-de-texas-representantes-de-reclamos-de-va-texas-veterans-commission","Texas Veterans Commission","Comisión de Veteranos de Texas — Representantes de Reclamos de VA","Texas Veterans Commission — VA Claims Representatives","otros-recursos","A title redundantly contains organization_name.","Remove the institution wording while preserving the service identity."
"editorial","high","title_contains_organization","published","36baf425-4bb9-47ad-bc13-101fdfd4fb78","georgetown-project-nest-empowerment-center","The Georgetown Project","The Georgetown Project – NEST Empowerment Center","The Georgetown Project – NEST Empowerment Center","salud","A title redundantly contains organization_name.","Remove the institution wording while preserving the service identity."
"editorial","high","title_contains_organization","published","717c0149-204c-4a6e-8300-b1a1213eabe0","servicios-para-veteranos-del-condado-de-travis-travis-county","Travis County","Servicios para Veteranos del Condado de Travis","Travis County Veterans Services","salud","A title redundantly contains organization_name.","Remove the institution wording while preserving the service identity."
"editorial","high","title_contains_organization","draft","bb315bb3-7fb2-4348-b299-449331255bd4","travis-county-clerk-s-office-recording-division","Travis County Clerk's Office","Travis County Clerk's Office – División de Registros","Travis County Clerk's Office – Recording Division","ayuda-legal","A title redundantly contains organization_name.","Remove the institution wording while preserving the service identity."
"editorial","high","title_contains_organization","draft","b70cbbba-4659-4657-b50e-7d2db25a1388","travis-county-clerk-s-office-probate-division","Travis County Clerk's Office","Travis County Clerk's Office – División de Sucesiones","Travis County Clerk's Office – Probate Division","ayuda-legal","A title redundantly contains organization_name.","Remove the institution wording while preserving the service identity."
"editorial","high","title_contains_organization","draft","2820cec6-9291-4585-9a6a-a7ce0dd533c4","travis-county-clerk-s-office-misdemeanor-division","Travis County Clerk's Office","Travis County Clerk's Office – División de Delitos Menores","Travis County Clerk's Office – Misdemeanor Division","ayuda-legal","A title redundantly contains organization_name.","Remove the institution wording while preserving the service identity."
"editorial","high","title_contains_organization","draft","a8dc3b93-1f99-408c-a283-b421244d111d","travis-county-clerk-s-office-civil-division","Travis County Clerk's Office","Travis County Clerk's Office – División Civil","Travis County Clerk's Office – Civil Division","ayuda-legal","A title redundantly contains organization_name.","Remove the institution wording while preserving the service identity."
"editorial","high","title_contains_organization","draft","192ff2bb-47d5-4e66-8ce0-707963cedb01","travis-county-district-clerk-jury-and-passports","Travis County District Clerk","Travis County District Clerk – Jurado y Pasaportes","Travis County District Clerk – Jury and Passports","ayuda-legal","A title redundantly contains organization_name.","Remove the institution wording while preserving the service identity."
"editorial","high","title_contains_organization","draft","4115c792-beac-4c6d-8a48-741741cc1a67","travis-county-district-clerk-divorces","Travis County District Clerk","Travis County District Clerk – Divorcios","Travis County District Clerk – Divorces","ayuda-legal","A title redundantly contains organization_name.","Remove the institution wording while preserving the service identity."
"editorial","high","title_contains_organization","published","c81ada7a-35f9-4f2c-8282-303c82c3b30c","williamson-county-family-recovery-court","Williamson County","Tribunal de Recuperación Familiar de Williamson County","Williamson County Family Recovery Court","salud","A title redundantly contains organization_name.","Remove the institution wording while preserving the service identity."
"editorial","high","title_contains_organization","published","800cef72-58f3-4bd0-bb1a-294961db7486","servicios-para-veteranos-del-condado-de-williamson-williamson-county","Williamson County","Servicios para Veteranos del Condado de Williamson","Williamson County Veteran Services","recursos-financieros","A title redundantly contains organization_name.","Remove the institution wording while preserving the service identity."
"editorial","high","title_contains_organization","draft","bb95d5c7-253a-4a94-be18-40a11ee4bba4","servicios-para-adultos-mayores-del-condado-de-williamson-williamson-county","Williamson County","Servicios para Adultos Mayores del Condado de Williamson","Williamson County Senior Services","otros-recursos","A title redundantly contains organization_name.","Remove the institution wording while preserving the service identity."
"editorial","high","title_contains_organization","published","96e32345-c31a-4260-a816-efb412582e88","williamson-county-juvenile-services-mental-health-family-support","Williamson County Juvenile Services","Williamson County Juvenile Services – Salud Mental y Apoyo Familiar","Williamson County Juvenile Services – Mental Health / Family Support","salud","A title redundantly contains organization_name.","Remove the institution wording while preserving the service identity."
"editorial","high","title_contains_organization","draft","ffc5a197-bdbc-49f6-a8b0-e2fc6d20e3f2","workforce-solutions-rural-capital-area-oficina-de-bastrop-workforce-solutions-rural-capital-area","Workforce Solutions Rural Capital Area","Workforce Solutions Rural Capital Area — Oficina de Bastrop","Workforce Solutions Rural Capital Area — Bastrop Office","recursos-financieros","A title redundantly contains organization_name.","Remove the institution wording while preserving the service identity."
"editorial","high","title_duplicates_organization","published","c2e8d27a-38f3-4a7e-a82c-33cdf7e11f97","accessible-housing-austin-aha-accessible-housing-austin-aha","Accessible Housing Austin! (AHA!)","Accessible Housing Austin! (AHA!)","Accessible Housing Austin! (AHA!)","vivienda","A title equals organization_name.","Use the actual program name or a concise service label."
"editorial","high","title_duplicates_organization","published","0a97f4ee-26c3-4a07-a118-c3cf024c20d5","all-saints-episcopal-church-rent-and-utility-assistance-all-saints-episcopal-church-rent-and-utility-assistanc","All Saints Episcopal Church Rent and Utility Assistance","All Saints Episcopal Church","All Saints Episcopal Church Rent and Utility Assistance","vivienda","A title equals organization_name.","Use the actual program name or a concise service label."
"editorial","high","title_duplicates_organization","published","d8a0d9f5-ca03-4a94-bf7a-a0d4f5d37669","angel-house-austin-baptist-chapel-angel-house-austin-baptist-chapel","Angel House/ Austin Baptist Chapel","Angel House/ Austin Baptist Chapel","Angel House/ Austin Baptist Chapel","comida","A title equals organization_name.","Use the actual program name or a concise service label."
"editorial","high","title_duplicates_organization","published","bf5c41af-a94a-4b0f-be55-3a8c0bded946","ashwell-sexual-health-and-wellness-clinic-ashwell-sexual-health-and-wellness-clinic","Ashwell Sexual Health and Wellness Clinic","Ashwell Sexual Health & Wellness","Ashwell Sexual Health and Wellness Clinic","salud","A title equals organization_name.","Use the actual program name or a concise service label."
"editorial","high","title_duplicates_organization","published","b082a770-59a2-46cf-aa1c-03293fe26012","atx-free-fridge-project-atx-free-fridge-project","ATX Free Fridge Project","ATX Free Fridge Project","ATX Free Fridge Project","comida","A title equals organization_name.","Use the actual program name or a concise service label."
"editorial","high","title_duplicates_organization","published","5c580c96-5e59-465f-9223-c223a9a1e1b1","austin-habitat-for-humanity-homeownership-program-austin-habitat-for-humanity-homeownership-program","Austin Habitat for Humanity Homeownership Program","Austin Habitat for Humanity Homeownership Program","Austin Habitat for Humanity Homeownership Program","vivienda","A title equals organization_name.","Use the actual program name or a concise service label."
"editorial","high","title_duplicates_organization","published","cfba8357-d505-4dfe-acdd-0f97af507dfb","austin-tenants-council-now-a-project-of-texas-riogrande-legal-aid-austin-tenants-council-now-a-project-of-texa","Austin Tenants Council (Now a project of Texas RioGrande Legal Aid)","Austin Tenants Council","Austin Tenants Council (Now a project of Texas RioGrande Legal Aid)","ayuda-legal","A title equals organization_name.","Use the actual program name or a concise service label."
"editorial","high","title_duplicates_organization","published","a40fba36-1d16-4abf-b8f8-0ff41173d148","baptist-children-s-home-baptist-children-s-home","Baptist Children’s Home","Baptist Children’s Home","Baptist Children’s Home","vivienda","A title equals organization_name.","Use the actual program name or a concise service label."
"editorial","high","title_duplicates_organization","published","972f44f8-ae7a-43db-8433-a87ce7293d51","basta-building-and-strengthening-tenant-action-basta-building-and-strengthening-tenant-action","BASTA (Building and Strengthening Tenant Action)","BASTA (Buscando Acción y Solidaridad que Transforme el Arrendamiento)","BASTA (Building and Strengthening Tenant Action)","ayuda-legal","A title equals organization_name.","Use the actual program name or a concise service label."
"editorial","high","title_duplicates_organization","published","9fb125d7-eee4-41ed-bb48-adfcf413ff6b","caritas-of-austin-caritas-of-austin","Caritas of Austin","Caritas of Austin","Caritas of Austin","comida","A title equals organization_name.","Use the actual program name or a concise service label."
"editorial","high","title_duplicates_organization","published","c567ffe0-7dc7-401d-9070-e41641d6e452","central-texas-food-bank-and-snap-assistance-central-texas-food-bank-and-snap-assistance","Central Texas Food Bank and SNAP Assistance","Central Texas Food Bank and SNAP Assistance","Central Texas Food Bank and SNAP Assistance","comida","A title equals organization_name.","Use the actual program name or a concise service label."
"editorial","high","title_duplicates_organization","published","289575a2-533f-40c9-80ba-2493c04e34b5","central-texas-lawyer-referral-service-central-texas-lawyer-referral-service","Central Texas Lawyer Referral Service","Referencia de Abogados en Austin, TX (Lawyer Referral of Central TX)","Central Texas Lawyer Referral Service","ayuda-legal","A title equals organization_name.","Use the actual program name or a concise service label."
"editorial","high","title_duplicates_organization","published","30a2ed4d-a999-4c72-bf55-373715e765cb","clarksville-community-development-corporation-clarksville-community-development-corporation","Clarksville Community Development Corporation","Clarksville Community Development Corporation","Clarksville Community Development Corporation","vivienda","A title equals organization_name.","Use the actual program name or a concise service label."
"editorial","high","title_duplicates_organization","published","e80c7223-8a58-48b3-a796-556333001f2d","david-chapel-missionary-baptist-church-david-chapel-missionary-baptist-church","David Chapel Missionary Baptist Church","David Chapel Missionary Baptist Church","David Chapel Missionary Baptist Church","vivienda","A title equals organization_name.","Use the actual program name or a concise service label."
"editorial","high","title_duplicates_organization","published","1617f63a-5e6d-4d72-ae3c-24cef6ca65f4","drive-a-senior-network-drive-a-senior-network","Drive a Senior Network","Drive a Senior Network","Drive a Senior Network","otros-recursos","A title equals organization_name.","Use the actual program name or a concise service label."
"editorial","high","title_duplicates_organization","published","54f421f8-ef5c-464e-b432-0d7070caff95","echo-coordinated-assessment-echo-coordinated-assessment","ECHO Coordinated Assessment","Evaluación coordinada de ECHO","ECHO Coordinated Assessment","vivienda","A title equals organization_name.","Use the actual program name or a concise service label."
"editorial","high","title_duplicates_organization","published","90b3d0f4-6385-4e67-aff8-28777cba01dc","eviction-solidarity-network-http-evictionisnotacure-com-eviction-solidarity-network-http-evictionisnotacure-co","Eviction Solidarity Network (http://evictionisnotacure.com/)","Red de Solidaridad Contra el Desalojo","Eviction Solidarity Network (http://evictionisnotacure.com/)","ayuda-legal","A title equals organization_name.","Use the actual program name or a concise service label."
"editorial","high","title_duplicates_organization","published","1a14a367-0b90-4bf9-a205-a4937b57db90","georgetown-housing-authority","Georgetown Housing Authority","Georgetown Housing Authority","Georgetown Housing Authority","vivienda","A title equals organization_name.","Use the actual program name or a concise service label."
"editorial","high","title_duplicates_organization","published","9da35367-d065-47e8-83f2-862a7e66e89f","growing-heart-liberty-hill","Growing Heart","Growing Heart","Growing Heart","comida","A title equals organization_name.","Use the actual program name or a concise service label."
"editorial","high","title_duplicates_organization","published","a13989cb-a3d6-42da-bf51-264ecc328b84","guadalupe-neighborhood-development-corporation-guadalupe-neighborhood-development-corporation","Guadalupe Neighborhood Development Corporation","Guadalupe Neighborhood Development Corporation","Guadalupe Neighborhood Development Corporation","vivienda","A title equals organization_name.","Use the actual program name or a concise service label."
"editorial","high","title_duplicates_organization","published","01bd9281-55d8-4e86-93f8-9723e134aeca","healthwell-foundation-healthwell-foundation","HealthWell Foundation","HealthWell Foundation","HealthWell Foundation","salud","A title equals organization_name.","Use the actual program name or a concise service label."
"editorial","high","title_duplicates_organization","published","af22c751-b355-4999-923d-cc77bc27bc8f","housing-authority-for-the-city-of-austin-haca-housing-authority-for-the-city-of-austin-haca","Housing Authority for the City of Austin (HACA)","Housing Authority for the City of Austin (HACA)","Housing Authority for the City of Austin (HACA)","vivienda","A title equals organization_name.","Use the actual program name or a concise service label."
"editorial","high","title_duplicates_organization","published","8aa8a027-bd36-44a7-ae4b-2d1338547725","housing-authority-of-travis-county-hatc-housing-authority-of-travis-county-hatc","Housing Authority of Travis County (HATC)","Housing Authority for Travis County (HATC)","Housing Authority of Travis County (HATC)","vivienda","A title equals organization_name.","Use the actual program name or a concise service label."
"editorial","high","title_duplicates_organization","published","4fcd375f-c87d-4f8d-98a5-b6e7d9486ed5","hutto-resource-center","Hutto Resource Center","Hutto Resource Center","Hutto Resource Center","comida","A title equals organization_name.","Use the actual program name or a concise service label."
"editorial","high","title_duplicates_organization","published","986bbf8f-0c0a-4b57-a0d1-ab8d9fb7fe9f","kind-dental-care-kind-dental-care","Kind Dental Care","Kind Dental Care","Kind Dental Care","salud","A title equals organization_name.","Use the actual program name or a concise service label."
"editorial","high","title_duplicates_organization","published","f4540f06-84ce-419b-89a5-050cde1f0a0b","lifeworks-youth-only-lifeworks-youth-only","Lifeworks (youth only)","Lifeworks (solamente para jóvenes)","Lifeworks (youth only)","vivienda","A title equals organization_name.","Use the actual program name or a concise service label."
"editorial","high","title_duplicates_organization","published","6aaaceb5-440b-463b-b09b-81c9752bc509","literacy-council-williamson-county","Literacy Council of Williamson County","Literacy Council of Williamson County","Literacy Council of Williamson County","educacion","A title equals organization_name.","Use the actual program name or a concise service label."
"editorial","high","title_duplicates_organization","published","1f38b864-ea55-418e-89e3-91cec44a92d6","meals-for-vets-comidas-para-veteranos-meals-for-vets","Meals for Vets","Comidas para Veteranos","Meals for Vets","comida","A title equals organization_name.","Use the actual program name or a concise service label."
"editorial","high","title_duplicates_organization","published","babaf4b3-a506-4cef-8dbc-bccc0e05d71e","meals-on-wheels-central-texas-meals-on-wheels-central-texas","Meals on Wheels Central Texas","Meals on Wheels Central Texas","Meals on Wheels Central Texas","otros-recursos","A title equals organization_name.","Use the actual program name or a concise service label."
"editorial","high","title_duplicates_organization","published","c95962a4-2670-4382-809b-433c69bd0c27","mueller-affordable-homes-mueller-affordable-homes","Mueller Affordable Homes","Casas Asquesibles de Mueller","Mueller Affordable Homes","vivienda","A title equals organization_name.","Use the actual program name or a concise service label."
"editorial","high","title_duplicates_organization","published","bb79ba13-9206-42de-8815-bdabc9089bb3","neighbor-to-neighbor-neighbor-to-neighbor","Neighbor to Neighbor","Neighbor to Neighbor Program","Neighbor to Neighbor","recursos-financieros","A title equals organization_name.","Use the actual program name or a concise service label."
"editorial","high","title_duplicates_organization","published","ef198568-885e-40d2-816b-520a9e26b137","new-eyes-new-eyes","New Eyes","New Eyes","New Eyes","salud","A title equals organization_name.","Use the actual program name or a concise service label."
"editorial","high","title_duplicates_organization","published","61f9b09f-3d53-42b5-9852-24eaa0007d4b","oakvine-recovery-center","Oakvine Recovery Center","Oakvine Recovery Center","Oakvine Recovery Center","salud","A title equals organization_name.","Use the actual program name or a concise service label."
"editorial","high","title_duplicates_organization","published","5f5f2227-d772-4fbb-82fd-e81b283f3750","operation-liberty-hill","Operation Liberty Hill","Operation Liberty Hill","Operation Liberty Hill","recursos-financieros","A title equals organization_name.","Use the actual program name or a concise service label."
"editorial","high","title_duplicates_organization","published","f238120b-962a-4a16-9b5d-cd985c720925","round-rock-housing-authority","Round Rock Housing Authority","Round Rock Housing Authority","Round Rock Housing Authority","vivienda","A title equals organization_name.","Use the actual program name or a concise service label."
"editorial","high","title_duplicates_organization","published","aba8c2dc-e950-4c8f-88cb-fac97c7d2768","society-of-st-vincent-de-paul-society-of-st-vincent-de-paul","Society of St. Vincent de Paul","Society of St. Vincent de Paul","Society of St. Vincent de Paul","vivienda","A title equals organization_name.","Use the actual program name or a concise service label."
"editorial","high","title_duplicates_organization","published","c65384a6-0859-4ba8-8c8b-aba0aff5fc07","st-austin-catholic-parish-newman-hall-rent-and-utility-assistance-st-austin-catholic-parish-newman-hall-rent-a","St. Austin Catholic Parish, Newman Hall Rent and utility assistance","St. Austin Catholic Parish, Newman Hall, Ayuda para el alquiler y los servicios públicos.","St. Austin Catholic Parish, Newman Hall Rent and utility assistance","vivienda","A title equals organization_name.","Use the actual program name or a concise service label."
"editorial","high","title_duplicates_organization","published","c3fa79c2-8092-4bd6-9e5b-dff2f71ca79c","st-george-s-senior-housing-st-george-s-senior-housing","St. George’s Senior Housing","St. George’s Court Apartments","St. George’s Senior Housing","vivienda","A title equals organization_name.","Use the actual program name or a concise service label."
"editorial","high","title_duplicates_organization","published","d77a2e01-6c7d-41bd-aaca-886b552cc7ec","st-louise-house-st-louise-house","St. Louise House","St. Louise House","St. Louise House","recursos-financieros","A title equals organization_name.","Use the actual program name or a concise service label."
"editorial","high","title_duplicates_organization","published","2c99f837-d066-4da3-888b-3103fae05249","sunrise-homeless-navigation-center-sunrise-homeless-navigation-center","Sunrise Homeless Navigation Center","Sunrise Homeless Navigation Center","Sunrise Homeless Navigation Center","vivienda","A title equals organization_name.","Use the actual program name or a concise service label."
"editorial","high","title_duplicates_organization","published","ce5651d2-ee8b-4a6c-9611-9481118421d0","taylor-housing-authority","Taylor Housing Authority","Taylor Housing Authority","Taylor Housing Authority","vivienda","A title equals organization_name.","Use the actual program name or a concise service label."
"editorial","high","title_duplicates_organization","published","45d1f506-6093-411c-93f6-3e766cd8c226","texas-legal-services-center-texas-legal-services-center","Texas Legal Services Center","Texas Legal Services Center","Texas Legal Services Center","ayuda-legal","A title equals organization_name.","Use the actual program name or a concise service label."
"editorial","high","title_duplicates_organization","published","5f2c362a-438a-4f1a-9a7e-f5d76a092c3b","the-goodwill-career-and-technical-academy-the-goodwill-career-and-technical-academy","The Goodwill Career and Technical Academy","Goodwill Career and Technical Academy","The Goodwill Career and Technical Academy","otros-recursos","A title equals organization_name.","Use the actual program name or a concise service label."
"editorial","high","title_duplicates_organization","published","ab4f146b-6be9-4bde-93ea-072903bfeb76","travis-county-utility-assistance-travis-county-utility-assistance","Travis County Utility Assistance","Travis County Community Centers","Travis County Utility Assistance","recursos-financieros","A title equals organization_name.","Use the actual program name or a concise service label."
"editorial","high","title_duplicates_organization","published","e0d9758c-a1a5-40d4-8cef-a4fe70121dec","trinity-center-trinity-center","Trinity Center","Trinity Center","Trinity Center","otros-recursos","A title equals organization_name.","Use the actual program name or a concise service label."
"editorial","high","title_duplicates_organization","published","cb14b8fd-d05f-4d23-bfdb-30ebbe0abaa6","uplift-university-presbyterian-church-uplift-university-presbyterian-church","UPLift @ University Presbyterian Church","UPLift @ University Presbyterian Church","UPLift @ University Presbyterian Church","recursos-financieros","A title equals organization_name.","Use the actual program name or a concise service label."
"editorial","high","title_duplicates_organization","published","636abf06-f27e-465f-a084-db2dec7f7fc5","waterloo-counseling-waterloo-counseling","Waterloo Counseling","Waterloo Counseling","Waterloo Counseling","salud","A title equals organization_name.","Use the actual program name or a concise service label."
"editorial","high","title_duplicates_organization","published","c8dbfac7-9f96-46ce-9968-5f58ebec7f72","workforce-solutions-rural-capital-area-williamson","Workforce Solutions Rural Capital Area","Workforce Solutions Rural Capital Area","Workforce Solutions Rural Capital Area","educacion","A title equals organization_name.","Use the actual program name or a concise service label."
"editorial","high","title_duplicates_organization","published","e6f92c60-4b28-411d-9ec3-2a7d6beb32fd","yellow-house-foundation","Yellow House Foundation","Yellow House Foundation","Yellow House Foundation","salud","A title equals organization_name.","Use the actual program name or a concise service label."
"editorial","medium","title_too_long","draft","96f1bed9-7531-411e-99b6-f15a7e030f85","programa-de-asistencia-de-renta-utilities-despensa-de-emergencia-del-condado-de-bastrop-bastrop-county-emergency-food-pantry","Bastrop County Emergency Food Pantry","Programa de Asistencia de Renta/Utilities — Despensa de Emergencia del Condado de Bastrop","Rent/Utility Assistance Program — Bastrop County Emergency Food Pantry","recursos-financieros","At least one title exceeds 85 characters.","Shorten it without removing essential service context."
"editorial","medium","title_too_long","published","c65384a6-0859-4ba8-8c8b-aba0aff5fc07","st-austin-catholic-parish-newman-hall-rent-and-utility-assistance-st-austin-catholic-parish-newman-hall-rent-a","St. Austin Catholic Parish, Newman Hall Rent and utility assistance","St. Austin Catholic Parish, Newman Hall, Ayuda para el alquiler y los servicios públicos.","St. Austin Catholic Parish, Newman Hall Rent and utility assistance","vivienda","At least one title exceeds 85 characters.","Shorten it without removing essential service context."
"location","medium","unsupported_postal_code","published","b4ec4cc4-7148-4215-9e96-bf243cb77dd1","caridades-catolicas-de-central-texas-servicios-para-veteranos-st-michael-s-catholic-charities-of-central-texas","Catholic Charities of Central Texas","Caridades Católicas de Central Texas – Servicios para Veteranos St. Michael's","Catholic Charities of Central Texas – St. Michael's Veteran Services","recursos-financieros","76543","Verify the ZIP; if correct, add it through the approved service-area dataset."
"location","medium","unsupported_postal_code","draft","ff8d025b-295a-4b1f-9a09-26ca5ea8f787","asistencia-con-servicios-publicos-community-action-inc-hays-caldwell-blanco-community-action-inc-of-central-texas","Community Action Inc. of Central Texas","Asistencia con Servicios Públicos — Community Action Inc. (Hays/Caldwell/Blanco)","Utility Assistance — Community Action Inc. (Hays/Caldwell/Blanco)","recursos-financieros","78667","Verify the ZIP; if correct, add it through the approved service-area dataset."
"location","medium","unsupported_postal_code","draft","5721a97c-d903-4727-8df1-3cf667905448","experience-works-work-force-solutions-education-and-employment-williamson","Experience Works: Work Force Solutions","Empleo para adultos de 55 años o más","Employment for adults age 55 and older","otros-recursos","76542","Verify the ZIP; if correct, add it through the approved service-area dataset."
"location","medium","unsupported_postal_code","published","1f38b864-ea55-418e-89e3-91cec44a92d6","meals-for-vets-comidas-para-veteranos-meals-for-vets","Meals for Vets","Comidas para Veteranos","Meals for Vets","comida","78624","Verify the ZIP; if correct, add it through the approved service-area dataset."
"location","medium","unsupported_postal_code","published","248e2b4d-7a2c-4427-9773-5cf5d36bbc60","sacred-heart-community-clinic","Sacred Heart Community Clinic","Atención médica gratuita para personas sin seguro","Free medical care for uninsured adults","salud","78683","Verify the ZIP; if correct, add it through the approved service-area dataset."
"location","medium","unsupported_postal_code","draft","8909eca7-2057-4a5d-88af-35f40f0cb002","centro-de-asistencia-para-negocios-de-veteranos-vboc-utrgv-university-of-texas-rio-grande-valley-utrgv-u-s-small-business-administration","University of Texas Rio Grande Valley (UTRGV) / U.S. Small Business Administration","Centro de Asistencia para Negocios de Veteranos (VBOC) – UTRGV","Veterans Business Outreach Center (VBOC) – UTRGV","educacion","78539","Verify the ZIP; if correct, add it through the approved service-area dataset."
"location","medium","zip_county_mismatch","draft","16d516fc-28ce-45c2-b035-a5d9ee23d813","austin-habitat-for-humanity-reparacion-de-vivienda-bastrop-austin-habitat-for-humanity","Austin Habitat for Humanity","Austin Habitat for Humanity — Reparación de Vivienda (Bastrop)","Austin Habitat for Humanity — Home Repair (Bastrop)","vivienda","78704 currently maps to Travis, not Bastrop.","Review authoritative geography and whether county represents location or coverage before changing data."
"location","medium","zip_county_mismatch","draft","691fd97c-bb22-4042-b761-c2aca3acd74b","austin-vineyard-church-travis","Austin Vineyard Church","Despensa de alimentos","Food pantry","comida","78729 currently maps to Williamson, not Travis.","Review authoritative geography and whether county represents location or coverage before changing data."
"location","medium","zip_county_mismatch","draft","99f170c6-0afe-4c80-a69e-3ad348ed4a1e","brighter-days-food-pantry-at-leander-church-of-christ-drive-thru-leander","Brighter Days Food Pantry at Leander Church of Christ (Drive thru)","Despensa de alimentos","Food pantry","comida","78641 currently maps to Travis, not Williamson.","Review authoritative geography and whether county represents location or coverage before changing data."
"location","medium","zip_county_mismatch","published","28518a19-636e-4203-ad56-71df016c78ae","mercado-movil-y-distribucion-de-alimentos-de-creedmoor-city-of-creedmoor-central-texas-food-bank","City of Creedmoor / Central Texas Food Bank","Mercado Móvil y Distribución de Alimentos","Mobile Market & Food Distribution","comida","78610 currently maps to Hays, not Travis.","Review authoritative geography and whether county represents location or coverage before changing data."
"location","medium","zip_county_mismatch","draft","d9b16bbc-d6e2-48e6-a5ab-9e9d5ab3f5a0","combined-community-action-climatizacion-y-asistencia-de-utilities-ceap-combined-community-action-inc","Combined Community Action, Inc.","Combined Community Action — Climatización y Asistencia de Utilities (CEAP)","Combined Community Action — Weatherization and Utility Assistance (CEAP)","vivienda","78942 currently maps to Lee, not Bastrop.","Review authoritative geography and whether county represents location or coverage before changing data."
"location","medium","zip_county_mismatch","published","781f32b5-d6f0-49d3-b98f-1fad59122c64","despensa-movil-de-creedmoor-elementary-ctfb-del-valle-isd-central-texas-food-bank-del-valle-isd","Creedmoor Elementary – Feeding Futures School Pantry","Despensa Móvil de Creedmoor Elementary","Creedmoor Elementary Mobile Food Pantry","comida","78610 currently maps to Hays, not Travis.","Review authoritative geography and whether county represents location or coverage before changing data."
"location","medium","zip_county_mismatch","draft","e30fd355-274e-4f5f-9a73-427037fca0e3","halcyon-home-health-and-personal-support-austin","Halcyon Home","Asistencia de emergencia con renta y servicios","Emergency rent and utility assistance","recursos-financieros","78759 currently maps to Travis, not Williamson.","Review authoritative geography and whether county represents location or coverage before changing data."
"location","medium","zip_county_mismatch","published","dcde9d1b-dae2-4df7-9d08-03be49e18a2d","hill-country-community-ministries-food-pantry","Hill Country Community Ministries","Alimentos y asistencia para necesidades básicas","Food and basic-needs assistance","comida","78641 currently maps to Travis, not Williamson.","Review authoritative geography and whether county represents location or coverage before changing data."
"location","medium","zip_county_mismatch","published","4838708e-aef3-4267-88dc-0d6b857377cd","hill-country-community-ministries-hccm-hill-country-community-ministries","Hill Country Community Ministries (HCCM)","Despensa de alimentos y Centro de Recursos","Food pantry and Resource Center","comida","78641 currently maps to Travis, not Williamson.","Review authoritative geography and whether county represents location or coverage before changing data."
"location","medium","zip_county_mismatch","published","4df6bb1f-cda1-401f-9cf2-69e8e836463c","brighter-days-food-pantry","Leander Church of Christ","Brighter Days Food Pantry","Brighter Days Food Pantry","comida","78641 currently maps to Travis, not Williamson.","Review authoritative geography and whether county represents location or coverage before changing data."
"location","medium","zip_county_mismatch","draft","fde51845-50af-4fe0-94ce-fc195c1d958c","round-mountain-baptist-church-williamson","Round Mountain Baptist Church","Despensa de alimentos","Food pantry","comida","78641 currently maps to Travis, not Williamson.","Review authoritative geography and whether county represents location or coverage before changing data."
"location","medium","zip_county_mismatch","published","ada9dadc-4ec8-4907-a707-d4007f35690f","sacred-heart-catholic-church-elgin-sociedad-de-san-vicente-de-paul-sacred-heart-catholic-church","Sacred Heart Catholic Church – St. Vincent de Paul","Despensa de Alimentos y Ayuda para Necesidades Básicas en Elgin","Food Pantry & Basic Needs Assistance in Elgin","comida","78621 currently maps to Bastrop, not Travis.","Review authoritative geography and whether county represents location or coverage before changing data."
"location","medium","zip_county_mismatch","published","eb610c93-7f0b-4626-ae7d-eba5fdedec90","samaritan-health-ministries-leander","Samaritan Health Ministries","Atención médica para adultos sin seguro","Health care for uninsured adults","salud","78641 currently maps to Travis, not Williamson.","Review authoritative geography and whether county represents location or coverage before changing data."
"location","medium","zip_county_mismatch","draft","801a5986-85a8-48fc-920c-0b4ca1142c6a","servicio-de-referencia-e-informacion-de-abogados-del-colegio-de-abogados-de-texas-state-bar-of-texas","State Bar of Texas","Servicio de Referencia e Información de Abogados del Colegio de Abogados de Texas","State Bar of Texas Lawyer Referral & Information Service (LRIS)","ayuda-legal","78701 currently maps to Travis, not Bastrop.","Review authoritative geography and whether county represents location or coverage before changing data."
"location","medium","zip_county_mismatch","published","701f1343-57dc-4616-9bf6-c6582bd42593","texas-legal-services-center-williamson-county","Texas Legal Services Center","Texas Legal Services Center – Williamson County","Texas Legal Services Center – Williamson County","ayuda-legal","78741 currently maps to Travis, not Williamson.","Review authoritative geography and whether county represents location or coverage before changing data."
"location","medium","zip_county_mismatch","published","e6f92c60-4b28-411d-9ec3-2a7d6beb32fd","yellow-house-foundation","Yellow House Foundation","Yellow House Foundation","Yellow House Foundation","salud","78641 currently maps to Travis, not Williamson.","Review authoritative geography and whether county represents location or coverage before changing data."
"quality","medium","description_identical_prose","published","db30ec56-b7c1-4bed-b0f5-807a68f44478","consulado-general-de-mexico-en-austin-consular-and-community-information","Consulado General de México en Austin","Información consular y comunitaria","Consular and community information","ayuda-legal","Spanish and English fields contain identical prose.","Confirm proper translation; keep identical only when language-neutral."
"quality","medium","description_identical_prose","published","965b2004-2de8-49f4-a0d3-d0f6a0ccb3ac","lincoln-goldfinch-law-immigration-legal-services","Lincoln-Goldfinch Law","Servicios legales de inmigración","Immigration legal services","ayuda-legal","Spanish and English fields contain identical prose.","Confirm proper translation; keep identical only when language-neutral."
"quality","medium","description_identical_prose","published","c5211c29-1b7f-43fc-bbd3-209a9af4b1ad","university-united-methodist-church-open-door-breakfast-and-clothing","University United Methodist Church","Desayuno y ropa de Open Door","Open Door breakfast and clothing","comida","Spanish and English fields contain identical prose.","Confirm proper translation; keep identical only when language-neutral."
"quality","high","hours_one_language_only","published","0a97f4ee-26c3-4a07-a118-c3cf024c20d5","all-saints-episcopal-church-rent-and-utility-assistance-all-saints-episcopal-church-rent-and-utility-assistanc","All Saints Episcopal Church Rent and Utility Assistance","All Saints Episcopal Church","All Saints Episcopal Church Rent and Utility Assistance","vivienda","hours_en is empty.","Supply the faithful missing translation."
"quality","high","hours_one_language_only","published","cb14b8fd-d05f-4d23-bfdb-30ebbe0abaa6","uplift-university-presbyterian-church-uplift-university-presbyterian-church","UPLift @ University Presbyterian Church","UPLift @ University Presbyterian Church","UPLift @ University Presbyterian Church","recursos-financieros","hours_en is empty.","Supply the faithful missing translation."
"quality","medium","summary_identical_prose","published","965b2004-2de8-49f4-a0d3-d0f6a0ccb3ac","lincoln-goldfinch-law-immigration-legal-services","Lincoln-Goldfinch Law","Servicios legales de inmigración","Immigration legal services","ayuda-legal","Spanish and English fields contain identical prose.","Confirm proper translation; keep identical only when language-neutral."
