id,slug,organization_name,title_es,title_en,status,completed_fields,total_fields,completion_percent,missing_count,missing_fields
"a37dbeb1-a190-4764-8ca6-5c2d0fb65fc8","orientacion-para-encontrar-ayuda-local-2-1-1-texas","2-1-1 Texas","Orientación para encontrar ayuda local","Help Finding Local Resources","published","17","41","41","24","description_es|description_en|additional_categories|keywords_es|keywords_en|eligibility_es|eligibility_en|required_documents_es|required_documents_en|application_steps_es|application_steps_en|hours_es|hours_en|accessibility_notes_es|accessibility_notes_en|sms_phone|whatsapp_phone|email|address_line_1|address_line_2|city|postal_code|county|verification_notes"
"d7cdfca1-dd48-419e-9b40-bc26888e1ede","clases-de-ingles-ged-y-capacitacion-laboral-austin-community-college-district","Austin Community College District","Clases de inglés, GED y capacitación laboral","English, GED, and Career Training Programs","published","17","41","41","24","description_es|description_en|additional_categories|keywords_es|keywords_en|eligibility_es|eligibility_en|required_documents_es|required_documents_en|application_steps_es|application_steps_en|hours_es|hours_en|accessibility_notes_es|accessibility_notes_en|sms_phone|whatsapp_phone|email|address_line_1|address_line_2|city|postal_code|county|verification_notes"
"2428ce80-12ca-41f2-b8c4-2e7f97ccc0b2","transporte-rural-y-regional-en-travis-county-capital-area-rural-transportation-system-carts","Capital Area Rural Transportation System (CARTS)","Transporte rural y regional en Travis County","Rural and Regional Transportation in Travis County","published","17","41","41","24","description_es|description_en|additional_categories|keywords_es|keywords_en|eligibility_es|eligibility_en|required_documents_es|required_documents_en|application_steps_es|application_steps_en|hours_es|hours_en|accessibility_notes_es|accessibility_notes_en|sms_phone|whatsapp_phone|email|address_line_1|address_line_2|city|postal_code|county|verification_notes"
"7c12b2f6-3825-479d-932b-e64bf14a6006","encuentra-alimentos-cerca-de-ti-central-texas-food-bank","Central Texas Food Bank","Encuentra alimentos cerca de ti","Find Food Near You","published","17","41","41","24","description_es|description_en|additional_categories|keywords_es|keywords_en|eligibility_es|eligibility_en|required_documents_es|required_documents_en|application_steps_es|application_steps_en|hours_es|hours_en|accessibility_notes_es|accessibility_notes_en|sms_phone|whatsapp_phone|email|address_line_1|address_line_2|city|postal_code|county|verification_notes"
"79800ed7-dff2-4433-bfee-5bb3a2ba2709","buscador-de-vivienda-asequible-de-austin-city-of-austin-housing-department","City of Austin Housing Department","Buscador de vivienda asequible de Austin","Austin Affordable Housing Search Tool","published","17","41","41","24","description_es|description_en|additional_categories|keywords_es|keywords_en|eligibility_es|eligibility_en|required_documents_es|required_documents_en|application_steps_es|application_steps_en|hours_es|hours_en|accessibility_notes_es|accessibility_notes_en|phone|sms_phone|whatsapp_phone|address_line_1|address_line_2|city|postal_code|county|verification_notes"
"6979b575-1dc0-4995-8ba3-2dc3a7a76413","descuentos-y-ayuda-con-servicios-publicos-city-of-austin-utilities-austin-energy","City of Austin Utilities / Austin Energy","Descuentos y ayuda con servicios públicos","Utility Discounts and Emergency Assistance","published","17","41","41","24","description_es|description_en|additional_categories|keywords_es|keywords_en|eligibility_es|eligibility_en|required_documents_es|required_documents_en|application_steps_es|application_steps_en|hours_es|hours_en|accessibility_notes_es|accessibility_notes_en|sms_phone|whatsapp_phone|email|address_line_1|address_line_2|city|postal_code|county|verification_notes"
"ef4c29a6-c365-45bd-9522-4372e0bcd2f0","transporte-gratuito-para-adultos-mayores-drive-a-senior","Drive a Senior","Transporte gratuito para adultos mayores","Free Transportation for Older Adults","published","17","41","41","24","description_es|description_en|additional_categories|keywords_es|keywords_en|eligibility_es|eligibility_en|required_documents_es|required_documents_en|application_steps_es|application_steps_en|hours_es|hours_en|accessibility_notes_es|accessibility_notes_en|sms_phone|whatsapp_phone|email|address_line_1|address_line_2|city|postal_code|county|verification_notes"
"5b5e715c-1154-4c6a-84d5-856bb491db4f","educacion-para-adultos-y-preparacion-laboral-literacy-coalition-of-central-texas","Literacy Coalition of Central Texas","Educación para adultos y preparación laboral","Adult Education and Career Preparation","published","17","41","41","24","description_es|description_en|additional_categories|keywords_es|keywords_en|eligibility_es|eligibility_en|required_documents_es|required_documents_en|application_steps_es|application_steps_en|hours_es|hours_en|accessibility_notes_es|accessibility_notes_en|sms_phone|whatsapp_phone|email|address_line_1|address_line_2|city|postal_code|county|verification_notes"
"bcc4aa27-31b3-4f07-94c1-5d2b8fbbfeb8","linea-confidencial-24-7-para-violencia-y-abuso-the-safe-alliance","The SAFE Alliance","Línea confidencial 24/7 para violencia y abuso","24/7 Confidential Support for Violence and Abuse","published","17","41","41","24","description_es|description_en|additional_categories|keywords_es|keywords_en|eligibility_es|eligibility_en|required_documents_es|required_documents_en|application_steps_es|application_steps_en|hours_es|hours_en|accessibility_notes_es|accessibility_notes_en|sms_phone|whatsapp_phone|email|address_line_1|address_line_2|city|postal_code|county|verification_notes"
"a322325a-0aa9-42dd-9803-52d242da0f4c","ayuda-para-pagar-servicios-publicos-travis-county-health-and-human-services","Travis County Health and Human Services","Ayuda para pagar servicios públicos","Utility Payment Assistance","published","17","41","41","24","description_es|description_en|additional_categories|keywords_es|keywords_en|eligibility_es|eligibility_en|required_documents_es|required_documents_en|application_steps_es|application_steps_en|hours_es|hours_en|accessibility_notes_es|accessibility_notes_en|sms_phone|whatsapp_phone|email|address_line_1|address_line_2|city|postal_code|county|verification_notes"
"c7d5e8eb-2fe9-4426-b76f-df160b7294db","proyecto-de-solicitud-simplificada-de-texas-tsap-snap-para-adultos-mayores-feeding-texas-texas-hhsc","Feeding Texas / Texas HHSC","Proyecto de Solicitud Simplificada de Texas (TSAP) — SNAP para Adultos Mayores","Texas Simplified Application Project (TSAP) — SNAP for Seniors","published","20","41","49","21","additional_categories|keywords_es|keywords_en|eligibility_es|eligibility_en|required_documents_es|required_documents_en|application_steps_es|application_steps_en|hours_en|accessibility_notes_es|accessibility_notes_en|sms_phone|whatsapp_phone|email|address_line_1|address_line_2|city|postal_code|county|verification_notes"
"0da44234-d376-4cbc-9e7f-979071bd27a2","asistencia-legal-civil-gratuita-texas-riogrande-legal-aid","Texas RioGrande Legal Aid","Asistencia legal civil gratuita","Free Civil Legal Aid","archived","20","41","49","21","description_es|description_en|additional_categories|keywords_es|keywords_en|eligibility_es|eligibility_en|required_documents_es|required_documents_en|application_steps_es|application_steps_en|hours_es|hours_en|accessibility_notes_es|accessibility_notes_en|sms_phone|whatsapp_phone|email|address_line_2|county|verification_notes"
"ee3e39b6-e869-4c08-85ff-6f2236829471","apoyo-integral-para-familias-con-ninos-any-baby-can","Any Baby Can","Apoyo integral para familias con niños","Whole-Family Support for Families with Children","published","21","41","51","20","description_es|description_en|additional_categories|keywords_es|keywords_en|eligibility_es|eligibility_en|required_documents_es|required_documents_en|application_steps_es|application_steps_en|hours_es|hours_en|accessibility_notes_es|accessibility_notes_en|sms_phone|whatsapp_phone|email|address_line_2|verification_notes"
"3a39dba9-260b-464a-a8c0-e447b9f471b6","comidas-calientes-y-duchas-en-angel-house-austin-baptist-chapel","Austin Baptist Chapel","Comidas calientes y duchas en Angel House","Hot Meals and Showers at Angel House","published","21","41","51","20","description_es|description_en|additional_categories|keywords_es|keywords_en|eligibility_es|eligibility_en|required_documents_es|required_documents_en|application_steps_es|application_steps_en|hours_es|hours_en|accessibility_notes_es|accessibility_notes_en|sms_phone|whatsapp_phone|email|address_line_2|verification_notes"
"49ad891f-7d31-4eda-812f-aab20801f4d5","bastrop-women-s-shelter-housing-and-financial-assistance-bastrop","Bastrop Women's Shelter","Refugio y asistencia económica para mujeres","Shelter and financial assistance for women","draft","21","41","51","20","additional_categories|languages|service_methods|eligibility_es|eligibility_en|hours_es|hours_en|accessibility_notes_es|accessibility_notes_en|phone|sms_phone|whatsapp_phone|email|website_url|address_line_1|address_line_2|city|postal_code|county|source_url"
"6b8fd9ee-eedc-4df3-9650-3f03cbe67e2a","burnet-county-hunger-alliance-burnet","Burnet County Hunger Alliance","Red de asistencia alimentaria","Food assistance network","draft","21","41","51","20","additional_categories|languages|service_methods|eligibility_es|eligibility_en|required_documents_es|required_documents_en|hours_es|hours_en|accessibility_notes_es|accessibility_notes_en|phone|sms_phone|whatsapp_phone|email|website_url|address_line_1|address_line_2|city|postal_code"
"4700ee4d-5771-4fdc-ac55-6091e6f4a5e7","debt-relief-hotline-community-support-williamson","Debt Relief Hotline","Alivio de deudas de tarjetas de crédito","Credit card debt relief","draft","21","41","51","20","additional_categories|languages|eligibility_es|eligibility_en|required_documents_es|required_documents_en|hours_es|hours_en|accessibility_notes_es|accessibility_notes_en|sms_phone|whatsapp_phone|email|website_url|address_line_1|address_line_2|city|postal_code|county|source_url"
"117daed6-98d8-4169-94fe-44ee6deeebd4","discount-prescription-hotline-health-and-personal-support-williamson","Discount Prescription Hotline","Programa de descuento para medicamentos","Prescription discount program","draft","21","41","51","20","additional_categories|languages|eligibility_es|eligibility_en|required_documents_es|required_documents_en|hours_es|hours_en|accessibility_notes_es|accessibility_notes_en|sms_phone|whatsapp_phone|email|website_url|address_line_1|address_line_2|city|postal_code|county|source_url"
"004b986e-5a38-4d4a-b0a4-3c34a44a7950","clases-de-ingles-y-alfabetizacion-digital-el-buen-samaritano","El Buen Samaritano","Clases de inglés y alfabetización digital","English and Digital Literacy Classes","published","21","41","51","20","description_es|description_en|additional_categories|keywords_es|keywords_en|eligibility_es|eligibility_en|required_documents_es|required_documents_en|application_steps_es|application_steps_en|hours_es|hours_en|accessibility_notes_es|accessibility_notes_en|sms_phone|whatsapp_phone|email|address_line_2|verification_notes"
"1166c3a4-c6c6-4376-93bb-0bc760571eeb","fayette-county-community-action-food-pantry-fayette","Fayette County Community Action Food Pantry","Despensa de alimentos","Food pantry","draft","21","41","51","20","additional_categories|languages|service_methods|eligibility_es|eligibility_en|required_documents_es|required_documents_en|hours_es|hours_en|accessibility_notes_es|accessibility_notes_en|phone|sms_phone|whatsapp_phone|email|website_url|address_line_1|address_line_2|city|postal_code"
"18264cb5-f5ba-4ec7-af01-67b7e1e59c84","free-bankruptcy-advice-community-support-williamson","Free Bankruptcy Advice","Orientación sobre bancarrota y deudas","Bankruptcy and debt counseling","draft","21","41","51","20","additional_categories|languages|eligibility_es|eligibility_en|required_documents_es|required_documents_en|hours_es|hours_en|accessibility_notes_es|accessibility_notes_en|sms_phone|whatsapp_phone|email|website_url|address_line_1|address_line_2|city|postal_code|county|source_url"
"232d336e-1abc-4a3e-847b-754215a63c9b","vivienda-publica-y-subsidiada-housing-authority-of-the-city-of-austin","Housing Authority of the City of Austin","Vivienda pública y subsidiada","Public and Subsidized Housing","published","21","41","51","20","description_es|description_en|additional_categories|keywords_es|keywords_en|eligibility_es|eligibility_en|required_documents_es|required_documents_en|application_steps_es|application_steps_en|hours_es|hours_en|accessibility_notes_es|accessibility_notes_en|sms_phone|whatsapp_phone|email|address_line_2|verification_notes"
"5d46dc02-3b4d-4375-9c29-eaf96ee72ce7","salvation-army-health-and-personal-support-travis","Salvation Army","Refugio y apoyo de emergencia","Shelter and emergency support","draft","21","41","51","20","additional_categories|languages|service_methods|eligibility_es|eligibility_en|required_documents_es|required_documents_en|hours_es|hours_en|accessibility_notes_es|accessibility_notes_en|phone|sms_phone|whatsapp_phone|email|website_url|address_line_1|address_line_2|city|postal_code"
"9ccd24ac-0a92-427f-bbcd-f239f73819ca","san-antonio-food-bank-guadalupe","San Antonio Food Bank","Despensa de alimentos","Food pantry","draft","21","41","51","20","additional_categories|languages|service_methods|eligibility_es|eligibility_en|required_documents_es|required_documents_en|hours_es|hours_en|accessibility_notes_es|accessibility_notes_en|phone|sms_phone|whatsapp_phone|email|website_url|address_line_1|address_line_2|city|postal_code"
"3e1ce20d-a6e6-4043-918b-b3a21ebe56c3","san-antonio-food-bank-partner-network-gonzales","San Antonio Food Bank Partner Network","Localizador de ayuda alimentaria","Food assistance locator","draft","21","41","51","20","additional_categories|languages|service_methods|eligibility_es|eligibility_en|required_documents_es|required_documents_en|hours_es|hours_en|accessibility_notes_es|accessibility_notes_en|phone|sms_phone|whatsapp_phone|email|website_url|address_line_1|address_line_2|city|postal_code"
"efebdc9d-35e9-4209-842e-2cacb4f100e9","stella-s-house-refuge-community-support-gonzales","Stella's House (Refuge)","Vivienda de transición y recuperación para mujeres","Transitional housing and recovery for women","draft","21","41","51","20","additional_categories|languages|eligibility_es|eligibility_en|required_documents_es|required_documents_en|hours_es|hours_en|accessibility_notes_es|accessibility_notes_en|sms_phone|whatsapp_phone|email|website_url|address_line_1|address_line_2|city|postal_code|source_url|last_verified_at"
"0758540c-f4e9-491c-b037-ebc2cd1c3ce1","recursos-para-comprender-y-afrontar-el-trauma-infantil-the-national-child-traumatic-stress-network-nctsn","The National Child Traumatic Stress Network (NCTSN)","Recursos para comprender y afrontar el trauma infantil","Resources to Understand and Cope with Childhood Trauma","published","21","41","51","20","additional_categories|eligibility_es|eligibility_en|required_documents_es|required_documents_en|application_steps_es|application_steps_en|hours_es|hours_en|accessibility_notes_es|accessibility_notes_en|phone|sms_phone|whatsapp_phone|email|address_line_1|address_line_2|city|postal_code|verification_notes"
"cbb1de0f-9b82-413d-9b00-d24c855e256d","servicios-legales-de-inmigracion-american-gateways","American Gateways","Servicios legales de inmigración","Immigration Legal Services","published","22","41","54","19","description_es|description_en|additional_categories|keywords_es|keywords_en|eligibility_es|eligibility_en|required_documents_es|required_documents_en|application_steps_es|application_steps_en|hours_es|hours_en|accessibility_notes_es|accessibility_notes_en|sms_phone|whatsapp_phone|email|verification_notes"
"a911a05e-e2f6-4b8d-9a9e-f808d6f685ee","apa-s-p-a-s-s-program-community-support-williamson","APA's P.A.S.S Program","Alternativas a entregar mascotas al refugio","Alternatives to shelter surrender","draft","22","41","54","19","additional_categories|languages|eligibility_es|eligibility_en|required_documents_es|required_documents_en|hours_es|hours_en|accessibility_notes_es|accessibility_notes_en|phone|sms_phone|whatsapp_phone|email|address_line_1|address_line_2|city|postal_code|county"
"98d4da6f-df63-4e3f-b11e-5647f372c084","black-mamas-atx-community-support-for-individuals-and-families","Black Mamas ATX","Apoyo comunitario para personas y familias","Community support for individuals and families","published","22","41","54","19","additional_categories|eligibility_es|eligibility_en|required_documents_es|required_documents_en|hours_es|hours_en|accessibility_notes_es|accessibility_notes_en|service_area_es|service_area_en|phone|sms_phone|whatsapp_phone|address_line_1|address_line_2|city|postal_code|county"
"7a07902d-c42f-4879-9bc5-4b2ca9d81000","tarifas-reducidas-equifare-capmetro","CapMetro","Tarifas reducidas Equifare","Equifare Discounted Transit Fares","published","22","41","54","19","description_es|description_en|additional_categories|keywords_es|keywords_en|eligibility_es|eligibility_en|required_documents_es|required_documents_en|application_steps_es|application_steps_en|hours_es|hours_en|accessibility_notes_es|accessibility_notes_en|sms_phone|whatsapp_phone|email|verification_notes"
"d6fbd72c-02bc-4869-8f71-f51b67502191","enrollment-department-call-center-community-support-fayette","Enrollment Department Call Center","Inscripción en beneficios de salud","Health-benefit enrollment","draft","22","41","54","19","additional_categories|languages|eligibility_es|eligibility_en|required_documents_es|required_documents_en|hours_es|hours_en|accessibility_notes_es|accessibility_notes_en|sms_phone|whatsapp_phone|email|website_url|address_line_1|address_line_2|city|postal_code|source_url"
"ecaa3518-9c6d-46c9-8ab8-82c41abd5fd0","families-in-nature-youth-development-and-recreation-programs","Families in Nature","Programas de desarrollo y recreación juvenil","Youth development and recreation programs","published","22","41","54","19","additional_categories|eligibility_es|eligibility_en|required_documents_es|required_documents_en|hours_es|hours_en|accessibility_notes_es|accessibility_notes_en|service_area_es|service_area_en|phone|sms_phone|whatsapp_phone|address_line_1|address_line_2|city|postal_code|county"
"d222e6fb-599f-4248-88bf-04ec5751e622","home-to-home-community-support-williamson","Home to Home","Reubicación directa de mascotas","Direct pet rehoming","draft","22","41","54","19","additional_categories|languages|eligibility_es|eligibility_en|required_documents_es|required_documents_en|hours_es|hours_en|accessibility_notes_es|accessibility_notes_en|phone|sms_phone|whatsapp_phone|email|address_line_1|address_line_2|city|postal_code|county"
"63cb781e-c2bb-4465-8759-83ff36c83246","clinica-de-salud-ben-white-lone-star-circle-of-care","Lone Star Circle of Care","Clínica de salud Ben White","Ben White Health Clinic","published","22","41","54","19","description_es|description_en|additional_categories|keywords_es|keywords_en|eligibility_es|eligibility_en|required_documents_es|required_documents_en|application_steps_es|application_steps_en|hours_es|hours_en|accessibility_notes_es|accessibility_notes_en|sms_phone|whatsapp_phone|email|verification_notes"
"18effc53-9176-4b43-9627-be3bed7ced38","mortgage-relief-helpline-community-support-williamson","Mortgage Relief Helpline","Asistencia de vivienda","Housing assistance","archived","22","41","54","19","additional_categories|languages|eligibility_es|eligibility_en|required_documents_es|required_documents_en|hours_es|hours_en|accessibility_notes_es|accessibility_notes_en|sms_phone|whatsapp_phone|email|website_url|address_line_1|address_line_2|city|postal_code|source_url"
"ec966e92-b70d-4286-8429-5d719774462b","mortgage-relief-helpline-care-connect-usa-community-support-bastrop","Mortgage Relief Helpline: Care Connect USA","Orientación hipotecaria y prevención de ejecución","Mortgage counseling and foreclosure prevention","draft","22","41","54","19","additional_categories|languages|eligibility_es|eligibility_en|required_documents_es|required_documents_en|hours_es|hours_en|accessibility_notes_es|accessibility_notes_en|sms_phone|whatsapp_phone|website_url|address_line_1|address_line_2|city|postal_code|county|source_url"
"daec3f14-1dd9-4472-8cfc-9dfdf9f0d063","osar-health-and-personal-support-bastrop","OSAR","Tratamiento y recuperación","Treatment and recovery","archived","22","41","54","19","additional_categories|languages|eligibility_es|eligibility_en|required_documents_es|required_documents_en|hours_es|hours_en|accessibility_notes_es|accessibility_notes_en|sms_phone|whatsapp_phone|email|website_url|address_line_1|address_line_2|city|postal_code|county"
"28fcab73-e9b8-4ade-ad21-afde9b023c2c","oxford-homes-community-support-williamson","Oxford Homes","Viviendas de recuperación Oxford House","Oxford House recovery residences","draft","22","41","54","19","additional_categories|languages|eligibility_es|eligibility_en|required_documents_es|required_documents_en|hours_es|hours_en|accessibility_notes_es|accessibility_notes_en|phone|sms_phone|whatsapp_phone|email|address_line_1|address_line_2|city|postal_code|county"
"92bd505a-0c32-4c69-8822-6c2cae3abaf6","rehome-by-adopt-a-pet-community-support-williamson","Rehome by Adopt a Pet","Publicación en línea para adopción de mascotas","Online pet adoption listing","draft","22","41","54","19","additional_categories|languages|eligibility_es|eligibility_en|required_documents_es|required_documents_en|hours_es|hours_en|accessibility_notes_es|accessibility_notes_en|phone|sms_phone|whatsapp_phone|email|address_line_1|address_line_2|city|postal_code|county"
"455f86d0-a333-4816-9e64-948af9bc6983","texas-council-on-family-violence-legal-and-safety-support-williamson","Texas Council on Family Violence","Directorio y recursos sobre violencia familiar","Family violence directory and resources","draft","22","41","54","19","additional_categories|languages|eligibility_es|eligibility_en|required_documents_es|required_documents_en|hours_es|hours_en|accessibility_notes_es|accessibility_notes_en|phone|sms_phone|whatsapp_phone|email|address_line_1|address_line_2|city|postal_code|county"
"62e8a3c8-74e5-4bde-990f-3784cea517aa","texas-utility-help-housing-and-financial-assistance-williamson","Texas Utility Help","Asistencia con facturas de agua","Water bill assistance","draft","22","41","54","19","additional_categories|languages|service_methods|required_documents_es|required_documents_en|hours_es|hours_en|accessibility_notes_es|accessibility_notes_en|phone|sms_phone|whatsapp_phone|email|website_url|address_line_1|address_line_2|city|postal_code|county"
"11faa1df-af1b-4123-a1d5-bbe2e14dd076","ywca-greater-austin-youth-development-and-recreation-programs","YWCA Greater Austin","Programas de desarrollo y recreación juvenil","Youth development and recreation programs","published","22","41","54","19","additional_categories|eligibility_es|eligibility_en|required_documents_es|required_documents_en|hours_es|hours_en|accessibility_notes_es|accessibility_notes_en|service_area_es|service_area_en|phone|sms_phone|whatsapp_phone|address_line_1|address_line_2|city|postal_code|county"
"8a6d6db0-e43e-4ba5-a267-5584193dc263","affordable-housing-online-search-tool-ahost-affordable-housing-search","Affordable Housing Online Search Tool (AHOST)","Búsqueda de vivienda asequible","Affordable housing search","published","23","41","56","18","additional_categories|eligibility_es|eligibility_en|required_documents_es|required_documents_en|hours_es|hours_en|accessibility_notes_es|accessibility_notes_en|phone|sms_phone|whatsapp_phone|email|address_line_1|address_line_2|city|postal_code|county"
"f50ecc2d-6d8d-4343-8d07-2b55e58acede","affordablehousing-com-affordable-housing-search","AffordableHousing.com","Búsqueda de vivienda asequible","Affordable housing search","published","23","41","56","18","additional_categories|eligibility_es|eligibility_en|required_documents_es|required_documents_en|hours_es|hours_en|accessibility_notes_es|accessibility_notes_en|phone|sms_phone|whatsapp_phone|email|address_line_1|address_line_2|city|postal_code|county"
"8093360e-800e-45ee-981b-f2cdccfc04d5","any-baby-can-family-support-services","Any Baby Can","Servicios de apoyo familiar","Family support services","published","23","41","56","18","additional_categories|eligibility_es|eligibility_en|required_documents_es|required_documents_en|hours_es|hours_en|accessibility_notes_es|accessibility_notes_en|phone|sms_phone|whatsapp_phone|email|address_line_1|address_line_2|city|postal_code|county"
"b082a770-59a2-46cf-aa1c-03293fe26012","atx-free-fridge-project-atx-free-fridge-project","ATX Free Fridge Project","ATX Free Fridge Project","ATX Free Fridge Project","published","23","41","56","18","additional_categories|eligibility_es|eligibility_en|required_documents_es|required_documents_en|hours_es|hours_en|accessibility_notes_es|accessibility_notes_en|phone|sms_phone|whatsapp_phone|email|address_line_1|address_line_2|city|postal_code|county"
"8a3a76f1-0744-4c48-b7cc-ff767d400e38","austin-public-library-enhanced-library-card","Austin Public Library","Tarjeta de biblioteca mejorada","Enhanced Library Card","published","23","41","56","18","additional_categories|eligibility_es|eligibility_en|required_documents_es|required_documents_en|hours_es|hours_en|accessibility_notes_es|accessibility_notes_en|phone|sms_phone|whatsapp_phone|email|address_line_1|address_line_2|city|postal_code|county"
"41501a29-9888-422c-abbf-4fc93f70eeb3","austin-voices-for-education-and-youth-avey-family-resource-center-support","Austin Voices for Education and Youth (AVEY)","Apoyo del Centro de Recursos Familiares","Family Resource Center support","published","23","41","56","18","additional_categories|eligibility_es|eligibility_en|required_documents_es|required_documents_en|hours_es|hours_en|accessibility_notes_es|accessibility_notes_en|phone|sms_phone|whatsapp_phone|email|address_line_1|address_line_2|city|postal_code|county"
"972f44f8-ae7a-43db-8433-a87ce7293d51","basta-building-and-strengthening-tenant-action-basta-building-and-strengthening-tenant-action","BASTA (Building and Strengthening Tenant Action)","BASTA (Buscando Acción y Solidaridad que Transforme el Arrendamiento)","BASTA (Building and Strengthening Tenant Action)","published","23","41","56","18","additional_categories|eligibility_es|eligibility_en|required_documents_es|required_documents_en|hours_es|hours_en|accessibility_notes_es|accessibility_notes_en|phone|sms_phone|whatsapp_phone|email|address_line_1|address_line_2|city|postal_code|county"
"eb6d90c6-8436-4dc6-b078-bb96f980a545","bluebonnet-trails-osar-williamson","Bluebonnet Trails Community Services","Evaluación y referidos para uso de sustancias","Substance use screening and referrals","published","23","41","56","18","description_es|description_en|additional_categories|eligibility_es|eligibility_en|required_documents_es|required_documents_en|hours_es|hours_en|accessibility_notes_es|accessibility_notes_en|sms_phone|whatsapp_phone|email|address_line_1|address_line_2|city|postal_code"
"61bdd76d-f81b-493a-ab05-584d643c593c","carts-williamson-county-transportation","Capital Area Rural Transportation System","Transporte público rural CARTS","CARTS rural public transportation","published","23","41","56","18","description_es|description_en|additional_categories|eligibility_es|eligibility_en|required_documents_es|required_documents_en|hours_es|hours_en|accessibility_notes_es|accessibility_notes_en|sms_phone|whatsapp_phone|email|address_line_1|address_line_2|city|postal_code"
"56c3dc2d-704f-4e0b-8610-9ca65785b32c","catholic-charities-central-texas-immigration-legal-services-legal-and-safety-support-travi","Catholic Charities Central Texas (Immigration Legal Services)","Servicios legales de inmigración","Immigration legal services","draft","23","41","56","18","additional_categories|languages|eligibility_es|eligibility_en|required_documents_es|required_documents_en|hours_es|hours_en|accessibility_notes_es|accessibility_notes_en|sms_phone|whatsapp_phone|email|website_url|address_line_1|address_line_2|city|postal_code"
"1ae95abd-bb23-4d4b-a3e2-531cf3b9c56b","catholic-charities-central-texas-st-gabriel-s-pregnancy-and-parenting-program-community-su","Catholic Charities Central Texas St. Gabriel’s Pregnancy and Parenting Program","Apoyo durante el embarazo y la crianza","Pregnancy and parenting support","draft","23","41","56","18","additional_categories|languages|eligibility_es|eligibility_en|required_documents_es|required_documents_en|hours_es|hours_en|accessibility_notes_es|accessibility_notes_en|sms_phone|whatsapp_phone|email|website_url|address_line_1|address_line_2|city|postal_code"
"59f34e0f-e0f2-4bd1-af0b-e1b18331ee6d","central-texas-feline-rescue-community-support-williamson","Central Texas Feline Rescue","Captura, esterilización y cuidado de gatos ferales","Trap-neuter-return and feral cat care","draft","23","41","56","18","additional_categories|languages|eligibility_es|eligibility_en|required_documents_es|required_documents_en|hours_es|hours_en|accessibility_notes_es|accessibility_notes_en|phone|sms_phone|whatsapp_phone|address_line_1|address_line_2|city|postal_code|county"
"bf2aee33-018d-4c16-b402-8d31a52941d2","city-of-austin-fix-it-clinics","City of Austin","Clínicas Fix-It","Fix-It Clinics","published","23","41","56","18","additional_categories|eligibility_es|eligibility_en|required_documents_es|required_documents_en|hours_es|hours_en|accessibility_notes_es|accessibility_notes_en|phone|sms_phone|whatsapp_phone|email|address_line_1|address_line_2|city|postal_code|county"
"e753ca94-e06b-42fe-97cd-92fbe01913bb","community-action-for-central-texas-housing-and-financial-assistance-bastrop","Community Action for Central Texas","Referidos para asistencia energética","Energy assistance referrals","draft","23","41","56","18","additional_categories|languages|eligibility_es|eligibility_en|required_documents_es|required_documents_en|hours_es|hours_en|accessibility_notes_es|accessibility_notes_en|sms_phone|whatsapp_phone|email|address_line_1|address_line_2|city|postal_code|county"
"27d08a00-9ce1-423d-9664-b60593846a20","community-action-of-central-texas-housing-and-financial-assistance-williamson","Community Action of Central Texas","Referidos para servicios públicos y medicamentos","Utility and prescription referrals","draft","23","41","56","18","additional_categories|languages|eligibility_es|eligibility_en|required_documents_es|required_documents_en|hours_es|hours_en|accessibility_notes_es|accessibility_notes_en|sms_phone|whatsapp_phone|email|address_line_1|address_line_2|city|postal_code|county"
"7579a51f-b20b-48d1-803d-565fae885ee7","community-action-adult-education-williamson","Community Action, Inc. of Central Texas","Educación para adultos y capacitación laboral","Adult education and workforce training","published","23","41","56","18","description_es|description_en|additional_categories|eligibility_es|eligibility_en|required_documents_es|required_documents_en|hours_es|hours_en|accessibility_notes_es|accessibility_notes_en|sms_phone|whatsapp_phone|email|address_line_1|address_line_2|city|postal_code"
"4e1185ff-88bc-4fc3-bc3e-21a130d4ae41","dale-mobile-pantry-caldwell","Dale Mobile Pantry","Despensa de alimentos","Food pantry","draft","23","41","56","18","additional_categories|languages|service_methods|eligibility_es|eligibility_en|required_documents_es|required_documents_en|accessibility_notes_es|accessibility_notes_en|phone|sms_phone|whatsapp_phone|email|website_url|address_line_1|address_line_2|city|postal_code"
"54f421f8-ef5c-464e-b432-0d7070caff95","echo-coordinated-assessment-echo-coordinated-assessment","ECHO Coordinated Assessment","Evaluación coordinada de ECHO","ECHO Coordinated Assessment","published","23","41","56","18","additional_categories|eligibility_es|eligibility_en|required_documents_es|required_documents_en|hours_es|hours_en|accessibility_notes_es|accessibility_notes_en|phone|sms_phone|whatsapp_phone|email|address_line_1|address_line_2|city|postal_code|county"
"90b3d0f4-6385-4e67-aff8-28777cba01dc","eviction-solidarity-network-http-evictionisnotacure-com-eviction-solidarity-network-http-evictionisnotacure-co","Eviction Solidarity Network (http://evictionisnotacure.com/)","Red de Solidaridad Contra el Desalojo","Eviction Solidarity Network (http://evictionisnotacure.com/)","published","23","41","56","18","additional_categories|eligibility_es|eligibility_en|required_documents_es|required_documents_en|hours_es|hours_en|accessibility_notes_es|accessibility_notes_en|phone|sms_phone|whatsapp_phone|email|address_line_1|address_line_2|city|postal_code|county"
"e16b1c30-8de0-4947-a77b-5a43844aec8e","helping-hands-with-coordination-of-various-churches-williamson","Helping Hands with coordination of various churches","Despensa de alimentos","Food pantry","draft","23","41","56","18","additional_categories|languages|service_methods|eligibility_es|eligibility_en|required_documents_es|required_documents_en|accessibility_notes_es|accessibility_notes_en|phone|sms_phone|whatsapp_phone|email|website_url|address_line_1|address_line_2|city|postal_code"
"19c7a07e-c79b-4cf6-8a1c-1116ce259be6","lulac-community-advocacy-and-support","LULAC","Defensa y apoyo comunitario","Community advocacy and support","published","23","41","56","18","additional_categories|eligibility_es|eligibility_en|required_documents_es|required_documents_en|hours_es|hours_en|accessibility_notes_es|accessibility_notes_en|phone|sms_phone|whatsapp_phone|email|address_line_1|address_line_2|city|postal_code|county"
"25d789d5-09cc-46cd-9ed9-2275f891154b","luling-mobile-food-pantry-caldwell","Luling Mobile Food Pantry","Despensa de alimentos","Food pantry","draft","23","41","56","18","additional_categories|languages|service_methods|eligibility_es|eligibility_en|required_documents_es|required_documents_en|accessibility_notes_es|accessibility_notes_en|phone|sms_phone|whatsapp_phone|email|website_url|address_line_1|address_line_2|city|postal_code"
"3371ab65-0fda-441f-bb81-bf7661f70fdb","my-care-supplies-health-and-personal-support-williamson","My Care Supplies","Suministros médicos","Medical supplies","draft","23","41","56","18","additional_categories|languages|eligibility_es|eligibility_en|required_documents_es|required_documents_en|hours_es|hours_en|accessibility_notes_es|accessibility_notes_en|phone|sms_phone|whatsapp_phone|address_line_1|address_line_2|city|postal_code|county"
"b46cbe83-44a7-437d-b790-531ae562eab1","national-domestic-violence-hotline-legal-and-safety-support-williamson","National Domestic Violence Hotline","Línea de ayuda para violencia doméstica","Domestic violence hotline","draft","23","41","56","18","additional_categories|languages|eligibility_es|eligibility_en|required_documents_es|required_documents_en|hours_es|hours_en|accessibility_notes_es|accessibility_notes_en|sms_phone|whatsapp_phone|email|address_line_1|address_line_2|city|postal_code|county"
"d41039f0-3212-4ab9-9cff-fa8b2ed24289","national-sexual-assault-legal-hotline-legal-and-safety-support-williamson","National Sexual Assault Legal Hotline","Orientación legal para sobrevivientes de violencia sexual","Legal guidance for sexual violence survivors","draft","23","41","56","18","additional_categories|languages|eligibility_es|eligibility_en|required_documents_es|required_documents_en|hours_es|hours_en|accessibility_notes_es|accessibility_notes_en|sms_phone|whatsapp_phone|email|address_line_1|address_line_2|city|postal_code|county"
"c87eafbb-53ea-426d-beab-66bd5922c258","native-translation-services-translation-interpretation-and-notarization","Native Translation Services","Traducción, interpretación y notarización","Translation, interpretation and notarization","published","23","41","56","18","additional_categories|eligibility_es|eligibility_en|required_documents_es|required_documents_en|hours_es|hours_en|accessibility_notes_es|accessibility_notes_en|phone|sms_phone|whatsapp_phone|email|address_line_1|address_line_2|city|postal_code|county"
"ef198568-885e-40d2-816b-520a9e26b137","new-eyes-new-eyes","New Eyes","New Eyes","New Eyes","published","23","41","56","18","additional_categories|eligibility_es|eligibility_en|required_documents_es|required_documents_en|hours_es|hours_en|accessibility_notes_es|accessibility_notes_en|phone|sms_phone|whatsapp_phone|email|address_line_1|address_line_2|city|postal_code|county"
"6779632b-944f-4d6b-a4d2-57060e50d9ea","pop-up-pet-vax-community-support-williamson","Pop-Up Pet Vax","Vacunas y prevención para mascotas","Pet vaccinations and preventive care","draft","23","41","56","18","additional_categories|languages|eligibility_es|eligibility_en|required_documents_es|required_documents_en|hours_es|hours_en|accessibility_notes_es|accessibility_notes_en|phone|sms_phone|whatsapp_phone|address_line_1|address_line_2|city|postal_code|county"
"dd6d6c08-b265-4109-a696-63755a4237db","safe-alliance-community-support-travis","SAFE Alliance","Apoyo para sobrevivientes de violencia y agresión sexual","Support for survivors of violence and sexual assault","draft","23","41","56","18","additional_categories|languages|eligibility_es|eligibility_en|required_documents_es|required_documents_en|hours_es|hours_en|accessibility_notes_es|accessibility_notes_en|sms_phone|whatsapp_phone|email|website_url|address_line_1|address_line_2|city|postal_code"
"aba8c2dc-e950-4c8f-88cb-fac97c7d2768","society-of-st-vincent-de-paul-society-of-st-vincent-de-paul","Society of St. Vincent de Paul","Society of St. Vincent de Paul","Society of St. Vincent de Paul","published","23","41","56","18","additional_categories|eligibility_es|eligibility_en|required_documents_es|required_documents_en|hours_es|hours_en|accessibility_notes_es|accessibility_notes_en|phone|sms_phone|whatsapp_phone|email|address_line_1|address_line_2|city|postal_code|county"
"b64484d3-467b-4908-afe6-f93d6b376b1f","st-austin-catholic-parish-outreach-program","St. Austin Catholic Parish","Programa de alcance comunitario","Outreach Program","published","23","41","56","18","additional_categories|eligibility_es|eligibility_en|required_documents_es|required_documents_en|hours_es|hours_en|accessibility_notes_es|accessibility_notes_en|phone|sms_phone|whatsapp_phone|email|address_line_1|address_line_2|city|postal_code|county"
"8053344e-7ebd-417a-8285-b815f3ad7baa","texas-advocacy-project-williamson","Texas Advocacy Project","Ayuda legal para sobrevivientes de violencia","Legal help for survivors of violence","published","23","41","56","18","description_es|description_en|additional_categories|eligibility_es|eligibility_en|required_documents_es|required_documents_en|hours_es|hours_en|accessibility_notes_es|accessibility_notes_en|sms_phone|whatsapp_phone|email|address_line_1|address_line_2|city|postal_code"
"ce0b470f-4a86-4b13-bb62-023d6e7332c0","programa-de-consejeria-hope-texas-baptist-children-s-home","Texas Baptist Children's Home","Programa de Consejería Hope","Hope Counseling Program","archived","23","41","56","18","description_es|description_en|additional_categories|eligibility_es|eligibility_en|required_documents_es|required_documents_en|application_steps_es|application_steps_en|hours_es|hours_en|accessibility_notes_es|accessibility_notes_en|sms_phone|whatsapp_phone|email|website_url|address_line_2"
"bbdf812e-64fb-47e3-925d-312ff1f7439d","texas-health-and-human-services-commission-temporary-assistance-for-needy-families-tanf","Texas Health and Human Services Commission","Asistencia Temporal para Familias Necesitadas (TANF)","Temporary Assistance for Needy Families (TANF)","published","23","41","56","18","additional_categories|eligibility_es|eligibility_en|required_documents_es|required_documents_en|hours_es|hours_en|accessibility_notes_es|accessibility_notes_en|phone|sms_phone|whatsapp_phone|email|address_line_1|address_line_2|city|postal_code|county"
"79df46e4-87cf-4fed-8cf5-bafacc6bde68","texas-law-help-eviction-appeal-guide","Texas Law Help","Guía para apelar un desalojo","Eviction appeal guide","published","23","41","56","18","additional_categories|eligibility_es|eligibility_en|required_documents_es|required_documents_en|hours_es|hours_en|accessibility_notes_es|accessibility_notes_en|phone|sms_phone|whatsapp_phone|email|address_line_1|address_line_2|city|postal_code|county"
"8448055a-3202-44d7-8af2-663d6c9b756f","texas-tenant-advisor-texas-tenant-information","Texas Tenant Advisor","Información para inquilinos de Texas","Texas tenant information","published","23","41","56","18","additional_categories|eligibility_es|eligibility_en|required_documents_es|required_documents_en|hours_es|hours_en|accessibility_notes_es|accessibility_notes_en|phone|sms_phone|whatsapp_phone|email|address_line_1|address_line_2|city|postal_code|county"
"8c37286c-d0ed-49a5-8898-e6126d25760d","texas-utiliy-help-housing-and-financial-assistance-bastrop","Texas Utiliy Help","Asistencia con servicios públicos","Utility assistance","archived","23","41","56","18","additional_categories|languages|service_methods|required_documents_es|required_documents_en|hours_es|hours_en|accessibility_notes_es|accessibility_notes_en|phone|sms_phone|whatsapp_phone|email|website_url|address_line_1|address_line_2|city|postal_code"
"d9b4dfdc-0817-4bd2-bdf7-6d77917a4089","texas-workforce-solutions-education-and-employment-williamson","Texas Workforce Solutions","Empleo y capacitación laboral","Employment and job training","draft","23","41","56","18","additional_categories|languages|eligibility_es|eligibility_en|required_documents_es|required_documents_en|hours_es|hours_en|accessibility_notes_es|accessibility_notes_en|sms_phone|whatsapp_phone|email|address_line_1|address_line_2|city|postal_code|county"
"f9a7c8ea-ea77-4ab9-b935-10af47975f27","texaslawhelp-williamson","TexasLawHelp.org","Información y formularios legales gratuitos","Free legal information and forms","published","23","41","56","18","description_es|description_en|additional_categories|eligibility_es|eligibility_en|required_documents_es|required_documents_en|hours_es|hours_en|accessibility_notes_es|accessibility_notes_en|sms_phone|whatsapp_phone|email|address_line_1|address_line_2|city|postal_code"
"761d5474-1f28-42b3-8ee6-65ef0642f281","travis-county-health-and-human-services-financial-assistance-screening","Travis County Health and Human Services","Evaluación para asistencia financiera","Financial assistance screening","published","23","41","56","18","additional_categories|eligibility_es|eligibility_en|required_documents_es|required_documents_en|hours_es|hours_en|accessibility_notes_es|accessibility_notes_en|phone|sms_phone|whatsapp_phone|email|address_line_1|address_line_2|city|postal_code|county"
"ab4f146b-6be9-4bde-93ea-072903bfeb76","travis-county-utility-assistance-travis-county-utility-assistance","Travis County Utility Assistance","Travis County Community Centers","Travis County Utility Assistance","published","23","41","56","18","additional_categories|eligibility_es|eligibility_en|required_documents_es|required_documents_en|hours_es|hours_en|accessibility_notes_es|accessibility_notes_en|phone|sms_phone|whatsapp_phone|email|address_line_1|address_line_2|city|postal_code|county"
"35bf79ce-5e71-4b10-97d1-a8937cef2d43","united-way-for-greater-austin-connectatx-resource-navigation","United Way for Greater Austin","Navegación de recursos ConnectATX","ConnectATX resource navigation","published","23","41","56","18","additional_categories|eligibility_es|eligibility_en|required_documents_es|required_documents_en|hours_es|hours_en|accessibility_notes_es|accessibility_notes_en|phone|sms_phone|whatsapp_phone|email|address_line_1|address_line_2|city|postal_code|county"
"82c204f8-4b8f-4785-a38e-2ef1b175ef75","va-mental-health-residential-program-community-support-williamson","VA Mental Health Residential Program","Tratamiento residencial de salud mental y sustancias","Residential mental health and substance use treatment","draft","23","41","56","18","additional_categories|languages|eligibility_es|eligibility_en|required_documents_es|required_documents_en|hours_es|hours_en|accessibility_notes_es|accessibility_notes_en|sms_phone|whatsapp_phone|email|address_line_1|address_line_2|city|postal_code|county"
"636abf06-f27e-465f-a084-db2dec7f7fc5","waterloo-counseling-waterloo-counseling","Waterloo Counseling","Waterloo Counseling","Waterloo Counseling","published","23","41","56","18","additional_categories|eligibility_es|eligibility_en|required_documents_es|required_documents_en|hours_es|hours_en|accessibility_notes_es|accessibility_notes_en|phone|sms_phone|whatsapp_phone|email|address_line_1|address_line_2|city|postal_code|county"
"222f692d-e6b2-4e4d-8e3e-ad1861b401a6","access-dental-and-orthodontics-dental-and-orthodontic-services","Access Dental & Orthodontics","Servicios dentales y de ortodoncia","Dental and orthodontic services","published","24","41","59","17","additional_categories|eligibility_es|eligibility_en|required_documents_es|required_documents_en|hours_es|hours_en|accessibility_notes_es|accessibility_notes_en|sms_phone|whatsapp_phone|email|address_line_1|address_line_2|city|postal_code|county"
"aef44fd4-dad3-46c3-b679-414b3d981ac1","african-american-youth-harvest-foundation-community-support-for-individuals-and-families","African American Youth Harvest Foundation","Apoyo comunitario para personas y familias","Community support for individuals and families","published","24","41","59","17","additional_categories|eligibility_es|eligibility_en|required_documents_es|required_documents_en|hours_es|hours_en|accessibility_notes_es|accessibility_notes_en|phone|sms_phone|whatsapp_phone|address_line_1|address_line_2|city|postal_code|county"
"b033b94a-9998-4818-aa5a-4f0f263dc50f","age-of-central-texas-age-of-central-texas","AGE of Central Texas","AGE of Central Texas","AGE of Central Texas","published","24","41","59","17","additional_categories|eligibility_es|eligibility_en|required_documents_es|required_documents_en|hours_es|hours_en|accessibility_notes_es|accessibility_notes_en|sms_phone|whatsapp_phone|email|address_line_1|address_line_2|city|postal_code|county"
"93b39ce7-b3ed-4cd1-91b7-9cd85cafc318","airtalk-wireless-community-support-williamson","Airtalk Wireless","Servicio telefónico Lifeline","Lifeline phone service","draft","24","41","59","17","additional_categories|languages|required_documents_es|required_documents_en|hours_es|hours_en|accessibility_notes_es|accessibility_notes_en|phone|sms_phone|whatsapp_phone|email|address_line_1|address_line_2|city|postal_code|county"
"fbcb5a5c-4419-4608-91a7-5511a6775fab","albizu-law-firm-immigration-and-family-law-services","Albizu Law Firm","Servicios legales de inmigración y familia","Immigration and family law services","published","24","41","59","17","additional_categories|eligibility_es|eligibility_en|required_documents_es|required_documents_en|hours_es|hours_en|accessibility_notes_es|accessibility_notes_en|phone|sms_phone|whatsapp_phone|address_line_1|address_line_2|city|postal_code|county"
"b46b9fea-09ff-496e-a141-5c302dd53067","apicon-home-health-health-and-personal-support-williamson","APICON Home Health","Atención médica en el hogar","Home health care","draft","24","41","59","17","additional_categories|languages|eligibility_es|eligibility_en|required_documents_es|required_documents_en|hours_es|hours_en|accessibility_notes_es|accessibility_notes_en|sms_phone|whatsapp_phone|email|website_url|address_line_2|city|county"
"9ce822a1-a937-412a-ac7b-651db9f9f27f","asian-family-support-services-of-austin-legal-and-safety-support-travis","Asian Family Support Services of Austin","Apoyo integral para sobrevivientes asiáticos","Comprehensive support for Asian survivors","draft","24","41","59","17","additional_categories|languages|eligibility_es|eligibility_en|required_documents_es|required_documents_en|hours_es|hours_en|accessibility_notes_es|accessibility_notes_en|sms_phone|whatsapp_phone|email|address_line_1|address_line_2|city|postal_code"
"1367ed4f-c652-45c6-8d62-8a921ec90ff7","assurance-wireless-community-support-williamson","Assurance Wireless","Servicio telefónico Lifeline","Lifeline phone service","archived","24","41","59","17","additional_categories|languages|required_documents_es|required_documents_en|hours_es|hours_en|accessibility_notes_es|accessibility_notes_en|phone|sms_phone|whatsapp_phone|email|address_line_1|address_line_2|city|postal_code|county"
"8166e470-9735-4a86-b1ae-6c8cdf711485","austin-baptist-chapel-angel-house-soup-kitchen-meals-showers-and-clothing","Austin Baptist Chapel / Angel House Soup Kitchen","Comidas, duchas y ropa","Meals, showers and clothing","published","24","41","59","17","additional_categories|eligibility_es|eligibility_en|required_documents_es|required_documents_en|hours_es|hours_en|accessibility_notes_es|accessibility_notes_en|sms_phone|whatsapp_phone|email|address_line_1|address_line_2|city|postal_code|county"
"153a2496-64c7-4ea3-b4bb-e51c370d0376","austin-neighborhood-center-housing-and-financial-assistance-travis","Austin Neighborhood Center","Renta, servicios y necesidades básicas","Rent, utilities, and basic needs","draft","24","41","59","17","additional_categories|languages|eligibility_es|eligibility_en|required_documents_es|required_documents_en|hours_es|hours_en|accessibility_notes_es|accessibility_notes_en|sms_phone|whatsapp_phone|email|address_line_1|address_line_2|city|postal_code"
"92c89b82-4b05-4dcd-a9b4-b79aaae7d72f","austin-public-health-neighborhood-services-centers-assistance","Austin Public Health","Asistencia de los Centros de Servicios Vecinales","Neighborhood Services Centers assistance","published","24","41","59","17","additional_categories|eligibility_es|eligibility_en|required_documents_es|required_documents_en|hours_es|hours_en|accessibility_notes_es|accessibility_notes_en|sms_phone|whatsapp_phone|email|address_line_1|address_line_2|city|postal_code|county"
"3716301d-ffcc-4c64-bc44-6a41c4e70b32","catholic-charities-of-central-texas-catholic-charities-of-central-texas-2","Catholic Charities of Central Texas","Servicios de consejería","Counseling services","published","24","41","59","17","additional_categories|eligibility_es|eligibility_en|required_documents_es|required_documents_en|hours_es|hours_en|accessibility_notes_es|accessibility_notes_en|sms_phone|whatsapp_phone|email|address_line_1|address_line_2|city|postal_code|county"
"756033fc-45b2-4f2c-887b-c38a14943c26","cenikor-health-and-personal-support-travis","Cenikor","Desintoxicación, tratamiento y vivienda de recuperación","Detox, treatment, and recovery housing","draft","24","41","59","17","additional_categories|languages|eligibility_es|eligibility_en|required_documents_es|required_documents_en|hours_es|hours_en|accessibility_notes_es|accessibility_notes_en|sms_phone|whatsapp_phone|email|address_line_1|address_line_2|city|postal_code"
"c567ffe0-7dc7-401d-9070-e41641d6e452","central-texas-food-bank-and-snap-assistance-central-texas-food-bank-and-snap-assistance","Central Texas Food Bank and SNAP Assistance","Central Texas Food Bank and SNAP Assistance","Central Texas Food Bank and SNAP Assistance","published","24","41","59","17","additional_categories|eligibility_es|eligibility_en|required_documents_es|required_documents_en|hours_es|hours_en|accessibility_notes_es|accessibility_notes_en|sms_phone|whatsapp_phone|email|address_line_1|address_line_2|city|postal_code|county"
"30a2ed4d-a999-4c72-bf55-373715e765cb","clarksville-community-development-corporation-clarksville-community-development-corporation","Clarksville Community Development Corporation","Clarksville Community Development Corporation","Clarksville Community Development Corporation","published","24","41","59","17","additional_categories|eligibility_es|eligibility_en|required_documents_es|required_documents_en|hours_es|hours_en|accessibility_notes_es|accessibility_notes_en|sms_phone|whatsapp_phone|email|address_line_1|address_line_2|city|postal_code|county"
"a4d0d460-3893-41ed-8ac0-7e84f5753a70","community-council-of-south-central-texas-veterans-financial-assistance-community-support-g","Community Council of South Central Texas - Veterans Financial Assistance","Asistencia económica para veteranos","Veteran financial assistance","draft","24","41","59","17","additional_categories|languages|service_methods|hours_es|hours_en|accessibility_notes_es|accessibility_notes_en|phone|sms_phone|whatsapp_phone|email|website_url|address_line_1|address_line_2|city|postal_code|source_url"
"8181be7b-00f9-498e-8ca2-9041bd8847b5","comprehensive-energy-assistance-program-housing-and-financial-assistance-caldwell","Comprehensive Energy Assistance Program","Asistencia energética CEAP","CEAP energy assistance","draft","24","41","59","17","additional_categories|languages|required_documents_es|required_documents_en|hours_es|hours_en|accessibility_notes_es|accessibility_notes_en|sms_phone|whatsapp_phone|email|website_url|address_line_1|address_line_2|city|postal_code|source_url"
"906ee53a-a139-4b2b-9a78-7b01e8624f85","connect-atx-community-resource-navigation","Connect ATX","Navegación de recursos comunitarios","Community resource navigation","published","24","41","59","17","additional_categories|eligibility_es|eligibility_en|required_documents_es|required_documents_en|hours_es|hours_en|accessibility_notes_es|accessibility_notes_en|sms_phone|whatsapp_phone|email|address_line_1|address_line_2|city|postal_code|county"
"82c21b4e-a054-4d47-bdc1-b65e79ee88b4","department-of-health-and-human-services-community-support-williamson","Department of Health and Human Services","Información sobre beneficios y servicios de salud","Health benefits and service information","draft","24","41","59","17","additional_categories|languages|required_documents_es|required_documents_en|hours_es|hours_en|accessibility_notes_es|accessibility_notes_en|sms_phone|whatsapp_phone|email|website_url|address_line_1|address_line_2|city|postal_code|county"
"598e6fa1-99b9-4d7b-89fc-4d0e38e14986","dr-tarlton-community-support-williamson","Dr. Tarlton","Vacunas económicas para mascotas","Low-cost pet vaccinations","draft","24","41","59","17","additional_categories|languages|eligibility_es|eligibility_en|required_documents_es|required_documents_en|hours_es|hours_en|accessibility_notes_es|accessibility_notes_en|sms_phone|whatsapp_phone|address_line_1|address_line_2|city|postal_code|county"
"1617f63a-5e6d-4d72-ae3c-24cef6ca65f4","drive-a-senior-network-drive-a-senior-network","Drive a Senior Network","Drive a Senior Network","Drive a Senior Network","published","24","41","59","17","additional_categories|eligibility_es|eligibility_en|required_documents_es|required_documents_en|hours_es|hours_en|accessibility_notes_es|accessibility_notes_en|sms_phone|whatsapp_phone|email|address_line_1|address_line_2|city|postal_code|county"
"01b8f252-fb13-4e2e-89a0-1e19c232304a","emancipet-community-support-travis","Emancipet","Atención veterinaria","Veterinary care","archived","24","41","59","17","additional_categories|languages|eligibility_es|eligibility_en|required_documents_es|required_documents_en|hours_es|hours_en|accessibility_notes_es|accessibility_notes_en|sms_phone|whatsapp_phone|email|address_line_1|address_line_2|city|postal_code"
"d879f9d1-7665-45d5-8829-071a60cb2264","fans-of-wcras-community-support-williamson","FANS of WCRAS","Ayuda con gastos médicos y depósitos para mascotas","Pet medical bills and deposit assistance","draft","24","41","59","17","additional_categories|languages|eligibility_es|eligibility_en|required_documents_es|required_documents_en|hours_es|hours_en|accessibility_notes_es|accessibility_notes_en|phone|sms_phone|whatsapp_phone|address_line_1|address_line_2|city|postal_code"
"8be23e1c-8163-454f-af1e-6b73858c5405","feed-wilco-home-delivery","Feed Wilco","Entrega de alimentos a domicilio","Home food delivery","published","24","41","59","17","description_es|description_en|additional_categories|required_documents_es|required_documents_en|hours_es|hours_en|accessibility_notes_es|accessibility_notes_en|phone|sms_phone|whatsapp_phone|email|address_line_1|address_line_2|city|postal_code"
"23939136-8ca4-497b-a475-a86b551bbb5f","gramercy-specialty-clinic-bilingual-mental-health-services","Gramercy Specialty Clinic","Servicios bilingües de salud mental","Bilingual mental health services","published","24","41","59","17","additional_categories|eligibility_es|eligibility_en|required_documents_es|required_documents_en|hours_es|hours_en|accessibility_notes_es|accessibility_notes_en|phone|sms_phone|whatsapp_phone|address_line_1|address_line_2|city|postal_code|county"
"01bd9281-55d8-4e86-93f8-9723e134aeca","healthwell-foundation-healthwell-foundation","HealthWell Foundation","HealthWell Foundation","HealthWell Foundation","published","24","41","59","17","additional_categories|eligibility_es|eligibility_en|required_documents_es|required_documents_en|hours_es|hours_en|accessibility_notes_es|accessibility_notes_en|sms_phone|whatsapp_phone|email|address_line_1|address_line_2|city|postal_code|county"
"686c43d9-9cd1-45cb-9578-788c651d33c5","hope-alliance-community-support-williamson","Hope Alliance","Refugio y vivienda temporal","Shelter and temporary housing","archived","24","41","59","17","additional_categories|languages|eligibility_es|eligibility_en|required_documents_es|required_documents_en|hours_es|hours_en|accessibility_notes_es|accessibility_notes_en|sms_phone|whatsapp_phone|email|address_line_1|address_line_2|city|postal_code"
"af22c751-b355-4999-923d-cc77bc27bc8f","housing-authority-for-the-city-of-austin-haca-housing-authority-for-the-city-of-austin-haca","Housing Authority for the City of Austin (HACA)","Housing Authority for the City of Austin (HACA)","Housing Authority for the City of Austin (HACA)","published","24","41","59","17","additional_categories|eligibility_es|eligibility_en|required_documents_es|required_documents_en|hours_es|hours_en|accessibility_notes_es|accessibility_notes_en|sms_phone|whatsapp_phone|email|address_line_1|address_line_2|city|postal_code|county"
"3c49b5b6-c1fa-4bb6-b952-6dc390de11c2","housing-authority-of-travis-county-affordable-housing","Housing Authority of Travis County","Vivienda asequible","Affordable housing","published","24","41","59","17","additional_categories|eligibility_es|eligibility_en|required_documents_es|required_documents_en|hours_es|hours_en|accessibility_notes_es|accessibility_notes_en|sms_phone|whatsapp_phone|email|address_line_1|address_line_2|city|postal_code|county"
"8aa8a027-bd36-44a7-ae4b-2d1338547725","housing-authority-of-travis-county-hatc-housing-authority-of-travis-county-hatc","Housing Authority of Travis County (HATC)","Housing Authority for Travis County (HATC)","Housing Authority of Travis County (HATC)","published","24","41","59","17","additional_categories|eligibility_es|eligibility_en|required_documents_es|required_documents_en|hours_es|hours_en|accessibility_notes_es|accessibility_notes_en|sms_phone|whatsapp_phone|email|address_line_1|address_line_2|city|postal_code|county"
"703be302-4f05-4f57-af42-7fff6fc0cf31","lifeworks-community-counseling","LifeWorks","Consejería comunitaria","Community counseling","published","24","41","59","17","additional_categories|eligibility_es|eligibility_en|required_documents_es|required_documents_en|hours_es|hours_en|accessibility_notes_es|accessibility_notes_en|phone|sms_phone|whatsapp_phone|address_line_1|address_line_2|city|postal_code|county"
"babaf4b3-a506-4cef-8dbc-bccc0e05d71e","meals-on-wheels-central-texas-meals-on-wheels-central-texas","Meals on Wheels Central Texas","Meals on Wheels Central Texas","Meals on Wheels Central Texas","published","24","41","59","17","additional_categories|eligibility_es|eligibility_en|required_documents_es|required_documents_en|hours_es|hours_en|accessibility_notes_es|accessibility_notes_en|sms_phone|whatsapp_phone|email|address_line_1|address_line_2|city|postal_code|county"
"c01e1c38-4c5e-46b6-9c63-7d692f12fa8d","mobile-loaves-and-fishes-mobile-food-and-basic-needs-supplies","Mobile Loaves & Fishes","Alimentos móviles y artículos de primera necesidad","Mobile food and basic-needs supplies","published","24","41","59","17","additional_categories|eligibility_es|eligibility_en|required_documents_es|required_documents_en|hours_es|hours_en|accessibility_notes_es|accessibility_notes_en|sms_phone|whatsapp_phone|email|address_line_1|address_line_2|city|postal_code|county"
"bb79ba13-9206-42de-8815-bdabc9089bb3","neighbor-to-neighbor-neighbor-to-neighbor","Neighbor to Neighbor","Neighbor to Neighbor Program","Neighbor to Neighbor","published","24","41","59","17","additional_categories|eligibility_es|eligibility_en|required_documents_es|required_documents_en|hours_es|hours_en|accessibility_notes_es|accessibility_notes_en|sms_phone|whatsapp_phone|email|address_line_1|address_line_2|city|postal_code|county"
"12e889ae-b328-4608-8dd9-8a5f2b70347b","rape-abuse-and-incest-national-network-rainn-legal-and-safety-support-williamson","Rape, Abuse & Incest National Network (RAINN)","Apoyo ante violencia sexual o familiar","Sexual or family violence support","draft","24","41","59","17","additional_categories|eligibility_es|eligibility_en|required_documents_es|required_documents_en|hours_es|hours_en|accessibility_notes_es|accessibility_notes_en|sms_phone|whatsapp_phone|email|address_line_1|address_line_2|city|postal_code|county"
"05a26221-7303-4397-a87f-984cc8660162","red-rover-relief-community-support-williamson","Red Rover Relief","Subvenciones para atención veterinaria urgente","Urgent veterinary care grants","draft","24","41","59","17","additional_categories|languages|eligibility_es|eligibility_en|required_documents_es|required_documents_en|hours_es|hours_en|accessibility_notes_es|accessibility_notes_en|sms_phone|whatsapp_phone|address_line_1|address_line_2|city|postal_code|county"
"e2584735-81ce-4fd0-9dca-274583e0a231","saberespoder-podersalud-family-health-benefits","SABEResPODER","Beneficios de salud familiar PODERsalud","PODERsalud family health benefits","published","24","41","59","17","additional_categories|eligibility_es|eligibility_en|required_documents_es|required_documents_en|hours_es|hours_en|accessibility_notes_es|accessibility_notes_en|sms_phone|whatsapp_phone|email|address_line_1|address_line_2|city|postal_code|county"
"8f6114ee-ed40-46ae-b63f-fa3913af7d04","samaritan-center-family-and-adolescent-counseling","Samaritan Center","Consejería para familias y adolescentes","Family and adolescent counseling","published","24","41","59","17","additional_categories|eligibility_es|eligibility_en|required_documents_es|required_documents_en|hours_es|hours_en|accessibility_notes_es|accessibility_notes_en|sms_phone|whatsapp_phone|email|address_line_1|address_line_2|city|postal_code|county"
"88f0f626-701b-4e4b-b492-c08ffb2ab628","san-gabriel-unitarian-universalist-fellowship-williamson","San Gabriel Unitarian Universalist Fellowship","Despensa de alimentos","Food pantry","draft","24","41","59","17","additional_categories|languages|eligibility_es|eligibility_en|required_documents_es|required_documents_en|hours_es|hours_en|accessibility_notes_es|accessibility_notes_en|phone|sms_phone|whatsapp_phone|email|website_url|address_line_2|city"
"d77a2e01-6c7d-41bd-aaca-886b552cc7ec","st-louise-house-st-louise-house","St. Louise House","St. Louise House","St. Louise House","published","24","41","59","17","additional_categories|eligibility_es|eligibility_en|required_documents_es|required_documents_en|hours_es|hours_en|accessibility_notes_es|accessibility_notes_en|sms_phone|whatsapp_phone|email|address_line_1|address_line_2|city|postal_code|county"
"8ca08b9d-87fc-4901-8791-698c5341e9a4","st-matthews-episcopal-church-housing-and-financial-assistance-travis","St. Matthews Episcopal Church","Asistencia con renta y servicios públicos","Rent and utility assistance","draft","24","41","59","17","additional_categories|languages|eligibility_es|eligibility_en|required_documents_es|required_documents_en|hours_es|hours_en|accessibility_notes_es|accessibility_notes_en|sms_phone|whatsapp_phone|email|website_url|address_line_2|city|source_url"
"3f4c51bd-6177-47fe-a08b-c107343ef834","st-vincent-de-paul-housing-and-financial-assistance-caldwell","St. Vincent De Paul","Alimentos y asistencia con servicios públicos","Food and utility assistance","draft","24","41","59","17","additional_categories|languages|eligibility_es|eligibility_en|required_documents_es|required_documents_en|hours_es|hours_en|accessibility_notes_es|accessibility_notes_en|sms_phone|whatsapp_phone|email|website_url|address_line_2|city|source_url"
"2cea8d70-096c-428b-af91-703cf46e27da","texas-association-against-sexual-assault-legal-and-safety-support-williamson","Texas Association Against Sexual Assault","Recursos y localizador para agresión sexual","Sexual assault resources and crisis center locator","draft","24","41","59","17","additional_categories|eligibility_es|eligibility_en|required_documents_es|required_documents_en|hours_es|hours_en|accessibility_notes_es|accessibility_notes_en|sms_phone|whatsapp_phone|email|address_line_1|address_line_2|city|postal_code|county"
"f3f89cbe-af38-4486-872f-6ece9eab830e","the-kind-clinic-community-support-williamson","The Kind Clinic","Salud sexual y atención inclusiva","Sexual health and inclusive care","draft","24","41","59","17","additional_categories|languages|eligibility_es|eligibility_en|required_documents_es|required_documents_en|hours_es|hours_en|accessibility_notes_es|accessibility_notes_en|sms_phone|whatsapp_phone|email|address_line_2|city|postal_code|county"
"6a98e3da-e20e-4925-a18c-ccb66e61073a","volunteer-legal-services-of-central-texas-volunteer-legal-services-of-central-texas","Volunteer Legal Services of Central Texas","Volunteer Legal Services of Central Texas","Volunteer Legal Services of Central Texas","archived","24","41","59","17","additional_categories|eligibility_es|eligibility_en|required_documents_es|required_documents_en|hours_en|accessibility_notes_es|accessibility_notes_en|phone|sms_phone|whatsapp_phone|email|address_line_1|address_line_2|city|postal_code|county"
"89813161-cbea-4aac-b1cd-3880a150280b","a-rocha-usa-community-support-for-individuals-and-families","A Rocha USA","Apoyo comunitario para personas y familias","Community support for individuals and families","published","25","41","61","16","additional_categories|eligibility_es|eligibility_en|required_documents_es|required_documents_en|hours_es|hours_en|accessibility_notes_es|accessibility_notes_en|sms_phone|whatsapp_phone|address_line_1|address_line_2|city|postal_code|county"
"c2e8d27a-38f3-4a7e-a82c-33cdf7e11f97","accessible-housing-austin-aha-accessible-housing-austin-aha","Accessible Housing Austin! (AHA!)","Accessible Housing Austin! (AHA!)","Accessible Housing Austin! (AHA!)","published","25","41","61","16","additional_categories|eligibility_es|eligibility_en|required_documents_es|required_documents_en|hours_es|hours_en|accessibility_notes_es|accessibility_notes_en|sms_phone|whatsapp_phone|address_line_1|address_line_2|city|postal_code|county"
"ce83670d-be6e-4249-be5b-a8a736e73a91","any-baby-can-community-support-for-individuals-and-families","Any Baby Can","Apoyo comunitario para personas y familias","Community support for individuals and families","published","25","41","61","16","additional_categories|eligibility_es|eligibility_en|required_documents_es|required_documents_en|hours_es|hours_en|accessibility_notes_es|accessibility_notes_en|sms_phone|whatsapp_phone|address_line_1|address_line_2|city|postal_code|county"
"251064da-c23f-43e8-b182-ea7edfccff05","area-agency-of-the-capital-area-and-aging-and-disability-resource-center-health-and-person","Area Agency of the Capital Area & Aging and Disability Resource Center","Navegación de recursos para mayores y personas con discapacidad","Resource navigation for older adults and people with disabilities","draft","25","41","61","16","additional_categories|languages|required_documents_es|required_documents_en|hours_es|hours_en|accessibility_notes_es|accessibility_notes_en|sms_phone|whatsapp_phone|email|address_line_1|address_line_2|city|postal_code|county"
"1e1c4788-2cfb-457b-80a1-e70c8f25772b","atx-kids-club-youth-development-and-recreation-programs","ATX Kids Club","Programas de desarrollo y recreación juvenil","Youth development and recreation programs","published","25","41","61","16","additional_categories|eligibility_es|eligibility_en|required_documents_es|required_documents_en|hours_es|hours_en|accessibility_notes_es|accessibility_notes_en|sms_phone|whatsapp_phone|address_line_1|address_line_2|city|postal_code|county"
"a7728245-bdf4-445f-8c5a-8f6a7550385b","austin-angels-support-for-foster-youth-and-families","Austin Angels","Apoyo para jóvenes y familias de cuidado temporal","Support for foster youth and families","published","25","41","61","16","additional_categories|eligibility_es|eligibility_en|required_documents_es|required_documents_en|hours_es|hours_en|accessibility_notes_es|accessibility_notes_en|sms_phone|whatsapp_phone|address_line_1|address_line_2|city|postal_code|county"
"e01eedb9-6ee0-4c1b-81c6-b822ffc9e6c7","austin-child-guidance-center-mental-health-and-wellness-services","Austin Child Guidance Center","Servicios de salud mental y bienestar","Mental health and wellness services","published","25","41","61","16","additional_categories|eligibility_es|eligibility_en|required_documents_es|required_documents_en|hours_es|hours_en|accessibility_notes_es|accessibility_notes_en|sms_phone|whatsapp_phone|address_line_1|address_line_2|city|postal_code|county"
"e3497e15-889d-4c79-b5df-5464e49d62b3","austin-clubhouse-mental-health-and-wellness-services","Austin Clubhouse","Servicios de salud mental y bienestar","Mental health and wellness services","published","25","41","61","16","additional_categories|eligibility_es|eligibility_en|required_documents_es|required_documents_en|hours_es|hours_en|accessibility_notes_es|accessibility_notes_en|sms_phone|whatsapp_phone|address_line_1|address_line_2|city|postal_code|county"
"b460fd32-3961-4299-9beb-4f29f185029b","austin-creative-reuse-education-and-learning-support-programs","Austin Creative Reuse","Programas educativos y apoyo al aprendizaje","Education and learning support programs","published","25","41","61","16","additional_categories|eligibility_es|eligibility_en|required_documents_es|required_documents_en|hours_es|hours_en|accessibility_notes_es|accessibility_notes_en|sms_phone|whatsapp_phone|address_line_1|address_line_2|city|postal_code|county"
"f114ecc1-49ca-4a76-ac67-cf07dc060373","austin-habitat-for-humanity-housing-and-basic-needs-assistance","Austin Habitat for Humanity","Vivienda y asistencia para necesidades básicas","Housing and basic-needs assistance","published","25","41","61","16","additional_categories|eligibility_es|eligibility_en|required_documents_es|required_documents_en|hours_es|hours_en|accessibility_notes_es|accessibility_notes_en|sms_phone|whatsapp_phone|address_line_1|address_line_2|city|postal_code|county"
"5c580c96-5e59-465f-9223-c223a9a1e1b1","austin-habitat-for-humanity-homeownership-program-austin-habitat-for-humanity-homeownership-program","Austin Habitat for Humanity Homeownership Program","Austin Habitat for Humanity Homeownership Program","Austin Habitat for Humanity Homeownership Program","published","25","41","61","16","additional_categories|eligibility_es|eligibility_en|required_documents_es|required_documents_en|hours_es|hours_en|accessibility_notes_es|accessibility_notes_en|sms_phone|whatsapp_phone|address_line_1|address_line_2|city|postal_code|county"
"1eb2779a-7fd2-4524-a9d4-2f66924afa2b","austin-voices-for-education-and-youth-community-support-for-individuals-and-families","Austin Voices for Education and Youth","Apoyo comunitario para personas y familias","Community support for individuals and families","published","25","41","61","16","additional_categories|eligibility_es|eligibility_en|required_documents_es|required_documents_en|hours_es|hours_en|accessibility_notes_es|accessibility_notes_en|sms_phone|whatsapp_phone|address_line_1|address_line_2|city|postal_code|county"
"d8a4c908-3fc6-4462-8f83-6b47945f1185","austin-youth-fitness-youth-development-and-recreation-programs","Austin Youth Fitness","Programas de desarrollo y recreación juvenil","Youth development and recreation programs","published","25","41","61","16","additional_categories|eligibility_es|eligibility_en|required_documents_es|required_documents_en|hours_es|hours_en|accessibility_notes_es|accessibility_notes_en|sms_phone|whatsapp_phone|address_line_1|address_line_2|city|postal_code|county"
"6c0c4768-3cad-4e52-b3cd-67f0bcb006ce","austin-youth-river-watch-youth-development-and-recreation-programs","Austin Youth River Watch","Programas de desarrollo y recreación juvenil","Youth development and recreation programs","published","25","41","61","16","additional_categories|eligibility_es|eligibility_en|required_documents_es|required_documents_en|hours_es|hours_en|accessibility_notes_es|accessibility_notes_en|sms_phone|whatsapp_phone|address_line_1|address_line_2|city|postal_code|county"
"7c98a4a6-92bf-4ba7-99a0-3f1f9217008b","autism-society-of-texas-community-support-for-individuals-and-families","Autism Society of Texas","Apoyo comunitario para personas y familias","Community support for individuals and families","published","25","41","61","16","additional_categories|eligibility_es|eligibility_en|required_documents_es|required_documents_en|hours_es|hours_en|accessibility_notes_es|accessibility_notes_en|sms_phone|whatsapp_phone|address_line_1|address_line_2|city|postal_code|county"
"8f77124b-79e0-406e-b2bd-ceb422004b23","beat-4-beat-education-and-learning-support-programs","Beat 4 Beat","Programas educativos y apoyo al aprendizaje","Education and learning support programs","published","25","41","61","16","additional_categories|eligibility_es|eligibility_en|required_documents_es|required_documents_en|hours_es|hours_en|accessibility_notes_es|accessibility_notes_en|sms_phone|whatsapp_phone|address_line_1|address_line_2|city|postal_code|county"
"c24df04f-f775-44ad-9522-74a8b30c1fea","beneficiary-travel-assistance-community-support-williamson","Beneficiary Travel Assistance","Reembolso de viajes médicos para veteranos","Veteran medical travel reimbursement","draft","25","41","61","16","additional_categories|languages|required_documents_es|required_documents_en|hours_es|hours_en|accessibility_notes_es|accessibility_notes_en|sms_phone|whatsapp_phone|email|address_line_1|address_line_2|city|postal_code|county"
"0582465d-96a1-4806-a237-22ee6bed50d3","black-women-who-community-support-for-individuals-and-families","Black Women Who","Apoyo comunitario para personas y familias","Community support for individuals and families","published","25","41","61","16","additional_categories|eligibility_es|eligibility_en|required_documents_es|required_documents_en|hours_es|hours_en|accessibility_notes_es|accessibility_notes_en|sms_phone|whatsapp_phone|address_line_1|address_line_2|city|postal_code|county"
"2370ce88-bccd-4b7b-ab14-a90c9028f1f7","bluebonnet-trails-osar-outreach-screening-assessment-and-referral-health-and-personal-supp","Bluebonnet Trails (OSAR) Outreach, Screening, Assessment, and Referral","Evaluación y referidos para consumo de sustancias","Substance use assessment and referrals","draft","25","41","61","16","additional_categories|languages|required_documents_es|required_documents_en|hours_es|hours_en|accessibility_notes_es|accessibility_notes_en|sms_phone|whatsapp_phone|email|website_url|address_line_1|address_line_2|city|postal_code"
"dc1dba5f-ed5e-4f0b-ab30-931192372aed","boys-and-girls-club-of-georgetown-youth-development-and-recreation-programs","Boys and Girls Club of Georgetown","Programas de desarrollo y recreación juvenil","Youth development and recreation programs","published","25","41","61","16","additional_categories|eligibility_es|eligibility_en|required_documents_es|required_documents_en|hours_es|hours_en|accessibility_notes_es|accessibility_notes_en|sms_phone|whatsapp_phone|address_line_1|address_line_2|city|postal_code|county"
"7d9f192e-046d-4def-8c1b-ef30bbdbbf5a","breakthrough-ctx-education-and-learning-support-programs","Breakthrough CTX","Programas educativos y apoyo al aprendizaje","Education and learning support programs","published","25","41","61","16","additional_categories|eligibility_es|eligibility_en|required_documents_es|required_documents_en|hours_es|hours_en|accessibility_notes_es|accessibility_notes_en|sms_phone|whatsapp_phone|address_line_1|address_line_2|city|postal_code|county"
"180d2b16-e6f5-47b5-92fa-44df43637545","bridge-lacrosse-youth-development-and-recreation-programs","Bridge Lacrosse","Programas de desarrollo y recreación juvenil","Youth development and recreation programs","published","25","41","61","16","additional_categories|eligibility_es|eligibility_en|required_documents_es|required_documents_en|hours_es|hours_en|accessibility_notes_es|accessibility_notes_en|sms_phone|whatsapp_phone|address_line_1|address_line_2|city|postal_code|county"
"0e0452ad-c60b-4f3b-92ab-0434444425f4","candlelight-ranch-youth-development-and-recreation-programs","Candlelight Ranch","Programas de desarrollo y recreación juvenil","Youth development and recreation programs","published","25","41","61","16","additional_categories|eligibility_es|eligibility_en|required_documents_es|required_documents_en|hours_es|hours_en|accessibility_notes_es|accessibility_notes_en|sms_phone|whatsapp_phone|address_line_1|address_line_2|city|postal_code|county"
"84e1bdd0-208a-447c-84ae-d37994c208f3","capital-area-rutal-transportation-systems-carts-transportation-williamson","Capital Area Rutal Transportation Systems (CARTS)","Reservaciones de transporte regional CARTS","CARTS regional transportation reservations","draft","25","41","61","16","additional_categories|languages|eligibility_es|eligibility_en|required_documents_es|required_documents_en|accessibility_notes_es|accessibility_notes_en|sms_phone|whatsapp_phone|email|address_line_1|address_line_2|city|postal_code|county"
"3f33eb10-266b-42b4-a132-bf1794f22423","capmetro-bus-pass-assistance","CapMetro","Asistencia con pases de autobús","Bus pass assistance","published","25","41","61","16","additional_categories|eligibility_es|eligibility_en|required_documents_es|required_documents_en|accessibility_notes_es|accessibility_notes_en|phone|sms_phone|whatsapp_phone|email|address_line_1|address_line_2|city|postal_code|county"
"f695bd6c-bf3c-4476-b78c-2262aa8befb8","cary-council-on-at-risk-youth-education-and-learning-support-programs","CARY (Council on At Risk Youth)","Programas educativos y apoyo al aprendizaje","Education and learning support programs","published","25","41","61","16","additional_categories|eligibility_es|eligibility_en|required_documents_es|required_documents_en|hours_es|hours_en|accessibility_notes_es|accessibility_notes_en|sms_phone|whatsapp_phone|address_line_1|address_line_2|city|postal_code|county"
"30dbb0a1-9e4f-42c7-ad7a-657db847a1a1","catholic-charities-central-texas-st-michaels-veterans-service-community-support-travis","Catholic Charities Central Texas (St. Michaels' Veterans Service)","Consejería para personas, parejas y familias","Counseling for individuals, couples, and families","draft","25","41","61","16","additional_categories|languages|required_documents_es|required_documents_en|hours_es|hours_en|accessibility_notes_es|accessibility_notes_en|sms_phone|whatsapp_phone|email|website_url|address_line_1|address_line_2|city|postal_code"
"179bfc2d-5f17-4f27-9000-086c4ec3c871","center-for-child-protection-education-and-learning-support-programs","Center for Child Protection","Programas educativos y apoyo al aprendizaje","Education and learning support programs","published","25","41","61","16","additional_categories|eligibility_es|eligibility_en|required_documents_es|required_documents_en|hours_es|hours_en|accessibility_notes_es|accessibility_notes_en|sms_phone|whatsapp_phone|address_line_1|address_line_2|city|postal_code|county"
"964ed8a9-7a7f-48b6-8d16-233adc81572d","centered-youth-clinic-and-consulting-mental-health-and-wellness-services","Centered Youth Clinic & Consulting","Servicios de salud mental y bienestar","Mental health and wellness services","published","25","41","61","16","additional_categories|eligibility_es|eligibility_en|required_documents_es|required_documents_en|hours_es|hours_en|accessibility_notes_es|accessibility_notes_en|sms_phone|whatsapp_phone|address_line_1|address_line_2|city|postal_code|county"
"798beb75-7052-4241-af32-58a77d98e259","childcare-subsidy-hotline-community-support-williamson","Childcare Subsidy Hotline","Subsidios de cuidado infantil para familias militares","Child care subsidies for military families","draft","25","41","61","16","additional_categories|languages|required_documents_es|required_documents_en|hours_es|hours_en|accessibility_notes_es|accessibility_notes_en|sms_phone|whatsapp_phone|email|address_line_1|address_line_2|city|postal_code|county"
"20e66dca-2481-48d1-a472-2f0cd5092e22","christi-center-mental-health-and-wellness-services","Christi Center","Servicios de salud mental y bienestar","Mental health and wellness services","published","25","41","61","16","additional_categories|eligibility_es|eligibility_en|required_documents_es|required_documents_en|hours_es|hours_en|accessibility_notes_es|accessibility_notes_en|sms_phone|whatsapp_phone|address_line_1|address_line_2|city|postal_code|county"
"a05f3a5c-fda7-4fb5-8829-f0b842b8f165","city-of-austin-warming-centers","City of Austin","Centros de calentamiento","Warming Centers","published","25","41","61","16","additional_categories|eligibility_es|eligibility_en|required_documents_es|required_documents_en|accessibility_notes_es|accessibility_notes_en|phone|sms_phone|whatsapp_phone|email|address_line_1|address_line_2|city|postal_code|county"
"f41c8153-55dd-40d3-859e-512f01bf8efd","colin-s-hope-community-support-for-individuals-and-families","Colin's Hope","Apoyo comunitario para personas y familias","Community support for individuals and families","published","25","41","61","16","additional_categories|eligibility_es|eligibility_en|required_documents_es|required_documents_en|hours_es|hours_en|accessibility_notes_es|accessibility_notes_en|sms_phone|whatsapp_phone|address_line_1|address_line_2|city|postal_code|county"
"1c36da4e-fca1-45c1-a90d-307af32eaeb7","college-possible-texas-community-support-for-individuals-and-families","College Possible Texas","Apoyo comunitario para personas y familias","Community support for individuals and families","published","25","41","61","16","additional_categories|eligibility_es|eligibility_en|required_documents_es|required_documents_en|hours_es|hours_en|accessibility_notes_es|accessibility_notes_en|sms_phone|whatsapp_phone|address_line_1|address_line_2|city|postal_code|county"
"b55b4625-f109-464f-9cc5-ba1eafb4b954","community-action-for-central-texas-health-and-personal-support-bastrop","Community Action for Central Texas","Medicamentos de bajo costo y referidos médicos","Low-cost prescriptions and medical referrals","draft","25","41","61","16","additional_categories|languages|eligibility_es|eligibility_en|hours_es|hours_en|accessibility_notes_es|accessibility_notes_en|sms_phone|whatsapp_phone|email|address_line_1|address_line_2|city|postal_code|county"
"684e5303-f318-4851-ac58-b2c899680469","con-mi-madre-community-support-for-individuals-and-families","Con Mi Madre","Apoyo comunitario para personas y familias","Community support for individuals and families","published","25","41","61","16","additional_categories|eligibility_es|eligibility_en|required_documents_es|required_documents_en|hours_es|hours_en|accessibility_notes_es|accessibility_notes_en|sms_phone|whatsapp_phone|address_line_1|address_line_2|city|postal_code|county"
"db30ec56-b7c1-4bed-b0f5-807a68f44478","consulado-general-de-mexico-en-austin-consular-and-community-information","Consulado General de México en Austin","Información consular y comunitaria","Consular and community information","published","25","41","61","16","additional_categories|eligibility_es|eligibility_en|required_documents_es|required_documents_en|hours_es|hours_en|accessibility_notes_es|accessibility_notes_en|sms_phone|whatsapp_phone|address_line_1|address_line_2|city|postal_code|county"
"4058c496-d4db-4eff-81ec-41f098c3527b","creative-action-youth-development-and-recreation-programs","Creative Action","Programas de desarrollo y recreación juvenil","Youth development and recreation programs","published","25","41","61","16","additional_categories|eligibility_es|eligibility_en|required_documents_es|required_documents_en|hours_es|hours_en|accessibility_notes_es|accessibility_notes_en|sms_phone|whatsapp_phone|address_line_1|address_line_2|city|postal_code|county"
"9a3dbad5-475f-4fc9-bf04-66897b2da65c","cross-creek-behavioral-health-hospital-mental-health-and-wellness-services","Cross Creek Behavioral Health Hospital","Servicios de salud mental y bienestar","Mental health and wellness services","published","25","41","61","16","additional_categories|eligibility_es|eligibility_en|required_documents_es|required_documents_en|hours_es|hours_en|accessibility_notes_es|accessibility_notes_en|sms_phone|whatsapp_phone|address_line_1|address_line_2|city|postal_code|county"
"5ebe2d7f-a56c-4e2c-89ff-03f385c585a6","crux-climbing-center-youth-development-and-recreation-programs","Crux Climbing Center","Programas de desarrollo y recreación juvenil","Youth development and recreation programs","published","25","41","61","16","additional_categories|eligibility_es|eligibility_en|required_documents_es|required_documents_en|hours_es|hours_en|accessibility_notes_es|accessibility_notes_en|sms_phone|whatsapp_phone|address_line_1|address_line_2|city|postal_code|county"
"77f8682b-dc32-4ba5-87c7-e067208a8df0","david-phillips-foundation-youth-development-and-recreation-programs","David Phillips Foundation","Programas de desarrollo y recreación juvenil","Youth development and recreation programs","published","25","41","61","16","additional_categories|eligibility_es|eligibility_en|required_documents_es|required_documents_en|hours_es|hours_en|accessibility_notes_es|accessibility_notes_en|sms_phone|whatsapp_phone|address_line_1|address_line_2|city|postal_code|county"
"2cf67bff-cb89-4145-bcaa-06eea395e39a","dell-children-s-health-plan-mental-health-and-wellness-services","Dell Children's Health Plan","Servicios de salud mental y bienestar","Mental health and wellness services","published","25","41","61","16","additional_categories|eligibility_es|eligibility_en|required_documents_es|required_documents_en|hours_es|hours_en|accessibility_notes_es|accessibility_notes_en|sms_phone|whatsapp_phone|address_line_1|address_line_2|city|postal_code|county"
"fa2a5b60-1967-4367-b0a6-97f9d68d0c91","dress-for-success-austin-community-support-for-individuals-and-families","Dress for Success Austin","Apoyo comunitario para personas y familias","Community support for individuals and families","published","25","41","61","16","additional_categories|eligibility_es|eligibility_en|required_documents_es|required_documents_en|hours_es|hours_en|accessibility_notes_es|accessibility_notes_en|sms_phone|whatsapp_phone|address_line_1|address_line_2|city|postal_code|county"
"b7053618-49f6-44f2-95c2-e940ab607478","el-buen-samaritano-community-support-for-individuals-and-families","El Buen Samaritano","Apoyo comunitario para personas y familias","Community support for individuals and families","archived","25","41","61","16","additional_categories|eligibility_es|eligibility_en|required_documents_es|required_documents_en|hours_es|hours_en|accessibility_notes_es|accessibility_notes_en|sms_phone|whatsapp_phone|address_line_1|address_line_2|city|postal_code|county"
"5dae4db1-6d7d-47ce-a9a8-822cdd6b50a9","explore-austin-youth-development-and-recreation-programs","Explore Austin","Programas de desarrollo y recreación juvenil","Youth development and recreation programs","published","25","41","61","16","additional_categories|eligibility_es|eligibility_en|required_documents_es|required_documents_en|hours_es|hours_en|accessibility_notes_es|accessibility_notes_en|sms_phone|whatsapp_phone|address_line_1|address_line_2|city|postal_code|county"
"17d7d8cf-38ce-4b5f-952c-5426e84a723f","foster-angels-of-central-texas-support-for-foster-youth-and-families","Foster Angels of Central Texas","Apoyo para jóvenes y familias de cuidado temporal","Support for foster youth and families","published","25","41","61","16","additional_categories|eligibility_es|eligibility_en|required_documents_es|required_documents_en|hours_es|hours_en|accessibility_notes_es|accessibility_notes_en|sms_phone|whatsapp_phone|address_line_1|address_line_2|city|postal_code|county"
"2c4a2020-6a11-443c-be76-22b87d68cc87","foster-village-support-for-foster-youth-and-families","Foster Village","Apoyo para jóvenes y familias de cuidado temporal","Support for foster youth and families","published","25","41","61","16","additional_categories|eligibility_es|eligibility_en|required_documents_es|required_documents_en|hours_es|hours_en|accessibility_notes_es|accessibility_notes_en|sms_phone|whatsapp_phone|address_line_1|address_line_2|city|postal_code|county"
"46442109-648c-4f51-9ed4-df714e0f9864","fostering-hope-community-support-for-individuals-and-families","Fostering Hope","Apoyo comunitario para personas y familias","Community support for individuals and families","published","25","41","61","16","additional_categories|eligibility_es|eligibility_en|required_documents_es|required_documents_en|hours_es|hours_en|accessibility_notes_es|accessibility_notes_en|sms_phone|whatsapp_phone|address_line_1|address_line_2|city|postal_code|county"
"2aece945-b84e-43b7-bac8-24b02591d4e8","foundation-communities-lakeline-station-williamson","Foundation Communities - Lakeline Station","Despensa de alimentos","Food pantry","draft","25","41","61","16","additional_categories|languages|eligibility_es|eligibility_en|required_documents_es|required_documents_en|accessibility_notes_es|accessibility_notes_en|sms_phone|whatsapp_phone|email|website_url|address_line_2|city|postal_code|county"
"01742e09-a7bc-4597-9697-7682b1623521","girl-scouts-of-central-texas-youth-development-and-recreation-programs","Girl Scouts of Central Texas","Programas de desarrollo y recreación juvenil","Youth development and recreation programs","published","25","41","61","16","additional_categories|eligibility_es|eligibility_en|required_documents_es|required_documents_en|hours_es|hours_en|accessibility_notes_es|accessibility_notes_en|sms_phone|whatsapp_phone|address_line_1|address_line_2|city|postal_code|county"
"084b197a-594d-4614-bbd9-600775df37d6","girls-empowerment-network-youth-development-and-recreation-programs","Girls Empowerment Network","Programas de desarrollo y recreación juvenil","Youth development and recreation programs","published","25","41","61","16","additional_categories|eligibility_es|eligibility_en|required_documents_es|required_documents_en|hours_es|hours_en|accessibility_notes_es|accessibility_notes_en|sms_phone|whatsapp_phone|address_line_1|address_line_2|city|postal_code|county"
"82498cc8-75da-410b-8e26-8c572a635a0c","giving-austin-labor-support-gals-mental-health-and-wellness-services","Giving Austin Labor Support (GALS)","Servicios de salud mental y bienestar","Mental health and wellness services","published","25","41","61","16","additional_categories|eligibility_es|eligibility_en|required_documents_es|required_documents_en|hours_es|hours_en|accessibility_notes_es|accessibility_notes_en|sms_phone|whatsapp_phone|address_line_1|address_line_2|city|postal_code|county"
"42a2c3dc-55aa-4346-8a61-0c5b7dfa3794","gonzales-christian-assistance-ministry-housing-and-financial-assistance-gonzales","Gonzales Christian Assistance Ministry","Despensa de alimentos","Food pantry","archived","25","41","61","16","additional_categories|languages|eligibility_es|eligibility_en|required_documents_es|required_documents_en|hours_es|hours_en|accessibility_notes_es|accessibility_notes_en|sms_phone|whatsapp_phone|email|website_url|address_line_2|source_url"
"40f9a72b-aa77-4860-8ffd-6e4c473993a8","healing-wings-llc-mental-health-and-wellness-services","Healing Wings LLC","Servicios de salud mental y bienestar","Mental health and wellness services","published","25","41","61","16","additional_categories|eligibility_es|eligibility_en|required_documents_es|required_documents_en|hours_es|hours_en|accessibility_notes_es|accessibility_notes_en|sms_phone|whatsapp_phone|address_line_1|address_line_2|city|postal_code|county"
"73b444a8-b037-4d04-8325-8e5ecec24043","helping-hand-home-for-children-support-for-foster-youth-and-families","Helping Hand Home for Children","Apoyo para jóvenes y familias de cuidado temporal","Support for foster youth and families","published","25","41","61","16","additional_categories|eligibility_es|eligibility_en|required_documents_es|required_documents_en|hours_es|hours_en|accessibility_notes_es|accessibility_notes_en|sms_phone|whatsapp_phone|address_line_1|address_line_2|city|postal_code|county"
"f6438378-733b-4179-a851-14c523d25ddc","helping-hands-of-georgetown-williamson","Helping Hands of Georgetown","Despensa de alimentos","Food pantry","draft","25","41","61","16","additional_categories|languages|eligibility_es|eligibility_en|required_documents_es|required_documents_en|accessibility_notes_es|accessibility_notes_en|sms_phone|whatsapp_phone|email|website_url|address_line_1|address_line_2|city|postal_code"
"12e32546-f097-4bb0-98ac-06bbde3159c5","highland-lakes-family-crisis-center-community-support-burnet","Highland Lakes Family Crisis Center","Refugio y apoyo ante violencia doméstica y sexual","Shelter and support for domestic and sexual violence","draft","25","41","61","16","additional_categories|languages|eligibility_es|eligibility_en|required_documents_es|required_documents_en|hours_es|hours_en|accessibility_notes_es|accessibility_notes_en|sms_phone|whatsapp_phone|address_line_1|address_line_2|city|postal_code"
"ef34d037-960b-4586-a3e7-44798208da0e","hill-country-community-ministries-food-and-basic-needs-assistance","Hill Country Community Ministries","Alimentos y asistencia para necesidades básicas","Food and basic-needs assistance","archived","25","41","61","16","additional_categories|eligibility_es|eligibility_en|required_documents_es|required_documents_en|hours_es|hours_en|accessibility_notes_es|accessibility_notes_en|sms_phone|whatsapp_phone|address_line_1|address_line_2|city|postal_code|county"
"24a73cb9-c809-4de7-9d4a-91311a668122","impact-counseling-services-inc-mental-health-and-wellness-services","Impact Counseling Services, Inc","Servicios de salud mental y bienestar","Mental health and wellness services","published","25","41","61","16","additional_categories|eligibility_es|eligibility_en|required_documents_es|required_documents_en|hours_es|hours_en|accessibility_notes_es|accessibility_notes_en|sms_phone|whatsapp_phone|address_line_1|address_line_2|city|postal_code|county"
"b15f53c8-9f9f-472c-9983-1d4af24c2f1e","integral-care-mental-health-and-wellness-services","Integral Care","Servicios de salud mental y bienestar","Mental health and wellness services","published","25","41","61","16","additional_categories|eligibility_es|eligibility_en|required_documents_es|required_documents_en|hours_es|hours_en|accessibility_notes_es|accessibility_notes_en|sms_phone|whatsapp_phone|address_line_1|address_line_2|city|postal_code|county"
"abfb4265-6d22-4071-908f-98470e5c81b4","integral-care-mental-health-and-substance-use-services","Integral Care","Servicios de salud mental y uso de sustancias","Mental health and substance-use services","published","25","41","61","16","additional_categories|eligibility_es|eligibility_en|required_documents_es|required_documents_en|accessibility_notes_es|accessibility_notes_en|phone|sms_phone|whatsapp_phone|email|address_line_1|address_line_2|city|postal_code|county"
"eb2b6233-ade9-4cc5-885a-785ef5d682db","just-keep-livin-foundation-youth-development-and-recreation-programs","just keep livin Foundation","Programas de desarrollo y recreación juvenil","Youth development and recreation programs","published","25","41","61","16","additional_categories|eligibility_es|eligibility_en|required_documents_es|required_documents_en|hours_es|hours_en|accessibility_notes_es|accessibility_notes_en|sms_phone|whatsapp_phone|address_line_1|address_line_2|city|postal_code|county"
"0a52f1d1-c047-4545-a83e-0d4f521fa112","kat-kares-williamson","Kat Kares","Despensa de alimentos","Food pantry","draft","25","41","61","16","additional_categories|languages|eligibility_es|eligibility_en|required_documents_es|required_documents_en|accessibility_notes_es|accessibility_notes_en|sms_phone|whatsapp_phone|email|website_url|address_line_1|address_line_2|city|postal_code"
"0de5cb4c-9a5d-4a8a-a7a8-3e2f5a885947","keep-austin-beautiful-education-and-learning-support-programs","Keep Austin Beautiful","Programas educativos y apoyo al aprendizaje","Education and learning support programs","published","25","41","61","16","additional_categories|eligibility_es|eligibility_en|required_documents_es|required_documents_en|hours_es|hours_en|accessibility_notes_es|accessibility_notes_en|sms_phone|whatsapp_phone|address_line_1|address_line_2|city|postal_code|county"
"6736b501-749e-4473-b1d5-45c82c1fa03f","lifeworks-mental-health-and-wellness-services","Lifeworks","Servicios de salud mental y bienestar","Mental health and wellness services","published","25","41","61","16","additional_categories|eligibility_es|eligibility_en|required_documents_es|required_documents_en|hours_es|hours_en|accessibility_notes_es|accessibility_notes_en|sms_phone|whatsapp_phone|address_line_1|address_line_2|city|postal_code|county"
"b005b675-a70d-44fb-9af3-cfd2252c65d9","live-like-cati-community-support-for-individuals-and-families","Live Like Cati","Apoyo comunitario para personas y familias","Community support for individuals and families","published","25","41","61","16","additional_categories|eligibility_es|eligibility_en|required_documents_es|required_documents_en|hours_es|hours_en|accessibility_notes_es|accessibility_notes_en|sms_phone|whatsapp_phone|address_line_1|address_line_2|city|postal_code|county"
"53a4fba4-9c67-4ed4-b2c3-c3e9b889e8b9","lone-star-circle-of-care-the-big-pink-bus-mobile-mammography","Lone Star Circle of Care","Mamografías móviles de The Big Pink Bus","The Big Pink Bus mobile mammography","published","25","41","61","16","additional_categories|eligibility_es|eligibility_en|required_documents_es|required_documents_en|hours_es|hours_en|accessibility_notes_es|accessibility_notes_en|sms_phone|whatsapp_phone|address_line_1|address_line_2|city|postal_code|county"
"e9df9255-f85a-4825-82f7-942cbfa80c80","lone-star-circle-of-care-health-and-personal-support-williamson","Lone Star Circle of Care","Atención veterinaria","Veterinary care","archived","25","41","61","16","additional_categories|languages|required_documents_es|required_documents_en|hours_es|hours_en|accessibility_notes_es|accessibility_notes_en|sms_phone|whatsapp_phone|email|address_line_1|address_line_2|city|postal_code|county"
"1223b6d6-d956-43c5-b254-0b938076d2f1","mama-sana-vibrant-woman-community-support-for-individuals-and-families","Mama Sana Vibrant Woman","Apoyo comunitario para personas y familias","Community support for individuals and families","published","25","41","61","16","additional_categories|eligibility_es|eligibility_en|required_documents_es|required_documents_en|hours_es|hours_en|accessibility_notes_es|accessibility_notes_en|sms_phone|whatsapp_phone|address_line_1|address_line_2|city|postal_code|county"
"52ab99cc-b7b3-4426-a7c9-74df09a8defa","maven-youth-youth-development-and-recreation-programs","Maven Youth","Programas de desarrollo y recreación juvenil","Youth development and recreation programs","published","25","41","61","16","additional_categories|eligibility_es|eligibility_en|required_documents_es|required_documents_en|hours_es|hours_en|accessibility_notes_es|accessibility_notes_en|sms_phone|whatsapp_phone|address_line_1|address_line_2|city|postal_code|county"
"b11b39b9-2373-41d5-993c-8985902d1e5f","mcdade-food-pantry-bastrop","McDade Food Pantry","Despensa de alimentos","Food pantry","draft","25","41","61","16","additional_categories|languages|eligibility_es|eligibility_en|required_documents_es|required_documents_en|accessibility_notes_es|accessibility_notes_en|sms_phone|whatsapp_phone|email|website_url|address_line_1|address_line_2|city|postal_code"
"6d54b2e1-4480-4d44-a0d3-278edc5ed34d","national-homeless-veteran-call-center-community-support-williamson","National Homeless Veteran Call Center","Línea de acceso a servicios para veteranos sin hogar","Homeless Veteran services hotline","draft","25","41","61","16","additional_categories|languages|required_documents_es|required_documents_en|hours_es|hours_en|accessibility_notes_es|accessibility_notes_en|sms_phone|whatsapp_phone|email|address_line_1|address_line_2|city|postal_code|county"
"5e5dad48-075b-4540-b4d0-48206fc82b8c","oasis-senior-advisors-health-and-personal-support-williamson","Oasis Senior Advisors","Orientación para encontrar cuidado de adultos mayores","Senior care placement guidance","draft","25","41","61","16","additional_categories|languages|required_documents_es|required_documents_en|hours_es|hours_en|accessibility_notes_es|accessibility_notes_en|sms_phone|whatsapp_phone|email|address_line_1|address_line_2|city|postal_code|county"
"24649112-d2e5-434e-9c89-3303e7f01b52","owbc-meals-on-wheels-williamson","Opportunities for Williamson & Burnet Counties","Meals on Wheels para adultos mayores","Meals on Wheels for older adults","published","25","41","61","16","description_es|description_en|additional_categories|required_documents_es|required_documents_en|hours_es|hours_en|accessibility_notes_es|accessibility_notes_en|sms_phone|whatsapp_phone|email|address_line_1|address_line_2|city|postal_code"
"7c09f9be-c599-4f1f-a803-9e13f309540d","owbc-head-start-williamson","Opportunities for Williamson & Burnet Counties","Programa Head Start","Head Start program","published","25","41","61","16","description_es|description_en|additional_categories|required_documents_es|required_documents_en|hours_es|hours_en|accessibility_notes_es|accessibility_notes_en|sms_phone|whatsapp_phone|email|address_line_1|address_line_2|city|postal_code"
"50672310-7949-49fa-95b4-4e7aff7e4bf2","partners-for-education-agriculture-and-sustainability-peas-education-and-learning-support-programs","Partners For Education Agriculture and Sustainability (PEAS)","Programas educativos y apoyo al aprendizaje","Education and learning support programs","published","25","41","61","16","additional_categories|eligibility_es|eligibility_en|required_documents_es|required_documents_en|hours_es|hours_en|accessibility_notes_es|accessibility_notes_en|sms_phone|whatsapp_phone|address_line_1|address_line_2|city|postal_code|county"
"10a27315-251e-44b7-8960-80f79a2a980b","partnerships-for-children-community-support-for-individuals-and-families","Partnerships for Children","Apoyo comunitario para personas y familias","Community support for individuals and families","published","25","41","61","16","additional_categories|eligibility_es|eligibility_en|required_documents_es|required_documents_en|hours_es|hours_en|accessibility_notes_es|accessibility_notes_en|sms_phone|whatsapp_phone|address_line_1|address_line_2|city|postal_code|county"
"65459494-1146-446f-900b-7763b2fc38d2","raices-immigration-legal-services","RAICES","Servicios legales de inmigración","Immigration legal services","published","25","41","61","16","additional_categories|eligibility_es|eligibility_en|required_documents_es|required_documents_en|hours_es|hours_en|accessibility_notes_es|accessibility_notes_en|sms_phone|whatsapp_phone|address_line_1|address_line_2|city|postal_code|county"
"3d84a53d-1b8f-4ae9-8b34-291a1f5fb7e6","rbi-austin-youth-development-and-recreation-programs","RBI Austin","Programas de desarrollo y recreación juvenil","Youth development and recreation programs","published","25","41","61","16","additional_categories|eligibility_es|eligibility_en|required_documents_es|required_documents_en|hours_es|hours_en|accessibility_notes_es|accessibility_notes_en|sms_phone|whatsapp_phone|address_line_1|address_line_2|city|postal_code|county"
"1fee08a5-40ba-4bbf-b10a-0474d09ea20c","rowing-dock-youth-development-and-recreation-programs","Rowing Dock","Programas de desarrollo y recreación juvenil","Youth development and recreation programs","published","25","41","61","16","additional_categories|eligibility_es|eligibility_en|required_documents_es|required_documents_en|hours_es|hours_en|accessibility_notes_es|accessibility_notes_en|sms_phone|whatsapp_phone|address_line_1|address_line_2|city|postal_code|county"
"53df8be8-d80b-47a7-bec4-47043ef9f377","seedling-youth-development-and-recreation-programs","Seedling","Programas de desarrollo y recreación juvenil","Youth development and recreation programs","published","25","41","61","16","additional_categories|eligibility_es|eligibility_en|required_documents_es|required_documents_en|hours_es|hours_en|accessibility_notes_es|accessibility_notes_en|sms_phone|whatsapp_phone|address_line_1|address_line_2|city|postal_code|county"
"70bff9cc-e79e-458e-aa08-123353f489e1","shield-ranch-foundation-el-ranchito-youth-development-and-recreation-programs","Shield Ranch Foundation/El Ranchito","Programas de desarrollo y recreación juvenil","Youth development and recreation programs","published","25","41","61","16","additional_categories|eligibility_es|eligibility_en|required_documents_es|required_documents_en|hours_es|hours_en|accessibility_notes_es|accessibility_notes_en|sms_phone|whatsapp_phone|address_line_1|address_line_2|city|postal_code|county"
"69885f02-6c91-4bd4-859c-5b90e9c3437f","social-security-administration-community-support-williamson","Social Security Administration","Beneficios del Seguro Social","Social Security benefits","draft","25","41","61","16","additional_categories|languages|eligibility_es|eligibility_en|hours_es|hours_en|accessibility_notes_es|accessibility_notes_en|sms_phone|whatsapp_phone|email|address_line_1|address_line_2|city|postal_code|county"
"9e02be2f-dabf-4e0d-87ae-4b8aacdba5b4","texas-baptist-children-s-home-support-for-foster-youth-and-families","Texas Baptist Children's Home","Apoyo para jóvenes y familias de cuidado temporal","Support for foster youth and families","published","25","41","61","16","additional_categories|eligibility_es|eligibility_en|required_documents_es|required_documents_en|hours_es|hours_en|accessibility_notes_es|accessibility_notes_en|sms_phone|whatsapp_phone|address_line_1|address_line_2|city|postal_code|county"
"b34b0e49-696b-4043-b340-be0dfee17673","texas-foster-family-association-community-support-for-individuals-and-families","Texas Foster Family Association","Apoyo comunitario para personas y familias","Community support for individuals and families","published","25","41","61","16","additional_categories|eligibility_es|eligibility_en|required_documents_es|required_documents_en|hours_es|hours_en|accessibility_notes_es|accessibility_notes_en|sms_phone|whatsapp_phone|address_line_1|address_line_2|city|postal_code|county"
"01fee553-fb7d-4596-8c2b-76c1a6c7ad9d","texas-medicaid-medical-transportation","Texas Health and Human Services","Transporte médico no urgente de Medicaid","Medicaid non-emergency medical transportation","published","25","41","61","16","description_es|description_en|additional_categories|required_documents_es|required_documents_en|hours_es|hours_en|accessibility_notes_es|accessibility_notes_en|sms_phone|whatsapp_phone|email|address_line_1|address_line_2|city|postal_code"
"45d1f506-6093-411c-93f6-3e766cd8c226","texas-legal-services-center-texas-legal-services-center","Texas Legal Services Center","Texas Legal Services Center","Texas Legal Services Center","published","25","41","61","16","additional_categories|eligibility_es|eligibility_en|required_documents_es|required_documents_en|accessibility_notes_es|accessibility_notes_en|phone|sms_phone|whatsapp_phone|email|address_line_1|address_line_2|city|postal_code|county"
"c5857901-d965-4644-9c20-cd2202f2eb4a","texas-law-help-texas-law-help","Texas Legal Services Center (TLSC)","Asistencia legal y Recursos gratuitos","Free Legal Assistance & Resources","published","25","41","61","16","additional_categories|required_documents_es|required_documents_en|hours_es|hours_en|accessibility_notes_es|accessibility_notes_en|phone|sms_phone|whatsapp_phone|email|address_line_1|address_line_2|city|postal_code|county"
"e6ea2283-56c6-4012-979b-70edad0567b1","texas-parks-and-wildlife-department-tpwd-youth-development-and-recreation-programs","Texas Parks and Wildlife Department (TPWD)","Programas de desarrollo y recreación juvenil","Youth development and recreation programs","published","25","41","61","16","additional_categories|eligibility_es|eligibility_en|required_documents_es|required_documents_en|hours_es|hours_en|accessibility_notes_es|accessibility_notes_en|sms_phone|whatsapp_phone|address_line_1|address_line_2|city|postal_code|county"
"3a9cfb2b-3c64-46fb-981d-cb0cc1a101ba","texas-wildlife-association-education-and-learning-support-programs","Texas Wildlife Association","Programas educativos y apoyo al aprendizaje","Education and learning support programs","published","25","41","61","16","additional_categories|eligibility_es|eligibility_en|required_documents_es|required_documents_en|hours_es|hours_en|accessibility_notes_es|accessibility_notes_en|sms_phone|whatsapp_phone|address_line_1|address_line_2|city|postal_code|county"
"85303f47-6ce4-425d-bbd7-103377ee3183","the-georgetown-project-community-support-for-individuals-and-families","The Georgetown Project","Apoyo comunitario para personas y familias","Community support for individuals and families","published","25","41","61","16","additional_categories|eligibility_es|eligibility_en|required_documents_es|required_documents_en|hours_es|hours_en|accessibility_notes_es|accessibility_notes_en|sms_phone|whatsapp_phone|address_line_1|address_line_2|city|postal_code|county"
"5f2c362a-438a-4f1a-9a7e-f5d76a092c3b","the-goodwill-career-and-technical-academy-the-goodwill-career-and-technical-academy","The Goodwill Career and Technical Academy","Goodwill Career and Technical Academy","The Goodwill Career and Technical Academy","published","25","41","61","16","additional_categories|eligibility_es|eligibility_en|required_documents_es|required_documents_en|hours_es|hours_en|accessibility_notes_es|accessibility_notes_en|sms_phone|whatsapp_phone|address_line_1|address_line_2|city|postal_code|county"
"a922e19a-6fa5-4e4d-8621-48a7d7623ab7","the-settlement-home-for-children-post-adoption-services-support-for-foster-youth-and-families","The Settlement Home for Children Post-Adoption Services","Apoyo para jóvenes y familias de cuidado temporal","Support for foster youth and families","published","25","41","61","16","additional_categories|eligibility_es|eligibility_en|required_documents_es|required_documents_en|hours_es|hours_en|accessibility_notes_es|accessibility_notes_en|sms_phone|whatsapp_phone|address_line_1|address_line_2|city|postal_code|county"
"99d0d0b2-c82b-4fcb-b0d9-7fcd28a20721","thriving-hearts-crisis-center-previously-guadalupe-valley-family-violence-shelter-communit","Thriving Hearts Crisis Center (previously: Guadalupe Valley Family Violence Shelter)","Refugio y apoyo ante violencia doméstica, sexual y trata","Shelter and support for domestic violence, sexual assault, and trafficking","draft","25","41","61","16","additional_categories|languages|eligibility_es|eligibility_en|required_documents_es|required_documents_en|hours_es|hours_en|accessibility_notes_es|accessibility_notes_en|sms_phone|whatsapp_phone|address_line_1|address_line_2|city|postal_code"
"fe44121c-f3fc-45e0-bedb-ddceff9cd388","todos-juntos-learning-center-community-support-for-individuals-and-families","Todos Juntos Learning Center","Apoyo comunitario para personas y familias","Community support for individuals and families","published","25","41","61","16","additional_categories|eligibility_es|eligibility_en|required_documents_es|required_documents_en|hours_es|hours_en|accessibility_notes_es|accessibility_notes_en|sms_phone|whatsapp_phone|address_line_1|address_line_2|city|postal_code|county"
"2ddc9f82-7c49-4781-9c1e-b81cbef39535","travis-audubon-youth-development-and-recreation-programs","Travis Audubon","Programas de desarrollo y recreación juvenil","Youth development and recreation programs","published","25","41","61","16","additional_categories|eligibility_es|eligibility_en|required_documents_es|required_documents_en|hours_es|hours_en|accessibility_notes_es|accessibility_notes_en|sms_phone|whatsapp_phone|address_line_1|address_line_2|city|postal_code|county"
"6010a29b-f3eb-40ad-adef-d8de8b2b5515","trinity-center-at-st-david-s-episcopal-church-navigation-and-basic-needs-services","Trinity Center at St. David's Episcopal Church","Servicios de orientación y necesidades básicas","Navigation and basic-needs services","published","25","41","61","16","additional_categories|eligibility_es|eligibility_en|required_documents_es|required_documents_en|accessibility_notes_es|accessibility_notes_en|phone|sms_phone|whatsapp_phone|email|address_line_1|address_line_2|city|postal_code|county"
"c5211c29-1b7f-43fc-bbd3-209a9af4b1ad","university-united-methodist-church-open-door-breakfast-and-clothing","University United Methodist Church","Desayuno y ropa de Open Door","Open Door breakfast and clothing","published","25","41","61","16","additional_categories|eligibility_es|eligibility_en|required_documents_es|required_documents_en|accessibility_notes_es|accessibility_notes_en|phone|sms_phone|whatsapp_phone|email|address_line_1|address_line_2|city|postal_code|county"
"e20bd28c-bbc1-4ff3-89f4-f6493b731344","upbring-support-for-foster-youth-and-families","Upbring","Apoyo para jóvenes y familias de cuidado temporal","Support for foster youth and families","published","25","41","61","16","additional_categories|eligibility_es|eligibility_en|required_documents_es|required_documents_en|hours_es|hours_en|accessibility_notes_es|accessibility_notes_en|sms_phone|whatsapp_phone|address_line_1|address_line_2|city|postal_code|county"
"e2b49b45-73e8-4905-b97e-01ab1e099a9d","uplift-texas-food-and-basic-needs-assistance","Uplift Texas","Alimentos y asistencia para necesidades básicas","Food and basic-needs assistance","published","25","41","61","16","additional_categories|eligibility_es|eligibility_en|required_documents_es|required_documents_en|hours_es|hours_en|accessibility_notes_es|accessibility_notes_en|sms_phone|whatsapp_phone|address_line_1|address_line_2|city|postal_code|county"
"0d41a430-c159-4f9b-b8f4-2ed7b1cbc5cc","urban-roots-youth-development-and-recreation-programs","Urban Roots","Programas de desarrollo y recreación juvenil","Youth development and recreation programs","published","25","41","61","16","additional_categories|eligibility_es|eligibility_en|required_documents_es|required_documents_en|hours_es|hours_en|accessibility_notes_es|accessibility_notes_en|sms_phone|whatsapp_phone|address_line_1|address_line_2|city|postal_code|county"
"15dc36d5-f3d8-4799-a3b8-adc185a5ed8f","vela-disability-and-family-support","VELA","Apoyo para personas con discapacidades y sus familias","Disability and family support","published","25","41","61","16","additional_categories|eligibility_es|eligibility_en|required_documents_es|required_documents_en|hours_es|hours_en|accessibility_notes_es|accessibility_notes_en|sms_phone|whatsapp_phone|address_line_1|address_line_2|city|postal_code|county"
"bc94d411-db8d-4ba0-8571-2a8e964f289a","westcave-outdoor-discovery-center-youth-development-and-recreation-programs","Westcave Outdoor Discovery Center","Programas de desarrollo y recreación juvenil","Youth development and recreation programs","published","25","41","61","16","additional_categories|eligibility_es|eligibility_en|required_documents_es|required_documents_en|hours_es|hours_en|accessibility_notes_es|accessibility_notes_en|sms_phone|whatsapp_phone|address_line_1|address_line_2|city|postal_code|county"
"2f3dd17c-8a9b-47c0-95fd-499b693273c3","wcchd-wic-williamson","Williamson County and Cities Health District","Nutrición y beneficios WIC","WIC nutrition and food benefits","published","25","41","61","16","description_es|description_en|additional_categories|required_documents_es|required_documents_en|hours_es|hours_en|accessibility_notes_es|accessibility_notes_en|sms_phone|whatsapp_phone|email|address_line_1|address_line_2|city|postal_code"
"7b3c4f39-f752-49eb-b8c7-5fc858a65e3c","williamson-county-children-s-advocacy-center-education-and-learning-support-programs","Williamson County Children's Advocacy Center","Programas educativos y apoyo al aprendizaje","Education and learning support programs","published","25","41","61","16","additional_categories|eligibility_es|eligibility_en|required_documents_es|required_documents_en|hours_es|hours_en|accessibility_notes_es|accessibility_notes_en|sms_phone|whatsapp_phone|address_line_1|address_line_2|city|postal_code|county"
"6aaf57ab-6fc3-4e9d-83d8-917a1d53cab3","wonders-and-worries-community-support-for-individuals-and-families","Wonders & Worries","Apoyo comunitario para personas y familias","Community support for individuals and families","published","25","41","61","16","additional_categories|eligibility_es|eligibility_en|required_documents_es|required_documents_en|hours_es|hours_en|accessibility_notes_es|accessibility_notes_en|sms_phone|whatsapp_phone|address_line_1|address_line_2|city|postal_code|county"
"6c24c546-2575-4a93-8ac9-7afac780955b","workforce-solutions-rural-capital-area-child-care-services-financial-and-basic-needs-assistance","Workforce Solutions Rural Capital Area- Child Care Services","Asistencia financiera y apoyo para necesidades básicas","Financial and basic-needs assistance","published","25","41","61","16","additional_categories|eligibility_es|eligibility_en|required_documents_es|required_documents_en|hours_es|hours_en|accessibility_notes_es|accessibility_notes_en|sms_phone|whatsapp_phone|address_line_1|address_line_2|city|postal_code|county"
"a56bf4d3-8986-4009-b2d6-9c6273582a8d","zilker-botanical-garden-youth-development-and-recreation-programs","Zilker Botanical Garden","Programas de desarrollo y recreación juvenil","Youth development and recreation programs","published","25","41","61","16","additional_categories|eligibility_es|eligibility_en|required_documents_es|required_documents_en|hours_es|hours_en|accessibility_notes_es|accessibility_notes_en|sms_phone|whatsapp_phone|address_line_1|address_line_2|city|postal_code|county"
"d862c233-da6f-472f-85e0-c870f92b767b","agape-food-pantry-of-taylor-williamson","Agape Food Pantry of Taylor","Despensa de alimentos","Food pantry","draft","26","41","63","15","additional_categories|languages|eligibility_es|eligibility_en|required_documents_es|required_documents_en|accessibility_notes_es|accessibility_notes_en|phone|sms_phone|whatsapp_phone|email|website_url|address_line_2|city"
"a7b453f7-8679-4e59-9a1c-1fc605ae8251","all-saints-episcopal-church-housing-and-financial-assistance-travis","All Saints Episcopal Church","Asistencia con servicios públicos","Utility assistance","draft","26","41","63","15","additional_categories|languages|eligibility_es|eligibility_en|required_documents_es|required_documents_en|accessibility_notes_es|accessibility_notes_en|sms_phone|whatsapp_phone|email|website_url|address_line_2|city|source_url"
"a58a54dd-3379-4afa-8567-d13a3b44e632","austin-baptist-chapel-angel-house-soup-kitchen-travis","Austin Baptist Chapel - Angel House Soup Kitchen","Desayuno, almuerzo y duchas","Breakfast, lunch, and showers","draft","26","41","63","15","additional_categories|languages|eligibility_es|eligibility_en|required_documents_es|required_documents_en|accessibility_notes_es|accessibility_notes_en|phone|sms_phone|whatsapp_phone|email|website_url|address_line_2|city"
"3e6b0c83-aca9-4bd2-ad20-567164dd7776","austin-city-lutherans-bread-for-all-pantry-travis","Austin City Lutherans - Bread For All Pantry","Despensa de alimentos","Food pantry","draft","26","41","63","15","additional_categories|languages|eligibility_es|eligibility_en|required_documents_es|required_documents_en|accessibility_notes_es|accessibility_notes_en|phone|sms_phone|whatsapp_phone|email|website_url|address_line_2|city"
"cb4eac5a-a3cc-4b20-bc26-acd2d1a408e9","austin-energy-customer-assistance-program-discount","Austin Energy","Descuento del Programa de Asistencia al Cliente","Customer Assistance Program discount","published","26","41","63","15","additional_categories|eligibility_es|eligibility_en|required_documents_es|required_documents_en|accessibility_notes_es|accessibility_notes_en|sms_phone|whatsapp_phone|email|address_line_1|address_line_2|city|postal_code|county"
"6f1270dc-f7a5-48b2-898b-ccc088ca380b","austin-energy-financial-support-plus-1","Austin Energy","Apoyo financiero Plus 1","Financial Support Plus 1","published","26","41","63","15","additional_categories|eligibility_es|eligibility_en|required_documents_es|required_documents_en|accessibility_notes_es|accessibility_notes_en|sms_phone|whatsapp_phone|email|address_line_1|address_line_2|city|postal_code|county"
"463348b0-7ad0-4b4e-abe3-d9ab5afe50c5","austin-humane-society-community-support-williamson","Austin Humane Society","Alimentos y reubicación para mascotas","Pet food and rehoming support","draft","26","41","63","15","additional_categories|languages|eligibility_es|eligibility_en|required_documents_es|required_documents_en|hours_es|hours_en|accessibility_notes_es|accessibility_notes_en|sms_phone|whatsapp_phone|address_line_2|city|county"
"b3fa9911-7baf-40be-b0ea-8b2c2eea183b","inscripcion-escolar-en-linea-austin-isd","Austin ISD","Inscripción escolar en línea","Online student enrollment","published","26","41","63","15","additional_categories|required_documents_es|required_documents_en|hours_es|hours_en|accessibility_notes_es|accessibility_notes_en|sms_phone|whatsapp_phone|email|address_line_1|address_line_2|city|postal_code|county"
"cfba8357-d505-4dfe-acdd-0f97af507dfb","austin-tenants-council-now-a-project-of-texas-riogrande-legal-aid-austin-tenants-council-now-a-project-of-texa","Austin Tenants Council (Now a project of Texas RioGrande Legal Aid)","Austin Tenants Council","Austin Tenants Council (Now a project of Texas RioGrande Legal Aid)","published","26","41","63","15","additional_categories|eligibility_es|eligibility_en|required_documents_es|required_documents_en|accessibility_notes_es|accessibility_notes_en|sms_phone|whatsapp_phone|email|address_line_1|address_line_2|city|postal_code|county"
"7fa18f46-b399-464b-aad2-a7a363e16d3d","clinicas-de-inscripcion-a-seguro-medico-austin-voices-for-education-and-youth-avey","Austin Voices for Education and Youth (AVEY)","Clínicas de inscripción a seguro médico","Health insurance enrollment clinics","published","26","41","63","15","additional_categories|required_documents_es|required_documents_en|hours_es|hours_en|accessibility_notes_es|accessibility_notes_en|sms_phone|whatsapp_phone|email|address_line_1|address_line_2|city|postal_code|county"
"000603d6-1748-4b96-8b53-6199e5631544","ayuda-para-usar-mychart-austin-voices-for-education-and-youth-avey","Austin Voices for Education and Youth (AVEY)","Ayuda para usar MyChart","MyChart enrollment and technology help","published","26","41","63","15","additional_categories|required_documents_es|required_documents_en|hours_es|hours_en|accessibility_notes_es|accessibility_notes_en|sms_phone|whatsapp_phone|email|address_line_1|address_line_2|city|postal_code|county"
"5b47e493-90c7-4f89-92bf-a5d6a22e5021","bethany-united-methodist-church-travis","Bethany United Methodist Church","Despensa de alimentos","Food pantry","draft","26","41","63","15","additional_categories|languages|eligibility_es|eligibility_en|required_documents_es|required_documents_en|accessibility_notes_es|accessibility_notes_en|phone|sms_phone|whatsapp_phone|email|website_url|address_line_2|city"
"04223034-598c-435c-8d68-62d308b7bd07","camp-haven-sanctuary-housing-and-financial-assistance-bastrop","Camp Haven Sanctuary","Comidas preparadas","Prepared meals","draft","26","41","63","15","additional_categories|languages|eligibility_es|eligibility_en|required_documents_es|required_documents_en|hours_es|hours_en|accessibility_notes_es|accessibility_notes_en|sms_phone|whatsapp_phone|address_line_2|city|postal_code"
"bdd2ff76-896e-4c89-b3b5-165a07d3dca0","care-patrol-of-central-and-south-austin-health-and-personal-support-travis","Care Patrol of Central and South Austin","Orientación para encontrar cuidado de adultos mayores","Senior care placement guidance","draft","26","41","63","15","additional_categories|languages|required_documents_es|required_documents_en|hours_es|hours_en|accessibility_notes_es|accessibility_notes_en|sms_phone|whatsapp_phone|email|address_line_1|address_line_2|city|postal_code"
"f885dbcf-e491-4038-a9ed-21fa7f9f3d15","care-patrol-of-north-austin-health-and-personal-support-williamson","Care Patrol of North Austin","Orientación para encontrar cuidado de adultos mayores","Senior care placement guidance","draft","26","41","63","15","additional_categories|languages|required_documents_es|required_documents_en|hours_es|hours_en|accessibility_notes_es|accessibility_notes_en|sms_phone|whatsapp_phone|email|address_line_1|address_line_2|city|postal_code"
"8530f854-23bc-4aff-b12a-440aec12856a","catholic-charities-immigration-williamson","Catholic Charities of Central Texas","Asistencia legal de inmigración","Immigration legal assistance","published","26","41","63","15","description_es|description_en|additional_categories|eligibility_es|eligibility_en|required_documents_es|required_documents_en|hours_es|hours_en|accessibility_notes_es|accessibility_notes_en|sms_phone|whatsapp_phone|email|address_line_2"
"81aed914-dad6-4fe4-b48c-c92c60037606","catholic-charities-of-central-texas-catholic-charities-of-central-texas","Catholic Charities of Central Texas","Asistencia financiera","Financial assistance","published","26","41","63","15","additional_categories|eligibility_es|eligibility_en|required_documents_es|required_documents_en|accessibility_notes_es|accessibility_notes_en|sms_phone|whatsapp_phone|email|address_line_1|address_line_2|city|postal_code|county"
"4373e6a6-5522-4535-9164-e035461f5632","cedar-creek-united-methodist-church-bastrop","Cedar Creek United Methodist Church","Despensa de alimentos","Food pantry","archived","26","41","63","15","additional_categories|languages|eligibility_es|eligibility_en|required_documents_es|required_documents_en|accessibility_notes_es|accessibility_notes_en|phone|sms_phone|whatsapp_phone|email|website_url|address_line_2|city"
"cc1e8755-504a-4bb2-8af6-0b86dd9d9fa3","centros-de-salud-y-bienestar-central-health","Central Health","Centros de salud y bienestar","Health and wellness centers","published","26","41","63","15","additional_categories|required_documents_es|required_documents_en|hours_es|hours_en|accessibility_notes_es|accessibility_notes_en|sms_phone|whatsapp_phone|email|address_line_1|address_line_2|city|postal_code|county"
"ff3e097d-18c5-46a3-8d4c-d5d7090f9fff","central-health-medical-access-program-map-health-and-personal-support-travis","Central Health Medical Access Program (MAP)","Acceso médico MAP para personas sin seguro","MAP health access for uninsured residents","draft","26","41","63","15","additional_categories|languages|required_documents_es|required_documents_en|hours_es|hours_en|accessibility_notes_es|accessibility_notes_en|sms_phone|whatsapp_phone|email|address_line_1|address_line_2|city|postal_code"
"289575a2-533f-40c9-80ba-2493c04e34b5","central-texas-lawyer-referral-service-central-texas-lawyer-referral-service","Central Texas Lawyer Referral Service","Referencia de Abogados en Austin, TX (Lawyer Referral of Central TX)","Central Texas Lawyer Referral Service","published","26","41","63","15","additional_categories|eligibility_es|eligibility_en|required_documents_es|required_documents_en|accessibility_notes_es|accessibility_notes_en|sms_phone|whatsapp_phone|email|address_line_1|address_line_2|city|postal_code|county"
"7494d0b6-cbba-4835-a634-d310990f0510","childcare-subsidy-hotline-for-military-families-community-support-burnet","Childcare subsidy hotline for military families","Apoyo para niños y familias","Child and family support","archived","26","41","63","15","additional_categories|languages|required_documents_es|required_documents_en|hours_es|hours_en|accessibility_notes_es|accessibility_notes_en|sms_phone|whatsapp_phone|email|address_line_1|address_line_2|city|postal_code"
"c002ff3c-046f-46e5-bd87-4e9ad8ec82ac","city-reach-church-williamson","City Reach Church","Despensa de alimentos","Food pantry","draft","26","41","63","15","additional_categories|languages|eligibility_es|eligibility_en|required_documents_es|required_documents_en|accessibility_notes_es|accessibility_notes_en|phone|sms_phone|whatsapp_phone|email|website_url|address_line_2|city"
"9b69d51f-cb43-4c93-ba58-19dafd8f7eea","community-resource-center-community-support-burnet","Community Resource Center","Navegación integral de recursos","Comprehensive resource navigation","draft","26","41","63","15","additional_categories|languages|eligibility_es|eligibility_en|required_documents_es|required_documents_en|hours_es|hours_en|accessibility_notes_es|accessibility_notes_en|sms_phone|whatsapp_phone|email|address_line_2|city"
"9705f473-749a-45d8-aa10-c1c7e7b35537","atencion-medica-primaria-y-especializada-communitycare-health-centers","CommUnityCare Health Centers","Atención médica primaria y especializada","Primary and Specialty Health Care","published","26","41","63","15","additional_categories|required_documents_es|required_documents_en|hours_es|hours_en|accessibility_notes_es|accessibility_notes_en|sms_phone|whatsapp_phone|email|address_line_1|address_line_2|city|postal_code|county"
"e80c7223-8a58-48b3-a796-556333001f2d","david-chapel-missionary-baptist-church-david-chapel-missionary-baptist-church","David Chapel Missionary Baptist Church","David Chapel Missionary Baptist Church","David Chapel Missionary Baptist Church","published","26","41","63","15","additional_categories|eligibility_es|eligibility_en|required_documents_es|required_documents_en|accessibility_notes_es|accessibility_notes_en|sms_phone|whatsapp_phone|email|address_line_1|address_line_2|city|postal_code|county"
"5721a97c-d903-4727-8df1-3cf667905448","experience-works-work-force-solutions-education-and-employment-williamson","Experience Works: Work Force Solutions","Empleo para adultos de 55 años o más","Employment for adults age 55 and older","draft","26","41","63","15","additional_categories|languages|required_documents_es|required_documents_en|hours_es|hours_en|accessibility_notes_es|accessibility_notes_en|sms_phone|whatsapp_phone|email|website_url|address_line_2|city|source_url"
"cb85a753-658c-491e-96e3-3afb16e5b232","family-crisis-center-housing-and-financial-assistance-bastrop","Family Crisis Center","Refugio de emergencia y vivienda transicional","Emergency shelter and transitional housing","draft","26","41","63","15","additional_categories|languages|eligibility_es|eligibility_en|required_documents_es|required_documents_en|hours_es|hours_en|accessibility_notes_es|accessibility_notes_en|sms_phone|whatsapp_phone|address_line_2|city|county"
"35abf4cb-a77e-4fa9-a60a-a7646ce5a699","farmshare-austin-mobile-food-markets","Farmshare Austin","Mercados móviles de alimentos","Mobile food markets","published","26","41","63","15","additional_categories|eligibility_es|eligibility_en|required_documents_es|required_documents_en|accessibility_notes_es|accessibility_notes_en|sms_phone|whatsapp_phone|email|address_line_1|address_line_2|city|postal_code|county"
"b8e7054e-8c27-4d9e-862a-816e61e2f38a","ferallife-guards-community-support-leander","Ferallife Guards","Santuario y apoyo para gatos ferales","Feral cat sanctuary and support","draft","26","41","63","15","additional_categories|languages|eligibility_es|eligibility_en|required_documents_es|required_documents_en|hours_es|hours_en|accessibility_notes_es|accessibility_notes_en|phone|sms_phone|whatsapp_phone|address_line_2|county"
"9c7159f5-e24a-4847-9947-88357e965652","buscador-de-ayuda-comunitaria-findhelp-and-texas-2-1-1","findhelp and Texas 2-1-1","Buscador de ayuda comunitaria","Community assistance search","published","26","41","63","15","additional_categories|required_documents_es|required_documents_en|hours_es|hours_en|accessibility_notes_es|accessibility_notes_en|sms_phone|whatsapp_phone|email|address_line_1|address_line_2|city|postal_code|county"
"4021def8-f9cc-41f0-ae91-07aa7d128b49","first-baptist-church-of-bastrop-bastrop","First Baptist Church of Bastrop","Despensa de alimentos","Food pantry","draft","26","41","63","15","additional_categories|languages|eligibility_es|eligibility_en|required_documents_es|required_documents_en|accessibility_notes_es|accessibility_notes_en|phone|sms_phone|whatsapp_phone|email|website_url|address_line_2|city"
"9453be7c-8e5c-4b14-8eb7-f6b0e768f622","first-united-methodist-church-paula-s-food-pantry-and-clothes-closet-travis","First United Methodist Church - Paula's Food Pantry and Clothes Closet","Despensa de alimentos","Food pantry","draft","26","41","63","15","additional_categories|languages|eligibility_es|eligibility_en|required_documents_es|required_documents_en|accessibility_notes_es|accessibility_notes_en|sms_phone|whatsapp_phone|email|website_url|address_line_2|city|postal_code"
"14f1ca2f-8ec3-4100-84b2-d250789f00f2","florence-high-school-williamson","Florence High School","Despensa de alimentos","Food pantry","draft","26","41","63","15","additional_categories|languages|eligibility_es|eligibility_en|required_documents_es|required_documents_en|accessibility_notes_es|accessibility_notes_en|phone|sms_phone|whatsapp_phone|email|website_url|address_line_2|city"
"e1e1ed73-0168-4d78-b8bf-e585e239fd17","foundation-communities-crossroads-travis","Foundation Communities - Crossroads","Despensa de alimentos","Food pantry","draft","26","41","63","15","additional_categories|languages|eligibility_es|eligibility_en|required_documents_es|required_documents_en|accessibility_notes_es|accessibility_notes_en|phone|sms_phone|whatsapp_phone|email|website_url|address_line_2|city"
"7bcc2322-b8df-482d-9eb7-3caccadb3ac6","foundation-communities-parker-lane-travis","Foundation Communities - Parker Lane","Despensa de alimentos","Food pantry","draft","26","41","63","15","additional_categories|languages|eligibility_es|eligibility_en|required_documents_es|required_documents_en|accessibility_notes_es|accessibility_notes_en|phone|sms_phone|whatsapp_phone|email|website_url|address_line_2|city"
"fb064d44-73e3-40c1-87d3-12ae0b1238d7","goodwill-industries-of-ct-round-rock-job-center-education-and-employment-williamson","GoodWill Industries of CT : Round Rock Job Center","Empleo y capacitación laboral","Employment and job training","draft","26","41","63","15","additional_categories|languages|eligibility_es|eligibility_en|required_documents_es|required_documents_en|accessibility_notes_es|accessibility_notes_en|phone|sms_phone|whatsapp_phone|email|website_url|address_line_2|city"
"4dc89832-c9ea-49e6-bc2d-bd278cab15c9","habitat-williamson-county-housing","Habitat for Humanity of Williamson County","Vivienda asequible y reparación de hogares","Affordable housing and home repair","published","26","41","63","15","description_es|description_en|additional_categories|eligibility_es|eligibility_en|required_documents_es|required_documents_en|hours_es|hours_en|accessibility_notes_es|accessibility_notes_en|sms_phone|whatsapp_phone|email|address_line_2"
"0a694ac2-0ba4-49dd-8c00-ed099b63f9fe","hill-country-community-ministries-williamson","Hill Country Community Ministries","Despensa de alimentos","Food pantry","archived","26","41","63","15","additional_categories|languages|eligibility_es|eligibility_en|required_documents_es|required_documents_en|accessibility_notes_es|accessibility_notes_en|phone|sms_phone|whatsapp_phone|email|website_url|address_line_2|city"
"bd5ea969-5ec3-4ba9-a2c1-46078ce1f874","hutto-resource-center-williamson","Hutto Resource Center","Despensa de alimentos","Food pantry","archived","26","41","63","15","additional_categories|languages|eligibility_es|eligibility_en|required_documents_es|required_documents_en|accessibility_notes_es|accessibility_notes_en|phone|sms_phone|whatsapp_phone|email|website_url|address_line_2|city"
"1d7dbe0a-6df7-4da0-a0b7-9cd13a08c825","integral-care-integral-care","Integral Care","Servicios de apoyo para vivienda","Housing support services","published","26","41","63","15","additional_categories|eligibility_es|eligibility_en|required_documents_es|required_documents_en|accessibility_notes_es|accessibility_notes_en|sms_phone|whatsapp_phone|email|address_line_1|address_line_2|city|postal_code|county"
"17c50a5a-e3b0-49a2-a0ca-42038cd52dbc","jarrell-isd-cafeteria-williamson","Jarrell ISD Cafeteria","Despensa de alimentos","Food pantry","draft","26","41","63","15","additional_categories|languages|eligibility_es|eligibility_en|required_documents_es|required_documents_en|accessibility_notes_es|accessibility_notes_en|phone|sms_phone|whatsapp_phone|email|website_url|address_line_2|city"
"0eee98d2-8575-4220-bd3a-3e7934d56b8d","knights-of-columbus-hall-williamson","Knights of Columbus Hall","Despensa de alimentos","Food pantry","draft","26","41","63","15","additional_categories|languages|eligibility_es|eligibility_en|required_documents_es|required_documents_en|accessibility_notes_es|accessibility_notes_en|phone|sms_phone|whatsapp_phone|email|website_url|address_line_2|city"
"29117cb0-2d56-4dc2-9abd-dbe455dcf335","lagrange-va-clinic-community-support-lagrange","LaGrange VA Clinic","Atención primaria y telesalud para veteranos","Primary care and telehealth for Veterans","draft","26","41","63","15","additional_categories|languages|eligibility_es|eligibility_en|required_documents_es|required_documents_en|hours_es|hours_en|accessibility_notes_es|accessibility_notes_en|sms_phone|whatsapp_phone|email|website_url|address_line_2"
"f4540f06-84ce-419b-89a5-050cde1f0a0b","lifeworks-youth-only-lifeworks-youth-only","Lifeworks (youth only)","Lifeworks (solamente para jóvenes)","Lifeworks (youth only)","published","26","41","63","15","additional_categories|eligibility_es|eligibility_en|required_documents_es|required_documents_en|accessibility_notes_es|accessibility_notes_en|sms_phone|whatsapp_phone|email|address_line_1|address_line_2|city|postal_code|county"
"6aaaceb5-440b-463b-b09b-81c9752bc509","literacy-council-williamson-county","Literacy Council of Williamson County","Literacy Council of Williamson County","Literacy Council of Williamson County","published","26","41","63","15","additional_categories|required_documents_es|required_documents_en|hours_es|hours_en|accessibility_notes_es|accessibility_notes_en|phone|sms_phone|whatsapp_phone|email|address_line_1|address_line_2|city|postal_code"
"888bd867-54c7-43c0-82e8-d001a93ff884","lone-star-circle-of-care-cedar-park","Lone Star Circle of Care","Clínica comunitaria de Cedar Park","Cedar Park community health clinic","published","26","41","63","15","description_es|description_en|additional_categories|eligibility_es|eligibility_en|required_documents_es|required_documents_en|hours_es|hours_en|accessibility_notes_es|accessibility_notes_en|sms_phone|whatsapp_phone|email|address_line_2"
"8c8bd10e-3cb9-4468-a73b-fd7f845879ce","operation-liberty-hill-food-pantry","Operation Liberty Hill","Despensa de alimentos de Liberty Hill","Liberty Hill food pantry","published","26","41","63","15","description_es|description_en|additional_categories|eligibility_es|eligibility_en|required_documents_es|required_documents_en|hours_es|hours_en|accessibility_notes_es|accessibility_notes_en|sms_phone|whatsapp_phone|email|address_line_2"
"e7858484-4606-4481-8395-617996075df6","owbc-energy-assistance","Opportunities for Williamson & Burnet Counties","Asistencia de energía y autosuficiencia","Energy assistance and self-sufficiency support","published","26","41","63","15","description_es|description_en|additional_categories|eligibility_es|eligibility_en|required_documents_es|required_documents_en|hours_es|hours_en|accessibility_notes_es|accessibility_notes_en|sms_phone|whatsapp_phone|email|address_line_2"
"1d2d1884-7434-4415-8cfc-528019ce7c92","pflugerville-mobile-food-pantry-travis","Pflugerville Mobile Food Pantry","Despensa de alimentos","Food pantry","draft","26","41","63","15","additional_categories|languages|eligibility_es|eligibility_en|required_documents_es|required_documents_en|accessibility_notes_es|accessibility_notes_en|phone|sms_phone|whatsapp_phone|email|website_url|address_line_2|city"
"7b215691-6eb6-4155-8e57-c96b1a28348e","veteranos-rojo-blanco-y-azul-del-condado-de-bastrop-red-white-blue-veterans-of-bastrop-county","Red, White & Blue Veterans of Bastrop County","Apoyo a organizaciones que sirven a veteranos","Support for Veteran-serving organizations","draft","26","41","63","15","additional_categories|required_documents_es|required_documents_en|application_steps_es|application_steps_en|hours_en|accessibility_notes_es|accessibility_notes_en|sms_phone|whatsapp_phone|address_line_1|address_line_2|city|postal_code|county"
"3a0bcba9-a978-4028-ab4d-2236b422b9a1","rockbridge-church-williamson","Rockbridge Church","Despensa de alimentos","Food pantry","draft","26","41","63","15","additional_categories|languages|eligibility_es|eligibility_en|required_documents_es|required_documents_en|accessibility_notes_es|accessibility_notes_en|phone|sms_phone|whatsapp_phone|email|website_url|address_line_2|city"
"fde51845-50af-4fe0-94ce-fc195c1d958c","round-mountain-baptist-church-williamson","Round Mountain Baptist Church","Despensa de alimentos","Food pantry","draft","26","41","63","15","additional_categories|languages|eligibility_es|eligibility_en|required_documents_es|required_documents_en|accessibility_notes_es|accessibility_notes_en|phone|sms_phone|whatsapp_phone|email|website_url|address_line_2|city"
"f931eedf-7c96-492c-9e0f-0485c19858b2","sacred-heart-catholic-church-elgin-society-of-st-vincent-de-paul-bastrop","Sacred Heart Catholic Church (Elgin)- Society of St. Vincent De Paul","Despensa de alimentos","Food pantry","draft","26","41","63","15","additional_categories|languages|eligibility_es|eligibility_en|required_documents_es|required_documents_en|accessibility_notes_es|accessibility_notes_en|phone|sms_phone|whatsapp_phone|email|website_url|address_line_2|city"
"c312730e-a013-41e6-b4f5-2077fa524a70","schulenberg-area-food-pantry-fayette","Schulenberg Area Food Pantry","Despensa de alimentos","Food pantry","draft","26","41","63","15","additional_categories|languages|eligibility_es|eligibility_en|required_documents_es|required_documents_en|accessibility_notes_es|accessibility_notes_en|sms_phone|whatsapp_phone|email|website_url|address_line_2|city|postal_code"
"816640c8-8ce7-4d6e-939b-2ac02ace2b49","shepherds-heart-taylor-assistance","Shepherd's Heart Food Pantry","Despensa y asistencia de Taylor","Taylor food pantry and assistance","published","26","41","63","15","description_es|description_en|additional_categories|eligibility_es|eligibility_en|required_documents_es|required_documents_en|hours_es|hours_en|accessibility_notes_es|accessibility_notes_en|sms_phone|whatsapp_phone|email|address_line_2"
"90fac26c-438c-4140-b287-ead460a95870","shoreline-north-austin-mobile-pantry-travis","Shoreline - North Austin Mobile Pantry","Despensa de alimentos","Food pantry","draft","26","41","63","15","additional_categories|languages|eligibility_es|eligibility_en|required_documents_es|required_documents_en|accessibility_notes_es|accessibility_notes_en|phone|sms_phone|whatsapp_phone|email|website_url|address_line_2|city"
"c65384a6-0859-4ba8-8c8b-aba0aff5fc07","st-austin-catholic-parish-newman-hall-rent-and-utility-assistance-st-austin-catholic-parish-newman-hall-rent-a","St. Austin Catholic Parish, Newman Hall Rent and utility assistance","St. Austin Catholic Parish, Newman Hall, Ayuda para el alquiler y los servicios públicos.","St. Austin Catholic Parish, Newman Hall Rent and utility assistance","published","26","41","63","15","additional_categories|eligibility_es|eligibility_en|required_documents_es|required_documents_en|accessibility_notes_es|accessibility_notes_en|sms_phone|whatsapp_phone|email|address_line_1|address_line_2|city|postal_code|county"
"c3fa79c2-8092-4bd6-9e5b-dff2f71ca79c","st-george-s-senior-housing-st-george-s-senior-housing","St. George’s Senior Housing","St. George’s Court Apartments","St. George’s Senior Housing","published","26","41","63","15","additional_categories|eligibility_es|eligibility_en|required_documents_es|required_documents_en|accessibility_notes_es|accessibility_notes_en|sms_phone|whatsapp_phone|email|address_line_1|address_line_2|city|postal_code|county"
"7a509cc3-5721-482e-80ec-dec41bfa4b92","st-vincent-de-paul-church-housing-and-financial-assistance-travis","St. Vincent De Paul Church","Apoyo comunitario","Community support","draft","26","41","63","15","additional_categories|languages|eligibility_es|eligibility_en|accessibility_notes_es|accessibility_notes_en|sms_phone|whatsapp_phone|email|website_url|address_line_1|address_line_2|city|postal_code|source_url"
"9e191230-a620-46e8-b92b-64bf244770c9","stonehaven-resident-council-williamson","Stonehaven Resident Council","Despensa de alimentos","Food pantry","draft","26","41","63","15","additional_categories|languages|eligibility_es|eligibility_en|required_documents_es|required_documents_en|accessibility_notes_es|accessibility_notes_en|phone|sms_phone|whatsapp_phone|email|website_url|address_line_2|city"
"2c99f837-d066-4da3-888b-3103fae05249","sunrise-homeless-navigation-center-sunrise-homeless-navigation-center","Sunrise Homeless Navigation Center","Sunrise Homeless Navigation Center","Sunrise Homeless Navigation Center","published","26","41","63","15","additional_categories|eligibility_es|eligibility_en|required_documents_es|required_documents_en|accessibility_notes_es|accessibility_notes_en|sms_phone|whatsapp_phone|email|address_line_1|address_line_2|city|postal_code|county"
"55293ada-037d-4b0d-87ca-37a5ed2da6eb","solicitud-de-medicaid-chip-y-snap-texas-health-and-human-services","Texas Health and Human Services","Solicitud de Medicaid, CHIP y SNAP","Medicaid, CHIP, and SNAP applications","published","26","41","63","15","additional_categories|required_documents_es|required_documents_en|hours_es|hours_en|accessibility_notes_es|accessibility_notes_en|sms_phone|whatsapp_phone|email|address_line_1|address_line_2|city|postal_code|county"
"c684ec11-0b77-469e-a1ab-ae9677758537","texas-humane-heroes-community-support-williamson","Texas Humane Heroes","Clínica veterinaria de bajo costo","Low-cost veterinary clinic","draft","26","41","63","15","additional_categories|languages|eligibility_es|eligibility_en|required_documents_es|required_documents_en|hours_es|hours_en|accessibility_notes_es|accessibility_notes_en|sms_phone|whatsapp_phone|address_line_2|city|county"
"8175213d-f9d2-4de0-8bd1-78f357b68800","texas-riogrande-legal-aid-texas-riogrande-legal-aid","Texas RioGrande Legal Aid","Texas RioGrande Legal Aid (TRLA)","Texas RioGrande Legal Aid","archived","26","41","63","15","additional_categories|eligibility_es|eligibility_en|required_documents_es|required_documents_en|accessibility_notes_es|accessibility_notes_en|sms_phone|whatsapp_phone|email|address_line_1|address_line_2|city|postal_code|county"
"11d31d56-84c0-4f93-b048-ca140c5d554a","nutricion-y-beneficios-wic-texas-wic","Texas WIC","Nutrición y beneficios WIC","WIC nutrition and food benefits","published","26","41","63","15","additional_categories|required_documents_es|required_documents_en|hours_es|hours_en|accessibility_notes_es|accessibility_notes_en|sms_phone|whatsapp_phone|email|address_line_1|address_line_2|city|postal_code|county"
"50b24b7d-a6fc-4cd4-8b6b-a640bbcca1cc","travis-co-jonestown-community-center-travis","Travis Co. Jonestown Community Center","Despensa de alimentos","Food pantry","draft","26","41","63","15","additional_categories|languages|eligibility_es|eligibility_en|required_documents_es|required_documents_en|accessibility_notes_es|accessibility_notes_en|phone|sms_phone|whatsapp_phone|email|website_url|address_line_2|city"
"d36eecda-5e83-4dde-9a35-e72390ed18e8","travis-county-community-food-pantries-travis","Travis County Community Food Pantries","Acceso a despensas del condado","County food pantry access","draft","26","41","63","15","additional_categories|languages|eligibility_es|eligibility_en|required_documents_es|required_documents_en|accessibility_notes_es|accessibility_notes_en|sms_phone|whatsapp_phone|email|address_line_1|address_line_2|city|postal_code"
"828d195d-7826-43fa-9380-ad44e468a936","ut-austin-school-of-nursing-family-wellness-center","UT Austin School of Nursing","Centro de Bienestar Familiar","Family Wellness Center","published","26","41","63","15","additional_categories|eligibility_es|eligibility_en|required_documents_es|required_documents_en|accessibility_notes_es|accessibility_notes_en|sms_phone|whatsapp_phone|email|address_line_1|address_line_2|city|postal_code|county"
"c81ada7a-35f9-4f2c-8282-303c82c3b30c","williamson-county-family-recovery-court","Williamson County","Tribunal de Recuperación Familiar de Williamson County","Williamson County Family Recovery Court","published","26","41","63","15","additional_categories|required_documents_es|required_documents_en|hours_es|hours_en|accessibility_notes_es|accessibility_notes_en|phone|sms_phone|whatsapp_phone|email|address_line_1|address_line_2|city|postal_code"
"bb95d5c7-253a-4a94-be18-40a11ee4bba4","servicios-para-adultos-mayores-del-condado-de-williamson-williamson-county","Williamson County","Servicios para Adultos Mayores del Condado de Williamson","Williamson County Senior Services","draft","26","41","63","15","additional_categories|required_documents_es|required_documents_en|hours_es|hours_en|accessibility_notes_es|accessibility_notes_en|phone|sms_phone|whatsapp_phone|email|address_line_1|address_line_2|city|postal_code"
"e1197279-4df7-4b77-b01c-ab424e431f13","wcchd-wilco-care","Williamson County and Cities Health District","WilCo Care para atención médica","WilCo Care health coverage assistance","published","26","41","63","15","description_es|description_en|additional_categories|required_documents_es|required_documents_en|hours_es|hours_en|accessibility_notes_es|accessibility_notes_en|sms_phone|whatsapp_phone|address_line_1|address_line_2|city|postal_code"
"37bd8b8e-1c14-47a0-b5e2-b812761ab0c4","williamson-county-court-appointed-attorney","Williamson County Indigent Defense","Williamson County – Abogado Designado por el Tribunal","Williamson County – Court-Appointed Attorney","published","26","41","63","15","additional_categories|required_documents_es|required_documents_en|hours_es|hours_en|accessibility_notes_es|accessibility_notes_en|phone|sms_phone|whatsapp_phone|email|address_line_1|address_line_2|city|postal_code"
"e3599bf1-0015-4bc7-a032-7c527276b0ed","williamson-county-regional-animal-shelter-community-support-williamson","Williamson County Regional Animal Shelter","Esterilización gratuita de gatos comunitarios","Free spay and neuter for community cats","draft","26","41","63","15","additional_categories|languages|eligibility_es|eligibility_en|required_documents_es|required_documents_en|hours_es|hours_en|accessibility_notes_es|accessibility_notes_en|sms_phone|whatsapp_phone|email|address_line_2|city"
"ccb0fa48-92d1-47f8-bc9a-e316017bb581","williamson-county-regional-animal-shelter-community-support-williamson-2","Williamson County Regional Animal Shelter","Refugio del condado y servicios para mascotas","County shelter and pet services","draft","26","41","63","15","additional_categories|languages|eligibility_es|eligibility_en|required_documents_es|required_documents_en|hours_es|hours_en|accessibility_notes_es|accessibility_notes_en|sms_phone|whatsapp_phone|email|address_line_2|city"
"c8dbfac7-9f96-46ce-9968-5f58ebec7f72","workforce-solutions-rural-capital-area-williamson","Workforce Solutions Rural Capital Area","Workforce Solutions Rural Capital Area","Workforce Solutions Rural Capital Area","published","26","41","63","15","additional_categories|required_documents_es|required_documents_en|hours_es|hours_en|accessibility_notes_es|accessibility_notes_en|phone|sms_phone|whatsapp_phone|email|address_line_1|address_line_2|city|postal_code"
"09b70bc8-2b35-4b78-a14a-bb542429f16e","zion-chapel-missionary-baptist-church-williamson","Zion Chapel Missionary Baptist Church","Despensa de alimentos","Food pantry","draft","26","41","63","15","additional_categories|languages|eligibility_es|eligibility_en|required_documents_es|required_documents_en|accessibility_notes_es|accessibility_notes_en|phone|sms_phone|whatsapp_phone|email|website_url|address_line_2|city"
"85ae1fe5-bc9d-4fe0-9e45-49679d8a82ab","austin-blessings-food-pantry-austin-blessings-outreach-center-travis","Austin Blessings Food Pantry: Austin Blessings Outreach Center","Despensa de alimentos","Food pantry","draft","27","41","66","14","additional_categories|languages|eligibility_es|eligibility_en|required_documents_es|required_documents_en|accessibility_notes_es|accessibility_notes_en|phone|sms_phone|whatsapp_phone|email|address_line_2|city"
"ee95ff9f-f117-400f-8781-1e243600520a","austin-blessings-food-pantry-austin-reconciliation-church-travis","Austin Blessings Food Pantry: Austin Reconciliation Church","Despensa de alimentos","Food pantry","draft","27","41","66","14","additional_categories|languages|eligibility_es|eligibility_en|required_documents_es|required_documents_en|accessibility_notes_es|accessibility_notes_en|phone|sms_phone|whatsapp_phone|email|address_line_2|city"
"f75751d5-0532-460c-9db1-e97ceba68cab","faith-presbyterian-church-faith-presbyterian-church","Austin City Lutherans & Faith Presbyterian Church","Bread for All Food Pantry","Despensa de Alimentos Pan para Todos","published","27","41","66","14","additional_categories|eligibility_es|eligibility_en|required_documents_es|required_documents_en|application_steps_es|application_steps_en|accessibility_notes_es|accessibility_notes_en|sms_phone|whatsapp_phone|email|address_line_2|verification_notes"
"86c3acdb-ed8d-478e-8675-fef74c56417a","austin-community-law-center-affordable-legal-representation","Austin Community Law Center","Servicios legales económicos","Affordable legal representation","published","27","41","66","14","additional_categories|required_documents_es|required_documents_en|accessibility_notes_es|accessibility_notes_en|sms_phone|whatsapp_phone|email|address_line_1|address_line_2|city|state|postal_code|county"
"12bd6cff-ffaa-48c0-9d3f-9239ff15efa5","austin-va-clinic-community-support-travis","Austin VA Clinic","Atención médica especializada para veteranos","Specialty health care for Veterans","draft","27","41","66","14","additional_categories|languages|eligibility_es|eligibility_en|required_documents_es|required_documents_en|accessibility_notes_es|accessibility_notes_en|sms_phone|whatsapp_phone|email|website_url|address_line_2|city"
"a40fba36-1d16-4abf-b8f8-0ff41173d148","baptist-children-s-home-baptist-children-s-home","Baptist Children’s Home","Baptist Children’s Home","Baptist Children’s Home","published","27","41","66","14","additional_categories|eligibility_es|eligibility_en|required_documents_es|required_documents_en|accessibility_notes_es|accessibility_notes_en|sms_phone|whatsapp_phone|address_line_1|address_line_2|city|postal_code|county"
"9124771b-1610-4770-aa68-e9fd890abc49","baptist-community-center-housing-and-financial-assistance-travis","Baptist Community Center","Asistencia con renta, hipoteca y servicios","Rent, mortgage, and utility assistance","draft","27","41","66","14","additional_categories|languages|eligibility_es|eligibility_en|accessibility_notes_es|accessibility_notes_en|phone|sms_phone|whatsapp_phone|email|website_url|address_line_2|city|source_url"
"65c9a24e-e45b-4772-a0f3-2d8d7cf197a0","bethany-christian-church-travis","Bethany Christian Church","Despensa de alimentos","Food pantry","draft","27","41","66","14","additional_categories|languages|eligibility_es|eligibility_en|required_documents_es|required_documents_en|accessibility_notes_es|accessibility_notes_en|sms_phone|whatsapp_phone|email|website_url|address_line_2|city"
"c13e76f8-74bf-4ecb-8fa8-850629889544","bluebonnet-trails-mental-health-williamson","Bluebonnet Trails Community Services","Servicios de salud mental y crisis","Mental health and crisis services","archived","27","41","66","14","description_es|description_en|additional_categories|required_documents_es|required_documents_en|accessibility_notes_es|accessibility_notes_en|sms_phone|whatsapp_phone|email|address_line_1|address_line_2|city|postal_code"
"cb5732bd-032f-4146-9f6f-dfdc426a8a46","cedar-park-va-clinic-community-support-williamson","Cedar Park VA Clinic","Atención primaria y especializada para veteranos","Primary and specialty care for Veterans","draft","27","41","66","14","additional_categories|languages|eligibility_es|eligibility_en|required_documents_es|required_documents_en|accessibility_notes_es|accessibility_notes_en|sms_phone|whatsapp_phone|email|website_url|address_line_2|city"
"56a4db04-9efb-4b9d-80f3-eb3d64708c62","church-of-the-harvest-williamson","Church of the Harvest","Despensa de alimentos","Food pantry","draft","27","41","66","14","additional_categories|languages|eligibility_es|eligibility_en|required_documents_es|required_documents_en|accessibility_notes_es|accessibility_notes_en|sms_phone|whatsapp_phone|email|website_url|address_line_2|city"
"539f2929-8496-4a25-acf4-588a4b00b864","combined-community-action-inc-housing-and-financial-assistance-giddings","Combined Community Action, Inc.","Comidas, vivienda y servicios públicos","Meals, housing, and utility assistance","draft","27","41","66","14","additional_categories|languages|eligibility_es|eligibility_en|required_documents_es|required_documents_en|hours_es|hours_en|accessibility_notes_es|accessibility_notes_en|sms_phone|whatsapp_phone|address_line_2|county"
"bac09a85-ef4b-404d-975b-53b7d56eaa61","community-cupboard-elgin-bastrop","Community Cupboard (Elgin)","Despensa de alimentos","Food pantry","draft","27","41","66","14","additional_categories|languages|eligibility_es|eligibility_en|required_documents_es|required_documents_en|accessibility_notes_es|accessibility_notes_en|sms_phone|whatsapp_phone|email|website_url|address_line_2|city"
"4c6a10c7-6dc7-4db9-865b-8a5ed52d7a56","dorcas-passion-ministries-alpha-sventh-day-adventist-church-drive-up-food-pantry-travis","Dorcas Passion Ministries Alpha Sventh Day Adventist Church - Drive up food pantry","Despensa de alimentos","Food pantry","draft","27","41","66","14","additional_categories|languages|eligibility_es|eligibility_en|required_documents_es|required_documents_en|accessibility_notes_es|accessibility_notes_en|sms_phone|whatsapp_phone|email|website_url|address_line_2|city"
"c69c024a-2eae-4cfd-9856-556f33daa5cb","feed-the-need-bastrop-north-bastrop","Feed the Need - Bastrop North","Comidas calientes gratuitas","Free hot meals","draft","27","41","66","14","additional_categories|languages|eligibility_es|eligibility_en|required_documents_es|required_documents_en|accessibility_notes_es|accessibility_notes_en|sms_phone|whatsapp_phone|email|website_url|address_line_2|city"
"660b6238-2f84-43a5-8bce-54b8d8ba613a","feed-the-need-bastrop-south-bastrop","Feed the Need - Bastrop South","Comidas calientes gratuitas","Free hot meals","draft","27","41","66","14","additional_categories|languages|eligibility_es|eligibility_en|required_documents_es|required_documents_en|accessibility_notes_es|accessibility_notes_en|sms_phone|whatsapp_phone|email|website_url|address_line_2|city"
"c4d2d32e-7a90-4ab9-af86-d678216c1502","feed-the-need-smithville-bastrop","Feed the Need - Smithville","Comidas calientes gratuitas","Free hot meals","draft","27","41","66","14","additional_categories|languages|eligibility_es|eligibility_en|required_documents_es|required_documents_en|accessibility_notes_es|accessibility_notes_en|sms_phone|whatsapp_phone|email|website_url|address_line_2|city"
"23d6302b-e585-4152-aee6-cd1817ae07fc","feed-the-need-stony-point-travis","Feed the Need - Stony Point","Comidas calientes gratuitas","Free hot meals","draft","27","41","66","14","additional_categories|languages|eligibility_es|eligibility_en|required_documents_es|required_documents_en|accessibility_notes_es|accessibility_notes_en|sms_phone|whatsapp_phone|email|website_url|address_line_2|city"
"118a3fe7-27a7-412e-a030-66783f21f23a","first-baptist-church-of-elgin-bastrop","First Baptist Church of Elgin","Despensa de alimentos","Food pantry","draft","27","41","66","14","additional_categories|languages|eligibility_es|eligibility_en|required_documents_es|required_documents_en|accessibility_notes_es|accessibility_notes_en|sms_phone|whatsapp_phone|email|website_url|address_line_2|city"
"de405ed2-13a0-4e12-8469-202bb65a6e6b","first-presbyterian-church-of-georgetown-williamson","First Presbyterian Church of Georgetown","Despensa de alimentos","Food pantry","draft","27","41","66","14","additional_categories|languages|eligibility_es|eligibility_en|required_documents_es|required_documents_en|accessibility_notes_es|accessibility_notes_en|sms_phone|whatsapp_phone|email|address_line_2|city|postal_code"
"833d3d20-5cb3-4cdb-8db8-451aebb8a2c1","foundation-communities-cardinal-point-travis","Foundation Communities - Cardinal Point","Despensa de alimentos","Food pantry","draft","27","41","66","14","additional_categories|languages|eligibility_es|eligibility_en|required_documents_es|required_documents_en|accessibility_notes_es|accessibility_notes_en|sms_phone|whatsapp_phone|email|website_url|address_line_2|city"
"e668fde7-700e-4b1b-bec4-41fc92fccdf1","foundation-communities-jordan-at-mueller-travis","Foundation Communities - Jordan at Mueller","Despensa de alimentos","Food pantry","draft","27","41","66","14","additional_categories|languages|eligibility_es|eligibility_en|required_documents_es|required_documents_en|accessibility_notes_es|accessibility_notes_en|sms_phone|whatsapp_phone|email|website_url|address_line_2|city"
"4bacb3a7-a9d8-4316-9949-d2e2f8957650","foundation-communities-laurel-creek-travis","Foundation Communities - Laurel Creek","Despensa de alimentos","Food pantry","draft","27","41","66","14","additional_categories|languages|eligibility_es|eligibility_en|required_documents_es|required_documents_en|accessibility_notes_es|accessibility_notes_en|sms_phone|whatsapp_phone|email|website_url|address_line_2|city"
"e38a3530-8fad-48de-b48a-2bbb28841acc","foundation-communities-m-station-travis","Foundation Communities - M Station","Despensa de alimentos","Food pantry","draft","27","41","66","14","additional_categories|languages|eligibility_es|eligibility_en|required_documents_es|required_documents_en|accessibility_notes_es|accessibility_notes_en|sms_phone|whatsapp_phone|email|website_url|address_line_2|city"
"1bb4576c-2815-47a9-838b-2bd024895dee","foundation-communities-sierra-vista-travis","Foundation Communities - Sierra Vista","Despensa de alimentos","Food pantry","draft","27","41","66","14","additional_categories|languages|eligibility_es|eligibility_en|required_documents_es|required_documents_en|accessibility_notes_es|accessibility_notes_en|sms_phone|whatsapp_phone|email|website_url|address_line_2|city"
"3f267e6d-1da3-4662-a2f2-dfe28585061f","foundation-communities-southwest-trails-travis","Foundation Communities - Southwest Trails","Despensa de alimentos","Food pantry","draft","27","41","66","14","additional_categories|languages|eligibility_es|eligibility_en|required_documents_es|required_documents_en|accessibility_notes_es|accessibility_notes_en|sms_phone|whatsapp_phone|email|website_url|address_line_2|city"
"5f1d901b-7a04-4821-b01c-19d9d76d6508","foundation-communities-trails-at-the-park-travis","Foundation Communities - Trails at the Park","Despensa de alimentos","Food pantry","draft","27","41","66","14","additional_categories|languages|eligibility_es|eligibility_en|required_documents_es|required_documents_en|accessibility_notes_es|accessibility_notes_en|sms_phone|whatsapp_phone|email|website_url|address_line_2|city"
"5a55abad-00b5-43cd-945b-10635c0ce4e5","foundation-communities-vintage-creek-travis","Foundation Communities - Vintage Creek","Despensa de alimentos","Food pantry","draft","27","41","66","14","additional_categories|languages|eligibility_es|eligibility_en|required_documents_es|required_documents_en|accessibility_notes_es|accessibility_notes_en|sms_phone|whatsapp_phone|email|website_url|address_line_2|city"
"7bcafb1d-c5f0-41e9-b6aa-41cdc5e2020e","friendship-bible-baptist-church-community-of-hope-food-pantry-bastrop","Friendship Bible Baptist Church - Community of Hope Food Pantry","Despensa de alimentos","Food pantry","draft","27","41","66","14","additional_categories|languages|eligibility_es|eligibility_en|required_documents_es|required_documents_en|accessibility_notes_es|accessibility_notes_en|sms_phone|whatsapp_phone|email|website_url|address_line_2|city"
"4257c95b-892b-4b7d-a2c0-2e520a19f576","gilead-health-care-health-and-personal-support-round-rock","Gilead Health Care","Atención médica en el hogar","Home health care","draft","27","41","66","14","additional_categories|languages|eligibility_es|eligibility_en|required_documents_es|required_documents_en|hours_es|hours_en|accessibility_notes_es|accessibility_notes_en|sms_phone|whatsapp_phone|email|address_line_2"
"b902aa11-4c97-42e4-a9bf-402246d56bdc","goodwill-industries-of-ct-georgetown-job-center-education-and-employment-williamson","GoodWill Industries of CT : Georgetown Job Center","Empleo y capacitación laboral","Employment and job training","draft","27","41","66","14","additional_categories|languages|eligibility_es|eligibility_en|required_documents_es|required_documents_en|accessibility_notes_es|accessibility_notes_en|sms_phone|whatsapp_phone|email|website_url|address_line_2|city"
"b05780d3-c0f8-453c-b665-6a0676fe2f71","goodwill-industries-bastrop-job-help-center-education-and-employment-bastrop","GoodWill Industries: Bastrop Job Help Center","Empleo y capacitación laboral","Employment and job training","draft","27","41","66","14","additional_categories|languages|eligibility_es|eligibility_en|required_documents_es|required_documents_en|accessibility_notes_es|accessibility_notes_en|sms_phone|whatsapp_phone|email|website_url|address_line_2|city"
"5336e827-0282-4289-8e90-53475a02e99e","greater-mt-zion-church-greater-mt-zion-church","Greater Mt. Zion Church","Asistencia para alquiler y servicios públicos","Rent and utility assistance","published","27","41","66","14","additional_categories|eligibility_es|eligibility_en|required_documents_es|required_documents_en|accessibility_notes_es|accessibility_notes_en|sms_phone|whatsapp_phone|address_line_1|address_line_2|city|postal_code|county"
"354407af-1a4c-4ef7-a648-5d5eae3cb444","halcyon-home-health-and-personal-support-austin-2","Halcyon Home","Cuidados de hospicio","Hospice care","draft","27","41","66","14","additional_categories|languages|eligibility_es|eligibility_en|required_documents_es|required_documents_en|hours_es|hours_en|accessibility_notes_es|accessibility_notes_en|sms_phone|whatsapp_phone|address_line_2|county"
"af7aa708-ebb6-4b41-8f94-22cfbca813f1","iglesia-bautista-principe-de-paz-travis","Iglesia Bautista Principe de Paz","Despensa de alimentos","Food pantry","draft","27","41","66","14","additional_categories|languages|eligibility_es|eligibility_en|required_documents_es|required_documents_en|accessibility_notes_es|accessibility_notes_en|sms_phone|whatsapp_phone|email|website_url|address_line_2|city"
"855ba650-5774-4bea-a87d-a4674464b7bc","derechos-y-recursos-legales-de-inmigracion-immigrant-legal-resource-center-ilrc","Immigrant Legal Resource Center (ILRC)","Derechos y Recursos Legales de Inmigración","Immigration Rights & Legal Resources","published","27","41","66","14","additional_categories|eligibility_es|eligibility_en|required_documents_es|required_documents_en|application_steps_es|application_steps_en|hours_es|hours_en|accessibility_notes_es|accessibility_notes_en|sms_phone|whatsapp_phone|email"
"fb64f4a9-8f18-427e-a511-97bb0d42e52d","lifeway-home-health-health-and-personal-support-caldwell","Lifeway Home Health","Atención médica en el hogar","Home health care","draft","27","41","66","14","additional_categories|languages|required_documents_es|required_documents_en|hours_es|hours_en|accessibility_notes_es|accessibility_notes_en|sms_phone|whatsapp_phone|email|website_url|address_line_2|city"
"4f89c2c5-1cc7-4d4c-b34d-6d5320617482","live-oak-unitarian-universalist-church-cedar-park","Live Oak Unitarian Universalist Church","Despensa de alimentos","Food pantry","draft","27","41","66","14","additional_categories|languages|eligibility_es|eligibility_en|required_documents_es|required_documents_en|accessibility_notes_es|accessibility_notes_en|phone|sms_phone|whatsapp_phone|email|website_url|address_line_2"
"56f2696e-e8a8-4c3d-a883-938f9b2c3678","lone-star-circle-of-care-aw-grimes","Lone Star Circle of Care","Clínica comunitaria de Round Rock","Round Rock community health clinic","published","27","41","66","14","description_es|description_en|additional_categories|eligibility_es|eligibility_en|required_documents_es|required_documents_en|hours_es|hours_en|accessibility_notes_es|accessibility_notes_en|sms_phone|whatsapp_phone|email"
"29aaf136-50b0-4ea8-bc69-38b1600f0ad1","lone-star-circle-of-care-georgetown","Lone Star Circle of Care","Clínica comunitaria de Georgetown","Georgetown community health clinic","published","27","41","66","14","description_es|description_en|additional_categories|eligibility_es|eligibility_en|required_documents_es|required_documents_en|hours_es|hours_en|accessibility_notes_es|accessibility_notes_en|sms_phone|whatsapp_phone|email"
"d8aae272-9f5e-44dd-a62d-889109042f03","madella-hilliard-neighborhood-center-housing-and-financial-assistance-georgetown","Madella Hilliard Neighborhood Center","Asistencia de emergencia con renta y servicios","Emergency rent and utility assistance","draft","27","41","66","14","additional_categories|languages|required_documents_es|required_documents_en|hours_es|hours_en|accessibility_notes_es|accessibility_notes_en|sms_phone|whatsapp_phone|email|website_url|address_line_2|source_url"
"bd74bdb0-a676-4df0-8d52-ad8a124dddc8","manna-food-pantry-williamson","Manna Food Pantry","Despensa de alimentos","Food pantry","draft","27","41","66","14","additional_categories|languages|eligibility_es|eligibility_en|required_documents_es|required_documents_en|accessibility_notes_es|accessibility_notes_en|sms_phone|whatsapp_phone|email|website_url|address_line_2|city"
"a9aca02d-d93a-4388-a4fb-6bfa54e6d79c","meals-on-wheels-williamson","Meals on Wheels","Comidas a domicilio","Home-delivered meals","draft","27","41","66","14","additional_categories|languages|eligibility_es|eligibility_en|required_documents_es|required_documents_en|accessibility_notes_es|accessibility_notes_en|sms_phone|whatsapp_phone|email|website_url|address_line_2|city"
"9a2b31f5-34bb-4c7d-bcd3-e35c7630400d","mision-cristiana-travis","Mision Cristiana","Despensa de alimentos","Food pantry","draft","27","41","66","14","additional_categories|languages|eligibility_es|eligibility_en|required_documents_es|required_documents_en|accessibility_notes_es|accessibility_notes_en|phone|sms_phone|whatsapp_phone|email|address_line_2|city"
"630cb5f4-bff8-4f30-affa-9a2c2662d443","north-austin-christian-church-heaven-s-harvest-travis","North Austin Christian Church - Heaven's Harvest","Despensa de alimentos","Food pantry","draft","27","41","66","14","additional_categories|languages|eligibility_es|eligibility_en|required_documents_es|required_documents_en|accessibility_notes_es|accessibility_notes_en|sms_phone|whatsapp_phone|email|website_url|address_line_2|city"
"02eda7d4-5ffc-468c-8b43-3e6916b91aff","oak-hill-baptist-church-travis","Oak Hill Baptist Church","Despensa de alimentos","Food pantry","draft","27","41","66","14","additional_categories|languages|eligibility_es|eligibility_en|required_documents_es|required_documents_en|accessibility_notes_es|accessibility_notes_en|phone|sms_phone|whatsapp_phone|email|address_line_2|city"
"43c86a4d-e79a-49ae-afd7-2b4621dca84d","reveal-resource-center-williamson","Reveal Resource Center","Despensa de alimentos","Food pantry","draft","27","41","66","14","additional_categories|languages|eligibility_es|eligibility_en|required_documents_es|required_documents_en|accessibility_notes_es|accessibility_notes_en|phone|sms_phone|whatsapp_phone|email|address_line_2|city"
"52d5b5c6-2ed5-4398-a480-af31028de87c","ridgeway-baptist-church-bastrop","Ridgeway Baptist Church","Despensa de alimentos","Food pantry","draft","27","41","66","14","additional_categories|languages|eligibility_es|eligibility_en|required_documents_es|required_documents_en|accessibility_notes_es|accessibility_notes_en|sms_phone|whatsapp_phone|email|website_url|address_line_2|city"
"f7cc7041-2b04-4ec8-a435-dfae78584f85","rock-ride-on-center-georgetown","ROCK Ride On Center for Kids","Terapia y apoyo mediante actividades ecuestres","Equine-assisted therapy and support","published","27","41","66","14","description_es|description_en|additional_categories|eligibility_es|eligibility_en|required_documents_es|required_documents_en|hours_es|hours_en|accessibility_notes_es|accessibility_notes_en|sms_phone|whatsapp_phone|address_line_2"
"da8471c5-569a-4fae-b62d-2fd020381863","round-rock-seventh-day-adventist-church-williamson","Round Rock Seventh Day Adventist Church","Despensa de alimentos","Food pantry","draft","27","41","66","14","additional_categories|languages|eligibility_es|eligibility_en|required_documents_es|required_documents_en|accessibility_notes_es|accessibility_notes_en|sms_phone|whatsapp_phone|email|website_url|address_line_2|city"
"248e2b4d-7a2c-4427-9773-5cf5d36bbc60","sacred-heart-community-clinic","Sacred Heart Community Clinic","Atención médica gratuita para personas sin seguro","Free medical care for uninsured adults","published","27","41","66","14","description_es|description_en|additional_categories|required_documents_es|required_documents_en|hours_es|hours_en|accessibility_notes_es|accessibility_notes_en|sms_phone|whatsapp_phone|email|address_line_1|address_line_2"
"381ceae3-e148-49af-84be-d9a66b5fc351","senior-access-drive-a-senior","Senior Access","Senior Access / Drive a Senior","Senior Access / Drive a Senior","published","27","41","66","14","additional_categories|required_documents_es|required_documents_en|hours_es|hours_en|accessibility_notes_es|accessibility_notes_en|sms_phone|whatsapp_phone|email|address_line_1|address_line_2|city|postal_code"
"97c3289a-20eb-4581-a420-48e93c3c5dc0","senior-sitters-llc-health-and-personal-support-austin","Senior Sitters, LLC","Cuidado de memoria","Memory care","draft","27","41","66","14","additional_categories|languages|eligibility_es|eligibility_en|required_documents_es|required_documents_en|hours_es|hours_en|accessibility_notes_es|accessibility_notes_en|sms_phone|whatsapp_phone|address_line_2|county"
"ac76105b-9bce-40f6-85c8-5a150b0f62c3","seventh-day-adventist-food-pantry-bastrop","Seventh Day Adventist Food Pantry","Despensa de alimentos","Food pantry","draft","27","41","66","14","additional_categories|languages|eligibility_es|eligibility_en|required_documents_es|required_documents_en|accessibility_notes_es|accessibility_notes_en|sms_phone|whatsapp_phone|email|website_url|address_line_2|city"
"517decf3-f504-4b65-b534-7bd359c8bab2","south-austin-church-of-the-nazarene-travis","South Austin Church of the Nazarene","Despensa de alimentos","Food pantry","draft","27","41","66","14","additional_categories|languages|eligibility_es|eligibility_en|required_documents_es|required_documents_en|accessibility_notes_es|accessibility_notes_en|sms_phone|whatsapp_phone|email|website_url|address_line_2|city"
"75043444-c9ad-493a-9aea-b915f6d99348","st-andrews-presbyterian-church-travis","St. Andrews Presbyterian Church","Despensa de alimentos","Food pantry","draft","27","41","66","14","additional_categories|languages|eligibility_es|eligibility_en|required_documents_es|required_documents_en|accessibility_notes_es|accessibility_notes_en|sms_phone|whatsapp_phone|email|website_url|address_line_2|city"
"b6d9042e-4a1d-459a-bfab-35032c5397a8","st-elizabeth-catholic-church-society-of-st-vincent-de-paul-travis","St. Elizabeth Catholic Church Society of St. Vincent De Paul","Despensa de alimentos","Food pantry","draft","27","41","66","14","additional_categories|languages|eligibility_es|eligibility_en|required_documents_es|required_documents_en|accessibility_notes_es|accessibility_notes_en|sms_phone|whatsapp_phone|email|website_url|address_line_2|city"
"631cbc76-c4fb-4400-8d73-bf522199af37","st-stephens-missionary-baptist-church-drive-thru-pantry-travis","St. Stephens Missionary Baptist Church drive thru pantry","Despensa de alimentos","Food pantry","draft","27","41","66","14","additional_categories|languages|eligibility_es|eligibility_en|required_documents_es|required_documents_en|accessibility_notes_es|accessibility_notes_en|sms_phone|whatsapp_phone|email|website_url|address_line_2|city"
"68ebcf5b-a27b-462d-ab15-a1cc0210bc32","st-vincent-de-paul-diocesan-council-of-asutin-travis","St. Vincent De Paul - Diocesan Council of Asutin","Despensa de alimentos","Food pantry","draft","27","41","66","14","additional_categories|languages|eligibility_es|eligibility_en|required_documents_es|required_documents_en|accessibility_notes_es|accessibility_notes_en|sms_phone|whatsapp_phone|email|website_url|address_line_2|city"
"6ed78f92-6096-4cd2-a233-de17e623b82a","switzer-senior-center-health-and-personal-support-taylor","Switzer Senior Center","Apoyo para adultos mayores","Senior support","draft","27","41","66","14","additional_categories|languages|required_documents_es|required_documents_en|hours_es|hours_en|accessibility_notes_es|accessibility_notes_en|sms_phone|whatsapp_phone|email|website_url|address_line_2|source_url"
"5730fc31-c9ed-4cdb-b3b4-fc81a546b462","taylor-housing-authority-programs","Taylor Housing Authority","Vivienda pública y asistencia de renta","Public housing and rental assistance","published","27","41","66","14","description_es|description_en|additional_categories|required_documents_es|required_documents_en|hours_es|hours_en|accessibility_notes_es|accessibility_notes_en|sms_phone|whatsapp_phone|email|website_url|address_line_2"
"f98be83d-1a62-46c2-bff5-5186baf6bb33","texas-rio-grande-legal-aid-legal-and-safety-support-austin","Texas Rio Grande Legal Aid","Asistencia legal civil","Civil legal assistance","draft","27","41","66","14","additional_categories|languages|eligibility_es|eligibility_en|required_documents_es|required_documents_en|hours_es|hours_en|accessibility_notes_es|accessibility_notes_en|sms_phone|whatsapp_phone|email|address_line_2"
"c74b8afc-53cb-47fb-a880-a21ccf91a0c8","comision-de-veteranos-de-texas-representantes-de-reclamos-de-va-texas-veterans-commission","Texas Veterans Commission","Comisión de Veteranos de Texas — Representantes de Reclamos de VA","Texas Veterans Commission — VA Claims Representatives","draft","27","41","66","14","additional_categories|required_documents_es|required_documents_en|hours_es|hours_en|accessibility_notes_es|accessibility_notes_en|sms_phone|whatsapp_phone|email|address_line_2|city|postal_code|county"
"8a287e02-b8dd-46e4-aa9a-325b5e7aae27","ut-school-of-nursing-social-resource-center-travis","UT School of Nursing: Social Resource Center","Despensa de alimentos","Food pantry","draft","27","41","66","14","additional_categories|languages|eligibility_es|eligibility_en|required_documents_es|required_documents_en|accessibility_notes_es|accessibility_notes_en|sms_phone|whatsapp_phone|email|website_url|address_line_2|city"
"f4551825-da44-4a03-ba95-f1dd07e83e80","volunteer-legal-services-central-texas-williamson","Volunteer Legal Services of Central Texas","Volunteer Legal Services of Central Texas – Williamson County","Volunteer Legal Services of Central Texas – Williamson County","archived","27","41","66","14","additional_categories|required_documents_es|required_documents_en|hours_es|hours_en|accessibility_notes_es|accessibility_notes_en|sms_phone|whatsapp_phone|email|address_line_1|address_line_2|city|postal_code"
"c7870781-f454-4657-a944-bc36a2c8b0f9","wilco-care-health-and-personal-support-williamson","WilCo Care","Cobertura médica y de medicamentos de Williamson","Williamson medical and prescription coverage","draft","27","41","66","14","additional_categories|languages|required_documents_es|required_documents_en|hours_es|hours_en|accessibility_notes_es|accessibility_notes_en|sms_phone|whatsapp_phone|email|website_url|address_line_2|city"
"939eea72-03e8-4e86-af01-e2697d63da63","workforce-solutions-williamson-county","Workforce Solutions Rural Capital Area","Empleo, capacitación y preparación laboral","Employment, training and job preparation","published","27","41","66","14","description_es|description_en|additional_categories|eligibility_es|eligibility_en|required_documents_es|required_documents_en|hours_es|hours_en|accessibility_notes_es|accessibility_notes_en|sms_phone|whatsapp_phone|email"
"a2c84b8d-dea7-4e87-b8bc-8b7b252b3d19","servicios-de-cuidado-infantil-workforce-solutions-rural-capital-area-workforce-solutions-rural-capital-area-wsrca","Workforce Solutions Rural Capital Area (WSRCA)","Servicios de Cuidado Infantil — Workforce Solutions Rural Capital Area","Child Care Services — Workforce Solutions Rural Capital Area","draft","27","41","66","14","additional_categories|required_documents_es|required_documents_en|hours_es|hours_en|accessibility_notes_es|accessibility_notes_en|sms_phone|whatsapp_phone|address_line_1|address_line_2|city|postal_code|county"
"e990f159-ede8-4f94-be7f-f082146085d4","abiding-love-lutheran-church-travis","Abiding Love Lutheran Church","Despensa de alimentos","Food pantry","draft","28","41","68","13","additional_categories|languages|eligibility_es|eligibility_en|required_documents_es|required_documents_en|accessibility_notes_es|accessibility_notes_en|sms_phone|whatsapp_phone|email|address_line_2|city"
"d8a0d9f5-ca03-4a94-bf7a-a0d4f5d37669","angel-house-austin-baptist-chapel-angel-house-austin-baptist-chapel","Angel House/ Austin Baptist Chapel","Angel House/ Austin Baptist Chapel","Angel House/ Austin Baptist Chapel","published","28","41","68","13","additional_categories|eligibility_es|eligibility_en|required_documents_es|required_documents_en|hours_es|hours_en|accessibility_notes_es|accessibility_notes_en|sms_phone|whatsapp_phone|email|address_line_2"
"52eaa45a-a64d-43f5-980b-ea7cd88044cb","apostolic-christian-church-of-bastrop-bastrop","Apostolic Christian Church of Bastrop","Despensa de alimentos","Food pantry","draft","28","41","68","13","additional_categories|languages|eligibility_es|eligibility_en|required_documents_es|required_documents_en|accessibility_notes_es|accessibility_notes_en|sms_phone|whatsapp_phone|email|website_url|address_line_2"
"f1868110-14b4-4e29-9aa3-79c92262f104","area-ministry-for-emergency-needs-amen-food-pantry-fayette","Area Ministry for Emergency Needs (AMEN) Food Pantry","Despensa de alimentos","Food pantry","draft","28","41","68","13","additional_categories|languages|eligibility_es|eligibility_en|required_documents_es|required_documents_en|accessibility_notes_es|accessibility_notes_en|sms_phone|whatsapp_phone|email|address_line_2|city"
"bf5c41af-a94a-4b0f-be55-3a8c0bded946","ashwell-sexual-health-and-wellness-clinic-ashwell-sexual-health-and-wellness-clinic","Ashwell Sexual Health and Wellness Clinic","Ashwell Sexual Health & Wellness","Ashwell Sexual Health and Wellness Clinic","published","28","41","68","13","additional_categories|eligibility_es|eligibility_en|required_documents_es|required_documents_en|hours_es|hours_en|accessibility_notes_es|accessibility_notes_en|sms_phone|whatsapp_phone|email|address_line_2"
"36cce978-6612-4e04-8874-0a54503645eb","acceso-gratuito-a-computadoras-y-habilidades-digitales-austin-free-net","Austin Free-Net","Acceso Gratuito a Computadoras y Habilidades Digitales","Free Computer Access & Digital Skills","published","28","41","68","13","additional_categories|eligibility_es|eligibility_en|required_documents_es|required_documents_en|application_steps_es|application_steps_en|accessibility_notes_es|accessibility_notes_en|sms_phone|whatsapp_phone|email|address_line_2"
"62fd5447-44e8-4da0-b0c5-c992400d454c","formularios-y-examen-fisico-para-actividades-estudiantiles-austin-isd-athletics","Austin ISD Athletics","Formularios y examen físico para actividades estudiantiles","Student activity forms and physical requirements","published","28","41","68","13","additional_categories|hours_es|hours_en|accessibility_notes_es|accessibility_notes_en|sms_phone|whatsapp_phone|email|address_line_1|address_line_2|city|postal_code|county"
"7fd18a9b-abd0-41c4-a16d-a776de28d1bd","austin-public-health-far-south-immunization-clinic","Austin Public Health","Clínica de vacunación Far South","Far South Immunization Clinic","published","28","41","68","13","additional_categories|eligibility_es|eligibility_en|required_documents_es|required_documents_en|hours_es|hours_en|accessibility_notes_es|accessibility_notes_en|sms_phone|whatsapp_phone|email|address_line_2"
"9fd1002c-023f-4650-aa26-9b5889fbf6fc","austin-public-health-st-johns-immunization-clinic","Austin Public Health","Clínica de vacunación St. Johns","St. Johns Immunization Clinic","published","28","41","68","13","additional_categories|eligibility_es|eligibility_en|required_documents_es|required_documents_en|hours_es|hours_en|accessibility_notes_es|accessibility_notes_en|sms_phone|whatsapp_phone|email|address_line_2"
"07b26629-178f-422e-9cbe-cb62b3c1416e","austin-public-health-dove-springs-neighborhood-center","Austin Public Health","Centro Vecinal Dove Springs","Dove Springs Neighborhood Center","published","28","41","68","13","additional_categories|eligibility_es|eligibility_en|required_documents_es|required_documents_en|hours_es|hours_en|accessibility_notes_es|accessibility_notes_en|sms_phone|whatsapp_phone|email|address_line_2"
"03ab5ff0-7750-4d87-b288-0471a3f8691c","austin-public-health-st-john-community-center","Austin Public Health","Centro Comunitario St. John","St. John Community Center","published","28","41","68","13","additional_categories|eligibility_es|eligibility_en|required_documents_es|required_documents_en|hours_es|hours_en|accessibility_notes_es|accessibility_notes_en|sms_phone|whatsapp_phone|email|address_line_2"
"f28939b6-8201-4657-a509-f1909198b3ff","austin-public-health-east-austin-neighborhood-center","Austin Public Health","Centro Vecinal del Este de Austin","East Austin Neighborhood Center","published","28","41","68","13","additional_categories|eligibility_es|eligibility_en|required_documents_es|required_documents_en|hours_es|hours_en|accessibility_notes_es|accessibility_notes_en|sms_phone|whatsapp_phone|email|address_line_2"
"3c82de24-1c8f-4d9b-bbde-7673dc6791da","austin-public-health-montopolis-community-center","Austin Public Health","Centro Comunitario Montopolis","Montopolis Community Center","published","28","41","68","13","additional_categories|eligibility_es|eligibility_en|required_documents_es|required_documents_en|hours_es|hours_en|accessibility_notes_es|accessibility_notes_en|sms_phone|whatsapp_phone|email|address_line_2"
"691fd97c-bb22-4042-b761-c2aca3acd74b","austin-vineyard-church-travis","Austin Vineyard Church","Despensa de alimentos","Food pantry","draft","28","41","68","13","additional_categories|languages|eligibility_es|eligibility_en|required_documents_es|required_documents_en|accessibility_notes_es|accessibility_notes_en|sms_phone|whatsapp_phone|email|address_line_2|city"
"e2d51c94-d6f5-4449-a409-6b3dede0de48","avalon-memory-care-health-and-personal-support-williamson","Avalon Memory Care","Vivienda asistida y cuidado de memoria","Assisted living and memory care","draft","28","41","68","13","additional_categories|languages|required_documents_es|required_documents_en|hours_es|hours_en|accessibility_notes_es|accessibility_notes_en|sms_phone|whatsapp_phone|email|address_line_2|city"
"c096060e-485e-4653-a873-f232cec30351","bannockburn-baptist-church-travis","Bannockburn Baptist Church","Despensa de alimentos","Food pantry","draft","28","41","68","13","additional_categories|languages|eligibility_es|eligibility_en|required_documents_es|required_documents_en|accessibility_notes_es|accessibility_notes_en|sms_phone|whatsapp_phone|email|address_line_2|city"
"1a27a3fe-76fa-4f3f-b284-1e2c86693ffc","bastrop-emergency-food-pantry-and-support-center-inc-bastrop","Bastrop Emergency Food Pantry and Support Center Inc.","Despensa de alimentos","Food pantry","draft","28","41","68","13","additional_categories|languages|eligibility_es|eligibility_en|required_documents_es|required_documents_en|accessibility_notes_es|accessibility_notes_en|sms_phone|whatsapp_phone|email|address_line_2|city"
"84bc6c87-6a0e-4e45-8677-6c6aa9c9242b","bluebonnet-trails-mental-health","Bluebonnet Trails Community Services","Servicios de salud mental y crisis","Mental health and crisis services","published","28","41","68","13","additional_categories|required_documents_es|required_documents_en|accessibility_notes_es|accessibility_notes_en|sms_phone|whatsapp_phone|email|address_line_1|address_line_2|city|postal_code|county"
"3a3dee6f-267d-4d95-a19b-142eaa7ca697","caldwell-county-chrstian-ministries-food-pantry-caldwell","Caldwell County Chrstian Ministries Food Pantry","Despensa de alimentos","Food pantry","draft","28","41","68","13","additional_categories|languages|eligibility_es|eligibility_en|required_documents_es|required_documents_en|accessibility_notes_es|accessibility_notes_en|sms_phone|whatsapp_phone|website_url|address_line_2|city"
"45e8d5bb-a069-4f88-b3d6-742051a947c4","carts-country-bus-capital-area-rural-transportation-system-carts","Capital Area Rural Transportation System (CARTS)","Transporte Público para Comunidades Rurales de Central Texas","Public Transportation for Rural Central Texas Communities","published","28","41","68","13","additional_categories|required_documents_es|required_documents_en|application_steps_es|application_steps_en|sms_phone|whatsapp_phone|email|address_line_1|address_line_2|city|postal_code|county"
"fa9db92e-994e-4a15-9890-b9bfbe6c51f7","capmetro-pickup-manor-dessau-lago-vista-capital-metropolitan-transportation-authority-capmetro","Capital Metro – CapMetro Pickup","Transporte a Pedido de Bajo Costo en tu Comunidad","Low-Cost On-Demand Transportation in Your Community","published","28","41","68","13","additional_categories|required_documents_es|required_documents_en|application_steps_es|application_steps_en|sms_phone|whatsapp_phone|email|address_line_1|address_line_2|city|postal_code|county"
"12d81268-a41b-4db9-9111-a3dcbdcd20d7","capmetro-ruta-271-del-valle-feeder-capital-metropolitan-transportation-authority-capmetro","Capital Metropolitan Transportation Authority (CapMetro) – Route 271 Del Valle","Autobús de Del Valle hacia Austin y Conexiones de CapMetro","Del Valle Bus Service & CapMetro Connections","published","28","41","68","13","additional_categories|required_documents_es|required_documents_en|application_steps_es|application_steps_en|sms_phone|whatsapp_phone|email|address_line_1|address_line_2|city|postal_code|county"
"4fa07766-4db1-4f71-b049-5357ed2440c7","catholic-charities-of-central-texas-housing-and-financial-assistance-travis","Catholic Charities of Central Texas","Asistencia con servicios públicos","Utility assistance","archived","28","41","68","13","additional_categories|languages|eligibility_es|eligibility_en|required_documents_es|required_documents_en|accessibility_notes_es|accessibility_notes_en|sms_phone|whatsapp_phone|email|address_line_2|city"
"116f188e-79cc-441b-9656-3430072ded13","central-presbyterian-church-central-presbyterian-church","Central Presbyterian Church","Central Mission – Alimentos y Necesidades Básicashttps://cpcaustin.org/","Central Mission – Food & Basic Needs Support","archived","28","41","68","13","additional_categories|eligibility_es|eligibility_en|required_documents_es|required_documents_en|application_steps_es|application_steps_en|accessibility_notes_es|accessibility_notes_en|sms_phone|whatsapp_phone|email|address_line_2"
"71ef5708-40b2-46e5-b632-07f876b68844","central-texas-food-bank-food-distribution","Central Texas Food Bank","Distribución de alimentos","Food distribution","published","28","41","68","13","additional_categories|eligibility_es|eligibility_en|required_documents_es|required_documents_en|hours_es|hours_en|accessibility_notes_es|accessibility_notes_en|sms_phone|whatsapp_phone|email|address_line_2"
"95209f5c-1c62-4c7f-9bed-7231390ae61b","central-texas-food-bank-travis","Central Texas Food Bank","Despensa de alimentos","Food pantry","archived","28","41","68","13","additional_categories|languages|eligibility_es|eligibility_en|required_documents_es|required_documents_en|accessibility_notes_es|accessibility_notes_en|sms_phone|whatsapp_phone|email|address_line_2|city"
"4aca8d3c-240c-4408-b9fc-16d2c7bf2ac7","child-inc-child-care-for-families-with-low-incomes","Child Inc.","Cuidado infantil para familias con bajos ingresos","Child care for families with low incomes","published","28","41","68","13","additional_categories|eligibility_es|eligibility_en|required_documents_es|required_documents_en|hours_es|hours_en|accessibility_notes_es|accessibility_notes_en|sms_phone|whatsapp_phone|email|address_line_2"
"2959206d-a3f5-470f-a529-cd0f9d89114c","circle-of-hope-community-center-drive-thru-pantry-travis","Circle of Hope Community Center Drive Thru Pantry","Despensa de alimentos","Food pantry","draft","28","41","68","13","additional_categories|languages|eligibility_es|eligibility_en|required_documents_es|required_documents_en|accessibility_notes_es|accessibility_notes_en|sms_phone|whatsapp_phone|website_url|address_line_2|city"
"9e6e2426-ca9f-49cf-974d-36834eccde34","city-of-austin-cold-weather-shelter","City of Austin","Refugio para Clima Frío","Cold Weather Shelter","published","28","41","68","13","additional_categories|required_documents_es|required_documents_en|application_steps_es|application_steps_en|accessibility_notes_es|accessibility_notes_en|sms_phone|whatsapp_phone|email|website_url|address_line_2|verification_notes"
"eb50ec57-9f9f-413b-a695-5d9d14744273","link-cedar-park","City of Cedar Park","LiNK Cedar Park","LiNK Cedar Park","published","28","41","68","13","additional_categories|required_documents_es|required_documents_en|hours_es|hours_en|accessibility_notes_es|accessibility_notes_en|sms_phone|whatsapp_phone|email|address_line_1|address_line_2|postal_code"
"e21f9875-faf3-4e58-98ac-e1f8c331a6e9","pfetch-a-ride-ciudad-de-pflugerville-uber-city-of-pflugerville","City of Pflugerville – Pfetch a Ride","Viajes Subsidiados en Uber para Residentes de Pflugerville","Discounted Uber Rides for Pflugerville Residents","published","28","41","68","13","additional_categories|required_documents_es|required_documents_en|application_steps_es|application_steps_en|sms_phone|whatsapp_phone|email|address_line_1|address_line_2|city|postal_code|county"
"10825944-0e36-452d-94a3-148363d1ee10","round-rock-rides","City of Round Rock","Round Rock Rides","Round Rock Rides","published","28","41","68","13","additional_categories|required_documents_es|required_documents_en|hours_es|hours_en|accessibility_notes_es|accessibility_notes_en|sms_phone|whatsapp_phone|email|address_line_1|address_line_2|postal_code"
"dcd3632a-965f-440b-9d58-94e4c6c3b028","combined-community-action-inc-lee","Combined Community Action, Inc","Despensa de alimentos","Food pantry","draft","28","41","68","13","additional_categories|languages|eligibility_es|eligibility_en|required_documents_es|required_documents_en|accessibility_notes_es|accessibility_notes_en|sms_phone|whatsapp_phone|email|address_line_2|city"
"d7ce7df6-a443-4deb-88b6-e2f3097dac72","community-action-for-central-texas-adult-education-education-and-employment-san-marcos","Community Action for Central Texas - Adult Education","Educación para adultos","Adult education","draft","28","41","68","13","additional_categories|eligibility_es|eligibility_en|required_documents_es|required_documents_en|hours_es|hours_en|accessibility_notes_es|accessibility_notes_en|sms_phone|whatsapp_phone|address_line_2|county"
"8eb10033-f64b-4a84-b34e-e22263f05fb9","deliverance-temple-worship-center-austin","Deliverance Temple Worship Center","Despensa de alimentos","Food pantry","draft","28","41","68","13","additional_categories|languages|eligibility_es|eligibility_en|required_documents_es|required_documents_en|accessibility_notes_es|accessibility_notes_en|sms_phone|whatsapp_phone|email|website_url|address_line_2"
"dacb869f-6655-423e-9b34-97f41b9d1d81","delivering-hope-resource-center-caldwell","Delivering Hope Resource Center","Despensa de alimentos","Food pantry","draft","28","41","68","13","additional_categories|languages|eligibility_es|eligibility_en|required_documents_es|required_documents_en|accessibility_notes_es|accessibility_notes_en|sms_phone|whatsapp_phone|website_url|address_line_2|city"
"7a381e10-25c6-442b-a53a-6e7838946815","dolores-catholic-church-food-pantry","Dolores Catholic Church","Despensa de alimentos","Food Pantry","published","28","41","68","13","additional_categories|eligibility_es|eligibility_en|required_documents_es|required_documents_en|hours_es|hours_en|accessibility_notes_es|accessibility_notes_en|sms_phone|whatsapp_phone|email|address_line_2"
"f2839ead-ac8c-4fc8-a137-5294ba153283","drive-a-senior-transporte-para-adultos-mayores-del-centro-de-texas-drive-a-senior-antes-chariot","Drive a Senior (antes ""Chariot"")","Drive a Senior — Transporte para Adultos Mayores del Centro de Texas","Drive a Senior — Central Texas Senior Transportation","draft","28","41","68","13","additional_categories|required_documents_es|required_documents_en|accessibility_notes_es|accessibility_notes_en|sms_phone|whatsapp_phone|email|address_line_1|address_line_2|city|postal_code|county"
"640c90ee-1db6-40f5-9523-3a873742e909","drive-a-senior-central-texas-drive-a-senior-central-texas","Drive a Senior Central Texas","Transporte y apoyo en el hogar para adultos mayores","Transportation and in-home support for older adults","draft","28","41","68","13","additional_categories|required_documents_es|required_documents_en|accessibility_notes_es|accessibility_notes_en|sms_phone|whatsapp_phone|email|address_line_1|address_line_2|city|postal_code|county"
"5843548a-2505-4246-8cd0-20856e7794ac","el-buen-samaritano-community-support-services","El Buen Samaritano","Servicios de apoyo comunitario","Community support services","archived","28","41","68","13","additional_categories|eligibility_es|eligibility_en|required_documents_es|required_documents_en|hours_es|hours_en|accessibility_notes_es|accessibility_notes_en|sms_phone|whatsapp_phone|email|address_line_2"
"8c649e92-d0c9-48b6-bbbd-020dfc153811","centro-de-crisis-familiar-refugio-del-condado-de-bastrop-family-crisis-center-inc","Family Crisis Center, Inc.","Centro de Crisis Familiar (Refugio del Condado de Bastrop)","Family Crisis Center (Bastrop County Women's Shelter)","draft","28","41","68","13","additional_categories|required_documents_es|required_documents_en|accessibility_notes_es|accessibility_notes_en|sms_phone|whatsapp_phone|email|address_line_1|address_line_2|city|postal_code|county"
"696483d8-03b6-48dd-a27b-f4c05dbfd35b","fbc-pflugerville-pflugerville","FBC Pflugerville","Despensa de alimentos","Food pantry","draft","28","41","68","13","additional_categories|languages|eligibility_es|eligibility_en|required_documents_es|required_documents_en|accessibility_notes_es|accessibility_notes_en|sms_phone|whatsapp_phone|email|website_url|address_line_2"
"49d1815a-dee0-4139-8a59-f802ee35766e","furr-baby-food-pantry-food-for-pets-williamson","Furr Baby Food Pantry (FOOD FOR PETS)","Despensa de alimentos","Food pantry","archived","28","41","68","13","additional_categories|languages|eligibility_es|eligibility_en|required_documents_es|required_documents_en|accessibility_notes_es|accessibility_notes_en|sms_phone|whatsapp_phone|address_line_2|city|county"
"298c7ffb-5919-463f-b700-3e02e2766ed9","furrbaby-food-pantry-community-support-williamson","Furrbaby food pantry","Alimentos y suministros para mascotas","Pet food and supplies","draft","28","41","68","13","additional_categories|languages|required_documents_es|required_documents_en|hours_es|hours_en|accessibility_notes_es|accessibility_notes_en|sms_phone|whatsapp_phone|address_line_2|city|county"
"68822793-b0a7-4c07-a7a9-8bbaa398b0e8","grace-baptist-church-of-red-rock-red-rock","Grace Baptist Church of Red Rock","Despensa de alimentos","Food pantry","draft","28","41","68","13","additional_categories|languages|eligibility_es|eligibility_en|required_documents_es|required_documents_en|accessibility_notes_es|accessibility_notes_en|sms_phone|whatsapp_phone|email|website_url|address_line_2"
"2a64877e-9afb-49fb-8f78-45b0830983da","greater-mt-zion-church-food-pantry-travis","Greater Mt. Zion Church Food Pantry","Despensa de alimentos","Food pantry","draft","28","41","68","13","additional_categories|languages|eligibility_es|eligibility_en|required_documents_es|required_documents_en|accessibility_notes_es|accessibility_notes_en|sms_phone|whatsapp_phone|email|address_line_2|city"
"e30fd355-274e-4f5f-9a73-427037fca0e3","halcyon-home-health-and-personal-support-austin","Halcyon Home","Asistencia de emergencia con renta y servicios","Emergency rent and utility assistance","draft","28","41","68","13","additional_categories|languages|eligibility_es|eligibility_en|required_documents_es|required_documents_en|hours_es|hours_en|accessibility_notes_es|accessibility_notes_en|sms_phone|whatsapp_phone|address_line_2"
"694e5f8c-3024-43b7-a0d7-0690f5209dce","helping-center-of-marble-falls-marble-falls","Helping Center of Marble Falls","Despensa de alimentos","Food pantry","draft","28","41","68","13","additional_categories|languages|eligibility_es|eligibility_en|required_documents_es|required_documents_en|accessibility_notes_es|accessibility_notes_en|sms_phone|whatsapp_phone|email|website_url|address_line_2"
"986bbf8f-0c0a-4b57-a0d1-ab8d9fb7fe9f","kind-dental-care-kind-dental-care","Kind Dental Care","Kind Dental Care","Kind Dental Care","published","28","41","68","13","additional_categories|eligibility_es|eligibility_en|required_documents_es|required_documents_en|hours_es|hours_en|accessibility_notes_es|accessibility_notes_en|sms_phone|whatsapp_phone|email|address_line_2"
"0f372b08-5709-4171-a1b9-812ad3f9c428","lake-travis-crisis-ministries-lakeway","Lake Travis Crisis Ministries","Despensa de alimentos","Food pantry","archived","28","41","68","13","additional_categories|languages|eligibility_es|eligibility_en|required_documents_es|required_documents_en|accessibility_notes_es|accessibility_notes_en|sms_phone|whatsapp_phone|email|website_url|address_line_2"
"965b2004-2de8-49f4-a0d3-d0f6a0ccb3ac","lincoln-goldfinch-law-immigration-legal-services","Lincoln-Goldfinch Law","Servicios legales de inmigración","Immigration legal services","published","28","41","68","13","additional_categories|eligibility_es|eligibility_en|required_documents_es|required_documents_en|hours_es|hours_en|accessibility_notes_es|accessibility_notes_en|sms_phone|whatsapp_phone|email|address_line_2"
"e8dbc5bb-9bba-4913-9c18-aeea7afd55a1","lirios-para-mental-health-bilingual-counseling-services","Lirios Para Mental Health","Servicios bilingües de consejería","Bilingual counseling services","published","28","41","68","13","additional_categories|eligibility_es|eligibility_en|required_documents_es|required_documents_en|hours_es|hours_en|accessibility_notes_es|accessibility_notes_en|sms_phone|whatsapp_phone|email|address_line_2"
"84e753f7-023c-4527-9a6b-1e8e6871f1dc","lone-star-circle-of-care-at-jonestown-lone-star-circle-of-care","Lone Star Circle of Care","Atención Médica, Dental y de Salud Mental a Bajo Costo","Affordable Medical, Dental & Mental Health Care","published","28","41","68","13","additional_categories|required_documents_es|required_documents_en|application_steps_es|application_steps_en|sms_phone|whatsapp_phone|email|address_line_1|address_line_2|city|postal_code|county"
"7ae4b2a1-43b3-49ef-8c4a-f639bb574817","terapia-bilingue-para-ansiedad-trauma-y-bienestar-emocional-manana-counseling-pllc","Mañana Counseling, PLLC","Terapia Bilingüe para Ansiedad, Trauma y Bienestar Emocional","Bilingual Therapy for Anxiety, Trauma, and Emotional Wellness","published","28","41","68","13","additional_categories|required_documents_es|required_documents_en|application_steps_es|application_steps_en|hours_es|hours_en|sms_phone|whatsapp_phone|address_line_1|address_line_2|city|postal_code"
"1592590b-5cd6-47c3-931b-fae1ab5710bc","manor-isd-project-hope-mckinney-vento-manor-independent-school-district","Manor Independent School District (Manor ISD)","Proyecto Hope (McKinney-Vento)","Project Hope (McKinney-Vento)","published","28","41","68","13","additional_categories|required_documents_es|required_documents_en|hours_es|hours_en|accessibility_notes_es|accessibility_notes_en|sms_phone|whatsapp_phone|address_line_1|address_line_2|city|postal_code"
"ba5d44d4-f7e4-42a3-96b6-dd8f90a35baa","medicare-parte-b-cobertura-de-equipo-medico-duradero-dme-medicare-centers-for-medicare-medicaid-services","Medicare / Centers for Medicare & Medicaid Services (CMS)","Medicare: Cobertura de Equipo Médico Duradero (DME)","Medicare: Durable Medical Equipment (DME) Coverage","published","28","41","68","13","additional_categories|required_documents_es|required_documents_en|application_steps_es|application_steps_en|sms_phone|whatsapp_phone|email|address_line_1|address_line_2|city|postal_code|county"
"c95962a4-2670-4382-809b-433c69bd0c27","mueller-affordable-homes-mueller-affordable-homes","Mueller Affordable Homes","Casas Asquesibles de Mueller","Mueller Affordable Homes","published","28","41","68","13","additional_categories|eligibility_es|eligibility_en|required_documents_es|required_documents_en|hours_es|hours_en|accessibility_notes_es|accessibility_notes_en|sms_phone|whatsapp_phone|email|address_line_2"
"e463ca6b-f0a8-465a-8852-3116fb039d43","op-veteran-op-veteran","OP Veteran","Conexión Comunitaria y Bienestar para Veteranos","Veteran Community Connection and Wellness","published","28","41","68","13","additional_categories|required_documents_es|required_documents_en|application_steps_es|application_steps_en|sms_phone|whatsapp_phone|email|address_line_1|address_line_2|city|postal_code|county"
"5f5f2227-d772-4fbb-82fd-e81b283f3750","operation-liberty-hill","Operation Liberty Hill","Operation Liberty Hill","Operation Liberty Hill","published","28","41","68","13","additional_categories|required_documents_es|required_documents_en|hours_es|hours_en|accessibility_notes_es|accessibility_notes_en|sms_phone|whatsapp_phone|email|address_line_1|address_line_2|postal_code"
"0e96ff9d-9e8b-49e8-845a-e9952c5e138b","people-s-community-clinic-women-s-health-center","People's Community Clinic","Centro de Salud para Mujeres","Women’s Health Center","published","28","41","68","13","additional_categories|eligibility_es|eligibility_en|required_documents_es|required_documents_en|hours_es|hours_en|accessibility_notes_es|accessibility_notes_en|sms_phone|whatsapp_phone|email|address_line_2"
"b21aa55f-d57b-4a7f-95b6-1cfd4834591b","primera-baptist-church-food-pantry-bastrop","Primera Baptist Church Food Pantry","Despensa de alimentos","Food pantry","draft","28","41","68","13","additional_categories|languages|eligibility_es|eligibility_en|required_documents_es|required_documents_en|accessibility_notes_es|accessibility_notes_en|sms_phone|whatsapp_phone|email|address_line_2|city"
"176b6494-8402-4492-bd25-1033f709e17f","rebuilding-together-austin-rtasa-rebuilding-together-austin","Rebuilding Together Austin San Antonio (RTASA)","Reparaciones Gratuitas para Viviendas Seguras y Accesibles","Free Home Repairs & Accessibility Modifications","published","28","41","68","13","additional_categories|required_documents_es|required_documents_en|application_steps_es|application_steps_en|sms_phone|whatsapp_phone|email|address_line_1|address_line_2|city|postal_code|county"
"8d89c061-069c-43d0-9f71-7a46d95b48ac","rosanky-baptist-church-food-pantry-rosanky","Rosanky Baptist Church Food Pantry","Despensa de alimentos","Food pantry","draft","28","41","68","13","additional_categories|languages|eligibility_es|eligibility_en|required_documents_es|required_documents_en|accessibility_notes_es|accessibility_notes_en|sms_phone|whatsapp_phone|email|website_url|address_line_2"
"e90e730b-2572-403f-99e0-1a4d2a146474","round-rock-housing-authority-programs","Round Rock Housing Authority","Vivienda pública y asistencia de renta","Public housing and rental assistance","published","28","41","68","13","description_es|description_en|additional_categories|required_documents_es|required_documents_en|hours_es|hours_en|accessibility_notes_es|accessibility_notes_en|sms_phone|whatsapp_phone|email|address_line_2"
"eb610c93-7f0b-4626-ae7d-eba5fdedec90","samaritan-health-ministries-leander","Samaritan Health Ministries","Atención médica para adultos sin seguro","Health care for uninsured adults","published","28","41","68","13","description_es|description_en|additional_categories|required_documents_es|required_documents_en|hours_es|hours_en|accessibility_notes_es|accessibility_notes_en|sms_phone|whatsapp_phone|email|address_line_2"
"fe10362e-aa6b-4179-8fd0-d8cc7de7dbcb","seguin-christian-cupboard-guadalupe","Seguin Christian Cupboard","Despensa de alimentos","Food pantry","draft","28","41","68","13","additional_categories|languages|eligibility_es|eligibility_en|required_documents_es|required_documents_en|accessibility_notes_es|accessibility_notes_en|sms_phone|whatsapp_phone|email|address_line_2|city"
"3019aef0-f55f-4501-bab8-f04de67819e4","service-league-of-greater-lakeway-service-league-of-greater-lakeway","Service League of Greater Lakeway","Equipo Médico Gratuito y Ayudas de Movilidad","Free Medical Equipment & Mobility Aids","published","28","41","68","13","additional_categories|required_documents_es|required_documents_en|application_steps_es|application_steps_en|sms_phone|whatsapp_phone|email|address_line_1|address_line_2|city|postal_code|county"
"5a1e0009-8ae0-494d-b678-637549688b64","shepherd-s-heart-food-pantry-and-community-ministries-williamson","Shepherd's Heart Food Pantry and Community Ministries","Despensa de alimentos","Food pantry","draft","28","41","68","13","additional_categories|languages|eligibility_es|eligibility_en|required_documents_es|required_documents_en|accessibility_notes_es|accessibility_notes_en|sms_phone|whatsapp_phone|email|address_line_2|city"
"af195d84-6d3f-4d0e-b23e-628f9fd5c21f","smithville-food-pantry-bastrop","Smithville Food Pantry","Despensa de alimentos","Food pantry","archived","28","41","68","13","additional_categories|languages|eligibility_es|eligibility_en|required_documents_es|required_documents_en|accessibility_notes_es|accessibility_notes_en|sms_phone|whatsapp_phone|email|address_line_2|city"
"2e78983e-6aaf-4a57-999e-74d4d9306c15","smithville-food-pantry-bastrop-2","Smithville Food Pantry","Despensa de alimentos","Food pantry","archived","28","41","68","13","additional_categories|languages|eligibility_es|eligibility_en|required_documents_es|required_documents_en|accessibility_notes_es|accessibility_notes_en|sms_phone|whatsapp_phone|email|address_line_2|city"
"c61cce1e-249c-476b-b865-15db97834851","society-of-st-vincent-de-paul-svdp-pharmacy-program","Society of St. Vincent de Paul","Programa de Farmacia SVdP","SVdP Pharmacy Program","published","28","41","68","13","additional_categories|eligibility_es|eligibility_en|required_documents_es|required_documents_en|hours_es|hours_en|accessibility_notes_es|accessibility_notes_en|sms_phone|whatsapp_phone|email|address_line_2"
"5b58628a-fea9-46ee-a8c4-42b880aef872","st-austin-catholic-parish-newman-hall-housing-and-financial-assistance-travis","St. Austin Catholic Parish, Newman Hall","Asistencia con servicios públicos","Utility assistance","draft","28","41","68","13","additional_categories|languages|eligibility_es|eligibility_en|required_documents_es|required_documents_en|accessibility_notes_es|accessibility_notes_en|sms_phone|whatsapp_phone|email|address_line_2|city"
"58c843c7-5767-418e-93f4-7ad1207674d2","st-vincent-de-paul-round-rock","St. Vincent De Paul","Despensa de alimentos","Food pantry","draft","28","41","68","13","additional_categories|languages|eligibility_es|eligibility_en|required_documents_es|required_documents_en|accessibility_notes_es|accessibility_notes_en|sms_phone|whatsapp_phone|email|website_url|address_line_2"
"ce5651d2-ee8b-4a6c-9611-9481118421d0","taylor-housing-authority","Taylor Housing Authority","Taylor Housing Authority","Taylor Housing Authority","published","28","41","68","13","additional_categories|required_documents_es|required_documents_en|hours_es|hours_en|accessibility_notes_es|accessibility_notes_en|sms_phone|whatsapp_phone|email|website_url|address_line_2|postal_code"
"c97a69b2-70cd-4492-a4f3-91fbb176f4cc","servicios-de-proteccion-para-adultos-de-texas-aps-linea-estatal-texas-department-of-family-and-protective-services-dfps","Texas Department of Family and Protective Services (DFPS)","Servicios de Protección para Adultos de Texas (APS) — Línea Estatal","Texas Adult Protective Services (APS) — Statewide Intake","draft","28","41","68","13","additional_categories|required_documents_es|required_documents_en|accessibility_notes_es|accessibility_notes_en|sms_phone|whatsapp_phone|email|address_line_1|address_line_2|city|postal_code|county"
"b53bac7b-daaf-4336-b67b-a19c290e87ec","linea-legal-directa-para-texanos-texas-legal-services-center-texas-legal-services-center","Texas Legal Services Center","Línea Legal Directa para Texanos (Texas Legal Services Center)","Legal Hotline for Texans (Texas Legal Services Center)","draft","28","41","68","13","additional_categories|required_documents_es|required_documents_en|accessibility_notes_es|accessibility_notes_en|sms_phone|whatsapp_phone|email|address_line_1|address_line_2|city|postal_code|county"
"6141e26b-0c32-422f-959b-919a609d6b0a","texas-riogrande-legal-aid-williamson-county","Texas RioGrande Legal Aid","Asistencia legal civil gratuita","Free civil legal assistance","published","28","41","68","13","additional_categories|required_documents_es|required_documents_en|accessibility_notes_es|accessibility_notes_en|sms_phone|whatsapp_phone|email|address_line_1|address_line_2|city|postal_code|county"
"cf420eae-5eb6-4315-a972-980ff4f43f65","trla-lassa-asistencia-legal-para-sobrevivientes-de-agresion-sexual-texas-riogrande-legal-aid","Texas RioGrande Legal Aid (TRLA) – Legal Aid for Survivors of Sexual Assault (LASSA)","Asistencia Legal Gratuita para Sobrevivientes de Agresión Sexual","Free Legal Assistance for Survivors of Sexual Assault","published","28","41","68","13","additional_categories|required_documents_es|required_documents_en|application_steps_es|application_steps_en|sms_phone|whatsapp_phone|email|address_line_1|address_line_2|city|postal_code|county"
"8e16d961-90a8-41be-a3bd-a2ed810780c7","the-bread-basket-ministry-of-first-baptist-church-caldwell","The Bread Basket Ministry of First Baptist Church","Despensa de alimentos","Food pantry","draft","28","41","68","13","additional_categories|languages|eligibility_es|eligibility_en|required_documents_es|required_documents_en|accessibility_notes_es|accessibility_notes_en|sms_phone|whatsapp_phone|website_url|address_line_2|city"
"1ec82626-f03c-49c6-bc85-7b7eb7007eba","the-caring-place-community-assistance","The Caring Place","Alimentos y asistencia por crisis","Food and crisis assistance","archived","28","41","68","13","description_es|description_en|additional_categories|required_documents_es|required_documents_en|hours_es|hours_en|accessibility_notes_es|accessibility_notes_en|sms_phone|whatsapp_phone|email|address_line_2"
"e08c38bb-68d1-4e33-a13d-5caa34490dc2","the-caring-place-williamson","The Caring Place","Despensa de alimentos","Food pantry","archived","28","41","68","13","additional_categories|languages|eligibility_es|eligibility_en|required_documents_es|required_documents_en|accessibility_notes_es|accessibility_notes_en|sms_phone|whatsapp_phone|email|address_line_2|city"
"ad347649-b2e8-49c7-a878-ee5b77361fd6","the-salvation-army-williamson","The Salvation Army","Despensa de alimentos","Food pantry","draft","28","41","68","13","additional_categories|languages|eligibility_es|eligibility_en|required_documents_es|required_documents_en|accessibility_notes_es|accessibility_notes_en|sms_phone|whatsapp_phone|email|address_line_2|city"
"956ba064-4bd6-4892-94f4-52fd0a329055","salvation-army-unidad-de-servicio-del-condado-de-bastrop-the-salvation-army-texas-division","The Salvation Army – Texas Division","Salvation Army — Unidad de Servicio del Condado de Bastrop","The Salvation Army — Bastrop County TX Service Unit","draft","28","41","68","13","additional_categories|required_documents_es|required_documents_en|accessibility_notes_es|accessibility_notes_en|sms_phone|whatsapp_phone|email|address_line_1|address_line_2|city|postal_code|county"
"0c902098-64b3-4727-80f1-f1c92c9f7f75","us-citizenship-and-immigration-services-uscis","U.S. Department of Homeland Security – U.S. Citizenship and Immigration Services","Servicios de Ciudadanía e Inmigración de Estados Unidos (USCIS)","U.S. Citizenship and Immigration Services (USCIS)	","published","28","41","68","13","additional_categories|required_documents_es|required_documents_en|accessibility_notes_es|accessibility_notes_en|sms_phone|whatsapp_phone|email|address_line_1|address_line_2|city|postal_code|county"
"6dca176a-b43a-442e-9b74-020200601d1c","uplift-at-university-presbyterian-church-housing-and-financial-assistance-travis","UpLift at University Presbyterian Church","Asistencia con renta y servicios públicos","Rent and utility assistance","draft","28","41","68","13","additional_categories|languages|eligibility_es|eligibility_en|accessibility_notes_es|accessibility_notes_en|sms_phone|whatsapp_phone|email|website_url|address_line_2|city|source_url"
"f1d6fc93-5384-4c7c-9f8b-efb2940fa682","ayuda-legal-civil-con-abogados-voluntarios-volunteer-legal-services-of-central-texas","Volunteer Legal Services of Central Texas","Ayuda legal civil con abogados voluntarios","Civil Legal Help from Volunteer Attorneys","published","28","41","68","13","additional_categories|required_documents_es|required_documents_en|accessibility_notes_es|accessibility_notes_en|sms_phone|whatsapp_phone|email|address_line_1|address_line_2|city|postal_code|county"
"0a97f4ee-26c3-4a07-a118-c3cf024c20d5","all-saints-episcopal-church-rent-and-utility-assistance-all-saints-episcopal-church-rent-and-utility-assistanc","All Saints Episcopal Church Rent and Utility Assistance","All Saints Episcopal Church","All Saints Episcopal Church Rent and Utility Assistance","published","29","41","71","12","additional_categories|eligibility_es|eligibility_en|required_documents_es|required_documents_en|hours_en|accessibility_notes_es|accessibility_notes_en|sms_phone|whatsapp_phone|email|address_line_2"
"506da0f9-5a4a-4d22-95de-5765ecc825dd","alzheimer-s-texas-apoyo-a-cuidadores-alzheimer-s-texas","Alzheimer's Texas","Alzheimer's Texas — Apoyo a Cuidadores","Alzheimer's Texas — Caregiver Support","draft","29","41","71","12","additional_categories|required_documents_es|required_documents_en|accessibility_notes_es|accessibility_notes_en|service_area_es|service_area_en|sms_phone|whatsapp_phone|email|address_line_2|county"
"58886f56-a383-4fab-9de3-69091c2bb92f","carts-now-bastrop-servicio-a-demanda-capital-area-rural-transportation-system-carts","Capital Area Rural Transportation System (CARTS)","CARTS Now Bastrop (servicio a demanda)","CARTS Now Bastrop (on-demand service)","draft","29","41","71","12","additional_categories|required_documents_es|required_documents_en|accessibility_notes_es|accessibility_notes_en|sms_phone|whatsapp_phone|email|address_line_1|address_line_2|city|postal_code"
"6a4e5f6f-82a4-466d-83ab-c7e908f7081f","carts-now-elgin-servicio-a-demanda-capital-area-rural-transportation-system-carts","Capital Area Rural Transportation System (CARTS)","CARTS Now Elgin (servicio a demanda)","CARTS Now Elgin (on-demand service)","draft","29","41","71","12","additional_categories|required_documents_es|required_documents_en|accessibility_notes_es|accessibility_notes_en|sms_phone|whatsapp_phone|email|address_line_1|address_line_2|city|postal_code"
"9fb125d7-eee4-41ed-bb48-adfcf413ff6b","caritas-of-austin-caritas-of-austin","Caritas of Austin","Caritas of Austin","Caritas of Austin","published","29","41","71","12","additional_categories|eligibility_es|eligibility_en|required_documents_es|required_documents_en|accessibility_notes_es|accessibility_notes_en|phone|sms_phone|whatsapp_phone|email|address_line_2"
"c336fcb3-3fc8-4767-9bbc-e73dd7f5d974","servicio-local-de-la-ciudad-de-smithville-carts-carts-en-contrato-con-la-ciudad-de-smithville","CARTS, en contrato con la Ciudad de Smithville","Servicio Local de la Ciudad de Smithville (CARTS)","City of Smithville Local Service (CARTS)","draft","29","41","71","12","additional_categories|required_documents_es|required_documents_en|accessibility_notes_es|accessibility_notes_en|sms_phone|whatsapp_phone|email|address_line_1|address_line_2|city|postal_code"
"265e6ee1-0afb-4146-9f65-ace9c5f0fd94","central-texas-food-bank-benefits-williamson","Central Texas Food Bank","Ayuda para solicitar beneficios públicos","Public benefits application assistance","published","29","41","71","12","additional_categories|hours_es|hours_en|accessibility_notes_es|accessibility_notes_en|sms_phone|whatsapp_phone|email|address_line_1|address_line_2|city|postal_code"
"29a68c85-b3d6-431c-be10-9217ef6ea7b3","meals-on-wheels-rural-capital-area-combined-community-action-inc","Combined Community Action, Inc.","Meals on Wheels Rural Capital Area","Meals on Wheels Rural Capital Area","draft","29","41","71","12","additional_categories|required_documents_es|required_documents_en|accessibility_notes_es|accessibility_notes_en|sms_phone|whatsapp_phone|address_line_1|address_line_2|city|postal_code|county"
"d9ac6095-de0d-473e-9ba2-6b04353d712e","community-council-of-south-central-texas-head-start-program-community-support-seguin","Community Council of South Central Texas - Head Start Program","Head Start y educación infantil temprana","Head Start and early childhood education","draft","29","41","71","12","additional_categories|languages|required_documents_es|required_documents_en|hours_es|hours_en|accessibility_notes_es|accessibility_notes_en|sms_phone|whatsapp_phone|email|address_line_2"
"db7b80ba-21f3-4234-904d-f664d91bb71e","community-council-of-south-central-texas-utility-assistance-housing-and-financial-assistan","Community Council of South Central Texas - Utility Assistance","Asistencia con facturas de energía","Energy bill assistance","draft","29","41","71","12","additional_categories|languages|required_documents_es|required_documents_en|hours_es|hours_en|accessibility_notes_es|accessibility_notes_en|sms_phone|whatsapp_phone|email|address_line_2"
"29e8c472-0ea5-487b-8bc6-1ef6152a06d1","consultame-mexican-consulate-procedure-assistance","Consultame","Asistencia con trámites del Consulado de México","Mexican Consulate procedure assistance","published","29","41","71","12","additional_categories|eligibility_es|eligibility_en|required_documents_es|required_documents_en|hours_es|hours_en|accessibility_notes_es|accessibility_notes_en|sms_phone|whatsapp_phone|address_line_2"
"705a5ab0-a0d7-4fd5-86b7-6afa79678d64","dress-for-success-austin-employment-and-professional-clothing-support","Dress for Success Austin","Apoyo laboral y ropa profesional","Employment and professional clothing support","published","29","41","71","12","additional_categories|eligibility_es|eligibility_en|required_documents_es|required_documents_en|hours_es|hours_en|accessibility_notes_es|accessibility_notes_en|sms_phone|whatsapp_phone|address_line_2"
"61c2eb0e-15e4-4ab3-850d-b0523906648c","eanes-care-eanes-isd-eanes-independent-school-district","Eanes Independent School District","Cuidado Infantil, Educación Temprana y Programa después de Escuela","Child Care, Early Education & After-School","published","29","41","71","12","additional_categories|required_documents_es|required_documents_en|accessibility_notes_es|accessibility_notes_en|sms_phone|whatsapp_phone|email|address_line_1|address_line_2|city|postal_code"
"3ea9291b-b85a-4009-b49a-79169c6e0b4c","foundation-for-the-homeless-feed-my-people-breakfast-showers-and-clothing","Foundation for the Homeless / Feed My People","Desayuno, duchas y ropa","Breakfast, showers and clothing","published","29","41","71","12","additional_categories|eligibility_es|eligibility_en|required_documents_es|required_documents_en|accessibility_notes_es|accessibility_notes_en|sms_phone|whatsapp_phone|email|address_line_2|postal_code"
"1a14a367-0b90-4bf9-a205-a4937b57db90","georgetown-housing-authority","Georgetown Housing Authority","Georgetown Housing Authority","Georgetown Housing Authority","published","29","41","71","12","additional_categories|required_documents_es|required_documents_en|hours_es|hours_en|accessibility_notes_es|accessibility_notes_en|sms_phone|whatsapp_phone|email|website_url|address_line_2"
"46b48785-de2a-4b61-9205-d83a284dda95","golden-age-home-faith-based-senior-care-health-and-personal-support-caldwell","Golden Age Home - Faith Based Senior Care","Vivienda asistida y cuidado de respiro para mayores","Assisted living and respite care for seniors","draft","29","41","71","12","additional_categories|languages|required_documents_es|required_documents_en|hours_es|hours_en|accessibility_notes_es|accessibility_notes_en|sms_phone|whatsapp_phone|address_line_2|city"
"25ad6490-ad4a-4974-b5c5-1d420ff62214","greater-mt-zion-church-community-assistance-and-referral-center-housing-and-financial-assi","Greater Mt. Zion Church (Community Assistance and Referral Center)","Asistencia con servicios públicos","Utility assistance","draft","29","41","71","12","additional_categories|languages|eligibility_es|eligibility_en|required_documents_es|required_documents_en|accessibility_notes_es|accessibility_notes_en|sms_phone|whatsapp_phone|address_line_2|city"
"9da35367-d065-47e8-83f2-862a7e66e89f","growing-heart-liberty-hill","Growing Heart","Growing Heart","Growing Heart","published","29","41","71","12","additional_categories|required_documents_es|required_documents_en|hours_es|hours_en|accessibility_notes_es|accessibility_notes_en|sms_phone|whatsapp_phone|email|website_url|address_line_2"
"a13989cb-a3d6-42da-bf51-264ecc328b84","guadalupe-neighborhood-development-corporation-guadalupe-neighborhood-development-corporation","Guadalupe Neighborhood Development Corporation","Guadalupe Neighborhood Development Corporation","Guadalupe Neighborhood Development Corporation","published","29","41","71","12","additional_categories|eligibility_es|eligibility_en|required_documents_es|required_documents_en|hours_es|hours_en|accessibility_notes_es|accessibility_notes_en|sms_phone|whatsapp_phone|address_line_2"
"fbb60027-51bd-418d-ace5-5484e3fb16e7","hope-alliance-survivor-services","Hope Alliance","Apoyo para sobrevivientes de violencia y abuso sexual","Support for survivors of violence and sexual assault","published","29","41","71","12","description_es|description_en|additional_categories|eligibility_es|eligibility_en|required_documents_es|required_documents_en|accessibility_notes_es|accessibility_notes_en|sms_phone|whatsapp_phone|email"
"8475be9e-3a90-464e-a69a-b1ade532df22","integral-care-integral-care-2","Integral Care","Salud Mental, Uso de Sustancias y Servicios de Crisis","Mental Health, Substance Use & Crisis Services","published","29","41","71","12","additional_categories|eligibility_es|eligibility_en|required_documents_es|required_documents_en|accessibility_notes_es|accessibility_notes_en|sms_phone|whatsapp_phone|email|address_line_2|verification_notes"
"3d092143-7734-48ec-99e5-1eed213b7d84","joe-roland-community-center-caldwell","Joe Roland Community Center","Despensa de alimentos","Food pantry","draft","29","41","71","12","additional_categories|languages|eligibility_es|eligibility_en|required_documents_es|required_documents_en|accessibility_notes_es|accessibility_notes_en|sms_phone|whatsapp_phone|address_line_2|city"
"179b818c-3ff0-4748-87d7-42d78891b0de","lake-travis-isd-oficina-de-programas-comunitarios-lake-travis-independent-school-district","Lake Travis Independent School District","Oficina de Programas Comunitarios","Office of Community Programs","published","29","41","71","12","additional_categories|required_documents_es|required_documents_en|hours_en|accessibility_notes_es|accessibility_notes_en|sms_phone|whatsapp_phone|address_line_1|address_line_2|city|postal_code"
"ad8b2f85-a246-4d4f-ae4e-10b355ecf7fe","new-braunfels-food-bank-guadalupe","New Braunfels Food Bank","Despensa de alimentos","Food pantry","draft","29","41","71","12","additional_categories|languages|eligibility_es|eligibility_en|required_documents_es|required_documents_en|accessibility_notes_es|accessibility_notes_en|sms_phone|whatsapp_phone|address_line_2|city"
"87a796dc-71a2-4d5a-b14c-292e6d11ac96","northeast-health-resource-center-free-diapers-and-menstrual-products","Northeast Health Resource Center","Pañales y productos menstruales gratuitos","Free diapers and menstrual products","published","29","41","71","12","additional_categories|eligibility_es|eligibility_en|required_documents_es|required_documents_en|accessibility_notes_es|accessibility_notes_en|sms_phone|whatsapp_phone|email|website_url|address_line_2"
"f238120b-962a-4a16-9b5d-cd985c720925","round-rock-housing-authority","Round Rock Housing Authority","Round Rock Housing Authority","Round Rock Housing Authority","published","29","41","71","12","additional_categories|required_documents_es|required_documents_en|hours_es|hours_en|accessibility_notes_es|accessibility_notes_en|sms_phone|whatsapp_phone|email|website_url|address_line_2"
"e832feac-b220-4164-af37-561c70f107c9","2-1-1-texas-hhsc-texas-health-and-human-services-commission","Texas Health and Human Services Commission","2-1-1 Texas (HHSC)","2-1-1 Texas (HHSC)","draft","29","41","71","12","additional_categories|required_documents_es|required_documents_en|accessibility_notes_es|accessibility_notes_en|sms_phone|whatsapp_phone|address_line_1|address_line_2|city|postal_code|county"
"31c1c110-4cbf-4a00-9d0e-3892893a2cf5","programa-de-transporte-medico-mtp-de-medicaid-de-texas-texas-hhsc-texas-medicaid-healthcare-partnership-tmhp","Texas HHSC / Texas Medicaid & Healthcare Partnership (TMHP)","Programa de Transporte Médico (MTP) de Medicaid de Texas","Texas Medicaid Medical Transportation Program (MTP)","draft","29","41","71","12","additional_categories|hours_en|accessibility_notes_es|accessibility_notes_en|sms_phone|whatsapp_phone|email|address_line_1|address_line_2|city|postal_code|county"
"ac686d17-2589-4744-9ce5-6411fd2840c7","the-charlie-center-located-in-mosaic-church-travis","The Charlie Center (located in Mosaic Church)","Desayuno y navegación de recursos","Breakfast and resource navigation","draft","29","41","71","12","additional_categories|languages|eligibility_es|eligibility_en|accessibility_notes_es|accessibility_notes_en|sms_phone|whatsapp_phone|email|website_url|address_line_2|city"
"c59aeb14-d78e-4511-be0f-f8f21479b7d5","the-goodwill-excel-center-adult-high-school-diploma-and-career-training","The Goodwill Excel Center","Diploma de secundaria y capacitación profesional para adultos","Adult high school diploma and career training","published","29","41","71","12","additional_categories|eligibility_es|eligibility_en|required_documents_es|required_documents_en|hours_es|hours_en|accessibility_notes_es|accessibility_notes_en|sms_phone|whatsapp_phone|address_line_2"
"b35f5257-dbc8-4392-a79e-634d45ff7f20","travis-county-family-support-services-palm-square-office-health-and-personal-support-travi","Travis County Family Support Services (Palm Square Office)","Beneficios del Seguro Social","Social Security benefits","archived","29","41","71","12","additional_categories|languages|eligibility_es|eligibility_en|accessibility_notes_es|accessibility_notes_en|sms_phone|whatsapp_phone|email|website_url|address_line_2|city"
"f6daf9c2-3ab7-4f6e-a230-55c4d0dc51e1","travis-county-family-support-services-palm-square-office-housing-and-financial-assistance-2","Travis County Family Support Services (Palm Square Office)","Asistencia de vivienda — Travis County Family Support Services (Palm Square Office)","Housing assistance — Travis County Family Support Services (Palm Square Office)","archived","29","41","71","12","additional_categories|languages|eligibility_es|eligibility_en|accessibility_notes_es|accessibility_notes_en|sms_phone|whatsapp_phone|email|website_url|address_line_2|city"
"6a0373df-218e-47c9-9f8d-bf443628b4ec","travis-county-family-support-services-palm-square-office-housing-and-financial-assistance-3","Travis County Family Support Services (Palm Square Office)","Beneficios del Seguro Social","Social Security benefits","archived","29","41","71","12","additional_categories|languages|eligibility_es|eligibility_en|accessibility_notes_es|accessibility_notes_en|sms_phone|whatsapp_phone|email|website_url|address_line_2|city"
"4b2cd9bb-a1fc-409b-bdbe-39f3059edd9d","ventanilla-de-salud-health-information-and-preventive-services","Ventanilla de Salud – Consulado General de México en Austin","Información de salud y servicios preventivos","Health Information & Preventive Services","published","29","41","71","12","additional_categories|eligibility_es|eligibility_en|required_documents_es|required_documents_en|application_steps_es|application_steps_en|accessibility_notes_es|accessibility_notes_en|sms_phone|whatsapp_phone|email"
"ed885976-274d-41e6-af23-20e22b07713f","williamson-county-community-resource-navigation","Williamson County Community Resource Center","Orientación para encontrar ayuda","Community resource navigation","published","29","41","71","12","description_es|description_en|additional_categories|eligibility_es|eligibility_en|required_documents_es|required_documents_en|accessibility_notes_es|accessibility_notes_en|sms_phone|whatsapp_phone|address_line_2"
"a274668c-d7e9-41d3-9a4d-db1971210089","assurance-wireless-mobile-phone-program","Assurance Wireless","Servicio telefónico Lifeline","Lifeline phone service","published","30","41","73","11","additional_categories|accessibility_notes_es|accessibility_notes_en|sms_phone|whatsapp_phone|email|address_line_1|address_line_2|city|postal_code|county"
"9409990b-0eb4-4a63-9cba-995ca29708de","departamento-de-salud-publica-del-condado-de-bastrop-bastrop-county-government","Bastrop County Government","Departamento de Salud Pública del Condado de Bastrop","Bastrop County Public Health Department","draft","30","41","73","11","additional_categories|required_documents_es|required_documents_en|application_steps_es|application_steps_en|hours_es|hours_en|accessibility_notes_es|accessibility_notes_en|sms_phone|whatsapp_phone"
"3ca65a44-4607-4269-a72b-866754293f4d","bluebonnet-trails-substance-use-services","Bluebonnet Trails Community Services","Servicios de Consumo de Sustancias de Bluebonnet Trails","Bluebonnet Trails Substance Use Services","published","30","41","73","11","additional_categories|required_documents_es|required_documents_en|hours_es|hours_en|accessibility_notes_es|accessibility_notes_en|sms_phone|whatsapp_phone|email|address_line_2"
"99f170c6-0afe-4c80-a69e-3ad348ed4a1e","brighter-days-food-pantry-at-leander-church-of-christ-drive-thru-leander","Brighter Days Food Pantry at Leander Church of Christ (Drive thru)","Despensa de alimentos","Food pantry","draft","30","41","73","11","additional_categories|languages|eligibility_es|eligibility_en|required_documents_es|required_documents_en|accessibility_notes_es|accessibility_notes_en|sms_phone|whatsapp_phone|address_line_2"
"12182a58-d007-42e5-bbd3-a78477b47dfa","carts-williamson-county","Capital Area Rural Transportation System (CARTS)","CARTS – Williamson County","CARTS – Williamson County","published","30","41","73","11","additional_categories|required_documents_es|required_documents_en|hours_es|hours_en|accessibility_notes_es|accessibility_notes_en|sms_phone|whatsapp_phone|email|address_line_2"
"acbc17f1-ec65-47fc-93f7-00e68e3c0c0a","carts-capital-area-rural-transportation-system-carts","CARTS","CARTS (Capital Area Rural Transportation System)","CARTS (Capital Area Rural Transportation System)","draft","30","41","73","11","additional_categories|required_documents_es|required_documents_en|hours_en|sms_phone|whatsapp_phone|email|address_line_2|city|postal_code|county"
"52e14780-187c-4da0-aa22-8723a2dc8334","carts-metro-connector-ruta-990-manor-elgin-express-carts-en-coordinacion-con-capital-metro","CARTS, en coordinación con Capital Metro","CARTS Metro Connector / Ruta 990 Manor–Elgin Express","CARTS Metro Connector / Route 990 Manor/Elgin Express","draft","30","41","73","11","additional_categories|required_documents_es|required_documents_en|sms_phone|whatsapp_phone|email|address_line_1|address_line_2|city|postal_code|county"
"b11604b0-5d1a-4d0e-9c59-58397e6b02d6","casa-marianella-casa-marianella","Casa Marianella","Immigrant & Asylum Seeker Shelter & Support","Refugio y Apoyo para Inmigrantes y Solicitantes de Asilo","published","30","41","73","11","additional_categories|eligibility_es|eligibility_en|required_documents_es|required_documents_en|accessibility_notes_es|accessibility_notes_en|sms_phone|whatsapp_phone|email|address_line_2"
"b2d878c8-fb16-4cec-98ef-214683c19eae","central-presbyterian-church-breakfast-and-basic-needs-support","Central Presbyterian Church","Central Mission: desayuno y necesidades básicas","Central Mission: breakfast and basic needs","published","30","41","73","11","additional_categories|eligibility_es|eligibility_en|required_documents_es|required_documents_en|accessibility_notes_es|accessibility_notes_en|sms_phone|whatsapp_phone|email|address_line_2"
"c980a647-c289-49af-908b-1e2ff4cc59eb","golden-harvest-comidas-para-personas-mayores-meals-on-wheels-central-texas-food-bank-programa-golden-harvest","Central Texas Food Bank (programa Golden Harvest)","Golden Harvest — Comidas para Personas Mayores (Meals on Wheels)","Golden Harvest Senior Meals (Meals on Wheels)","draft","30","41","73","11","additional_categories|required_documents_es|required_documents_en|hours_es|hours_en|accessibility_notes_es|accessibility_notes_en|sms_phone|whatsapp_phone|email|address_line_2"
"1f6272c7-a375-4adf-987e-b9f237db57bb","del-valle-isd-apoyo-estudiantil-y-familiar-del-valle-independent-school-district","Del Valle Independent School District","Del Valle ISD — Apoyo Estudiantil y Familiar","Del Valle ISD — Student and Family Support","published","30","41","73","11","additional_categories|required_documents_es|required_documents_en|hours_es|hours_en|accessibility_notes_es|accessibility_notes_en|sms_phone|whatsapp_phone|email|address_line_2"
"e3294e34-3fc1-4b49-a169-bfec2cfd7132","double-up-food-bucks-food-assistance-benefits","Double Up Food Bucks Texas","Beneficios de asistencia alimentaria","Food assistance benefits","published","30","41","73","11","additional_categories|required_documents_es|required_documents_en|sms_phone|whatsapp_phone|email|address_line_1|address_line_2|city|postal_code|county"
"24a2c0f9-7f26-40d2-b836-df8f9fcb99dd","ollie-s-medical-equipment-lending-closet-senior-access-drive-a-senior-drive-a-senior-central-texas-antes-senior-access","Drive a Senior Central Texas (antes ""Senior Access"")","Drive a Senior – Transporte y Apoyo para Adultos Mayores","Drive a Senior – Transportation & Support for Older Adults","published","30","41","73","11","additional_categories|required_documents_es|required_documents_en|application_steps_es|application_steps_en|accessibility_notes_es|accessibility_notes_en|sms_phone|whatsapp_phone|email|address_line_2"
"464ffcb3-0fc6-46e9-8613-e581d1f31fa9","emancipet-community-support-williamson","Emancipet","Clínicas veterinarias móviles","Mobile veterinary clinics","draft","30","41","73","11","additional_categories|accessibility_notes_es|accessibility_notes_en|sms_phone|whatsapp_phone|email|address_line_1|address_line_2|city|postal_code|county"
"c206a68e-a2d4-4630-8e73-e06acd7f1343","georgetown-housing-authority-programs","Georgetown Housing Authority","Vivienda pública y programas de renta","Public housing and rental assistance programs","published","30","41","73","11","description_es|description_en|additional_categories|hours_es|hours_en|accessibility_notes_es|accessibility_notes_en|sms_phone|whatsapp_phone|email|address_line_2"
"447a47bb-b963-44da-97a4-8fa287125627","giddings-area-care-center-lee","Giddings Area Care Center","Despensa de alimentos","Food pantry","draft","30","41","73","11","additional_categories|languages|required_documents_es|required_documents_en|accessibility_notes_es|accessibility_notes_en|phone|sms_phone|whatsapp_phone|address_line_2|city"
"b6ddcd4a-db8d-4c8e-aa55-c3e4d34d9f4b","greater-mt-zion-church-greater-mt-zion-church-2","Greater Mt. Zion Church","Despensa de Alimentos","Food Pantry","published","30","41","73","11","additional_categories|eligibility_es|eligibility_en|required_documents_es|required_documents_en|accessibility_notes_es|accessibility_notes_en|sms_phone|whatsapp_phone|email|address_line_2"
"283c04bd-73bd-4dad-8644-0d6c05e47886","green-doors-green-doors","Green Doors","Vivienda Asequible y de Apoyo","Affordable & Supportive Housing","published","30","41","73","11","additional_categories|required_documents_es|required_documents_en|hours_es|hours_en|accessibility_notes_es|accessibility_notes_en|sms_phone|whatsapp_phone|email|address_line_2"
"49e20288-0419-4c47-9c8f-f063aafd4a6b","in-the-streets-hands-up-high-housing-and-financial-assistance-bastrop","In the Streets Hands Up High","Comidas, despensa y refugio","Meals, pantry, and shelter","draft","30","41","73","11","additional_categories|languages|required_documents_es|required_documents_en|accessibility_notes_es|accessibility_notes_en|sms_phone|whatsapp_phone|email|address_line_2|city"
"790291c2-4f53-4db9-8fcc-92571deda352","liberty-hill-isd-family-student-support","Liberty Hill Independent School District","Liberty Hill ISD – Apoyo para Familias y Estudiantes","Liberty Hill ISD – Family & Student Support","published","30","41","73","11","additional_categories|required_documents_es|required_documents_en|hours_es|hours_en|accessibility_notes_es|accessibility_notes_en|sms_phone|whatsapp_phone|email|address_line_2"
"8f45635a-6179-4946-9761-8d2104e43bc6","meals-on-wheels-central-texas-mowct-meals-on-wheels-central-texas","Meals on Wheels Central Texas","Meals on Wheels Central Texas (MOWCT)","Meals on Wheels Central Texas (MOWCT)","draft","30","41","73","11","additional_categories|required_documents_es|required_documents_en|accessibility_notes_es|accessibility_notes_en|sms_phone|whatsapp_phone|email|address_line_2|postal_code|county"
"fce78f82-15f4-431b-8524-c739e9d59503","navarro-high-school-family-resource-center-family-resource-center-support","Navarro High School Family Resource Center","Centro de Recursos Familiares","Family Resource Center","published","30","41","73","11","additional_categories|eligibility_es|eligibility_en|required_documents_es|required_documents_en|accessibility_notes_es|accessibility_notes_en|sms_phone|whatsapp_phone|email|address_line_2"
"baf26283-8c39-4a4b-99dc-41126636b87d","opportunities-williamson-burnet-counties","Opportunities for Williamson & Burnet Counties","Opportunities for Williamson & Burnet Counties (OWBC)","Opportunities for Williamson & Burnet Counties (OWBC)","published","30","41","73","11","additional_categories|required_documents_es|required_documents_en|hours_es|hours_en|accessibility_notes_es|accessibility_notes_en|sms_phone|whatsapp_phone|email|address_line_2"
"1efb3092-f31f-46b3-81e7-c84f76b47b95","atencion-medica-familiar-de-bajo-costo-people-s-community-clinic","People's Community Clinic","Atención médica familiar de bajo costo","Affordable Family Health Care","published","30","41","73","11","additional_categories|required_documents_es|required_documents_en|hours_es|hours_en|accessibility_notes_es|accessibility_notes_en|sms_phone|whatsapp_phone|email|address_line_2"
"ada9dadc-4ec8-4907-a707-d4007f35690f","sacred-heart-catholic-church-elgin-sociedad-de-san-vicente-de-paul-sacred-heart-catholic-church","Sacred Heart Catholic Church – St. Vincent de Paul","Despensa de Alimentos y Ayuda para Necesidades Básicas en Elgin","Food Pantry & Basic Needs Assistance in Elgin","published","30","41","73","11","additional_categories|required_documents_es|required_documents_en|application_steps_es|application_steps_en|accessibility_notes_es|accessibility_notes_en|sms_phone|whatsapp_phone|email|address_line_2"
"cb535f66-7a0d-4881-a5af-87e976717ae0","st-vincent-de-paul-food-pantry-st-vincent-de-paul-food-pantry","Society of St. Vincent de Paul Diocesan Council of Austin","Despensa de Alimentos St. Vincent de Paul","St. Vincent de Paul Food Pantry","published","30","41","73","11","additional_categories|eligibility_es|eligibility_en|required_documents_es|required_documents_en|accessibility_notes_es|accessibility_notes_en|sms_phone|whatsapp_phone|email|address_line_2"
"145067fd-844f-4744-bb56-9d13c420ca50","starry-carver-center-for-families","STARRY + Georgetown Health Foundation","STARRY – Carver Center for Families","STARRY – Carver Center for Families","published","30","41","73","11","additional_categories|required_documents_es|required_documents_en|hours_es|hours_en|accessibility_notes_es|accessibility_notes_en|sms_phone|whatsapp_phone|email|address_line_2"
"30fa47b2-4985-432a-b020-53f19e042059","sunrise-homeless-navigation-center-homeless-navigation-and-basic-needs-support","Sunrise Homeless Navigation Center","Orientación para personas sin hogar y apoyo para necesidades básicas","Homeless navigation and basic-needs support","published","30","41","73","11","additional_categories|eligibility_es|eligibility_en|required_documents_es|required_documents_en|accessibility_notes_es|accessibility_notes_en|sms_phone|whatsapp_phone|email|address_line_2"
"36baf425-4bb9-47ad-bc13-101fdfd4fb78","georgetown-project-nest-empowerment-center","The Georgetown Project","The Georgetown Project – NEST Empowerment Center","The Georgetown Project – NEST Empowerment Center","published","30","41","73","11","additional_categories|required_documents_es|required_documents_en|hours_es|hours_en|accessibility_notes_es|accessibility_notes_en|sms_phone|whatsapp_phone|email|address_line_2"
"b89d680e-ac75-4797-990f-2d14181bb222","the-randolph-area-christian-assistance-program-housing-and-financial-assistance-schertz","The Randolph Area Christian Assistance Program","Alimentos y asistencia con servicios públicos","Food and utility assistance","draft","30","41","73","11","additional_categories|languages|eligibility_es|eligibility_en|hours_es|hours_en|accessibility_notes_es|accessibility_notes_en|sms_phone|whatsapp_phone|address_line_2"
"9c1858a2-e36d-4bd8-b287-ad85594efea5","the-source-women-s-health-center-women-s-health-services","The Source Women's Health Center","Servicios de salud para mujeres","Women’s health services","published","30","41","73","11","additional_categories|eligibility_es|eligibility_en|required_documents_es|required_documents_en|accessibility_notes_es|accessibility_notes_en|sms_phone|whatsapp_phone|email|address_line_2"
"4d1f40fa-609d-4b0a-adc5-f718f1c0671c","travis-county-family-support-services-palm-square-office-housing-and-financial-assistance","Travis County Family Support Services (Palm Square Office)","Asistencia económica de emergencia","Emergency financial assistance","draft","30","41","73","11","additional_categories|eligibility_es|eligibility_en|accessibility_notes_es|accessibility_notes_en|sms_phone|whatsapp_phone|email|website_url|address_line_2|city"
"560915b3-0a0d-4b8b-aae8-7822575c9f38","engage-travis-county-travis-county-health-and-human-services","Travis County Health and Human Services","engAGE Travis County","engAGE Travis County","draft","30","41","73","11","additional_categories|required_documents_es|required_documents_en|hours_es|hours_en|accessibility_notes_es|accessibility_notes_en|sms_phone|whatsapp_phone|email|address_line_2"
"e0d9758c-a1a5-40d4-8cef-a4fe70121dec","trinity-center-trinity-center","Trinity Center","Trinity Center","Trinity Center","published","30","41","73","11","additional_categories|eligibility_es|eligibility_en|required_documents_es|required_documents_en|accessibility_notes_es|accessibility_notes_en|sms_phone|whatsapp_phone|email|address_line_2"
"fd841f57-2c4a-4141-acc0-71b0c09c2f60","university-baptist-church-university-baptist-church","University Baptist Church (UBC)","Free Community Meal","Comida Comunitaria Gratuita","published","30","41","73","11","additional_categories|eligibility_es|eligibility_en|required_documents_es|required_documents_en|accessibility_notes_es|accessibility_notes_en|sms_phone|whatsapp_phone|email|address_line_2"
"4fa4cebd-453a-42f5-866f-020952f2260a","university-presbyterian-church-food-pantry-and-utility-assistance","University Presbyterian Church","Despensa y asistencia para servicios públicos","Food pantry and utility assistance","published","30","41","73","11","additional_categories|eligibility_es|eligibility_en|required_documents_es|required_documents_en|accessibility_notes_es|accessibility_notes_en|sms_phone|whatsapp_phone|email|address_line_2"
"cb14b8fd-d05f-4d23-bfdb-30ebbe0abaa6","uplift-university-presbyterian-church-uplift-university-presbyterian-church","UPLift @ University Presbyterian Church","UPLift @ University Presbyterian Church","UPLift @ University Presbyterian Church","published","30","41","73","11","additional_categories|eligibility_es|eligibility_en|required_documents_es|required_documents_en|hours_en|accessibility_notes_es|accessibility_notes_en|sms_phone|whatsapp_phone|address_line_2"
"d9e90b78-3228-4cbd-a42b-cdfe7b217850","volunteer-legal-services-of-central-texas-vlsoct-volunteer-legal-services-of-central-texas","Volunteer Legal Services of Central Texas","Servicios Legales Voluntarios del Centro de Texas (VLSoCT)","Volunteer Legal Services of Central Texas (VLSoCT)","draft","30","41","73","11","additional_categories|required_documents_es|required_documents_en|hours_es|hours_en|accessibility_notes_es|accessibility_notes_en|sms_phone|whatsapp_phone|email|address_line_2"
"b9773d13-7e7e-4f12-88fd-d3835500811d","central-texas-treatment-center","Williamson County Community Supervision & Corrections Department","Central Texas Treatment Center","Central Texas Treatment Center","published","30","41","73","11","additional_categories|required_documents_es|required_documents_en|hours_es|hours_en|accessibility_notes_es|accessibility_notes_en|sms_phone|whatsapp_phone|email|address_line_2"
"96e32345-c31a-4260-a816-efb412582e88","williamson-county-juvenile-services-mental-health-family-support","Williamson County Juvenile Services","Williamson County Juvenile Services – Salud Mental y Apoyo Familiar","Williamson County Juvenile Services – Mental Health / Family Support","published","30","41","73","11","additional_categories|required_documents_es|required_documents_en|hours_es|hours_en|accessibility_notes_es|accessibility_notes_en|sms_phone|whatsapp_phone|email|address_line_2"
"e6f92c60-4b28-411d-9ec3-2a7d6beb32fd","yellow-house-foundation","Yellow House Foundation","Yellow House Foundation","Yellow House Foundation","published","30","41","73","11","additional_categories|required_documents_es|required_documents_en|hours_es|hours_en|accessibility_notes_es|accessibility_notes_en|sms_phone|whatsapp_phone|email|address_line_2"
"6b6206fb-08ba-4230-9456-88d4359a1da6","american-gateways-american-gateways","American Gateways","Servicios legales de inmigración","Immigration legal services","draft","31","41","76","10","additional_categories|required_documents_es|required_documents_en|hours_en|accessibility_notes_es|accessibility_notes_en|sms_phone|whatsapp_phone|email|address_line_2"
"dc30539b-1f5e-4176-ae79-2d9aa4d53b74","autoayuda-legal-juez-de-paz-precinto-1-condado-de-bastrop-bastrop-county-government","Bastrop County Government","Autoayuda Legal — Juez de Paz, Precinto 1, Condado de Bastrop","Bastrop County Justice of the Peace Pct. 1 Self-Help","draft","31","41","76","10","additional_categories|required_documents_es|required_documents_en|hours_en|accessibility_notes_es|accessibility_notes_en|sms_phone|whatsapp_phone|email|address_line_2"
"64eaf9fd-99fb-4dfe-8ebc-639d80ebbfd4","equipo-de-recuperacion-a-largo-plazo-del-condado-de-bastrop-bastrop-county-long-term-recovery-team-bcltrt","Bastrop County Long Term Recovery Team (BCLTRT)","Equipo de Recuperación a Largo Plazo del Condado de Bastrop","Bastrop County Long Term Recovery Team","draft","31","41","76","10","additional_categories|required_documents_es|required_documents_en|hours_es|hours_en|accessibility_notes_es|accessibility_notes_en|sms_phone|whatsapp_phone|address_line_2"
"47f853a3-e0b3-4e4f-babf-72ca6fa7cff3","catholic-charities-immigration-legal-services-georgetown","Catholic Charities of Central Texas","Catholic Charities – Servicios Legales de Inmigración en Georgetown","Catholic Charities – Immigration Legal Services in Georgetown","published","31","41","76","10","additional_categories|required_documents_es|required_documents_en|hours_es|hours_en|accessibility_notes_es|accessibility_notes_en|sms_phone|whatsapp_phone|email"
"04566642-11ce-41c5-b1c2-b3cec69dbbdd","central-texas-food-bank-programas-para-adultos-mayores-csfp-y-hope-central-texas-food-bank","Central Texas Food Bank","Central Texas Food Bank — Programas para Adultos Mayores (CSFP y HOPE)","Central Texas Food Bank — Senior Programs (CSFP and HOPE)","draft","31","41","76","10","additional_categories|accessibility_notes_es|accessibility_notes_en|service_area_es|service_area_en|sms_phone|whatsapp_phone|email|address_line_2|county"
"1d5c0fd4-3e2a-4d75-a2a2-d2fcd2fffb61","despensa-movil-de-elgin-central-texas-food-bank-central-texas-food-bank","Central Texas Food Bank","Despensa Móvil de Elgin (Central Texas Food Bank)","Elgin Mobile Pantry (Central Texas Food Bank)","draft","31","41","76","10","additional_categories|required_documents_es|required_documents_en|hours_en|accessibility_notes_es|accessibility_notes_en|sms_phone|whatsapp_phone|email|address_line_2"
"4557e75b-5cef-4723-99d9-6b262d4c5e3c","actividades-para-adultos-mayores-de-elgin-ciudad-de-elgin-parques-y-recreacion","Ciudad de Elgin, Parques y Recreación","Actividades para Adultos Mayores de Elgin","Elgin Senior Activities","draft","31","41","76","10","additional_categories|required_documents_es|required_documents_en|accessibility_notes_es|accessibility_notes_en|sms_phone|whatsapp_phone|email|address_line_2|postal_code"
"d4ed0a29-53f4-4a2d-b599-a0658288b06e","community-medical-services-cedar-park","Community Medical Services","Community Medical Services – Cedar Park","Community Medical Services – Cedar Park","published","31","41","76","10","additional_categories|required_documents_es|required_documents_en|hours_es|hours_en|accessibility_notes_es|accessibility_notes_en|sms_phone|whatsapp_phone|email"
"7f85aa91-8857-4480-a180-82c837537281","williamson-county-community-resource-center-liberty-hill","Community Resource Centers of Texas","Williamson County Community Resource Center – Liberty Hill","Williamson County Community Resource Center – Liberty Hill","published","31","41","76","10","additional_categories|required_documents_es|required_documents_en|hours_es|hours_en|accessibility_notes_es|accessibility_notes_en|sms_phone|whatsapp_phone|email"
"781f32b5-d6f0-49d3-b98f-1fad59122c64","despensa-movil-de-creedmoor-elementary-ctfb-del-valle-isd-central-texas-food-bank-del-valle-isd","Creedmoor Elementary – Feeding Futures School Pantry","Despensa Móvil de Creedmoor Elementary","Creedmoor Elementary Mobile Food Pantry","published","31","41","76","10","additional_categories|required_documents_es|required_documents_en|accessibility_notes_es|accessibility_notes_en|sms_phone|whatsapp_phone|email|address_line_2|verification_notes"
"148cb73a-4dc6-4b43-8515-1a59f006e203","downtown-austin-community-court-dacc-downtown-austin-community-court-dacc","Downtown Austin Community Court (DACC)","Tribunal Comunitario y Servicios para Personas sin Vivienda","Community Court & Homeless Services","published","31","41","76","10","additional_categories|eligibility_es|eligibility_en|required_documents_es|required_documents_en|accessibility_notes_es|accessibility_notes_en|sms_phone|whatsapp_phone|email"
"3f15d5f6-b7df-4118-8fb2-720364dd59ad","faith-in-action-georgetown-rides","Faith in Action Georgetown","Transporte para adultos mayores","Transportation for older adults","published","31","41","76","10","description_es|description_en|additional_categories|required_documents_es|required_documents_en|accessibility_notes_es|accessibility_notes_en|sms_phone|whatsapp_phone|email"
"faf2ea96-cef5-4920-9cfa-e9a9917d6588","despensa-comunidad-de-esperanza-friendship-bible-baptist-church-cedar-creek-friendship-bible-baptist-church-community-of-hope-inc","Friendship Bible Baptist Church / Community of Hope Inc.","Despensa Comunidad de Esperanza (Friendship Bible Baptist Church) — Cedar Creek","Community of Hope Food Pantry (Friendship Bible Baptist Church) — Cedar Creek","draft","31","41","76","10","additional_categories|required_documents_es|required_documents_en|accessibility_notes_es|accessibility_notes_en|sms_phone|whatsapp_phone|email|website_url|address_line_2"
"a2dbb0c5-89a4-4127-a6c4-3e68a03231ea","gonzales-christian-assistance-ministry-gonzales","Gonzales Christian Assistance Ministry","Alimentos y asistencia para necesidades básicas","Food and basic-needs assistance","draft","31","41","76","10","additional_categories|required_documents_es|required_documents_en|accessibility_notes_es|accessibility_notes_en|sms_phone|whatsapp_phone|email|website_url|address_line_2"
"4df6bb1f-cda1-401f-9cf2-69e8e836463c","brighter-days-food-pantry","Leander Church of Christ","Brighter Days Food Pantry","Brighter Days Food Pantry","published","31","41","76","10","description_es|description_en|additional_categories|required_documents_es|required_documents_en|accessibility_notes_es|accessibility_notes_en|sms_phone|whatsapp_phone|address_line_2"
"b3e2deec-ec82-4a93-8c2b-fa160cc216ff","lone-star-circle-of-care-round-rock-behavioral-health","Lone Star Circle of Care","Lone Star Circle of Care – Salud Conductual de Round Rock","Lone Star Circle of Care – Round Rock Behavioral Health","published","31","41","76","10","additional_categories|required_documents_es|required_documents_en|hours_es|hours_en|accessibility_notes_es|accessibility_notes_en|sms_phone|whatsapp_phone|email"
"efc5c4c7-6673-4c20-923a-6105141637a0","lone-star-circle-of-care-georgetown-behavioral-health","Lone Star Circle of Care","Lone Star Circle of Care – Salud Conductual de Georgetown","Lone Star Circle of Care – Georgetown Behavioral Health","published","31","41","76","10","additional_categories|required_documents_es|required_documents_en|hours_es|hours_en|accessibility_notes_es|accessibility_notes_en|sms_phone|whatsapp_phone|email"
"61f9b09f-3d53-42b5-9852-24eaa0007d4b","oakvine-recovery-center","Oakvine Recovery Center","Oakvine Recovery Center","Oakvine Recovery Center","published","31","41","76","10","additional_categories|required_documents_es|required_documents_en|hours_es|hours_en|accessibility_notes_es|accessibility_notes_en|sms_phone|whatsapp_phone|email"
"104861dd-ebbc-4c0a-9aa9-68ec2b0cb772","open-door-soup-kitchen-in-the-streets-hands-up-high-its-huh-bastrop","Open Door Soup Kitchen: In The Streets - Hands Up High (ITS HUH)","Comedor comunitario Open Door","Open Door soup kitchen","draft","31","41","76","10","additional_categories|languages|required_documents_es|required_documents_en|accessibility_notes_es|accessibility_notes_en|sms_phone|whatsapp_phone|address_line_2|city"
"6fb636e3-f6b5-4faa-99f8-a284f3054576","opportunities-for-williamson-burnet-counties-owbc-meals-on-wheels-opportunities-for-williamson-burnet-counties","Opportunities for Williamson & Burnet Counties","Opportunities for Williamson & Burnet Counties (OWBC) — Meals on Wheels","Opportunities for Williamson & Burnet Counties (OWBC) — Meals on Wheels","draft","31","41","76","10","additional_categories|required_documents_es|required_documents_en|hours_en|accessibility_notes_es|accessibility_notes_en|sms_phone|whatsapp_phone|address_line_2|county"
"380d78f2-3fd7-4cb0-ac5f-24952ac11a37","opportunities-for-williamson-and-burnet-counties-community-case-management-support","Opportunities for Williamson & Burnet Counties (OWBC)","Servicios Comunitarios, Head Start y Meals on Wheels","Community Services, Head Start & Meals on Wheels","published","31","41","76","10","additional_categories|eligibility_es|eligibility_en|required_documents_es|required_documents_en|accessibility_notes_es|accessibility_notes_en|sms_phone|whatsapp_phone|address_line_2"
"4075ac63-2b76-4020-8dfe-ea07a761d25d","pflugerville-parks-recreation-programas-para-adultos-mayores-city-of-pflugerville","Pflugerville Parks & Recreation —  City of Pflugerville","Programas para Adultos Mayores","Senior Programs","published","31","41","76","10","additional_categories|required_documents_es|required_documents_en|hours_en|accessibility_notes_es|accessibility_notes_en|sms_phone|whatsapp_phone|email|address_line_2"
"3d145c3f-d4df-4aa3-becc-ae02acd55ac2","round-rock-area-serving-center-round-rock","Round Rock Area Serving Center","Despensa de alimentos","Food pantry","archived","31","41","76","10","additional_categories|languages|required_documents_es|required_documents_en|accessibility_notes_es|accessibility_notes_en|sms_phone|whatsapp_phone|email|address_line_2"
"b2d9fdb2-61f0-4eac-b3c6-9b0631cbb96d","starry-williamson-county","STARRY","STARRY – Williamson County","STARRY – Williamson County","published","31","41","76","10","additional_categories|required_documents_es|required_documents_en|hours_es|hours_en|accessibility_notes_es|accessibility_notes_en|sms_phone|whatsapp_phone|email"
"9e338c5b-fb92-4ca0-b566-0c633904c467","hope-counseling-program-williamson-county","Texas Baptist Children's Home","Consejería Hope","Hope Counseling Program","published","31","41","76","10","additional_categories|required_documents_es|required_documents_en|hours_es|hours_en|accessibility_notes_es|accessibility_notes_en|sms_phone|whatsapp_phone|address_line_2"
"701f1343-57dc-4616-9bf6-c6582bd42593","texas-legal-services-center-williamson-county","Texas Legal Services Center","Texas Legal Services Center – Williamson County","Texas Legal Services Center – Williamson County","published","31","41","76","10","additional_categories|required_documents_es|required_documents_en|hours_es|hours_en|accessibility_notes_es|accessibility_notes_en|sms_phone|whatsapp_phone|email"
"7ad531f3-582b-45d5-b9c7-c4edf164e26b","safe-alliance-safe-alliance","The SAFE Alliance (SAFE)","Apoyo Familiar y Violencia","Domestic Violence & Sexual Assault","published","31","41","76","10","additional_categories|eligibility_es|eligibility_en|required_documents_es|required_documents_en|accessibility_notes_es|accessibility_notes_en|sms_phone|whatsapp_phone|email"
"ad05bbf6-8ec8-41b1-9c3f-df476c3acc9d","asistencia-con-servicios-publicos-del-condado-de-travis-ceap-travis-county-health-and-human-services","Travis County Health and Human Services","Asistencia con Servicios Públicos del Condado de Travis (CEAP)","Travis County Utility Assistance (CEAP)","draft","31","41","76","10","additional_categories|hours_en|accessibility_notes_es|accessibility_notes_en|sms_phone|whatsapp_phone|email|address_line_2|city|postal_code"
"ccd3b173-fc5f-4318-acdb-f3c36eb7a010","williamson-county-outpatient-services","Williamson County Community Supervision & Corrections Department","Servicios Ambulatorios de Williamson County","Williamson County Outpatient Services","published","31","41","76","10","additional_categories|required_documents_es|required_documents_en|hours_es|hours_en|accessibility_notes_es|accessibility_notes_en|sms_phone|whatsapp_phone|email"
"d8dbc7e1-d086-4b8c-aa34-a5ffc957b8da","williamson-county-clerk-records","Williamson County Government","Secretario del Condado de Williamson","Williamson County Clerk","published","31","41","76","10","additional_categories|required_documents_es|required_documents_en|accessibility_notes_es|accessibility_notes_en|sms_phone|whatsapp_phone|email|website_url|address_line_2"
"f76f85ba-51fe-426f-b57a-dffe1defe6bb","advocacy-outreach-elgin-advocacy-outreach","Advocacy Outreach","Advocacy Outreach (Elgin)","Advocacy Outreach (Elgin)","draft","32","41","78","9","additional_categories|required_documents_es|required_documents_en|accessibility_notes_es|accessibility_notes_en|sms_phone|whatsapp_phone|email|address_line_2"
"7136ccfe-2ede-4de6-ad9a-fffbcb49040d","h-e-l-p-programa-de-prestamo-de-equipo-medico-age-of-central-texas-age-of-central-texas","AGE of Central Texas","AGE of Central Texas – Apoyo para Adultos Mayores y Cuidadores","AGE of Central Texas – Support for Older Adults & Caregivers","published","32","41","78","9","additional_categories|required_documents_es|required_documents_en|application_steps_es|application_steps_en|sms_phone|whatsapp_phone|email|address_line_2"
"8feadfac-90c3-4cb6-b439-aa1d897aa6a4","programa-de-consejeria-de-beneficios-hicap-de-texas-via-aaacap-area-agency-on-aging-of-the-capital-area-capcog-texas-hhsc","Area Agency on Aging of the Capital Area (CAPCOG) / Texas HHSC","Agencia sobre el Envejecimiento del Área Capital (AAACAP)","Area Agency on Aging of the Capital Area (AAACAP)","published","32","41","78","9","additional_categories|required_documents_es|required_documents_en|application_steps_es|application_steps_en|accessibility_notes_es|accessibility_notes_en|whatsapp_phone|email"
"b46e9732-0eb7-48e0-89d7-ee8979869c2b","campus-de-austin-community-college-en-elgin-austin-community-college-district-acc","Austin Community College District (ACC)","Campus de Austin Community College en Elgin","Austin Community College — Elgin Campus","draft","32","41","78","9","additional_categories|required_documents_es|required_documents_en|accessibility_notes_es|accessibility_notes_en|sms_phone|whatsapp_phone|email|address_line_2"
"454c78f4-22eb-4e3e-afb1-27d2b6b32cac","austin-resource-center-for-the-homeless-arch-austin-resource-center-for-the-homeless-arch","Austin Resource Center for the Homeless (ARCH)","Refugio de Emergencia y Servicios para Personas sin Vivienda","Emergency Shelter & Homeless Services","published","32","41","78","9","additional_categories|required_documents_es|required_documents_en|accessibility_notes_es|accessibility_notes_en|sms_phone|whatsapp_phone|email|address_line_2"
"2a3cb8bc-969e-4e58-aef3-e09ae04792f0","bastrop-county-cares-bastrop-county-cares","Bastrop County Cares","Conexión con Servicios de Salud y Apoyo Comunitario","Health & Community Support Navigation","draft","32","41","78","9","additional_categories|required_documents_es|required_documents_en|accessibility_notes_es|accessibility_notes_en|sms_phone|whatsapp_phone|email|address_line_2"
"2c2224ee-ec1e-47d2-9311-adcb6192a511","programa-de-atencion-medica-para-indigentes-del-condado-de-bastrop-bastrop-county-government","Bastrop County Indigent Health Care","Asistencia de Atención Médica para Personas de Bajos Ingresos","Health Care Assistance for Low-Income Residents","published","32","41","78","9","additional_categories|required_documents_es|required_documents_en|application_steps_es|application_steps_en|sms_phone|whatsapp_phone|email|address_line_2"
"a9218b46-6595-453b-b319-a2cb3624d4af","autoridad-de-vivienda-de-bastrop-bastrop-housing-authority","Bastrop Housing Authority","Vivienda pública y vales de Sección 8","Public housing and Section 8 vouchers","draft","32","41","78","9","additional_categories|required_documents_es|required_documents_en|accessibility_notes_es|accessibility_notes_en|sms_phone|whatsapp_phone|email|address_line_2"
"a43b6184-e8d0-4794-bebe-82bd37dd0fa2","bluebonnet-trails-community-services-bastrop-bluebonnet-trails-community-services","Bluebonnet Trails Community Services","Bluebonnet Trails Community Services — Bastrop","Bluebonnet Trails Community Services — Bastrop","draft","32","41","78","9","additional_categories|required_documents_es|required_documents_en|accessibility_notes_es|accessibility_notes_en|sms_phone|whatsapp_phone|email|address_line_2"
"407e8035-bc4d-4b93-a206-d5f028acd038","tienda-born-again-emporium-born-again-emporium-esfuerzo-conjunto-de-8-iglesias-de-smithville","Born Again Emporium","Tienda de Segunda Mano y Apoyo Comunitario","Thrift Store & Community Support","draft","32","41","78","9","additional_categories|required_documents_es|required_documents_en|accessibility_notes_es|accessibility_notes_en|sms_phone|whatsapp_phone|email|address_line_2"
"4f319f20-d10c-4127-b367-821adfe1b5c0","agencia-de-area-sobre-el-envejecimiento-del-area-capital-aaacap-adrc-capcog-capital-area-council-of-governments-capcog","Capital Area Council of Governments (CAPCOG)","Agencia de Área sobre el Envejecimiento del Área Capital (AAACAP) / ADRC — CAPCOG","Area Agency on Aging of the Capital Area (AAACAP) / ADRC — CAPCOG","draft","32","41","78","9","additional_categories|required_documents_es|required_documents_en|accessibility_notes_es|accessibility_notes_en|sms_phone|whatsapp_phone|address_line_2|county"
"e94bbd4a-e8ca-406f-a834-6b08f913bd15","autobus-rural-carts-country-bus-condado-de-bastrop-capital-area-rural-transportation-system-carts","Capital Area Rural Transportation System (CARTS)","Autobús Rural CARTS (Country Bus) — Condado de Bastrop","CARTS Country Bus — Bastrop County","draft","32","41","78","9","additional_categories|required_documents_es|required_documents_en|accessibility_notes_es|accessibility_notes_en|sms_phone|whatsapp_phone|email|address_line_2"
"edc2a6d0-c693-4b83-9d1e-a1e4c1e4bc6a","capmetro-ruta-214-capital-metropolitan-transportation-authority-capmetro","Capital Metropolitan Transportation Authority (CapMetro) – Route 214","Autobús entre Lago Vista, Jonestown y Lakeline Station","Bus Service from Lago Vista & Jonestown to Lakeline Station","published","32","41","78","9","additional_categories|required_documents_es|required_documents_en|application_steps_es|application_steps_en|sms_phone|whatsapp_phone|email|address_line_2"
"b3cfcb36-4f77-44d5-978c-d66c763d429a","capmetro-ruta-990-manor-express-capital-metropolitan-transportation-authority-capmetro","Capital Metropolitan Transportation Authority (CapMetro) – Route 990 Manor/Elgin Express","Autobús de Manor hacia Austin","Bus Service from Manor to Austin","published","32","41","78","9","additional_categories|required_documents_es|required_documents_en|application_steps_es|application_steps_en|sms_phone|whatsapp_phone|email|address_line_2"
"5089e913-cd51-483c-b322-666165033d0f","despensa-movil-de-cedar-creek-central-texas-food-bank-central-texas-food-bank","Central Texas Food Bank","Despensa Móvil de Cedar Creek (Central Texas Food Bank)","Cedar Creek Mobile Pantry (Central Texas Food Bank)","draft","32","41","78","9","additional_categories|required_documents_es|required_documents_en|accessibility_notes_es|accessibility_notes_en|sms_phone|whatsapp_phone|email|address_line_2"
"1a7bba8e-a7d0-4d7a-be2c-0bc5e7646c79","christian-women-s-job-corp-of-highland-lakes-cwjchl-education-and-employment-burnet","Christian Women's Job Corp of Highland Lakes (CWJCHL)","Capacitación laboral y habilidades para mujeres","Job and life-skills training for women","draft","32","41","78","9","additional_categories|languages|required_documents_es|required_documents_en|accessibility_notes_es|accessibility_notes_en|sms_phone|whatsapp_phone|address_line_2"
"9b5c158e-7afa-4803-b3d2-5a381824ccd9","city-of-austin-vital-statistics","City of Austin – Austin Public Health","Registros Vitales de Austin – Certificados de Nacimiento y Defunción","City of Austin – Office of Vital Records","published","32","41","78","9","additional_categories|required_documents_es|required_documents_en|accessibility_notes_es|accessibility_notes_en|sms_phone|whatsapp_phone|email|address_line_2"
"969b11e0-252c-4c6c-bca7-769f4326288c","west-lake-hills-registro-de-emergencias-stear-city-of-west-lake-hills","City of West Lake Hills – State of Texas Emergency Assistance Registry (STEAR)","Registro de Asistencia para Emergencias para Personas con Necesidades Especiales","Emergency Assistance Registry for People with Special Needs","published","32","41","78","9","additional_categories|required_documents_es|required_documents_en|application_steps_es|application_steps_en|sms_phone|whatsapp_phone|email|address_line_2"
"f266da43-7ff9-4e6b-9fb8-5c65b10eac0b","centro-de-actividades-para-ancianos-del-area-de-lockhart-ciudad-de-lockhart","Ciudad de Lockhart","Centro de Actividades para Ancianos del Área de Lockhart","Lockhart Area Senior Citizen Activity Center","draft","32","41","78","9","additional_categories|required_documents_es|required_documents_en|accessibility_notes_es|accessibility_notes_en|sms_phone|whatsapp_phone|email|address_line_2"
"d9b16bbc-d6e2-48e6-a5ab-9e9d5ab3f5a0","combined-community-action-climatizacion-y-asistencia-de-utilities-ceap-combined-community-action-inc","Combined Community Action, Inc.","Combined Community Action — Climatización y Asistencia de Utilities (CEAP)","Combined Community Action — Weatherization and Utility Assistance (CEAP)","draft","32","41","78","9","additional_categories|required_documents_es|required_documents_en|hours_en|accessibility_notes_es|accessibility_notes_en|sms_phone|whatsapp_phone|address_line_2"
"c3d4d644-e959-47e2-a470-e63cd383e280","centro-de-salud-comunitario-de-bastrop-community-health-centers-of-south-central-texas-chcsct","Community Health Centers of South Central Texas (CHCSCT)","Centro de Salud Comunitario de Bastrop","Bastrop Community Health Center","draft","32","41","78","9","additional_categories|required_documents_es|required_documents_en|accessibility_notes_es|accessibility_notes_en|sms_phone|whatsapp_phone|email|address_line_2"
"6bf9b42e-a820-46ab-9868-e6b4aaeba1e5","centro-de-salud-familiar-de-elgin-community-health-centers-of-south-central-texas-chcsct","Community Health Centers of South Central Texas (CHCSCT)","Centro de Salud Familiar de Elgin","Family Health Center at Elgin","draft","32","41","78","9","additional_categories|required_documents_es|required_documents_en|accessibility_notes_es|accessibility_notes_en|sms_phone|whatsapp_phone|email|address_line_2"
"622d9262-1590-46f0-a976-b75a1c13ec4d","communitycare-primary-and-specialty-health-services","CommUnityCare","Servicios de salud primaria y especializada","Primary and specialty health services","published","32","41","78","9","additional_categories|required_documents_es|required_documents_en|accessibility_notes_es|accessibility_notes_en|sms_phone|whatsapp_phone|email|address_line_2"
"48337b98-9b16-46f6-8513-37dafae976af","del-valle-health-wellness-center-communitycare-central-health-communitycare-health-centers","CommUnityCare Health Centers","Atención Médica Integral para Familias en Del Valle","Comprehensive Health Care for Families in Del Valle","published","32","41","78","9","additional_categories|required_documents_es|required_documents_en|application_steps_es|application_steps_en|sms_phone|whatsapp_phone|email|address_line_2"
"dd7f074d-02b5-4bda-a5cb-6e5369abc3a3","despensa-de-alimentos-y-distribucion-de-panales-el-buen-samaritano","El Buen Samaritano","Servicios comunitarios y apoyo familiar","Community services and family support","published","32","41","78","9","additional_categories|required_documents_es|required_documents_en|accessibility_notes_es|accessibility_notes_en|sms_phone|whatsapp_phone|email|address_line_2"
"c5402ac3-c220-4995-937d-3b1673a613a9","autoridad-de-vivienda-de-elgin-elgin-housing-authority","Elgin Housing Authority","Vivienda pública y vales de Sección 8","Public housing and Section 8 vouchers","draft","32","41","78","9","additional_categories|required_documents_es|required_documents_en|hours_en|accessibility_notes_es|accessibility_notes_en|sms_phone|whatsapp_phone|address_line_2"
"53b6fddc-6986-423a-a3a5-8270cb669a16","family-eldercare-family-eldercare","Family Eldercare","Cuidado en el hogar para mayores y personas con discapacidad","In-home care for older adults and people with disabilities","draft","32","41","78","9","additional_categories|required_documents_es|required_documents_en|accessibility_notes_es|accessibility_notes_en|sms_phone|whatsapp_phone|email|address_line_2"
"3c5faf40-fa41-450b-894c-299c71202980","despensa-de-la-primera-iglesia-bautista-de-elgin-first-baptist-church-elgin","First Baptist Church Elgin","Despensa de la Primera Iglesia Bautista de Elgin","First Baptist Church Elgin Food Pantry","draft","32","41","78","9","additional_categories|required_documents_es|required_documents_en|accessibility_notes_es|accessibility_notes_en|sms_phone|whatsapp_phone|email|address_line_2"
"957a2be5-c531-4835-8857-3d5f695abe58","first-baptist-church-pflugerville-despensa-de-alimentos-first-baptist-church-pflugerville","First Baptist Church Pflugerville","Despensa de Alimentos Gratuita para la Comunidad","Free Community Food Pantry","published","32","41","78","9","additional_categories|required_documents_es|required_documents_en|application_steps_es|application_steps_en|sms_phone|whatsapp_phone|email|address_line_2"
"5af011fa-ae44-4b4c-a6f3-ee621c1067f5","first-united-methodist-church-of-pflugerville-despensa-paula-s-y-ropero-first-united-methodist-church-of-pflugerville","First United Methodist Church of Pflugerville","Despensa de Alimentos y Ropa Gratuita","Free Food Pantry & Clothing Assistance","published","32","41","78","9","additional_categories|required_documents_es|required_documents_en|application_steps_es|application_steps_en|sms_phone|whatsapp_phone|email|address_line_2"
"539a447e-0cf8-4ca3-bbcf-aaa795dc39c5","haynie-chapel-united-methodist-church-despensa-de-alimentos-haynie-chapel-united-methodist-church","Haynie Chapel United Methodist Church","Despensa de Alimentos para Familias en Del Valle","Food Pantry for Families in Del Valle","published","32","41","78","9","additional_categories|required_documents_es|required_documents_en|application_steps_es|application_steps_en|sms_phone|whatsapp_phone|email|address_line_2"
"dcde9d1b-dae2-4df7-9d08-03be49e18a2d","hill-country-community-ministries-food-pantry","Hill Country Community Ministries","Alimentos y asistencia para necesidades básicas","Food and basic-needs assistance","published","32","41","78","9","additional_categories|required_documents_es|required_documents_en|accessibility_notes_es|accessibility_notes_en|sms_phone|whatsapp_phone|email|address_line_2"
"49c0b4d3-14d0-4cbd-87e1-1aa574242e66","hill-country-community-ministries","Hill Country Community Ministries","Hill Country Community Ministries","Hill Country Community Ministries","archived","32","41","78","9","additional_categories|required_documents_es|required_documents_en|accessibility_notes_es|accessibility_notes_en|sms_phone|whatsapp_phone|email|address_line_2"
"b6a07b03-37a7-4665-8566-f13df34ef906","housing-authority-of-travis-county-hatc-housing-authority-of-travis-county","Housing Authority of Travis County (HATC)","Vivienda Asequible y Ayuda para Pagar la Renta","Affordable Housing & Rental Assistance","published","32","41","78","9","additional_categories|required_documents_es|required_documents_en|application_steps_es|application_steps_en|sms_phone|whatsapp_phone|email|address_line_2"
"4fcd375f-c87d-4f8d-98a5-b6e7d9486ed5","hutto-resource-center","Hutto Resource Center","Hutto Resource Center","Hutto Resource Center","published","32","41","78","9","additional_categories|required_documents_es|required_documents_en|accessibility_notes_es|accessibility_notes_en|sms_phone|whatsapp_phone|email|address_line_2"
"85db4da9-40aa-4d3f-8d8e-47ee12f6b470","lake-travis-community-library-servicios-para-adultos-mayores-lake-travis-community-library","Lake Travis Community Library","Servicios para Adultos Mayores","Senior Services","published","32","41","78","9","additional_categories|required_documents_es|required_documents_en|accessibility_notes_es|accessibility_notes_en|sms_phone|whatsapp_phone|email|address_line_2"
"ba71aa96-7a45-40ee-8f26-950d7180e7b9","lake-travis-isd-programas-para-estudiantes-sin-hogar-mckinney-vento-lake-travis-independent-school-district","Lake Travis ISD – McKinney-Vento Program","Apoyo Educativo para Estudiantes sin Vivienda Estable","Educational Support for Students Experiencing Homelessness","published","32","41","78","9","additional_categories|required_documents_es|required_documents_en|application_steps_es|application_steps_en|sms_phone|whatsapp_phone|email|address_line_2"
"6253cf05-e248-48ee-a471-1bb5a6861985","lone-star-circle-of-care-en-bastrop-lone-star-circle-of-care-lscc","Lone Star Circle of Care (LSCC)","Lone Star Circle of Care en Bastrop","Lone Star Circle of Care at Bastrop","draft","32","41","78","9","additional_categories|required_documents_es|required_documents_en|accessibility_notes_es|accessibility_notes_en|sms_phone|whatsapp_phone|email|address_line_2"
"971d1abd-c963-42f0-836f-75b7b05426d5","manchaca-united-methodist-church-despensa-de-alimentos-manchaca-united-methodist-church","Manchaca United Methodist Church","Despensa de Alimentos","Food Pantry","published","32","41","78","9","additional_categories|required_documents_es|required_documents_en|accessibility_notes_es|accessibility_notes_en|sms_phone|whatsapp_phone|email|address_line_2"
"ff866166-7d9e-4d6e-ac4d-7386004157d5","manos-de-cristo-salud-dental-necesidades-basicas-y-educacion-manos-de-cristo-inc","Manos de Cristo, Inc.","Manos de Cristo – Salud Dental, Necesidades Básicas y Educación","Manos de Cristo – Dental Care, Basic Needs & Education","published","32","41","78","9","additional_categories|required_documents_es|required_documents_en|application_steps_es|application_steps_en|sms_phone|whatsapp_phone|email|address_line_2"
"1fb67fff-90dd-4867-8de4-878cc3e85322","people-s-community-clinic-community-health-clinic","People's Community Clinic","Asistencia de MAP y atención médica asequible","MAP Assistance & Affordable Health Care","published","32","41","78","9","additional_categories|required_documents_es|required_documents_en|accessibility_notes_es|accessibility_notes_en|sms_phone|whatsapp_phone|email|address_line_2"
"e094e039-07de-436e-8942-3abbe5becd34","despensa-de-la-iglesia-primera-bautista-bastrop-primera-baptist-church","Primera Baptist Church","Despensa de la Iglesia Primera Bautista (Bastrop)","Primera Baptist Church Food Pantry (Bastrop)","draft","32","41","78","9","additional_categories|required_documents_es|required_documents_en|accessibility_notes_es|accessibility_notes_en|sms_phone|whatsapp_phone|email|address_line_2"
"f7b86ed1-1722-4b5c-8db8-668d70f39b7d","rolling-hills-community-church-despensa-comunitaria-shepherd-s-heart-rolling-hills-community-church","Rolling Hills Community Church","Despensa de Alimentos Gratuita para Familias","Free Food Pantry for Families","published","32","41","78","9","additional_categories|required_documents_es|required_documents_en|application_steps_es|application_steps_en|sms_phone|whatsapp_phone|email|address_line_2"
"178e723f-9b39-447b-9aec-b4671c5f6be9","round-rock-area-serving-center","Round Rock Area Serving Center","Round Rock Area Serving Center","Round Rock Area Serving Center","archived","32","41","78","9","additional_categories|required_documents_es|required_documents_en|accessibility_notes_es|accessibility_notes_en|sms_phone|whatsapp_phone|email|address_line_2"
"c4e54dbb-6cae-42b4-8ce4-c5138271bfed","despensa-de-la-iglesia-catolica-sagrado-corazon-elgin-sacred-heart-catholic-church","Sacred Heart Catholic Church","Despensa de la Iglesia Católica Sagrado Corazón (Elgin)","Sacred Heart Catholic Church Food Pantry (Elgin)","draft","32","41","78","9","additional_categories|required_documents_es|required_documents_en|accessibility_notes_es|accessibility_notes_en|sms_phone|whatsapp_phone|email|address_line_2"
"2529bbca-e9d7-41ed-aba0-24ba610650b4","ayuda-para-renta-servicios-publicos-alimentos-y-necesidades-basicas-sacred-heart-catholic-church-st-vincent-de-paul-conference","Sacred Heart Catholic Church – St. Vincent de Paul Conference","Ayuda para Renta, Servicios Públicos, Alimentos y Necesidades Básicas","Rent, Utility, Food & Basic Needs Assistance","published","32","41","78","9","additional_categories|required_documents_es|required_documents_en|application_steps_es|application_steps_en|sms_phone|whatsapp_phone|email|address_line_2"
"f628a3d6-5aac-4b4a-8286-388271782c88","sociedad-de-san-vicente-de-paul-iglesia-sagrado-corazon-elgin-sacred-heart-catholic-church-sociedad-de-san-vicente-de-paul","Sacred Heart Catholic Church / Sociedad de San Vicente de Paúl","Sociedad de San Vicente de Paúl — Iglesia Sagrado Corazón (Elgin)","Society of St. Vincent de Paul — Sacred Heart Catholic Church (Elgin)","draft","32","41","78","9","additional_categories|required_documents_es|required_documents_en|accessibility_notes_es|accessibility_notes_en|sms_phone|whatsapp_phone|email|address_line_2"
"e9611291-d315-49fc-843b-0103baba142d","clinica-comunitaria-de-smithville-smithville-community-clinic-organizacion-sin-fines-de-lucro-independiente","Smithville Community Clinic (organización sin fines de lucro independiente)","Clínica Comunitaria de Smithville","Smithville Community Clinic","draft","32","41","78","9","additional_categories|required_documents_es|required_documents_en|accessibility_notes_es|accessibility_notes_en|sms_phone|whatsapp_phone|email|address_line_2"
"bd0bfec9-67eb-41bf-a349-f59e6e9e21f8","st-elizabeth-of-hungary-sociedad-de-san-vicente-de-paul-st-elizabeth-of-hungary-catholic-church","St. Elizabeth of Hungary Catholic Church – St. Vincent de Paul","Ayuda Financiera y Alimentaria para Familias en Pflugerville","Financial & Food Assistance for Families in Pflugerville","published","32","41","78","9","additional_categories|required_documents_es|required_documents_en|application_steps_es|application_steps_en|sms_phone|whatsapp_phone|email|address_line_2"
"21f73241-fcef-4258-ae30-48bece224ed4","sociedad-de-san-vicente-de-paul-iglesia-st-paul-smithville-st-paul-catholic-church-sociedad-de-san-vicente-de-paul","St. Paul Catholic Church / Sociedad de San Vicente de Paúl","Sociedad de San Vicente de Paúl — Iglesia St. Paul (Smithville)","Society of St. Vincent de Paul — St. Paul Catholic Church (Smithville)","draft","32","41","78","9","additional_categories|hours_es|hours_en|accessibility_notes_es|accessibility_notes_en|sms_phone|whatsapp_phone|email|address_line_2"
"801a5986-85a8-48fc-920c-0b4ca1142c6a","servicio-de-referencia-e-informacion-de-abogados-del-colegio-de-abogados-de-texas-state-bar-of-texas","State Bar of Texas","Servicio de Referencia e Información de Abogados del Colegio de Abogados de Texas","State Bar of Texas Lawyer Referral & Information Service (LRIS)","draft","32","41","78","9","additional_categories|required_documents_es|required_documents_en|accessibility_notes_es|accessibility_notes_en|sms_phone|whatsapp_phone|email|address_line_2"
"721880c3-a6fa-42a3-ac6a-1dac836305b8","tx-dps-dept-of-public-safety","State of Texas – Texas Department of Public Safety","Departamento de Seguridad Pública de Texas (TxDPS)","Texas Department of Public Safety (TxDPS)","published","32","41","78","9","additional_categories|required_documents_es|required_documents_en|accessibility_notes_es|accessibility_notes_en|sms_phone|whatsapp_phone|email|address_line_2"
"8476d6ef-9633-47b5-83d4-c89dc775b030","oficina-de-beneficios-de-hhsc-bastrop-texas-health-and-human-services-commission-hhsc","Texas Health and Human Services Commission (HHSC)","Oficina de Beneficios de HHSC — Bastrop","Texas HHSC Benefits Office — Bastrop","draft","32","41","78","9","additional_categories|required_documents_es|required_documents_en|accessibility_notes_es|accessibility_notes_en|sms_phone|whatsapp_phone|email|address_line_2"
"5bc08239-2d68-424b-9b6c-0b28f1b16c54","oficina-de-beneficios-de-hhsc-elgin-texas-health-and-human-services-commission-hhsc","Texas Health and Human Services Commission (HHSC)","Oficina de Beneficios de HHSC — Elgin","Texas HHSC Benefits Office — Elgin","draft","32","41","78","9","additional_categories|required_documents_es|required_documents_en|accessibility_notes_es|accessibility_notes_en|sms_phone|whatsapp_phone|email|address_line_2"
"8c822dd0-4914-4a7e-8475-8686386d295f","pflugerville-meadows-vivienda-asequible-texas-housing-foundation","Texas Housing Foundation – Pflugerville Meadows","Apartamentos de Renta Asequible en Pflugerville","Affordable Rental Apartments in Pflugerville","published","32","41","78","9","additional_categories|required_documents_es|required_documents_en|application_steps_es|application_steps_en|sms_phone|whatsapp_phone|email|address_line_2"
"7e3edaac-9562-4dc5-b884-d09b5b907cd7","ayuda-legal-riogrande-de-texas-trla-texas-riogrande-legal-aid-inc","Texas RioGrande Legal Aid, Inc.","Ayuda Legal RioGrande de Texas (TRLA)","Texas RioGrande Legal Aid (TRLA)","draft","32","41","78","9","additional_categories|required_documents_es|required_documents_en|accessibility_notes_es|accessibility_notes_en|sms_phone|whatsapp_phone|email|address_line_2"
"717c0149-204c-4a6e-8300-b1a1213eabe0","servicios-para-veteranos-del-condado-de-travis-travis-county","Travis County","Servicios para Veteranos del Condado de Travis","Travis County Veterans Services","published","32","41","78","9","additional_categories|required_documents_es|required_documents_en|accessibility_notes_es|accessibility_notes_en|sms_phone|whatsapp_phone|email|address_line_2"
"60024568-c352-4d9a-88e2-a3eaf3688385","asistencia-de-weatherizacion-del-hogar-travis-county-hhs-travis-county-health-and-human-services","Travis County Health and Human Services – Home Weatherization Services","Mejoras Gratuitas para Ahorrar Energía en el Hogar","Free Home Energy Efficiency Improvements","published","32","41","78","9","additional_categories|required_documents_es|required_documents_en|application_steps_es|application_steps_en|sms_phone|whatsapp_phone|email|address_line_2"
"8e73d3df-4162-4125-b65e-ef03c3293585","atencion-para-veteranos-sin-hogar-de-va-central-texas-u-s-department-of-veterans-affairs-va-central-texas","U.S. Department of Veterans Affairs (VA Central Texas)","Atención para Veteranos sin Hogar de VA Central Texas","VA Central Texas Homeless Veteran Care","published","32","41","78","9","additional_categories|required_documents_es|required_documents_en|accessibility_notes_es|accessibility_notes_en|sms_phone|whatsapp_phone|email|address_line_2"
"2f2fc895-6e71-4be5-9e6f-90aecf8673fd","us-bankruptcy-clerk","United States Bankruptcy Court – Western District of Texas","Tribunal de Bancarrota de los Estados Unidos – División de Austin","U.S. Bankruptcy Court – Western District of Texas, Austin Division","published","32","41","78","9","additional_categories|required_documents_es|required_documents_en|accessibility_notes_es|accessibility_notes_en|sms_phone|whatsapp_phone|email|address_line_2"
"ae2c7616-75fd-4dfc-ae89-889775d93abb","westbank-libraries-westbank-community-library-district","Westbank Community Library District","Biblioteca, Programas y Recursos Gratuitos para la Comunidad","Free Library Programs and Community Resources","published","32","41","78","9","additional_categories|required_documents_es|required_documents_en|application_steps_es|application_steps_en|sms_phone|whatsapp_phone|email|address_line_2"
"800cef72-58f3-4bd0-bb1a-294961db7486","servicios-para-veteranos-del-condado-de-williamson-williamson-county","Williamson County","Servicios para Veteranos del Condado de Williamson","Williamson County Veteran Services","published","32","41","78","9","additional_categories|required_documents_es|required_documents_en|accessibility_notes_es|accessibility_notes_en|sms_phone|whatsapp_phone|email|address_line_2"
"d36aa5a9-9c03-4a98-ad40-e34106f4c6db","williamson-county-childrens-advocacy-center","Williamson County Children’s Advocacy Center (WCCAC)","Apoyo para niñas y niños víctimas de abuso","Support for child abuse victims","published","32","41","78","9","additional_categories|required_documents_es|required_documents_en|hours_es|hours_en|sms_phone|whatsapp_phone|email|address_line_2"
"ffc5a197-bdbc-49f6-a8b0-e2fc6d20e3f2","workforce-solutions-rural-capital-area-oficina-de-bastrop-workforce-solutions-rural-capital-area","Workforce Solutions Rural Capital Area","Workforce Solutions Rural Capital Area — Oficina de Bastrop","Workforce Solutions Rural Capital Area — Bastrop Office","draft","32","41","78","9","additional_categories|required_documents_es|required_documents_en|accessibility_notes_es|accessibility_notes_en|sms_phone|whatsapp_phone|email|address_line_2"
"5b0895d4-0ef2-42c7-85cf-5740303c37b9","consejeria-y-apoyo-para-familias-ywca-greater-austin","YWCA Greater Austin","Consejería y apoyo para familias","Counseling and family support","published","32","41","78","9","additional_categories|required_documents_es|required_documents_en|sms_phone|whatsapp_phone|address_line_1|address_line_2|city|postal_code"
"ae13c611-e987-4851-a76a-244b9a096fba","centro-comunitario-de-ancianos-de-bastrop-bastrop-community-senior-center","Bastrop Community Senior Center","Actividades, ejercicio y comidas para adultos mayores","Activities, exercise, and meals for older adults","draft","33","41","80","8","additional_categories|required_documents_es|required_documents_en|accessibility_notes_es|accessibility_notes_en|sms_phone|whatsapp_phone|email"
"5e7c1ec1-b2e5-4807-9b3c-248719aefd2b","oficina-de-servicios-para-veteranos-del-condado-de-bastrop-bastrop-county","Bastrop County","Oficina de Servicios para Veteranos del Condado de Bastrop","Bastrop County Veterans Service Office","published","33","41","80","8","additional_categories|required_documents_es|required_documents_en|accessibility_notes_es|accessibility_notes_en|sms_phone|whatsapp_phone|address_line_2"
"d3706107-6b76-406a-8ebf-20fb3c8f2332","oficina-de-servicios-para-veteranos-del-condado-de-bastrop-bastrop-county-government","Bastrop County Government","Oficina de Servicios para Veteranos del Condado de Bastrop","Bastrop County Veteran Services Office","draft","33","41","80","8","additional_categories|required_documents_es|required_documents_en|accessibility_notes_es|accessibility_notes_en|sms_phone|whatsapp_phone|address_line_2"
"4380d5fd-6cfa-41d7-8380-3b8f185ba163","servicios-para-veteranos-del-condado-de-caldwell-caldwell-county","Caldwell County","Servicios para Veteranos del Condado de Caldwell","Caldwell County Veterans Services","draft","33","41","80","8","additional_categories|required_documents_es|required_documents_en|accessibility_notes_es|accessibility_notes_en|sms_phone|whatsapp_phone|address_line_2"
"ec30a4a3-60cf-4a17-bdbe-b2098131d48a","despensa-de-la-iglesia-metodista-unida-de-cedar-creek-cedar-creek-united-methodist-church","Cedar Creek United Methodist Church","Despensa de la Iglesia Metodista Unida de Cedar Creek","Cedar Creek United Methodist Church Food Pantry","draft","33","41","80","8","additional_categories|required_documents_es|required_documents_en|accessibility_notes_es|accessibility_notes_en|sms_phone|whatsapp_phone|address_line_2"
"03c59176-049c-4c8b-b88e-2183737b12bb","head-start-early-head-start-hearts-of-texas-cen-tex-family-services-inc","Cen-Tex Family Services, Inc.","Head Start / Early Head Start ""Hearts of Texas""","Hearts of Texas Head Start","draft","33","41","80","8","additional_categories|required_documents_es|required_documents_en|accessibility_notes_es|accessibility_notes_en|sms_phone|whatsapp_phone|address_line_2"
"5d8f99e2-1f94-43ef-824d-6db420ef9742","central-health-medical-access-program-map","Central Health","Asistencia para la cobertura de salud de MAP y MAP Basic","MAP & MAP Basic Health Coverage Assistance","published","33","41","80","8","additional_categories|accessibility_notes_es|accessibility_notes_en|sms_phone|whatsapp_phone|email|address_line_2|verification_notes"
"b0219ae4-33d0-4864-b248-b6d26826b3ae","closet-de-equipo-cpath-cerebral-palsy-awareness-transition-hope-cpath-cerebral-palsy-awareness-transition-hope","Cerebral Palsy Awareness Transition Hope (CPATH Texas)","Armario de Equipo Adaptativo y de Movilidad – CPATH","CPATH Adaptive & Mobility Equipment Closet","published","33","41","80","8","additional_categories|required_documents_es|required_documents_en|application_steps_es|application_steps_en|sms_phone|whatsapp_phone|email"
"4e3b8aac-bd20-4b21-a6b2-38f5752b273b","biblioteca-publica-de-bastrop-city-of-bastrop","City of Bastrop","Biblioteca Pública de Bastrop","Bastrop Public Library","draft","33","41","80","8","additional_categories|required_documents_es|required_documents_en|accessibility_notes_es|accessibility_notes_en|sms_phone|whatsapp_phone|address_line_2"
"818ec584-39cb-4f83-b5f2-5a5f4a0bf502","biblioteca-publica-de-elgin-city-of-elgin","City of Elgin","Biblioteca Pública de Elgin","Elgin Public Library","draft","33","41","80","8","additional_categories|required_documents_es|required_documents_en|accessibility_notes_es|accessibility_notes_en|sms_phone|whatsapp_phone|address_line_2"
"8e441103-0f9f-4e9f-98c7-48abc40c829e","lakeway-activity-center-city-of-lakeway","City of Lakeway – Lakeway Activity Center","Clases de Español para la Comunidad","Community Spanish Classes","published","33","41","80","8","additional_categories|required_documents_es|required_documents_en|application_steps_es|application_steps_en|sms_phone|whatsapp_phone|address_line_2"
"74cee507-34e1-4d84-b6ef-35ad50f35bb3","biblioteca-publica-de-smithville-city-of-smithville","City of Smithville","Biblioteca Pública de Smithville","Smithville Public Library","draft","33","41","80","8","additional_categories|required_documents_es|required_documents_en|accessibility_notes_es|accessibility_notes_en|sms_phone|whatsapp_phone|address_line_2"
"e1f144b6-eded-49b7-bc96-d3b48d8ca033","centro-de-ancianos-san-marcos-san-marcos-senior-citizens-center-community-action-inc-of-central-texas","Community Action Inc. of Central Texas","Centro de Ancianos San Marcos (San Marcos Senior Citizens Center)","San Marcos Senior Citizens Center","draft","33","41","80","8","additional_categories|required_documents_es|required_documents_en|accessibility_notes_es|accessibility_notes_en|sms_phone|whatsapp_phone|address_line_2"
"3523d021-4843-43b1-9af2-70b583c9183c","clinica-ob-gyn-de-communitycare-en-bastrop-communitycare-health-centers","CommUnityCare Health Centers","Clínica OB/GYN de CommUnityCare en Bastrop","CommUnityCare OB/GYN Clinic: Bastrop","draft","33","41","80","8","additional_categories|required_documents_es|required_documents_en|accessibility_notes_es|accessibility_notes_en|sms_phone|whatsapp_phone|email"
"744a034c-13a9-4e65-bb4c-aaaab73576d2","pflugerville-health-center-communitycare-communitycare-health-centers","CommUnityCare Health Centers","Atención Médica, Dental y Salud Mental para Familias","Medical, Dental & Mental Health Care for Families","published","33","41","80","8","additional_categories|required_documents_es|required_documents_en|application_steps_es|application_steps_en|sms_phone|whatsapp_phone|email"
"50591043-0e94-47bb-8e30-7a9dd272465a","elgin-isd-families-in-transition-elgin-independent-school-district","Elgin Independent School District (Elgin ISD) ","Familias en Transición","Families in Transition","published","33","41","80","8","additional_categories|required_documents_es|required_documents_en|accessibility_notes_es|accessibility_notes_en|sms_phone|whatsapp_phone|email"
"ad6f0ff8-ebd7-4a63-be71-910d8a51f48a","college-hub-at-foundation-communities-education-and-learning-support-programs","Foundation Communities","Vivienda asequible y servicios de apoyo comunitario","Affordable Housing & Community Support Services","published","33","41","80","8","additional_categories|required_documents_es|required_documents_en|accessibility_notes_es|accessibility_notes_en|sms_phone|whatsapp_phone|email"
"1f9d9076-ebd8-444e-9c6e-5a3964b6e7e1","servicios-para-veteranos-del-condado-de-hays-hays-county","Hays County","Servicios para Veteranos del Condado de Hays","Hays County Veterans Services","published","33","41","80","8","additional_categories|required_documents_es|required_documents_en|accessibility_notes_es|accessibility_notes_en|sms_phone|whatsapp_phone|address_line_2"
"5161245e-540b-4198-bbfb-51c2763f0ed3","heroes-night-out-centro-de-recursos-heroes-heroes-night-out","Heroes Night Out","Heroes Night Out / Centro de Recursos Heroes","Heroes Night Out / Heroes Resource Center","published","33","41","80","8","additional_categories|required_documents_es|required_documents_en|accessibility_notes_es|accessibility_notes_en|sms_phone|whatsapp_phone|address_line_2"
"fa8108e4-57c3-4c89-b74f-7192cd4d9783","cocina-de-sopa-open-door-open-door-soup-kitchen","Open Door Soup Kitchen","Desayuno y almuerzo comunitarios gratuitos","Free community breakfast and lunch","draft","33","41","80","8","additional_categories|required_documents_es|required_documents_en|accessibility_notes_es|accessibility_notes_en|whatsapp_phone|email|address_line_2"
"5450d92c-a2e9-47e5-b432-1ce59ceeb232","asistencia-con-servicios-publicos-owbc-williamson-burnet-opportunities-for-williamson-burnet-counties","Opportunities for Williamson & Burnet Counties","Asistencia con Servicios Públicos — OWBC (Williamson/Burnet)","Utility Assistance — OWBC (Williamson/Burnet)","draft","33","41","80","8","additional_categories|hours_es|hours_en|accessibility_notes_es|accessibility_notes_en|sms_phone|whatsapp_phone|address_line_2"
"bd430b02-3cb1-4861-9966-59e1b20535ce","manor-mustang-health-center-people-s-community-clinic-integral-care-people-s-community-clinic-integral-care","People's Community Clinic / Integral Care","Atención Médica y Salud Mental para Estudiantes de Manor ISD","Medical & Mental Health Care for Manor ISD Students","published","33","41","80","8","additional_categories|required_documents_es|required_documents_en|application_steps_es|application_steps_en|sms_phone|whatsapp_phone|email"
"c0bbfcc0-11bf-47af-a0b6-16ca7ee1b793","round-rock-area-serving-center-assistance","Round Rock Area Serving Center","Despensa y asistencia financiera","Food pantry and financial assistance","published","33","41","80","8","additional_categories|required_documents_es|required_documents_en|accessibility_notes_es|accessibility_notes_en|sms_phone|whatsapp_phone|address_line_2"
"03df7d5f-d3a9-4b7a-b646-a823f882ca6c","despensa-de-alimentos-de-smithville-smithville-food-pantry","Smithville Food Pantry","Despensa de alimentos","Food pantry","draft","33","41","80","8","additional_categories|required_documents_es|required_documents_en|accessibility_notes_es|accessibility_notes_en|sms_phone|whatsapp_phone|address_line_2"
"67120353-9e41-4d94-987d-5b4731a05eea","st-joseph-catholic-church-manor-sociedad-de-san-vicente-de-paul-st-joseph-catholic-church","St. Joseph Catholic Church – Society of St. Vincent de Paul","Ayuda para Renta, Servicios Públicos, Alimentos y Artículos Básicos","Rent, Utility, Food & Basic Needs Assistance","published","33","41","80","8","additional_categories|required_documents_es|required_documents_en|application_steps_es|application_steps_en|sms_phone|whatsapp_phone|email"
"5c98eae9-8418-4a9b-bfc2-342ec9ede2b5","the-safe-alliance-servicios-legales-the-safe-alliance","The SAFE Alliance","Apoyo y Servicios Gratuitos para Sobrevivientes de Violencia y Abuso","Free Support and Services for Survivors of Violence and Abuse","published","33","41","80","8","additional_categories|required_documents_es|required_documents_en|application_steps_es|application_steps_en|sms_phone|whatsapp_phone|email"
"5fcf4ba4-34cd-4e80-90e4-db0069526974","the-salvation-army-shelter-for-women-and-children-the-salvation-army-shelter-for-women-and-children","The Salvation Army ","Refugio de Emergencia para Mujeres y Niños","Emergency Shelter for Women & Children","published","33","41","80","8","additional_categories|required_documents_es|required_documents_en|accessibility_notes_es|accessibility_notes_en|sms_phone|whatsapp_phone|email"
"78d81c43-ba39-444d-b04c-3075252a64f9","the-salvation-army-rathgeber-center-for-families-the-salvation-army-rathgeber-center-for-families","The Salvation Army - Rathgeber Center for Families","Refugio de Emergencia y Apoyo de Vivienda para Familias","Emergency Family Shelter & Housing Support","published","33","41","80","8","additional_categories|required_documents_es|required_documents_en|accessibility_notes_es|accessibility_notes_en|sms_phone|whatsapp_phone|email"
"73b799fb-891b-4ed6-9218-3e4509ab8b1f","centro-comunitario-del-condado-de-travis-manor-travis-county-health-and-human-services","Travis County Health and Human Services","Centro Comunitario del Condado de Travis — Manor","Travis County Community Center — Manor","published","33","41","80","8","additional_categories|accessibility_notes_es|accessibility_notes_en|sms_phone|whatsapp_phone|email|address_line_2|verification_notes"
"ccd0d6b2-a99e-4203-96e8-41b68f1385a2","asistencia-de-pago-inicial-hill-country-home-travis-county-housing-finance-corporation-travis-county-housing-finance-corporation","Travis County Housing Finance Corporation (TCHFC)","Ayuda para el Pago Inicial de una Vivienda","Down Payment Assistance for Homebuyers","published","33","41","80","8","additional_categories|required_documents_es|required_documents_en|application_steps_es|application_steps_en|sms_phone|whatsapp_phone|email"
"28e68e9c-a1a8-4d0b-bc7b-07016870b424","travis-county-law-library","Travis County Law Library","Biblioteca jurídica y ayuda para representarse sin abogado","Law library and self-representation assistance","draft","33","41","80","8","additional_categories|required_documents_es|required_documents_en|accessibility_notes_es|accessibility_notes_en|sms_phone|whatsapp_phone|email"
"2d7f18e8-ef1a-47cf-8a96-922e50e222ad","biblioteca-de-leyes-y-centro-de-autoayuda-del-condado-de-travis-travis-county","Travis County Law Library & Self-Help Center","Formularios y Orientación para Representarse en la Corte","Legal Forms and Self-Help for Representing Yourself in Court","published","33","41","80","8","additional_categories|required_documents_es|required_documents_en|application_steps_es|application_steps_en|sms_phone|whatsapp_phone|email"
"0da18055-141a-481b-bad5-6ead41d7a125","clinica-va-de-cedar-park-u-s-department-of-veterans-affairs-va-central-texas","U.S. Department of Veterans Affairs (VA) – VA Central Texas Healthcare System","VA Central Texas – Atención Médica para Veteranos","VA Central Texas – Veterans Health Care","published","33","41","80","8","additional_categories|required_documents_es|required_documents_en|application_steps_es|application_steps_en|whatsapp_phone|email|address_line_2"
"2b71fb0b-d017-4a52-b188-67fe1b23a9cf","programa-de-alcance-de-justicia-para-veteranos-central-texas-u-s-department-of-veterans-affairs-vha","U.S. Department of Veterans Affairs (VHA)","Programa de Alcance de Justicia para Veteranos – Central Texas","VA Veterans Justice Outreach – Central Texas","published","33","41","80","8","additional_categories|required_documents_es|required_documents_en|accessibility_notes_es|accessibility_notes_en|sms_phone|whatsapp_phone|address_line_2"
"8909eca7-2057-4a5d-88af-35f40f0cb002","centro-de-asistencia-para-negocios-de-veteranos-vboc-utrgv-university-of-texas-rio-grande-valley-utrgv-u-s-small-business-administration","University of Texas Rio Grande Valley (UTRGV) / U.S. Small Business Administration","Centro de Asistencia para Negocios de Veteranos (VBOC) – UTRGV","Veterans Business Outreach Center (VBOC) – UTRGV","draft","33","41","80","8","additional_categories|required_documents_es|required_documents_en|hours_en|accessibility_notes_es|accessibility_notes_en|sms_phone|whatsapp_phone"
"1e2c42fa-f230-4e76-afd3-9f70e1f51d8c","ut-austin-school-of-nursing-children-s-wellness-center","UT Austin School of Nursing","Centro de Bienestar Infantil","Children's Wellness Center","published","33","41","80","8","additional_categories|required_documents_es|required_documents_en|accessibility_notes_es|accessibility_notes_en|sms_phone|whatsapp_phone|email"
"73e14c4e-af91-43fe-83bb-094977880a82","age-of-central-texas-servicios-para-cuidadores-age-of-central-texas","AGE of Central Texas","AGE of Central Texas — Servicios para Cuidadores","AGE of Central Texas — Caregiver Services","draft","34","41","83","7","additional_categories|required_documents_es|required_documents_en|sms_phone|whatsapp_phone|address_line_2|county"
"16d516fc-28ce-45c2-b035-a5d9ee23d813","austin-habitat-for-humanity-reparacion-de-vivienda-bastrop-austin-habitat-for-humanity","Austin Habitat for Humanity","Austin Habitat for Humanity — Reparación de Vivienda (Bastrop)","Austin Habitat for Humanity — Home Repair (Bastrop)","draft","34","41","83","7","additional_categories|accessibility_notes_es|accessibility_notes_en|sms_phone|whatsapp_phone|email|address_line_2"
"f8db57ca-4412-46e9-a1da-aead364cbd33","bastrop-county-clerk","Bastrop County Clerk","Actas vitales, escrituras y registros judiciales","Vital records, deeds, and court filings","draft","34","41","83","7","additional_categories|accessibility_notes_es|accessibility_notes_en|sms_phone|whatsapp_phone|email|address_line_2"
"9843a2f6-f872-4047-99ed-1abfafa60f61","centro-de-recursos-familiares-de-bisd-ged-esl-nocturno-bastrop-independent-school-district-bisd","Bastrop Independent School District (BISD)","Centro de Recursos Familiares de BISD (GED/ESL nocturno)","BISD Family Resource & Health Center (Evening GED/ESL)","draft","34","41","83","7","additional_categories|accessibility_notes_es|accessibility_notes_en|sms_phone|whatsapp_phone|email|address_line_2"
"fd2760f6-81c5-4dd7-8729-ebd0de85a85b","servicios-de-enlace-mckinney-vento-de-bisd-bastrop-independent-school-district-bisd","Bastrop Independent School District (BISD)","Servicios de Enlace McKinney-Vento de BISD","BISD McKinney-Vento Homeless Liaison Services","draft","34","41","83","7","additional_categories|hours_en|accessibility_notes_es|accessibility_notes_en|sms_phone|whatsapp_phone|address_line_2"
"b4ec4cc4-7148-4215-9e96-bf243cb77dd1","caridades-catolicas-de-central-texas-servicios-para-veteranos-st-michael-s-catholic-charities-of-central-texas","Catholic Charities of Central Texas","Caridades Católicas de Central Texas – Servicios para Veteranos St. Michael's","Catholic Charities of Central Texas – St. Michael's Veteran Services","published","34","41","83","7","additional_categories|accessibility_notes_es|accessibility_notes_en|sms_phone|whatsapp_phone|email|address_line_2"
"28518a19-636e-4203-ad56-71df016c78ae","mercado-movil-y-distribucion-de-alimentos-de-creedmoor-city-of-creedmoor-central-texas-food-bank","City of Creedmoor / Central Texas Food Bank","Mercado Móvil y Distribución de Alimentos","Mobile Market & Food Distribution","published","34","41","83","7","additional_categories|accessibility_notes_es|accessibility_notes_en|sms_phone|whatsapp_phone|email|address_line_2"
"ff8d025b-295a-4b1f-9a09-26ca5ea8f787","asistencia-con-servicios-publicos-community-action-inc-hays-caldwell-blanco-community-action-inc-of-central-texas","Community Action Inc. of Central Texas","Asistencia con Servicios Públicos — Community Action Inc. (Hays/Caldwell/Blanco)","Utility Assistance — Community Action Inc. (Hays/Caldwell/Blanco)","draft","34","41","83","7","additional_categories|accessibility_notes_es|accessibility_notes_en|sms_phone|whatsapp_phone|address_line_2|county"
"3a9d1256-af01-4769-bb61-8cf9b7d3e945","educacion-para-adultos-de-community-action-inc-bastrop-community-action-inc-of-central-texas","Community Action, Inc. of Central Texas","Educación para Adultos de Community Action Inc. (Bastrop)","Community Action Inc. Adult Education (Bastrop)","draft","34","41","83","7","additional_categories|hours_en|accessibility_notes_es|accessibility_notes_en|sms_phone|whatsapp_phone|address_line_2"
"f307f0ea-7f7a-4737-a487-e9c3c5cd2f41","despensa-comunitaria-community-cupboard-elgin-community-cupboard","Community Cupboard","Despensa Comunitaria (Community Cupboard) — Elgin","Community Cupboard — Elgin","draft","34","41","83","7","additional_categories|accessibility_notes_es|accessibility_notes_en|sms_phone|whatsapp_phone|email|address_line_2"
"a600ca1d-45fc-408e-bdc8-b10e2efa2886","elgin-community-cupboard-elgin-community-cupboard","Elgin Community Cupboard","Despensa de Alimentos","Food Pantry","published","34","41","83","7","additional_categories|accessibility_notes_es|accessibility_notes_en|sms_phone|whatsapp_phone|email|address_line_2"
"4838708e-aef3-4267-88dc-0d6b857377cd","hill-country-community-ministries-hccm-hill-country-community-ministries","Hill Country Community Ministries (HCCM)","Despensa de alimentos y Centro de Recursos","Food pantry and Resource Center","published","34","41","83","7","additional_categories|accessibility_notes_es|accessibility_notes_en|sms_phone|whatsapp_phone|email|address_line_2"
"ce3088ec-323f-4d85-90d5-d5736318d5c7","damas-de-la-caridad-de-bastrop-iglesia-ascension-ladies-of-charity-of-bastrop-ascension-catholic-church","Ladies of Charity of Bastrop / Ascension Catholic Church","Asistencia con facturas de servicios públicos","Utility bill assistance","draft","34","41","83","7","additional_categories|accessibility_notes_es|accessibility_notes_en|sms_phone|whatsapp_phone|email|address_line_2"
"246c88c0-398e-42e8-9194-b491c26bcaf3","atencion-medica-gratuita-para-ninos-sin-seguro-lirios-pediatrics","Lirios Pediatrics","Atención médica gratuita para niños sin seguro","Free health care for uninsured children","published","34","41","83","7","additional_categories|required_documents_es|required_documents_en|accessibility_notes_es|accessibility_notes_en|sms_phone|whatsapp_phone"
"0e830d50-cae6-4930-9a2b-987e73a20b85","lone-star-circle-of-care-community-health-services","Lone Star Circle of Care","Inscripción en MAP y atención médica asequible","MAP Enrollment & Affordable Health Care","published","34","41","83","7","additional_categories|required_documents_es|required_documents_en|accessibility_notes_es|accessibility_notes_en|sms_phone|whatsapp_phone"
"ad27eff6-8e16-4be4-be97-0e88058b8bd2","distrito-escolar-de-pflugerville-trabajo-social-y-asistencia-alimentaria-pflugerville-independent-school-district","Pflugerville Independent School District (PfISD) – Social Work","Conexión con Recursos Comunitarios para Familias","Family Connection to Community Resources","published","34","41","83","7","additional_categories|required_documents_es|required_documents_en|sms_phone|whatsapp_phone|email|address_line_2"
"248e6c14-214d-430b-bb84-6201ef75c1a2","biblioteca-publica-de-pflugerville-recursos-de-empleo-city-of-pflugerville-pflugerville-community-development-corporation","Pflugerville Public Library","Asistencia para la Búsqueda de Empleo","Job Search Assistance","published","34","41","83","7","additional_categories|required_documents_es|required_documents_en|sms_phone|whatsapp_phone|email|address_line_2"
"0edcce44-82b9-48aa-af70-cdbb3481fb9c","travis-central-appraisal-district-tcad","Travis Central Appraisal District (TCAD)","Avalúo de propiedades y exenciones fiscales","Property appraisal and tax exemptions","draft","34","41","83","7","additional_categories|accessibility_notes_es|accessibility_notes_en|sms_phone|whatsapp_phone|email|address_line_2"
"79c126f2-d23e-41f0-8191-fe66e7cb3919","centro-comunitario-del-condado-de-travis-pflugerville-travis-county-health-and-human-services","Travis County Health and Human Services","Centro Comunitario del Condado de Travis — Pflugerville","Travis County Community Center — Pflugerville","published","34","41","83","7","additional_categories|required_documents_es|required_documents_en|sms_phone|whatsapp_phone|email|address_line_2"
"12a4ba93-0bd7-4476-9e57-f59b35c75af9","centro-comunitario-del-condado-de-travis-del-valle-travis-county-health-and-human-services","Travis County Health and Human Services","Centro Comunitario del Condado de Travis — Del Valle","Travis County Community Center — Del Valle","published","34","41","83","7","additional_categories|accessibility_notes_es|accessibility_notes_en|sms_phone|whatsapp_phone|email|address_line_2"
"cbf5824e-7e4a-4970-b6df-a52600064887","atencion-medica-para-residentes-sin-seguro-volunteer-healthcare-clinic","Volunteer Healthcare Clinic","Atención médica para residentes sin seguro","Health care for uninsured residents","published","34","41","83","7","additional_categories|accessibility_notes_es|accessibility_notes_en|sms_phone|whatsapp_phone|email|address_line_2"
"78fd23b1-9406-49ad-b803-71e3e0c077ac","austin-child-guidance-center-child-and-family-therapy","Austin Child Guidance Center","Terapia infantil y familiar","Child and family therapy","published","35","41","85","6","additional_categories|required_documents_es|required_documents_en|sms_phone|whatsapp_phone|address_line_2"
"d1fb9aff-e20f-4e22-88b1-1ac68d60670d","clinica-wic-de-bastrop-austin-public-health-administra-wic-para-el-area-de-bastrop","Austin Public Health (administra WIC para el área de Bastrop)","Clínica WIC de Bastrop","WIC Bastrop Clinic","draft","35","41","85","6","additional_categories|accessibility_notes_es|accessibility_notes_en|sms_phone|whatsapp_phone|address_line_2"
"ab202566-f7ac-44cc-a7a7-9537b078b51b","despensa-de-emergencia-del-condado-de-bastrop-bastrop-county-emergency-food-pantry","Bastrop County Emergency Food Pantry","Asistencia alimentaria de emergencia","Emergency food assistance","draft","35","41","85","6","additional_categories|accessibility_notes_es|accessibility_notes_en|sms_phone|whatsapp_phone|address_line_2"
"96f1bed9-7531-411e-99b6-f15a7e030f85","programa-de-asistencia-de-renta-utilities-despensa-de-emergencia-del-condado-de-bastrop-bastrop-county-emergency-food-pantry","Bastrop County Emergency Food Pantry","Programa de Asistencia de Renta/Utilities — Despensa de Emergencia del Condado de Bastrop","Rent/Utility Assistance Program — Bastrop County Emergency Food Pantry","draft","35","41","85","6","additional_categories|accessibility_notes_es|accessibility_notes_en|sms_phone|whatsapp_phone|address_line_2"
"1ca04324-ee01-49f7-88a0-f7a473eedba6","circle-of-hope-community-center-circle-of-hope-community-center","Circle of Hope Community Center","Despensa de Alimentos y Apoyo para Familias","Food Pantry & Family Support","draft","35","41","85","6","additional_categories|required_documents_es|required_documents_en|sms_phone|whatsapp_phone|address_line_2"
"f17774b3-626f-4eab-9077-95d46cea0711","city-of-austin-vital-statistics-city-of-austin-vital-statistics","City of Austin Vital Statistics","Copias certificadas de actas de nacimiento y defunción","Certified birth and death certificates","draft","35","41","85","6","additional_categories|accessibility_notes_es|accessibility_notes_en|sms_phone|whatsapp_phone|email"
"0c68b06e-cf10-40f1-bde2-00fc2e9d7a9a","biblioteca-garfield-east-travis-gateway-library-district-east-travis-gateway-library-district","East Travis Gateway Library District (ETGLD)","Biblioteca Garfield – Internet, Tecnología y Recursos Educativos","Garfield Library – Internet, Technology & Educational Resources","published","35","41","85","6","additional_categories|required_documents_es|required_documents_en|sms_phone|whatsapp_phone|address_line_2"
"d28a7164-f6b8-4ded-a55a-07ab2e5751fd","half-helen-foundation-community-eye-exams","Half Helen Foundation","Exámenes comunitarios de la vista","Community eye exams","published","35","41","85","6","additional_categories|required_documents_es|required_documents_en|accessibility_notes_es|accessibility_notes_en|whatsapp_phone"
"1f38b864-ea55-418e-89e3-91cec44a92d6","meals-for-vets-comidas-para-veteranos-meals-for-vets","Meals for Vets","Comidas para Veteranos","Meals for Vets","published","35","41","85","6","additional_categories|accessibility_notes_es|accessibility_notes_en|sms_phone|whatsapp_phone|address_line_2"
"48138c8c-4ea6-473a-b0c0-ea9df8476bef","apoyo-de-salud-mental-para-jovenes-lgbtqia-y-familias-outyouth","OutYouth","Apoyo de salud mental para jóvenes LGBTQIA+ y familias","Mental health support for LGBTQIA+ youth and families","published","35","41","85","6","additional_categories|required_documents_es|required_documents_en|sms_phone|whatsapp_phone|address_line_2"
"bfa1bda7-274b-42fb-9a1b-3cacab6c0395","the-caring-place","The Caring Place","Alimentos y asistencia por crisis","Food and crisis assistance","published","35","41","85","6","additional_categories|accessibility_notes_es|accessibility_notes_en|sms_phone|whatsapp_phone|email"
"302de942-8d80-4199-bc05-f3a7197abebe","exencion-de-impuestos-homestead-65-distrito-de-tasacion-travis-central-appraisal-district-y-distritos-equivalentes-en-cada-condado","Travis Central Appraisal District (y distritos equivalentes en cada condado)","Exención de Impuestos Homestead 65+ (Distrito de Tasación)","Over-65 Homestead Tax Exemption (Appraisal District)","draft","35","41","85","6","additional_categories|accessibility_notes_es|accessibility_notes_en|sms_phone|whatsapp_phone|address_line_2"
"f0af5bdc-4f5e-4ac1-95cf-dc4cca39a5fa","travis-county-tax-office","Travis County Tax Office","Impuestos sobre propiedades y servicios vehiculares","Property taxes and vehicle services","draft","35","41","85","6","additional_categories|accessibility_notes_es|accessibility_notes_en|sms_phone|whatsapp_phone|address_line_2"
"39ff5930-8bde-4c04-9fc2-1c9ac5b29615","social-security-office","U.S. Social Security Administration (SSA)","Administración del Seguro Social – Oficina de Austin","Social Security Administration (SSA) – Austin Field Office","published","35","41","85","6","additional_categories|required_documents_es|required_documents_en|whatsapp_phone|email|address_line_2"
"8d7f538b-020c-4470-9a49-4850aca6497a","terapia-bilingue-individual-y-familiar-austin-bilingual-therapy","Austin Bilingual Therapy","Terapia bilingüe individual y familiar","Bilingual individual and family therapy","published","36","41","88","5","additional_categories|required_documents_es|required_documents_en|sms_phone|whatsapp_phone"
"3471b448-666e-449a-917d-7b56298439f9","austin-water-customer-service-taps","Austin Water","Austin Water – Servicio al Cliente / TAPS","Austin Water – Customer Service / TAPS","draft","36","41","88","5","additional_categories|sms_phone|whatsapp_phone|email|address_line_2"
"bb12f176-ea4d-4370-80de-21b47489272b","capital-area-counseling-affordable-counseling-services","Capital Area Counseling","Servicios de consejería asequibles","Affordable counseling services","published","36","41","88","5","additional_categories|required_documents_es|required_documents_en|sms_phone|whatsapp_phone"
"2952025e-0e38-4b4a-bda8-476c35c850d6","samaritan-center-mental-health-and-wellness-services","Samaritan Center","Servicios de salud mental y bienestar","Mental health and wellness services","published","36","41","88","5","additional_categories|required_documents_es|required_documents_en|sms_phone|whatsapp_phone"
"6db18573-eec3-4bfb-9250-5392f9e27cbb","st-edward-s-community-counseling-clinic-community-counseling-services","St. Edward's Community Counseling Clinic","Servicios Comunitarios de Consejería","Community Counseling Services","published","36","41","88","5","additional_categories|required_documents_es|required_documents_en|sms_phone|whatsapp_phone"
"bb315bb3-7fb2-4348-b299-449331255bd4","travis-county-clerk-s-office-recording-division","Travis County Clerk's Office","Travis County Clerk's Office – División de Registros","Travis County Clerk's Office – Recording Division","draft","36","41","88","5","additional_categories|accessibility_notes_es|accessibility_notes_en|sms_phone|whatsapp_phone"
"b70cbbba-4659-4657-b50e-7d2db25a1388","travis-county-clerk-s-office-probate-division","Travis County Clerk's Office","Travis County Clerk's Office – División de Sucesiones","Travis County Clerk's Office – Probate Division","draft","36","41","88","5","additional_categories|accessibility_notes_es|accessibility_notes_en|sms_phone|whatsapp_phone"
"2820cec6-9291-4585-9a6a-a7ce0dd533c4","travis-county-clerk-s-office-misdemeanor-division","Travis County Clerk's Office","Travis County Clerk's Office – División de Delitos Menores","Travis County Clerk's Office – Misdemeanor Division","draft","36","41","88","5","additional_categories|accessibility_notes_es|accessibility_notes_en|sms_phone|whatsapp_phone"
"a8dc3b93-1f99-408c-a283-b421244d111d","travis-county-clerk-s-office-civil-division","Travis County Clerk's Office","Travis County Clerk's Office – División Civil","Travis County Clerk's Office – Civil Division","draft","36","41","88","5","additional_categories|accessibility_notes_es|accessibility_notes_en|sms_phone|whatsapp_phone"
"192ff2bb-47d5-4e66-8ce0-707963cedb01","travis-county-district-clerk-jury-and-passports","Travis County District Clerk","Travis County District Clerk – Jurado y Pasaportes","Travis County District Clerk – Jury and Passports","draft","36","41","88","5","additional_categories|accessibility_notes_es|accessibility_notes_en|sms_phone|whatsapp_phone"
"4115c792-beac-4c6d-8a48-741741cc1a67","travis-county-district-clerk-divorces","Travis County District Clerk","Travis County District Clerk – Divorcios","Travis County District Clerk – Divorces","draft","36","41","88","5","additional_categories|accessibility_notes_es|accessibility_notes_en|sms_phone|whatsapp_phone"
"ea4846e2-c3b8-4097-a341-87ac4db9c11b","travis-county-domestic-relations-child-support","Travis County Domestic Relations (Child Support)","Cobro y cumplimiento de manutención familiar","Child and spousal support enforcement","draft","36","41","88","5","additional_categories|accessibility_notes_es|accessibility_notes_en|sms_phone|whatsapp_phone"
"9a748be6-55f1-40ab-a40f-4e6e3046fe33","capmetro-access-capital-metropolitan-transportation-authority-capmetro","Capital Metropolitan Transportation Authority (CapMetro)","CapMetro Access","CapMetro Access","draft","37","41","90","4","additional_categories|sms_phone|whatsapp_phone|address_line_2"
"eed8e03b-41f3-4f79-97af-9221116028b2","lake-travis-crisis-ministries-lake-travis-crisis-ministries","Lake Travis Crisis Ministries","Despensa de Alimentos y Ayuda Financiera de Emergencia","Food Pantry & Emergency Financial Assistance","published","37","41","90","4","additional_categories|sms_phone|whatsapp_phone|email"
"79e6b782-1b4d-462f-b7cb-edbcc1970d4e","centro-comunitario-del-condado-de-travis-jonestown-travis-county-health-and-human-services","Travis County Health and Human Services","Centro Comunitario del Condado de Travis — Jonestown","Travis County Community Center — Jonestown (North West Rural)","published","37","41","90","4","additional_categories|sms_phone|whatsapp_phone|email"
