"organization_name","title_es","title_en","summary_es","summary_en","description_es","description_en","slug","primary_category","additional_categories","keywords_es","keywords_en","languages","service_methods","cost_type","eligibility_es","eligibility_en","required_documents_es","required_documents_en","application_steps_es","application_steps_en","hours_es","hours_en","accessibility_notes_es","accessibility_notes_en","service_area_es","service_area_en","phone","sms_phone","whatsapp_phone","email","website_url","address_line_1","address_line_2","city","state","postal_code","county","latitude","longitude","source_url","is_featured","is_emergency","last_verified_at","verification_notes"
"The Caring Place","Despensa de alimentos","Food pantry","Ofrece alimentos o comestibles para personas y familias.","Provides food or groceries for individuals and families.","Ofrece alimentos o comestibles para personas y familias.","Access to food pantry monthly Financial assistance for those within their service ares with required documentation (rent, mortgage, utilities, housing deposit, transportation assistance, emergency dental and prescription assistance, temporary emergency shlter Voucher for clothing and household goods at their thrift store","the-caring-place-williamson","comida","","despensa|alimentos","food|pantry","","in_person|phone","unknown","","","","","Confirme el horario, la disponibilidad y los requisitos antes de acudir.","Confirm hours, availability, and requirements before visiting.","lunes:  9am-4pm
martes:  9am-4pm
miércoles: 9am-4pm
viernes: 9am-4pm
Cerrado los jueves","Monday:  9am-4pm
Tuesday:  9am-4pm
Wednesday: 9am-4pm
Friday: 9am-4pm
CLOSED ON THURSDAYS","","","Condado de Williamson","Williamson County","512-943-0700","","","","https://www.caringplacetx.org/","2000 Railroad Ave. Georgetown, TX 78626","","","TX","78626","Williamson","30.626922320429","-97.684634871524","https://www.caringplacetx.org/","","","2026-09-02","Piloto de Bluebonnet Project HOPE. Fuente oficial consultada el 2026-09-02. Existencia o ubicación cotejada el 2026-09-02 con el directorio oficial Find Food Now del Central Texas Food Bank; revise horarios directamente antes de publicar. Geocodificación Census Bureau: Non_Exact; dirección normalizada: 2000 RAILROAD AVE, GEORGETOWN, TX, 78626."
"First Presbyterian Church of Georgetown","Despensa de alimentos","Food pantry","Ofrece alimentos o comestibles para personas y familias.","Provides food or groceries for individuals and families.","Ofrece alimentos o comestibles para personas y familias.","Canned foods, snacks, hygiene items, refillable water bottles, clothing One visit per week Free coffee both days","first-presbyterian-church-of-georgetown-williamson","comida","","despensa|alimentos","food|pantry","","in_person|phone","free","","","","","Confirme el horario, la disponibilidad y los requisitos antes de acudir.","Confirm hours, availability, and requirements before visiting.","martes: 1pm-3pm
miércoles: 9:30am-11:30am","Tuesday: 1pm-3pm
Wednesday: 9:30am-11:30am","","","Condado de Williamson","Williamson County","512-863-3381","","","","https://fpcgeorgetown.org/","703 South Church St. (enter white door)","","","","","Williamson","","","https://fpcgeorgetown.org/","","","2026-07-08","Piloto de Bluebonnet Project HOPE. Registro preparado a partir de “Food Pantries by County.xlsx”; requiere revisión administrativa antes de publicar."
"Stonehaven Resident Council","Despensa de alimentos","Food pantry","Ofrece alimentos o comestibles para personas y familias.","Provides food or groceries for individuals and families.","Ofrece alimentos o comestibles para personas y familias.","Provides access to food. Contact the organization directly to confirm availability, requirements, and additional support.","stonehaven-resident-council-williamson","comida","","despensa|alimentos","food|pantry","","in_person","unknown","","","","","Confirme el horario, la disponibilidad y los requisitos antes de acudir.","Confirm hours, availability, and requirements before visiting.","sábado: 10am-12pm","Saturday: 10am-12pm","","","Condado de Williamson","Williamson County","","","","","","210 W 18th St. Georgetown, TX 78626","","","TX","78626","Williamson","30.627664056665","-97.67804204338","https://www.centraltexasfoodbank.org/find-food-now","","","2026-09-02","Piloto de Bluebonnet Project HOPE. Fuente oficial consultada el 2026-09-02. Existencia o ubicación cotejada el 2026-09-02 con el directorio oficial Find Food Now del Central Texas Food Bank; revise horarios directamente antes de publicar. Geocodificación Census Bureau: Non_Exact; dirección normalizada: 210 W 18TH ST, GEORGETOWN, TX, 78626."
"Round Rock Area Serving Center","Despensa de alimentos","Food pantry","Ofrece alimentos o comestibles para personas y familias.","Provides food or groceries for individuals and families.","Ofrece alimentos o comestibles para personas y familias.","Financial assistance for utilities, rent, prescriptions, payday loan assistance, transportation, temporary lodging Amazon Home Delivery Program (60yrs+)","round-rock-area-serving-center-round-rock","comida","","despensa|alimentos","food|pantry","","in_person|phone","unknown","Dirigido a adultos mayores; confirme la edad mínima con el programa.","Intended for older adults; confirm the minimum age with the program.","","","Confirme el horario, la disponibilidad y los requisitos antes de acudir.","Confirm hours, availability, and requirements before visiting.","lunes-viernes: 10am-4pm
sábado: 10am-4pm","Monday-Friday: 10am-4pm
Saturday: 10am-4pm","","","Condado de Williamson","Williamson County","512-244-2431","","","","https://www.rrasc.org/","1099 E Main Street, Round Rock, TX 78664","","Round Rock","TX","78664","Williamson","","","https://www.rrasc.org/","","","2026-07-08","Piloto de Bluebonnet Project HOPE. Registro preparado a partir de “Food Pantries by County.xlsx”; requiere revisión administrativa antes de publicar."
"San Gabriel Unitarian Universalist Fellowship","Despensa de alimentos","Food pantry","Ofrece alimentos o comestibles para personas y familias.","Provides food or groceries for individuals and families.","Ofrece alimentos o comestibles para personas y familias.","Little Blue Pantry Box - Free food items Showers every third Sunday","san-gabriel-unitarian-universalist-fellowship-williamson","comida","","despensa|alimentos","food|pantry","","in_person","free","","","","","Confirme el horario, la disponibilidad y los requisitos antes de acudir.","Confirm hours, availability, and requirements before visiting.","","","","","Condado de Williamson","Williamson County","","","","","","1322 E University Ave. Georgetown, TX 78626","","","TX","78626","Williamson","30.633429276355","-97.663268253165","https://www.centraltexasfoodbank.org/find-food-now","","","","Piloto de Bluebonnet Project HOPE. Registro preparado a partir de “Food Pantries by County.xlsx”; requiere revisión administrativa antes de publicar. Geocodificación Census Bureau: Non_Exact; dirección normalizada: 1322 E UNIVERSITY AVE, GEORGETOWN, TX, 78626."
"St. Vincent De Paul","Despensa de alimentos","Food pantry","Ofrece alimentos o comestibles para personas y familias.","Provides food or groceries for individuals and families.","Ofrece alimentos o comestibles para personas y familias.","Provides access to food. Contact the organization directly to confirm availability, requirements, and additional support.","st-vincent-de-paul-round-rock","comida","","despensa|alimentos","food|pantry","","in_person|phone","unknown","","","","","Confirme el horario, la disponibilidad y los requisitos antes de acudir.","Confirm hours, availability, and requirements before visiting.","lunes: 9am-12pm
viernes: 9am-12pm","Monday: 9am-12pm
Friday: 9am-12pm","","","Condado de Williamson","Williamson County","512-255-2330","","","","","620 Round Rock West Drive, Round Rock, TX 78681","","Round Rock","TX","78681","Williamson","30.503269391164","-97.688749171204","https://www.centraltexasfoodbank.org/find-food-now","","","2026-09-02","Piloto de Bluebonnet Project HOPE. Fuente oficial consultada el 2026-09-02. Existencia o ubicación cotejada el 2026-09-02 con el directorio oficial Find Food Now del Central Texas Food Bank; revise horarios directamente antes de publicar. Geocodificación Census Bureau: Non_Exact; dirección normalizada: 620 ROUND ROCK WEST DR, ROUND ROCK, TX, 78681."
"Round Rock Seventh Day Adventist Church","Despensa de alimentos","Food pantry","Ofrece alimentos o comestibles para personas y familias.","Provides food or groceries for individuals and families.","Ofrece alimentos o comestibles para personas y familias.","Provides access to food. Contact the organization directly to confirm availability, requirements, and additional support.","round-rock-seventh-day-adventist-church-williamson","comida","","despensa|alimentos","food|pantry","","in_person|phone","unknown","","","","","Confirme el horario, la disponibilidad y los requisitos antes de acudir.","Confirm hours, availability, and requirements before visiting.","jueves: 3pm-6pm? 9am-11am??? se debe confirmar","Thursday: 3pm-6pm? 9am-11am??? need to confirm","","","Condado de Williamson","Williamson County","512-388-7870","","","","","4 Applegate Circle Round Rock, TX 78665","","","TX","78665","Williamson","30.547342908663","-97.673387682921","https://www.centraltexasfoodbank.org/find-food-now","","","2026-09-02","Piloto de Bluebonnet Project HOPE. Fuente oficial consultada el 2026-09-02. Existencia o ubicación cotejada el 2026-09-02 con el directorio oficial Find Food Now del Central Texas Food Bank; revise horarios directamente antes de publicar. Geocodificación Census Bureau: Non_Exact; dirección normalizada: 4 APPLEGATE CIR, ROUND ROCK, TX, 78665."
"Church of the Harvest","Despensa de alimentos","Food pantry","Ofrece alimentos o comestibles para personas y familias.","Provides food or groceries for individuals and families.","Ofrece alimentos o comestibles para personas y familias.","Provides access to food. Contact the organization directly to confirm availability, requirements, and additional support.","church-of-the-harvest-williamson","comida","","despensa|alimentos","food|pantry","","in_person|phone","unknown","","","","","Confirme el horario, la disponibilidad y los requisitos antes de acudir.","Confirm hours, availability, and requirements before visiting.","martes: 4pm-7pm
jueves: 4pm-7pm
sábado: 10am-1pm","Tuesday: 4pm-7pm
Thursday: 4pm-7pm
Saturday: 10am-1pm","","","Condado de Williamson","Williamson County","512-916-3601","","","","","2701 Gattis School Rd. Round Rock, TX 78664","","","TX","78664","Williamson","30.496258070312","-97.645191169634","https://www.centraltexasfoodbank.org/find-food-now","","","2026-09-02","Piloto de Bluebonnet Project HOPE. Fuente oficial consultada el 2026-09-02. Existencia o ubicación cotejada el 2026-09-02 con el directorio oficial Find Food Now del Central Texas Food Bank; revise horarios directamente antes de publicar. Geocodificación Census Bureau: Non_Exact; dirección normalizada: 2701 GATTIS SCHOOL RD, ROUND ROCK, TX, 78664."
"Manna Food Pantry","Despensa de alimentos","Food pantry","Ofrece alimentos o comestibles para personas y familias.","Provides food or groceries for individuals and families.","Ofrece alimentos o comestibles para personas y familias.","Provides access to food. Contact the organization directly to confirm availability, requirements, and additional support.","manna-food-pantry-williamson","comida","","despensa|alimentos","food|pantry","","in_person|phone","unknown","","","","","Confirme el horario, la disponibilidad y los requisitos antes de acudir.","Confirm hours, availability, and requirements before visiting.","lunes: 7:30am-10am
miércoles: 2pm-5pm","Monday: 7:30am-10am
Wednesday: 2pm-5pm","","","Condado de Williamson","Williamson County","512-255-3454","","","","","303 West Anderson Ave. Suite B Round Rock, TX 78664","","","TX","78664","Williamson","30.510498415162","-97.681976247854","https://www.centraltexasfoodbank.org/find-food-now","","","","Piloto de Bluebonnet Project HOPE. Registro preparado a partir de “Food Pantries by County.xlsx”; requiere revisión administrativa antes de publicar. Geocodificación Census Bureau: Non_Exact; dirección normalizada: 303 W ANDERSON AVE, ROUND ROCK, TX, 78664."
"The Salvation Army","Despensa de alimentos","Food pantry","Ofrece alimentos o comestibles para personas y familias.","Provides food or groceries for individuals and families.","Ofrece alimentos o comestibles para personas y familias.","CONFIRM IF PANTRY SUPPORT AVAILABLE","the-salvation-army-williamson","comida","","despensa|alimentos","food|pantry","","in_person|phone","unknown","","","","","Confirme el horario, la disponibilidad y los requisitos antes de acudir.","Confirm hours, availability, and requirements before visiting.","lunes: 10am-8pm
martes: 10am-7pm
miércoles: 9am-8pm
jueves: 10am-7pm
viernes: 10am-7pm
sábado: 10am-8pm
Cerrado los domingos","Monday: 10am-8pm
Tuesday: 10am-7pm
Wednesday: 9am-8pm
Thursday: 10am-7pm
Friday: 10am-7pm
Saturday: 10am-8pm
CLOSED ON SUNDAYS","","","Condado de Williamson","Williamson County","512-246-7292","","","","https://salvationarmyaustin.org/","601 W. Louis Henna Blvd. Round Rock, TX 78664","","","TX","78664","Williamson","","","https://salvationarmyaustin.org/","","","","Piloto de Bluebonnet Project HOPE. Registro preparado a partir de “Food Pantries by County.xlsx”; requiere revisión administrativa antes de publicar."
"Foundation Communities - Lakeline Station","Despensa de alimentos","Food pantry","Ofrece alimentos o comestibles para personas y familias.","Provides food or groceries for individuals and families.","Ofrece alimentos o comestibles para personas y familias.","Provides access to food. Contact the organization directly to confirm availability, requirements, and additional support.","foundation-communities-lakeline-station-williamson","comida","","despensa|alimentos","food|pantry","","in_person|phone","unknown","","","","","Confirme el horario, la disponibilidad y los requisitos antes de acudir.","Confirm hours, availability, and requirements before visiting.","segundo y cuarto lunes: 11am-1pm","2nd and 4th Mondays: 11am-1pm","","","Condado de Williamson; Condado de Travis","Williamson County; Travis County","512-615-4755","","","","","13635 Rutledge Spur, Austin, TX","","","TX","","","","","https://www.centraltexasfoodbank.org/find-food-now","","","2026-09-02","Piloto de Bluebonnet Project HOPE. Fuente oficial consultada el 2026-09-02. Existencia o ubicación cotejada el 2026-09-02 con el directorio oficial Find Food Now del Central Texas Food Bank; revise horarios directamente antes de publicar."
"Reveal Resource Center","Despensa de alimentos","Food pantry","Ofrece alimentos o comestibles para personas y familias.","Provides food or groceries for individuals and families.","Ofrece alimentos o comestibles para personas y familias.","Clothing assisatnce available monthly, adult and baby diapers (when available) for enrolled clients. No financial assistance offered","reveal-resource-center-williamson","comida","","despensa|alimentos","food|pantry","","in_person","unknown","","","","","Confirme el horario, la disponibilidad y los requisitos antes de acudir.","Confirm hours, availability, and requirements before visiting.","lunes: 7pm-8pm
Martes: 9am-12pm","Mondays: 7pm-8pm
Tuesdays: 9am-12pm","","","Condado de Williamson","Williamson County","","","","","https://revealresourcecenter.com/","1150 S. Bell Blvd. Cedar Park, TX 78613","","","TX","78613","Williamson","30.495476234211","-97.811513627009","https://revealresourcecenter.com/","","","2026-09-02","Piloto de Bluebonnet Project HOPE. Fuente oficial consultada el 2026-09-02. Existencia o ubicación cotejada el 2026-09-02 con el directorio oficial Find Food Now del Central Texas Food Bank; revise horarios directamente antes de publicar. Geocodificación Census Bureau: Non_Exact; dirección normalizada: 1150 S BELL BLVD, CEDAR PARK, TX, 78613."
"City Reach Church","Despensa de alimentos","Food pantry","Ofrece alimentos o comestibles para personas y familias.","Provides food or groceries for individuals and families.","Ofrece alimentos o comestibles para personas y familias.","Provides access to food. Contact the organization directly to confirm availability, requirements, and additional support.","city-reach-church-williamson","comida","","despensa|alimentos","food|pantry","","in_person","unknown","","","","","Confirme el horario, la disponibilidad y los requisitos antes de acudir.","Confirm hours, availability, and requirements before visiting.","primer martes: 9am-11am","1st Tuesday: 9am-11am","","","Condado de Williamson","Williamson County","","","","","","3502 Hatch Rd. Cedar Park, TX 78613","","","TX","78613","Williamson","30.461614674442","-97.820839182643","https://www.centraltexasfoodbank.org/find-food-now","","","","Piloto de Bluebonnet Project HOPE. Registro preparado a partir de “Food Pantries by County.xlsx”; requiere revisión administrativa antes de publicar. Geocodificación Census Bureau: Non_Exact; dirección normalizada: 3502 HATCH RD, CEDAR PARK, TX, 78613."
"Live Oak Unitarian Universalist Church","Despensa de alimentos","Food pantry","Ofrece alimentos o comestibles para personas y familias.","Provides food or groceries for individuals and families.","Ofrece alimentos o comestibles para personas y familias.","Provides access to food. Contact the organization directly to confirm availability, requirements, and additional support.","live-oak-unitarian-universalist-church-cedar-park","comida","","despensa|alimentos","food|pantry","","in_person","unknown","","","","","Confirme el horario, la disponibilidad y los requisitos antes de acudir.","Confirm hours, availability, and requirements before visiting.","tercer viernes: 9am-11am","3rd Friday: 9am-11am","","","Condado de Williamson","Williamson County","","","","","","3315 El Salido Parkway, Cedar Park, TX 78613","","Cedar Park","TX","78613","Williamson","30.461002146431","-97.828138301683","https://www.centraltexasfoodbank.org/find-food-now","","","","Piloto de Bluebonnet Project HOPE. Registro preparado a partir de “Food Pantries by County.xlsx”; requiere revisión administrativa antes de publicar. Geocodificación Census Bureau: Non_Exact; dirección normalizada: 3315 EL SALIDO PKWY, CEDAR PARK, TX, 78613."
"Rockbridge Church","Despensa de alimentos","Food pantry","Ofrece alimentos o comestibles para personas y familias.","Provides food or groceries for individuals and families.","Ofrece alimentos o comestibles para personas y familias.","Provides access to food. Contact the organization directly to confirm availability, requirements, and additional support.","rockbridge-church-williamson","comida","","despensa|alimentos","food|pantry","","in_person","unknown","","","","","Confirme el horario, la disponibilidad y los requisitos antes de acudir.","Confirm hours, availability, and requirements before visiting.","cuarto jueves: 5pm-7pm","4th Thursday: 5pm-7pm","","","Condado de Williamson","Williamson County","","","","","","2001 W New Hope Dr. Cedar Park, TX 78613","","","TX","78613","Williamson","30.524207396324","-97.864574872102","https://www.centraltexasfoodbank.org/find-food-now","","","","Piloto de Bluebonnet Project HOPE. Registro preparado a partir de “Food Pantries by County.xlsx”; requiere revisión administrativa antes de publicar. Geocodificación Census Bureau: Non_Exact; dirección normalizada: 2001 W NEW HOPE DR, CEDAR PARK, TX, 78613."
"Hill Country Community Ministries","Despensa de alimentos","Food pantry","Ofrece alimentos o comestibles para personas y familias.","Provides food or groceries for individuals and families.","Ofrece alimentos o comestibles para personas y familias.","Provides access to food. Contact the organization directly to confirm availability, requirements, and additional support.","hill-country-community-ministries-williamson","comida","","despensa|alimentos","food|pantry","","in_person","unknown","","","","","Confirme el horario, la disponibilidad y los requisitos antes de acudir.","Confirm hours, availability, and requirements before visiting.","Lunes a viernes: 9am-3pm
primer y cuarto sábado: 12pm-2pm","Mon-Fri: 9am-3pm
1st and 4th Saturday: 12pm-2pm","","","Condado de Williamson","Williamson County","","","","","","1005 Lacy Dr. Leander, TX 78641","","","TX","78641","Williamson","30.565518895963","-97.849243821789","https://www.centraltexasfoodbank.org/find-food-now","","","","Piloto de Bluebonnet Project HOPE. Registro preparado a partir de “Food Pantries by County.xlsx”; requiere revisión administrativa antes de publicar. Geocodificación Census Bureau: Non_Exact; dirección normalizada: 1005 LACY DR, LEANDER, TX, 78641."
"Brighter Days Food Pantry at Leander Church of Christ (Drive thru)","Despensa de alimentos","Food pantry","Ofrece alimentos o comestibles para personas y familias.","Provides food or groceries for individuals and families.","Ofrece alimentos o comestibles para personas y familias.","Serving the following zip codes: 78641, 78613, 78642, 78645, 78646 Personal care items and baby diapers for residents. Limited $100 towards a utility bill or $200 towards rent for those who qualify.","brighter-days-food-pantry-at-leander-church-of-christ-drive-thru-leander","comida","","despensa|alimentos","food|pantry","","in_person|phone","paid","","","","","Confirme el horario, la disponibilidad y los requisitos antes de acudir.","Confirm hours, availability, and requirements before visiting.","miércoles: 5:30pm-7pm","Wednesdays: 5:30pm-7pm","","","Condado de Williamson","Williamson County","512-259-6928","","","brighterdaysfp@gmail.com","https://leanderchurch.org/help","300 Crystal Falls Parkway, Leander, TX 78641","","Leander","TX","78641","Williamson","30.556983014981","-97.846883168242","https://leanderchurch.org/help","","","2026-09-02","Piloto de Bluebonnet Project HOPE. Fuente oficial consultada el 2026-09-02. Existencia o ubicación cotejada el 2026-09-02 con el directorio oficial Find Food Now del Central Texas Food Bank; revise horarios directamente antes de publicar. Geocodificación Census Bureau: Non_Exact; dirección normalizada: 300 CRYSTAL FALLS PKWY, LEANDER, TX, 78641."
"Round Mountain Baptist Church","Despensa de alimentos","Food pantry","Ofrece alimentos o comestibles para personas y familias.","Provides food or groceries for individuals and families.","Ofrece alimentos o comestibles para personas y familias.","Provides access to food. Contact the organization directly to confirm availability, requirements, and additional support.","round-mountain-baptist-church-williamson","comida","","despensa|alimentos","food|pantry","","in_person","unknown","","","","","Confirme el horario, la disponibilidad y los requisitos antes de acudir.","Confirm hours, availability, and requirements before visiting.","tercer miércoles: 9am-11am","3rd Wednesday: 9am-11am","","","Condado de Williamson","Williamson County","","","","","","14500 Round Mountain Rd. Leander, TX 78641","","","TX","78641","Williamson","30.57445866972","-97.948993675821","https://www.centraltexasfoodbank.org/find-food-now","","","2026-09-02","Piloto de Bluebonnet Project HOPE. Fuente oficial consultada el 2026-09-02. Existencia o ubicación cotejada el 2026-09-02 con el directorio oficial Find Food Now del Central Texas Food Bank; revise horarios directamente antes de publicar. Geocodificación Census Bureau: Non_Exact; dirección normalizada: 14500 ROUND MOUNTAIN RD, LEANDER, TX, 78641."
"Hutto Resource Center","Despensa de alimentos","Food pantry","Ofrece alimentos o comestibles para personas y familias.","Provides food or groceries for individuals and families.","Ofrece alimentos o comestibles para personas y familias.","Provides access to food. Contact the organization directly to confirm availability, requirements, and additional support.","hutto-resource-center-williamson","comida","","despensa|alimentos","food|pantry","","in_person","unknown","","","","","Confirme el horario, la disponibilidad y los requisitos antes de acudir.","Confirm hours, availability, and requirements before visiting.","primer y tercer sábado: 9am-12pm","1st and 3rd Saturday: 9am-12pm","","","Condado de Williamson","Williamson County","","","","","","204 East Live Oak St. Hutto, TX 78634","","","TX","78634","Williamson","30.546322121743","-97.544703927664","https://www.centraltexasfoodbank.org/find-food-now","","","2026-09-02","Piloto de Bluebonnet Project HOPE. Fuente oficial consultada el 2026-09-02. Existencia o ubicación cotejada el 2026-09-02 con el directorio oficial Find Food Now del Central Texas Food Bank; revise horarios directamente antes de publicar. Geocodificación Census Bureau: Non_Exact; dirección normalizada: 204 E LIVE OAK ST, HUTTO, TX, 78634."
"Agape Food Pantry of Taylor","Despensa de alimentos","Food pantry","Ofrece alimentos o comestibles para personas y familias.","Provides food or groceries for individuals and families.","Ofrece alimentos o comestibles para personas y familias.","Provides access to food. Contact the organization directly to confirm availability, requirements, and additional support.","agape-food-pantry-of-taylor-williamson","comida","","despensa|alimentos","food|pantry","","in_person","unknown","","","","","Confirme el horario, la disponibilidad y los requisitos antes de acudir.","Confirm hours, availability, and requirements before visiting.","primer y tercer viernes: 5:30pm-7pm","1st and 3rd Friday: 5:30pm-7pm","","","Condado de Williamson","Williamson County","","","","","","1616 Old Grangver Rd. Taylor, TX 76574","","","TX","76574","Williamson","30.581648872379","-97.41008517475","https://www.centraltexasfoodbank.org/find-food-now","","","2026-09-02","Piloto de Bluebonnet Project HOPE. Fuente oficial consultada el 2026-09-02. Existencia o ubicación cotejada el 2026-09-02 con el directorio oficial Find Food Now del Central Texas Food Bank; revise horarios directamente antes de publicar. Geocodificación Census Bureau: Non_Exact; dirección normalizada: 1616 OLD GRANGER RD, TAYLOR, TX, 76574."
"Zion Chapel Missionary Baptist Church","Despensa de alimentos","Food pantry","Ofrece alimentos o comestibles para personas y familias.","Provides food or groceries for individuals and families.","Ofrece alimentos o comestibles para personas y familias.","Provides access to food. Contact the organization directly to confirm availability, requirements, and additional support.","zion-chapel-missionary-baptist-church-williamson","comida","","despensa|alimentos","food|pantry","","in_person","unknown","","","","","Confirme el horario, la disponibilidad y los requisitos antes de acudir.","Confirm hours, availability, and requirements before visiting.","lunes: 10am-1pm","Monday: 10am-1pm","","","Condado de Williamson","Williamson County","","","","","","612 MLK Jr. Blvd. Taylor, TX 76574","","","TX","76574","Williamson","","","https://www.centraltexasfoodbank.org/find-food-now","","","","Piloto de Bluebonnet Project HOPE. Registro preparado a partir de “Food Pantries by County.xlsx”; requiere revisión administrativa antes de publicar."
"Shepherd's Heart Food Pantry and Community Ministries","Despensa de alimentos","Food pantry","Ofrece alimentos o comestibles para personas y familias.","Provides food or groceries for individuals and families.","Ofrece alimentos o comestibles para personas y familias.","Provides access to food. Contact the organization directly to confirm availability, requirements, and additional support.","shepherd-s-heart-food-pantry-and-community-ministries-williamson","comida","","despensa|alimentos","food|pantry","","in_person|phone","unknown","","","","","Confirme el horario, la disponibilidad y los requisitos antes de acudir.","Confirm hours, availability, and requirements before visiting.","martes: 12:30pm-3pm
jueves: 12:30pm-3pm
sábado: 8:30am-10:30am","Tuesday: 12:30pm-3pm
Thursday: 12:30pm-3pm
Saturday: 8:30am-10:30am","","","Condado de Williamson","Williamson County","512-352-5553","","","","https://www.shepherdshearttaylor.org/","121 E. 2nd St. Taylor, TX 76574","","","TX","76574","Williamson","30.568769811003","-97.409213400634","https://www.shepherdshearttaylor.org/","","","2026-09-02","Piloto de Bluebonnet Project HOPE. Fuente oficial consultada el 2026-09-02. Existencia o ubicación cotejada el 2026-09-02 con el directorio oficial Find Food Now del Central Texas Food Bank; revise horarios directamente antes de publicar. Geocodificación Census Bureau: Non_Exact; dirección normalizada: 121 E 2ND ST, TAYLOR, TX, 76574."
"Jarrell ISD Cafeteria","Despensa de alimentos","Food pantry","Ofrece alimentos o comestibles para personas y familias.","Provides food or groceries for individuals and families.","Ofrece alimentos o comestibles para personas y familias.","Provides access to food. Contact the organization directly to confirm availability, requirements, and additional support.","jarrell-isd-cafeteria-williamson","comida","","despensa|alimentos","food|pantry","","in_person","unknown","","","","","Confirme el horario, la disponibilidad y los requisitos antes de acudir.","Confirm hours, availability, and requirements before visiting.","primer sábado: 9am-11am","1st Saturday: 9am-11am","","","Condado de Williamson","Williamson County","","","","","","508 N 5th St. Jarrell, TX 76537","","","TX","76537","Williamson","30.828972566049","-97.607077012524","https://www.centraltexasfoodbank.org/find-food-now","","","","Piloto de Bluebonnet Project HOPE. Registro preparado a partir de “Food Pantries by County.xlsx”; requiere revisión administrativa antes de publicar. Geocodificación Census Bureau: Non_Exact; dirección normalizada: 508 N 5TH ST, JARRELL, TX, 76537."
"Knights of Columbus Hall","Despensa de alimentos","Food pantry","Ofrece alimentos o comestibles para personas y familias.","Provides food or groceries for individuals and families.","Ofrece alimentos o comestibles para personas y familias.","Provides access to food. Contact the organization directly to confirm availability, requirements, and additional support.","knights-of-columbus-hall-williamson","comida","","despensa|alimentos","food|pantry","","in_person","unknown","","","","","Confirme el horario, la disponibilidad y los requisitos antes de acudir.","Confirm hours, availability, and requirements before visiting.","segundo martes: 2pm-4pm","2nd Tuesday: 2pm-4pm","","","Condado de Williamson","Williamson County","","","","","","500 W Davilla St. Granger, TX 76530","","","TX","76530","Williamson","30.71912755618","-97.44876279982","https://www.centraltexasfoodbank.org/find-food-now","","","","Piloto de Bluebonnet Project HOPE. Registro preparado a partir de “Food Pantries by County.xlsx”; requiere revisión administrativa antes de publicar. Geocodificación Census Bureau: Non_Exact; dirección normalizada: 500 W DAVILLA ST, GRANGER, TX, 76530."
"Florence High School","Despensa de alimentos","Food pantry","Ofrece alimentos o comestibles para personas y familias.","Provides food or groceries for individuals and families.","Ofrece alimentos o comestibles para personas y familias.","Provides access to food. Contact the organization directly to confirm availability, requirements, and additional support.","florence-high-school-williamson","comida","","despensa|alimentos","food|pantry","","in_person","unknown","","","","","Confirme el horario, la disponibilidad y los requisitos antes de acudir.","Confirm hours, availability, and requirements before visiting.","cuarto sábado: 12pm-2pm","4th Saturday: 12pm-2pm","","","Condado de Williamson","Williamson County","","","","","","401 FM 970 Florence, TX 76527","","","TX","76527","Williamson","30.832331540922","-97.798513269618","https://www.centraltexasfoodbank.org/find-food-now","","","","Piloto de Bluebonnet Project HOPE. Registro preparado a partir de “Food Pantries by County.xlsx”; requiere revisión administrativa antes de publicar. Geocodificación Census Bureau: Non_Exact; dirección normalizada: 401 FM 970, FLORENCE, TX, 76527."
"Furr Baby Food Pantry (FOOD FOR PETS)","Despensa de alimentos","Food pantry","Ofrece alimentos o comestibles para personas y familias.","Provides food or groceries for individuals and families.","Ofrece alimentos o comestibles para personas y familias.","Apply and request items on their website. Must pick up items requested within 72hrs of request","furr-baby-food-pantry-food-for-pets-williamson","comida","","despensa|alimentos","food|pantry","","in_person|phone|online","unknown","","","","","Consulte el sitio oficial y siga el proceso de solicitud indicado.","Visit the official website and follow its application process.","domingo-viernes: 11am-2pm","Sunday-Friday: 11am-2pm","","","Condado de Williamson; Condado de Travis","Williamson County; Travis County","626-536-0979","","","furrbabyfoodpantry@gmail.com","https://www.furrbabyfoodpantry.org/","1603 Northwest Blvd. Georgetown, TX 78628","","","TX","78628","","","","https://www.furrbabyfoodpantry.org/","","","2026-07-09","Piloto de Bluebonnet Project HOPE. Registro preparado a partir de “Food Pantries by County.xlsx”; requiere revisión administrativa antes de publicar."
"Helping Hands of Georgetown","Despensa de alimentos","Food pantry","Ofrece alimentos o comestibles para personas y familias.","Provides food or groceries for individuals and families.","Ofrece alimentos o comestibles para personas y familias.","Provides sandwiches/lunches, clothing, various items on request (backpack, luggage, sleeping bags, condiments for sandwiches)","helping-hands-of-georgetown-williamson","comida","","despensa|alimentos","food|pantry","","phone","unknown","","","","","Comuníquese directamente con la organización para confirmar el proceso de acceso.","Contact the organization directly to confirm how to access the service.","lunes-jueves: 3:15pm","Monday-Thursday: 3:15pm","","","Condado de Williamson","Williamson County","512-688-3595","","","","","","","","","","Williamson","","","https://www.centraltexasfoodbank.org/find-food-now","","","","Piloto de Bluebonnet Project HOPE. Registro preparado a partir de “Food Pantries by County.xlsx”; requiere revisión administrativa antes de publicar."
"Helping Hands with coordination of various churches","Despensa de alimentos","Food pantry","Ofrece alimentos o comestibles para personas y familias.","Provides food or groceries for individuals and families.","Ofrece alimentos o comestibles para personas y familias.","Warm meal provided","helping-hands-with-coordination-of-various-churches-williamson","comida","","despensa|alimentos","food|pantry","","","unknown","","","","","Comuníquese directamente con la organización para confirmar el proceso de acceso.","Contact the organization directly to confirm how to access the service.","domingo: 4pm","Sunday: 4pm","","","Condado de Williamson","Williamson County","","","","","","","","","","","Williamson","","","https://www.centraltexasfoodbank.org/find-food-now","","","","Piloto de Bluebonnet Project HOPE. Registro preparado a partir de “Food Pantries by County.xlsx”; requiere revisión administrativa antes de publicar."
"Kat Kares","Despensa de alimentos","Food pantry","Ofrece alimentos o comestibles para personas y familias.","Provides food or groceries for individuals and families.","Ofrece alimentos o comestibles para personas y familias.","Warm meal, snack bags, hygiene bags, setting up showers, laundry, immediate needs of the unhoused","kat-kares-williamson","comida","","despensa|alimentos","food|pantry","","phone","unknown","","","","","Comuníquese directamente con la organización para confirmar el proceso de acceso.","Contact the organization directly to confirm how to access the service.","viernes 4pm","Fridays 4pm","","","Condado de Williamson","Williamson County","512-843-1134","","","","","","","","","","Williamson","","","https://www.centraltexasfoodbank.org/find-food-now","","","","Piloto de Bluebonnet Project HOPE. Registro preparado a partir de “Food Pantries by County.xlsx”; requiere revisión administrativa antes de publicar."
"Meals on Wheels","Despensa de alimentos","Food pantry","Ofrece alimentos o comestibles para personas y familias.","Provides food or groceries for individuals and families.","Ofrece alimentos o comestibles para personas y familias.","Provides access to food. Contact the organization directly to confirm availability, requirements, and additional support.","meals-on-wheels-williamson","comida","","despensa|alimentos","food|pantry","","in_person|phone","unknown","","","","","Confirme el horario, la disponibilidad y los requisitos antes de acudir.","Confirm hours, availability, and requirements before visiting.","Horario: Lunes a viernes: 8am-2pm","Hours: Mon-Fri: 8am-2pm","","","Condado de Williamson","Williamson County","512-763-1400","","","","","301 West Bagdad Ave. Round Rock, TX 78664","","","TX","78664","Williamson","30.506962577465","-97.680610362798","https://www.centraltexasfoodbank.org/find-food-now","","","2026-09-02","Piloto de Bluebonnet Project HOPE. Fuente oficial consultada el 2026-09-02. Existencia o ubicación cotejada el 2026-09-02 con el directorio oficial Find Food Now del Central Texas Food Bank; revise horarios directamente antes de publicar. Geocodificación Census Bureau: Non_Exact; dirección normalizada: 301 W BAGDAD AVE, ROUND ROCK, TX, 78664."
"Central Texas Food Bank","Despensa de alimentos","Food pantry","Ofrece alimentos o comestibles para personas y familias.","Provides food or groceries for individuals and families.","Ofrece alimentos o comestibles para personas y familias.","Provides access to food. Contact the organization directly to confirm availability, requirements, and additional support.","central-texas-food-bank-travis","comida","","despensa|alimentos","food|pantry","","in_person|phone","unknown","","","","","Confirme el horario, la disponibilidad y los requisitos antes de acudir.","Confirm hours, availability, and requirements before visiting.","lunes-viernes: 8am-5pm","Monday-Friday: 8am-5pm","","","Condado de Travis","Travis County","512-282-2111","","","","https://www.centraltexasfoodbank.org/","6500 Metropolis Dr. Austin, TX 78744","","","TX","78744","Travis","30.202104818821","-97.710306976849","https://www.centraltexasfoodbank.org/","","","2026-09-02","Piloto de Bluebonnet Project HOPE. Fuente oficial consultada el 2026-09-02. Existencia o ubicación cotejada el 2026-09-02 con el directorio oficial Find Food Now del Central Texas Food Bank; revise horarios directamente antes de publicar. Geocodificación Census Bureau: Non_Exact; dirección normalizada: 6500 METROPOLIS DR, AUSTIN, TX, 78744."
"Travis County Community Food Pantries","Despensa de alimentos","Food pantry","Ofrece alimentos o comestibles para personas y familias.","Provides food or groceries for individuals and families.","Ofrece alimentos o comestibles para personas y familias.","Pantries are available once every 30 days","travis-county-community-food-pantries-travis","comida","","despensa|alimentos","food|pantry","","phone","unknown","","","","","Comuníquese directamente con la organización para confirmar el proceso de acceso.","Contact the organization directly to confirm how to access the service.","Horario: Lunes a viernes: 8am-5pm","Hours: Mon-Fri: 8am-5pm","","","Condado de Travis","Travis County","512-854-4120","","","","https://www.traviscountytx.gov/health-human-services/apply-for-assistance/food-pantry","","","","","","Travis","","","https://www.traviscountytx.gov/health-human-services/apply-for-assistance/food-pantry","","","","Piloto de Bluebonnet Project HOPE. Registro preparado a partir de “Food Pantries by County.xlsx”; requiere revisión administrativa antes de publicar."
"Shoreline - North Austin Mobile Pantry","Despensa de alimentos","Food pantry","Ofrece alimentos o comestibles para personas y familias.","Provides food or groceries for individuals and families.","Ofrece alimentos o comestibles para personas y familias.","Provides access to food. Contact the organization directly to confirm availability, requirements, and additional support.","shoreline-north-austin-mobile-pantry-travis","comida","","despensa|alimentos","food|pantry","","in_person","unknown","","","","","Confirme el horario, la disponibilidad y los requisitos antes de acudir.","Confirm hours, availability, and requirements before visiting.","First viernes 12:30pm-2pm","First Friday 12:30pm-2pm","","","Condado de Travis","Travis County","","","","","","15201 Burnet Rd. Austin, TX 78728","","","TX","78728","Travis","30.457138279702","-97.695012852933","https://www.centraltexasfoodbank.org/find-food-now","","","","Piloto de Bluebonnet Project HOPE. Registro preparado a partir de “Food Pantries by County.xlsx”; requiere revisión administrativa antes de publicar. Geocodificación Census Bureau: Non_Exact; dirección normalizada: 15201 BURNET RD, AUSTIN, TX, 78728."
"Dorcas Passion Ministries Alpha Sventh Day Adventist Church - Drive up food pantry","Despensa de alimentos","Food pantry","Ofrece alimentos o comestibles para personas y familias.","Provides food or groceries for individuals and families.","Ofrece alimentos o comestibles para personas y familias.","Provides access to food. Contact the organization directly to confirm availability, requirements, and additional support.","dorcas-passion-ministries-alpha-sventh-day-adventist-church-drive-up-food-pantry-travis","comida","","despensa|alimentos","food|pantry","","in_person|phone","unknown","","","","","Confirme el horario, la disponibilidad y los requisitos antes de acudir.","Confirm hours, availability, and requirements before visiting.","segundo y cuarto domingo: 10am-12pm","2nd and 4th Sunday: 10am-12pm","","","Condado de Travis","Travis County","512-926-6721","","","","","3039 Pecan Springs Rd. Austin, TX 78723","","","TX","78723","Travis","30.297026900257","-97.681998587913","https://www.centraltexasfoodbank.org/find-food-now","","","2026-09-02","Piloto de Bluebonnet Project HOPE. Fuente oficial consultada el 2026-09-02. Existencia o ubicación cotejada el 2026-09-02 con el directorio oficial Find Food Now del Central Texas Food Bank; revise horarios directamente antes de publicar. Geocodificación Census Bureau: Non_Exact; dirección normalizada: 3039 PECAN SPRINGS RD, AUSTIN, TX, 78723."
"St. Andrews Presbyterian Church","Despensa de alimentos","Food pantry","Ofrece alimentos o comestibles para personas y familias.","Provides food or groceries for individuals and families.","Ofrece alimentos o comestibles para personas y familias.","Provides access to food. Contact the organization directly to confirm availability, requirements, and additional support.","st-andrews-presbyterian-church-travis","comida","","despensa|alimentos","food|pantry","","in_person|phone","unknown","","","","","Confirme el horario, la disponibilidad y los requisitos antes de acudir.","Confirm hours, availability, and requirements before visiting.","segundo y cuarto sábado 10am-12pm","2nd and 4th Saturday 10am-12pm","","","Condado de Travis","Travis County","512-251-0698","","","","","14311 Wells Port Dr. Austin, TX 78728","","","TX","78728","Travis","30.436205053766","-97.675073035913","https://www.centraltexasfoodbank.org/find-food-now","","","2026-09-02","Piloto de Bluebonnet Project HOPE. Fuente oficial consultada el 2026-09-02. Existencia o ubicación cotejada el 2026-09-02 con el directorio oficial Find Food Now del Central Texas Food Bank; revise horarios directamente antes de publicar. Geocodificación Census Bureau: Non_Exact; dirección normalizada: 14311 WELLS PORT DR, AUSTIN, TX, 78728."
"Deliverance Temple Worship Center","Despensa de alimentos","Food pantry","Ofrece alimentos o comestibles para personas y familias.","Provides food or groceries for individuals and families.","Ofrece alimentos o comestibles para personas y familias.","Provides access to food. Contact the organization directly to confirm availability, requirements, and additional support.","deliverance-temple-worship-center-austin","comida","","despensa|alimentos","food|pantry","","in_person|phone","unknown","","","","","Confirme el horario, la disponibilidad y los requisitos antes de acudir.","Confirm hours, availability, and requirements before visiting.","viernes: 9am-1pm","Friday: 9am-1pm","","","Condado de Travis","Travis County","737-202-4470","","","","","1607 Dessau Ridge Lane, Austin, TX 78754","","Austin","TX","78754","Travis","30.400581590241","-97.641721215189","https://www.centraltexasfoodbank.org/find-food-now","","","2026-09-02","Piloto de Bluebonnet Project HOPE. Fuente oficial consultada el 2026-09-02. Existencia o ubicación cotejada el 2026-09-02 con el directorio oficial Find Food Now del Central Texas Food Bank; revise horarios directamente antes de publicar. Geocodificación Census Bureau: Non_Exact; dirección normalizada: 1607 DESSAU RIDGE LN, AUSTIN, TX, 78754."
"Austin Blessings Food Pantry: Austin Reconciliation Church","Despensa de alimentos","Food pantry","Ofrece alimentos o comestibles para personas y familias.","Provides food or groceries for individuals and families.","Ofrece alimentos o comestibles para personas y familias.","Boutique open weekly for lightly used clothing at affordable prices","austin-blessings-food-pantry-austin-reconciliation-church-travis","comida","","despensa|alimentos","food|pantry","","in_person","unknown","","","","","Confirme el horario, la disponibilidad y los requisitos antes de acudir.","Confirm hours, availability, and requirements before visiting.","miércoles: 10:30am-1:30pm","Wednesdays: 10:30am-1:30pm","","","Condado de Travis","Travis County","","","","","https://austinblessings.org/","7000 Cameron Rd. Austin, TX 78752","","","TX","78752","Travis","30.324932950102","-97.693153474531","https://austinblessings.org/","","","2026-09-02","Piloto de Bluebonnet Project HOPE. Fuente oficial consultada el 2026-09-02. Existencia o ubicación cotejada el 2026-09-02 con el directorio oficial Find Food Now del Central Texas Food Bank; revise horarios directamente antes de publicar. Geocodificación Census Bureau: Non_Exact; dirección normalizada: 7000 CAMERON RD, AUSTIN, TX, 78752."
"Austin Blessings Food Pantry: Austin Blessings Outreach Center","Despensa de alimentos","Food pantry","Ofrece alimentos o comestibles para personas y familias.","Provides food or groceries for individuals and families.","Ofrece alimentos o comestibles para personas y familias.","Baby diapers, feminie products, baby wipes, assortment of baby products (when available). Free clothing one Saturday each month. Saturday dates vary and announced in advance on social media","austin-blessings-food-pantry-austin-blessings-outreach-center-travis","comida","","despensa|alimentos","food|pantry","","in_person","free","","","","","Confirme el horario, la disponibilidad y los requisitos antes de acudir.","Confirm hours, availability, and requirements before visiting.","lunes y viernes: 10am-1pm","Mondays and Fridays: 10am-1pm","","","Condado de Travis","Travis County","","","","","https://austinblessings.org/","4403 Russell Dr. Austin, TX 78745","","","TX","78745","Travis","30.228379782531","-97.786147322527","https://austinblessings.org/","","","2026-09-02","Piloto de Bluebonnet Project HOPE. Fuente oficial consultada el 2026-09-02. Existencia o ubicación cotejada el 2026-09-02 con el directorio oficial Find Food Now del Central Texas Food Bank; revise horarios directamente antes de publicar. Geocodificación Census Bureau: Non_Exact; dirección normalizada: 4403 RUSSELL DR, AUSTIN, TX, 78745."
"Lake Travis Crisis Ministries","Despensa de alimentos","Food pantry","Ofrece alimentos o comestibles para personas y familias.","Provides food or groceries for individuals and families.","Ofrece alimentos o comestibles para personas y familias.","Provides access to food. Contact the organization directly to confirm availability, requirements, and additional support.","lake-travis-crisis-ministries-lakeway","comida","","despensa|alimentos","food|pantry","","in_person|phone","unknown","","","","","Confirme el horario, la disponibilidad y los requisitos antes de acudir.","Confirm hours, availability, and requirements before visiting.","miércoles: 5pm-7pm
jueves: 10am-12pm","Wednesday: 5pm-7pm
Thursday: 10am-12pm","","","Condado de Travis","Travis County","512-266-9810","","","","","107 Ranch Rd 620, Lakeway, TX 78734","","Lakeway","TX","78734","Travis","","","https://www.centraltexasfoodbank.org/find-food-now","","","2026-09-02","Piloto de Bluebonnet Project HOPE. Fuente oficial consultada el 2026-09-02. Existencia o ubicación cotejada el 2026-09-02 con el directorio oficial Find Food Now del Central Texas Food Bank; revise horarios directamente antes de publicar."
"Foundation Communities - Laurel Creek","Despensa de alimentos","Food pantry","Ofrece alimentos o comestibles para personas y familias.","Provides food or groceries for individuals and families.","Ofrece alimentos o comestibles para personas y familias.","Provides access to food. Contact the organization directly to confirm availability, requirements, and additional support.","foundation-communities-laurel-creek-travis","comida","","despensa|alimentos","food|pantry","","in_person|phone","unknown","","","","","Confirme el horario, la disponibilidad y los requisitos antes de acudir.","Confirm hours, availability, and requirements before visiting.","segundo y cuarto lunes 4:30pm-6:30pm","2nd and 4th Monday 4:30pm-6:30pm","","","Condado de Travis","Travis County","512-735-1635","","","","","11704 N Lamar Blvd. Austin, TX 78753","","","TX","78753","Travis","30.386193396814","-97.68426497128","https://www.centraltexasfoodbank.org/find-food-now","","","2026-09-02","Piloto de Bluebonnet Project HOPE. Fuente oficial consultada el 2026-09-02. Existencia o ubicación cotejada el 2026-09-02 con el directorio oficial Find Food Now del Central Texas Food Bank; revise horarios directamente antes de publicar. Geocodificación Census Bureau: Non_Exact; dirección normalizada: 11704 N LAMAR BLVD, AUSTIN, TX, 78753."
"Foundation Communities - Crossroads","Despensa de alimentos","Food pantry","Ofrece alimentos o comestibles para personas y familias.","Provides food or groceries for individuals and families.","Ofrece alimentos o comestibles para personas y familias.","Provides access to food. Contact the organization directly to confirm availability, requirements, and additional support.","foundation-communities-crossroads-travis","comida","","despensa|alimentos","food|pantry","","in_person","unknown","","","","","Confirme el horario, la disponibilidad y los requisitos antes de acudir.","Confirm hours, availability, and requirements before visiting.","primer lunes: 4:30pm-6:30pm
tercer lunes:","1st Monday: 4:30pm-6:30pm
3rd Monday:","","","Condado de Travis","Travis County","","","","","","8801 McCann Dr. Austin, TX 78757","","","TX","78757","Travis","30.372191741833","-97.729948309854","https://www.centraltexasfoodbank.org/find-food-now","","","2026-09-02","Piloto de Bluebonnet Project HOPE. Fuente oficial consultada el 2026-09-02. Existencia o ubicación cotejada el 2026-09-02 con el directorio oficial Find Food Now del Central Texas Food Bank; revise horarios directamente antes de publicar. Geocodificación Census Bureau: Non_Exact; dirección normalizada: 8801 MCCANN DR, AUSTIN, TX, 78757."
"Foundation Communities - Cardinal Point","Despensa de alimentos","Food pantry","Ofrece alimentos o comestibles para personas y familias.","Provides food or groceries for individuals and families.","Ofrece alimentos o comestibles para personas y familias.","Provides access to food. Contact the organization directly to confirm availability, requirements, and additional support.","foundation-communities-cardinal-point-travis","comida","","despensa|alimentos","food|pantry","","in_person|phone","unknown","","","","","Confirme el horario, la disponibilidad y los requisitos antes de acudir.","Confirm hours, availability, and requirements before visiting.","segundo y cuarto martes: 11am-1pm","2nd and 4th Tuesday: 11am-1pm","","","Condado de Travis","Travis County","512-381-4590","","","","","11015 4 Points Dr. Austin, TX 78726","","","TX","78726","Travis","30.399070058981","-97.845404697749","https://www.centraltexasfoodbank.org/find-food-now","","","","Piloto de Bluebonnet Project HOPE. Registro preparado a partir de “Food Pantries by County.xlsx”; requiere revisión administrativa antes de publicar. Geocodificación Census Bureau: Non_Exact; dirección normalizada: 11015 FOUR POINTS DR, AUSTIN, TX, 78726."
"Foundation Communities - Southwest Trails","Despensa de alimentos","Food pantry","Ofrece alimentos o comestibles para personas y familias.","Provides food or groceries for individuals and families.","Ofrece alimentos o comestibles para personas y familias.","Provides access to food. Contact the organization directly to confirm availability, requirements, and additional support.","foundation-communities-southwest-trails-travis","comida","","despensa|alimentos","food|pantry","","in_person|phone","unknown","","","","","Confirme el horario, la disponibilidad y los requisitos antes de acudir.","Confirm hours, availability, and requirements before visiting.","segundo miércoles: 4:30pm-6:30pm","2nd Wednesday: 4:30pm-6:30pm","","","Condado de Travis","Travis County","512-301-2442","","","","","8405 Old Bee Caves Rd. Austin, TX 78735","","","TX","78735","Travis","30.25159970818","-97.887153976067","https://www.centraltexasfoodbank.org/find-food-now","","","2026-09-02","Piloto de Bluebonnet Project HOPE. Fuente oficial consultada el 2026-09-02. Existencia o ubicación cotejada el 2026-09-02 con el directorio oficial Find Food Now del Central Texas Food Bank; revise horarios directamente antes de publicar. Geocodificación Census Bureau: Non_Exact; dirección normalizada: 8405 OLD BEE CAVES RD, AUSTIN, TX, 78735."
"Foundation Communities - Trails at the Park","Despensa de alimentos","Food pantry","Ofrece alimentos o comestibles para personas y familias.","Provides food or groceries for individuals and families.","Ofrece alimentos o comestibles para personas y familias.","Provides access to food. Contact the organization directly to confirm availability, requirements, and additional support.","foundation-communities-trails-at-the-park-travis","comida","","despensa|alimentos","food|pantry","","in_person|phone","unknown","","","","","Confirme el horario, la disponibilidad y los requisitos antes de acudir.","Confirm hours, availability, and requirements before visiting.","primer y tercer jueves: 11am-1pm","1st and 3rd Thursday: 11am-1pm","","","Condado de Travis","Travis County","512-280-5200","","","","","815 West Slaughter Lane Austin, TX 78748","","","TX","78748","Travis","30.173876433373","-97.805892370182","https://www.centraltexasfoodbank.org/find-food-now","","","2026-09-02","Piloto de Bluebonnet Project HOPE. Fuente oficial consultada el 2026-09-02. Existencia o ubicación cotejada el 2026-09-02 con el directorio oficial Find Food Now del Central Texas Food Bank; revise horarios directamente antes de publicar. Geocodificación Census Bureau: Non_Exact; dirección normalizada: 815 W SLAUGHTER LN, AUSTIN, TX, 78748."
"Foundation Communities - Parker Lane","Despensa de alimentos","Food pantry","Ofrece alimentos o comestibles para personas y familias.","Provides food or groceries for individuals and families.","Ofrece alimentos o comestibles para personas y familias.","Provides access to food. Contact the organization directly to confirm availability, requirements, and additional support.","foundation-communities-parker-lane-travis","comida","","despensa|alimentos","food|pantry","","in_person","unknown","","","","","Confirme el horario, la disponibilidad y los requisitos antes de acudir.","Confirm hours, availability, and requirements before visiting.","primer y tercer lunes: 4:30pm-6:30pm","1st and 3rd Mondays: 4:30pm-6:30pm","","","Condado de Travis","Travis County","","","","","","2105 Parker Lane Austin, TX 78741","","","TX","78741","Travis","30.233935322746","-97.735805336033","https://www.centraltexasfoodbank.org/find-food-now","","","2026-09-02","Piloto de Bluebonnet Project HOPE. Fuente oficial consultada el 2026-09-02. Existencia o ubicación cotejada el 2026-09-02 con el directorio oficial Find Food Now del Central Texas Food Bank; revise horarios directamente antes de publicar. Geocodificación Census Bureau: Non_Exact; dirección normalizada: 2105 PARKER LN, AUSTIN, TX, 78741."
"Foundation Communities - Jordan at Mueller","Despensa de alimentos","Food pantry","Ofrece alimentos o comestibles para personas y familias.","Provides food or groceries for individuals and families.","Ofrece alimentos o comestibles para personas y familias.","Provides access to food. Contact the organization directly to confirm availability, requirements, and additional support.","foundation-communities-jordan-at-mueller-travis","comida","","despensa|alimentos","food|pantry","","in_person|phone","unknown","","","","","Confirme el horario, la disponibilidad y los requisitos antes de acudir.","Confirm hours, availability, and requirements before visiting.","primer y tercer martes: 11am-1pm","1st and 3rd Tuesday: 11am-1pm","","","Condado de Travis","Travis County","512-381-4580","","","","","2724 Philomena St. Austin, TX 78723","","","TX","78723","Travis","30.298878982533","-97.695275121441","https://www.centraltexasfoodbank.org/find-food-now","","","2026-09-02","Piloto de Bluebonnet Project HOPE. Fuente oficial consultada el 2026-09-02. Existencia o ubicación cotejada el 2026-09-02 con el directorio oficial Find Food Now del Central Texas Food Bank; revise horarios directamente antes de publicar. Geocodificación Census Bureau: Non_Exact; dirección normalizada: 2724 PHILOMENA ST, AUSTIN, TX, 78723."
"Foundation Communities - Vintage Creek","Despensa de alimentos","Food pantry","Ofrece alimentos o comestibles para personas y familias.","Provides food or groceries for individuals and families.","Ofrece alimentos o comestibles para personas y familias.","Provides access to food. Contact the organization directly to confirm availability, requirements, and additional support.","foundation-communities-vintage-creek-travis","comida","","despensa|alimentos","food|pantry","","in_person|phone","unknown","","","","","Confirme el horario, la disponibilidad y los requisitos antes de acudir.","Confirm hours, availability, and requirements before visiting.","primer y tercer miércoles: 4:30pm-6:30pm","1st and 3rd Wednesday: 4:30pm-6:30pm","","","Condado de Travis","Travis County","512-933-1005","","","","","7224 Northeast Dr. Austin, TX 78723","","","TX","78723","Travis","","","https://www.centraltexasfoodbank.org/find-food-now","","","2026-09-02","Piloto de Bluebonnet Project HOPE. Fuente oficial consultada el 2026-09-02. Existencia o ubicación cotejada el 2026-09-02 con el directorio oficial Find Food Now del Central Texas Food Bank; revise horarios directamente antes de publicar."
"Foundation Communities - M Station","Despensa de alimentos","Food pantry","Ofrece alimentos o comestibles para personas y familias.","Provides food or groceries for individuals and families.","Ofrece alimentos o comestibles para personas y familias.","Provides access to food. Contact the organization directly to confirm availability, requirements, and additional support.","foundation-communities-m-station-travis","comida","","despensa|alimentos","food|pantry","","in_person|phone","unknown","","","","","Confirme el horario, la disponibilidad y los requisitos antes de acudir.","Confirm hours, availability, and requirements before visiting.","segundo y cuarto viernes: 11am-1pm","2nd and 4th Fridays: 11am-1pm","","","Condado de Travis","Travis County","512-617-3037","","","","","2918 E Martin Luther King Jr. Blvd Austin, TX 78722","","","TX","78722","Travis","","","https://www.centraltexasfoodbank.org/find-food-now","","","2026-09-02","Piloto de Bluebonnet Project HOPE. Fuente oficial consultada el 2026-09-02. Existencia o ubicación cotejada el 2026-09-02 con el directorio oficial Find Food Now del Central Texas Food Bank; revise horarios directamente antes de publicar."
"Foundation Communities - Sierra Vista","Despensa de alimentos","Food pantry","Ofrece alimentos o comestibles para personas y familias.","Provides food or groceries for individuals and families.","Ofrece alimentos o comestibles para personas y familias.","Provides access to food. Contact the organization directly to confirm availability, requirements, and additional support.","foundation-communities-sierra-vista-travis","comida","","despensa|alimentos","food|pantry","","in_person|phone","unknown","","","","","Confirme el horario, la disponibilidad y los requisitos antes de acudir.","Confirm hours, availability, and requirements before visiting.","segundo y cuarto jueves: 4:30pm-6:30pm","2nd and 4th Thursday: 4:30pm-6:30pm","","","Condado de Travis","Travis County","512-804-2265","","","","","4320 South Congress Ave. Austin, TX 78745","","","TX","78745","Travis","30.218586060129","-97.76671516382","https://www.centraltexasfoodbank.org/find-food-now","","","2026-09-02","Piloto de Bluebonnet Project HOPE. Fuente oficial consultada el 2026-09-02. Existencia o ubicación cotejada el 2026-09-02 con el directorio oficial Find Food Now del Central Texas Food Bank; revise horarios directamente antes de publicar. Geocodificación Census Bureau: Non_Exact; dirección normalizada: 4320 CONGRESS AVE S, AUSTIN, TX, 78745."
"Mision Cristiana","Despensa de alimentos","Food pantry","Ofrece alimentos o comestibles para personas y familias.","Provides food or groceries for individuals and families.","Ofrece alimentos o comestibles para personas y familias.","Provides access to food. Contact the organization directly to confirm availability, requirements, and additional support.","mision-cristiana-travis","comida","","despensa|alimentos","food|pantry","","in_person","unknown","","","","","Confirme el horario, la disponibilidad y los requisitos antes de acudir.","Confirm hours, availability, and requirements before visiting.","primer y tercer viernes: 10am-12pm","1st and 3rd Friday: 10am-12pm","","","Condado de Travis","Travis County","","","","","https://www.mcilidsusa.org/","6117 W Hwy 290 Austin, TX 78749","","","TX","78749","Travis","","","https://www.mcilidsusa.org/","","","2026-09-02","Piloto de Bluebonnet Project HOPE. Fuente oficial consultada el 2026-09-02. Existencia o ubicación cotejada el 2026-09-02 con el directorio oficial Find Food Now del Central Texas Food Bank; revise horarios directamente antes de publicar."
"Oak Hill Baptist Church","Despensa de alimentos","Food pantry","Ofrece alimentos o comestibles para personas y familias.","Provides food or groceries for individuals and families.","Ofrece alimentos o comestibles para personas y familias.","Provides access to food. Contact the organization directly to confirm availability, requirements, and additional support.","oak-hill-baptist-church-travis","comida","","despensa|alimentos","food|pantry","","in_person","unknown","","","","","Confirme el horario, la disponibilidad y los requisitos antes de acudir.","Confirm hours, availability, and requirements before visiting.","martes: 9am-11am","Tuesday: 9am-11am","","","Condado de Travis","Travis County","","","","","https://www.ohbcaustin.org/","6907 Convict Hill Rd. Austin, TX 78749","","","TX","78749","Travis","30.228647511354","-97.877725407969","https://www.ohbcaustin.org/","","","2026-09-02","Piloto de Bluebonnet Project HOPE. Fuente oficial consultada el 2026-09-02. Existencia o ubicación cotejada el 2026-09-02 con el directorio oficial Find Food Now del Central Texas Food Bank; revise horarios directamente antes de publicar. Geocodificación Census Bureau: Non_Exact; dirección normalizada: 6907 CONVICT HILL RD, AUSTIN, TX, 78749."
"Abiding Love Lutheran Church","Despensa de alimentos","Food pantry","Ofrece alimentos o comestibles para personas y familias.","Provides food or groceries for individuals and families.","Ofrece alimentos o comestibles para personas y familias.","Provides access to food. Contact the organization directly to confirm availability, requirements, and additional support.","abiding-love-lutheran-church-travis","comida","","despensa|alimentos","food|pantry","","in_person|phone","unknown","","","","","Confirme el horario, la disponibilidad y los requisitos antes de acudir.","Confirm hours, availability, and requirements before visiting.","primer, segundo, tercer, y cuarto lunes:
11:30am-2pm","1st, 2nd, 3rd, and 4th Monday:
11:30am-2pm","","","Condado de Travis","Travis County","512-892-4041","","","","https://www.abidinglove.org/connect/outreach/food-pantry.html","7210 Brush Country Rd Austin, TX 78749","","","TX","78749","Travis","30.217797473456","-97.84539492533","https://www.abidinglove.org/connect/outreach/food-pantry.html","","","2026-09-02","Piloto de Bluebonnet Project HOPE. Fuente oficial consultada el 2026-09-02. Existencia o ubicación cotejada el 2026-09-02 con el directorio oficial Find Food Now del Central Texas Food Bank; revise horarios directamente antes de publicar. Geocodificación Census Bureau: Non_Exact; dirección normalizada: 7210 BRUSH COUNTRY RD, AUSTIN, TX, 78749."
"Bannockburn Baptist Church","Despensa de alimentos","Food pantry","Ofrece alimentos o comestibles para personas y familias.","Provides food or groceries for individuals and families.","Ofrece alimentos o comestibles para personas y familias.","Provides access to food. Contact the organization directly to confirm availability, requirements, and additional support.","bannockburn-baptist-church-travis","comida","","despensa|alimentos","food|pantry","","in_person|phone","unknown","","","","","Confirme el horario, la disponibilidad y los requisitos antes de acudir.","Confirm hours, availability, and requirements before visiting.","jueves: 9am-11am","Thursday: 9am-11am","","","Condado de Travis","Travis County","512-892-2703","","","","https://bannockburnchurch.com/","7100 Brodie Lane Austin, TX 78745","","","TX","78745","Travis","30.21235122623","-97.831461066625","https://bannockburnchurch.com/","","","2026-09-02","Piloto de Bluebonnet Project HOPE. Fuente oficial consultada el 2026-09-02. Existencia o ubicación cotejada el 2026-09-02 con el directorio oficial Find Food Now del Central Texas Food Bank; revise horarios directamente antes de publicar. Geocodificación Census Bureau: Non_Exact; dirección normalizada: 7100 BRODIE LN, AUSTIN, TX, 78745."
"Austin Vineyard Church","Despensa de alimentos","Food pantry","Ofrece alimentos o comestibles para personas y familias.","Provides food or groceries for individuals and families.","Ofrece alimentos o comestibles para personas y familias.","Provides access to food. Contact the organization directly to confirm availability, requirements, and additional support.","austin-vineyard-church-travis","comida","","despensa|alimentos","food|pantry","","in_person|phone","unknown","","","","","Confirme el horario, la disponibilidad y los requisitos antes de acudir.","Confirm hours, availability, and requirements before visiting.","cuarto sábado: 9:30am-2:30pm","4th Saturday: 9:30am-2:30pm","","","Condado de Travis","Travis County","512-331-5200","","","","https://www.austinvineyardchurch.com/","13208 Morris Rd. Austin, TX 78729","","","TX","78729","Travis","30.45738753557","-97.767014887754","https://www.austinvineyardchurch.com/","","","2026-09-02","Piloto de Bluebonnet Project HOPE. Fuente oficial consultada el 2026-09-02. Existencia o ubicación cotejada el 2026-09-02 con el directorio oficial Find Food Now del Central Texas Food Bank; revise horarios directamente antes de publicar. Geocodificación Census Bureau: Non_Exact; dirección normalizada: 13208 MORRIS RD, AUSTIN, TX, 78729."
"St. Vincent De Paul - Diocesan Council of Asutin","Despensa de alimentos","Food pantry","Ofrece alimentos o comestibles para personas y familias.","Provides food or groceries for individuals and families.","Ofrece alimentos o comestibles para personas y familias.","Provides access to food. Contact the organization directly to confirm availability, requirements, and additional support.","st-vincent-de-paul-diocesan-council-of-asutin-travis","comida","","despensa|alimentos","food|pantry","","in_person|phone","unknown","","","","","Confirme el horario, la disponibilidad y los requisitos antes de acudir.","Confirm hours, availability, and requirements before visiting.","sábado: 8am-11am","Saturday: 8am-11am","","","Condado de Travis","Travis County","512-251-6995","","","","","901 West Braker Lane Austin, TX 78758","","","TX","78758","Travis","30.381960004297","-97.686593590168","https://www.centraltexasfoodbank.org/find-food-now","","","","Piloto de Bluebonnet Project HOPE. Registro preparado a partir de “Food Pantries by County.xlsx”; requiere revisión administrativa antes de publicar. Geocodificación Census Bureau: Non_Exact; dirección normalizada: 901 W BRAKER LN, AUSTIN, TX, 78758."
"St. Stephens Missionary Baptist Church drive thru pantry","Despensa de alimentos","Food pantry","Ofrece alimentos o comestibles para personas y familias.","Provides food or groceries for individuals and families.","Ofrece alimentos o comestibles para personas y familias.","Provides access to food. Contact the organization directly to confirm availability, requirements, and additional support.","st-stephens-missionary-baptist-church-drive-thru-pantry-travis","comida","","despensa|alimentos","food|pantry","","in_person|phone","unknown","","","","","Confirme el horario, la disponibilidad y los requisitos antes de acudir.","Confirm hours, availability, and requirements before visiting.","sábado: 11am-1pm (segundo y cuarto sábado? se debe confirmar)","Saturday: 11am-1pm (2nd and 4th Sat? need to confirm)","","","Condado de Travis","Travis County","512-837-1196","","","","","12300 Amherst Dr. Austin, TX 78727","","","TX","78727","Travis","30.419811373612","-97.716844338879","https://www.centraltexasfoodbank.org/find-food-now","","","","Piloto de Bluebonnet Project HOPE. Registro preparado a partir de “Food Pantries by County.xlsx”; requiere revisión administrativa antes de publicar. Geocodificación Census Bureau: Non_Exact; dirección normalizada: 12300 AMHERST DR, AUSTIN, TX, 78727."
"Bethany United Methodist Church","Despensa de alimentos","Food pantry","Ofrece alimentos o comestibles para personas y familias.","Provides food or groceries for individuals and families.","Ofrece alimentos o comestibles para personas y familias.","Provides access to food. Contact the organization directly to confirm availability, requirements, and additional support.","bethany-united-methodist-church-travis","comida","","despensa|alimentos","food|pantry","","in_person","unknown","","","","","Confirme el horario, la disponibilidad y los requisitos antes de acudir.","Confirm hours, availability, and requirements before visiting.","First viernes: 9am-11am","First Friday: 9am-11am","","","Condado de Travis","Travis County","","","","","","10010 Anderson Mill Rd. Austin, TX 78750","","","TX","78750","Travis","30.44711512173","-97.798778149441","https://www.centraltexasfoodbank.org/find-food-now","","","","Piloto de Bluebonnet Project HOPE. Registro preparado a partir de “Food Pantries by County.xlsx”; requiere revisión administrativa antes de publicar. Geocodificación Census Bureau: Non_Exact; dirección normalizada: 10010 ANDERSON MILL RD, AUSTIN, TX, 78750."
"Bethany Christian Church","Despensa de alimentos","Food pantry","Ofrece alimentos o comestibles para personas y familias.","Provides food or groceries for individuals and families.","Ofrece alimentos o comestibles para personas y familias.","If available, may offer baby diapers, perspnal hygiene products","bethany-christian-church-travis","comida","","despensa|alimentos","food|pantry","","in_person|phone","unknown","","","","","Confirme el horario, la disponibilidad y los requisitos antes de acudir.","Confirm hours, availability, and requirements before visiting.","segundo miércoles:10am-12pm
cuarto martes: 6pm-8pm","2nd Wednesday:10am-12pm
4th Tuesday: 6pm-8pm","","","Condado de Travis","Travis County","512-926-4146","","","","","3507 E 12th St. Austin, TX 78721","","","TX","78721","Travis","30.277616908676","-97.695309019995","https://www.centraltexasfoodbank.org/find-food-now","","","2026-09-02","Piloto de Bluebonnet Project HOPE. Fuente oficial consultada el 2026-09-02. Existencia o ubicación cotejada el 2026-09-02 con el directorio oficial Find Food Now del Central Texas Food Bank; revise horarios directamente antes de publicar. Geocodificación Census Bureau: Non_Exact; dirección normalizada: 3507 E 12TH ST, AUSTIN, TX, 78721."
"South Austin Church of the Nazarene","Despensa de alimentos","Food pantry","Ofrece alimentos o comestibles para personas y familias.","Provides food or groceries for individuals and families.","Ofrece alimentos o comestibles para personas y familias.","Provides access to food. Contact the organization directly to confirm availability, requirements, and additional support.","south-austin-church-of-the-nazarene-travis","comida","","despensa|alimentos","food|pantry","","in_person|phone","unknown","","","","","Confirme el horario, la disponibilidad y los requisitos antes de acudir.","Confirm hours, availability, and requirements before visiting.","lunes: 9am-11am","Mondays: 9am-11am","","","Condado de Travis","Travis County","512-442-8476","","","","","6711 Menchaca Rd. Austin, TX 78745","","","TX","78745","Travis","30.205607087291","-97.806374966589","https://www.centraltexasfoodbank.org/find-food-now","","","","Piloto de Bluebonnet Project HOPE. Registro preparado a partir de “Food Pantries by County.xlsx”; requiere revisión administrativa antes de publicar. Geocodificación Census Bureau: Non_Exact; dirección normalizada: 6711 MANCHACA RD, AUSTIN, TX, 78745."
"Austin City Lutherans - Bread For All Pantry","Despensa de alimentos","Food pantry","Ofrece alimentos o comestibles para personas y familias.","Provides food or groceries for individuals and families.","Ofrece alimentos o comestibles para personas y familias.","Provides access to food. Contact the organization directly to confirm availability, requirements, and additional support.","austin-city-lutherans-bread-for-all-pantry-travis","comida","","despensa|alimentos","food|pantry","","in_person","unknown","","","","","Confirme el horario, la disponibilidad y los requisitos antes de acudir.","Confirm hours, availability, and requirements before visiting.","lunes: 5pm-6:30pm","Mondays: 5pm-6:30pm","","","Condado de Travis","Travis County","","","","","","1314 E Oltorf St. Austin, TX 78704","","","TX","78704","Travis","30.234529768316","-97.743371852527","https://www.centraltexasfoodbank.org/find-food-now","","","2026-09-02","Piloto de Bluebonnet Project HOPE. Fuente oficial consultada el 2026-09-02. Existencia o ubicación cotejada el 2026-09-02 con el directorio oficial Find Food Now del Central Texas Food Bank; revise horarios directamente antes de publicar. Geocodificación Census Bureau: Non_Exact; dirección normalizada: 1314 E OLTORF ST, AUSTIN, TX, 78704."
"Iglesia Bautista Principe de Paz","Despensa de alimentos","Food pantry","Ofrece alimentos o comestibles para personas y familias.","Provides food or groceries for individuals and families.","Ofrece alimentos o comestibles para personas y familias.","Free bags of food offered once a week","iglesia-bautista-principe-de-paz-travis","comida","","despensa|alimentos","food|pantry","","in_person|phone","free","","","","","Confirme el horario, la disponibilidad y los requisitos antes de acudir.","Confirm hours, availability, and requirements before visiting.","miércoles: 5:30pm-7pm","Wednesdays: 5:30pm-7pm","","","Condado de Travis","Travis County","512-774-4939","","","","","1204 Payton Gin Rd. Austin, TX 78758","","","TX","78758","Travis","30.361475177714","-97.707861416432","https://www.centraltexasfoodbank.org/find-food-now","","","2026-09-02","Piloto de Bluebonnet Project HOPE. Fuente oficial consultada el 2026-09-02. Existencia o ubicación cotejada el 2026-09-02 con el directorio oficial Find Food Now del Central Texas Food Bank; revise horarios directamente antes de publicar. Geocodificación Census Bureau: Non_Exact; dirección normalizada: 1204 PAYTON GIN RD, AUSTIN, TX, 78758."
"North Austin Christian Church - Heaven's Harvest","Despensa de alimentos","Food pantry","Ofrece alimentos o comestibles para personas y familias.","Provides food or groceries for individuals and families.","Ofrece alimentos o comestibles para personas y familias.","Provides access to food. Contact the organization directly to confirm availability, requirements, and additional support.","north-austin-christian-church-heaven-s-harvest-travis","comida","","despensa|alimentos","food|pantry","","in_person|phone","unknown","","","","","Confirme el horario, la disponibilidad y los requisitos antes de acudir.","Confirm hours, availability, and requirements before visiting.","lunes: 6:30pm-8pm","Monday: 6:30pm-8pm","","","Condado de Travis","Travis County","512-836-3282","","","","","1734 Rutland Dr. Austin, TX 78758","","","TX","78758","Travis","30.374528707442","-97.711788370984","https://www.centraltexasfoodbank.org/find-food-now","","","2026-09-02","Piloto de Bluebonnet Project HOPE. Fuente oficial consultada el 2026-09-02. Existencia o ubicación cotejada el 2026-09-02 con el directorio oficial Find Food Now del Central Texas Food Bank; revise horarios directamente antes de publicar. Geocodificación Census Bureau: Non_Exact; dirección normalizada: 1734 RUTLAND DR, AUSTIN, TX, 78758."
"Greater Mt. Zion Church Food Pantry","Despensa de alimentos","Food pantry","Ofrece alimentos o comestibles para personas y familias.","Provides food or groceries for individuals and families.","Ofrece alimentos o comestibles para personas y familias.","Provides access to food. Contact the organization directly to confirm availability, requirements, and additional support.","greater-mt-zion-church-food-pantry-travis","comida","","despensa|alimentos","food|pantry","","in_person|phone","unknown","","","","","Confirme el horario, la disponibilidad y los requisitos antes de acudir.","Confirm hours, availability, and requirements before visiting.","primer, segundo, y tercer sábado: 9:30am-12pm","1st, 2nd, and 3rd Saturday: 9:30am-12pm","","","Condado de Travis","Travis County","512-550-7755","","","","https://gmzaustin.org/causes/poverty/","4301 Tannehill Ln. Austin, TX 78721","","","TX","78721","Travis","30.28137799203","-97.672552350731","https://gmzaustin.org/causes/poverty/","","","","Piloto de Bluebonnet Project HOPE. Registro preparado a partir de “Food Pantries by County.xlsx”; requiere revisión administrativa antes de publicar. Geocodificación Census Bureau: Non_Exact; dirección normalizada: 4301 TANNEHILL LN, AUSTIN, TX, 78721."
"Circle of Hope Community Center Drive Thru Pantry","Despensa de alimentos","Food pantry","Ofrece alimentos o comestibles para personas y familias.","Provides food or groceries for individuals and families.","Ofrece alimentos o comestibles para personas y familias.","Provides access to food. Contact the organization directly to confirm availability, requirements, and additional support.","circle-of-hope-community-center-drive-thru-pantry-travis","comida","","despensa|alimentos","food|pantry","","in_person|phone","unknown","","","","","Confirme el horario, la disponibilidad y los requisitos antes de acudir.","Confirm hours, availability, and requirements before visiting.","lunes-viernes: 8am-11am","Monday-Friday: 8am-11am","","","Condado de Travis","Travis County","512-692-8001","","","circleofhopecc@gmail.com","","2900 W Pecan St. Pflugerville, TX 78660","","","TX","78660","Travis","30.449882849435","-97.658127379196","https://www.centraltexasfoodbank.org/find-food-now","","","2026-09-02","Piloto de Bluebonnet Project HOPE. Fuente oficial consultada el 2026-09-02. Existencia o ubicación cotejada el 2026-09-02 con el directorio oficial Find Food Now del Central Texas Food Bank; revise horarios directamente antes de publicar. Geocodificación Census Bureau: Non_Exact; dirección normalizada: 2900 W PECAN ST, PFLUGERVILLE, TX, 78660."
"Pflugerville Mobile Food Pantry","Despensa de alimentos","Food pantry","Ofrece alimentos o comestibles para personas y familias.","Provides food or groceries for individuals and families.","Ofrece alimentos o comestibles para personas y familias.","Drive thru distribution service First come, first serve basis","pflugerville-mobile-food-pantry-travis","comida","","despensa|alimentos","food|pantry","","in_person","unknown","","","","","Confirme el horario, la disponibilidad y los requisitos antes de acudir.","Confirm hours, availability, and requirements before visiting.","Primer martes de cada mes 9am-10:30am","Every first Tuesday 9am-10:30am","","","Condado de Travis","Travis County","","","","","","1440 West Pecan St. Pflugerville, TX 78660","","","TX","78660","Travis","30.44574121379","-97.633117516885","https://www.centraltexasfoodbank.org/find-food-now","","","2026-07-09","Piloto de Bluebonnet Project HOPE. Registro preparado a partir de “Food Pantries by County.xlsx”; requiere revisión administrativa antes de publicar. Geocodificación Census Bureau: Non_Exact; dirección normalizada: 1440 PECAN ST W, PFLUGERVILLE, TX, 78660."
"FBC Pflugerville","Despensa de alimentos","Food pantry","Ofrece alimentos o comestibles para personas y familias.","Provides food or groceries for individuals and families.","Ofrece alimentos o comestibles para personas y familias.","Provides access to food. Contact the organization directly to confirm availability, requirements, and additional support.","fbc-pflugerville-pflugerville","comida","","despensa|alimentos","food|pantry","","in_person|phone","unknown","","","","","Confirme el horario, la disponibilidad y los requisitos antes de acudir.","Confirm hours, availability, and requirements before visiting.","miércoles: 9am-11am","Wednesday: 9am-11am","","","Condado de Travis","Travis County","512-251-3052","","","","","306 South 10th St, Pflugerville, TX 78660","","Pflugerville","TX","78660","Travis","30.441454398371","-97.628789330896","https://www.centraltexasfoodbank.org/find-food-now","","","","Piloto de Bluebonnet Project HOPE. Registro preparado a partir de “Food Pantries by County.xlsx”; requiere revisión administrativa antes de publicar. Geocodificación Census Bureau: Non_Exact; dirección normalizada: 306 S 10TH ST, PFLUGERVILLE, TX, 78660."
"St. Elizabeth Catholic Church Society of St. Vincent De Paul","Despensa de alimentos","Food pantry","Ofrece alimentos o comestibles para personas y familias.","Provides food or groceries for individuals and families.","Ofrece alimentos o comestibles para personas y familias.","Provides access to food. Contact the organization directly to confirm availability, requirements, and additional support.","st-elizabeth-catholic-church-society-of-st-vincent-de-paul-travis","comida","","despensa|alimentos","food|pantry","","in_person|phone","unknown","","","","","Confirme el horario, la disponibilidad y los requisitos antes de acudir.","Confirm hours, availability, and requirements before visiting.","primer y tercer lunes: 6pm-7pm
primer y tercer jueves: 7am-10am","1st and 3rd Monday: 6pm-7pm
1st and 3rd Thurs: 7am-10am","","","Condado de Travis","Travis County","512-251-9838","","","","","1520 N Railroad Ave. Pflugerville, TX 78660","","","TX","78660","Travis","30.457141134703","-97.616703780027","https://www.centraltexasfoodbank.org/find-food-now","","","","Piloto de Bluebonnet Project HOPE. Registro preparado a partir de “Food Pantries by County.xlsx”; requiere revisión administrativa antes de publicar. Geocodificación Census Bureau: Non_Exact; dirección normalizada: 1520 N RAILROAD AVE, PFLUGERVILLE, TX, 78660."
"First United Methodist Church - Paula's Food Pantry and Clothes Closet","Despensa de alimentos","Food pantry","Ofrece alimentos o comestibles para personas y familias.","Provides food or groceries for individuals and families.","Ofrece alimentos o comestibles para personas y familias.","Provides access to food. Contact the organization directly to confirm availability, requirements, and additional support.","first-united-methodist-church-paula-s-food-pantry-and-clothes-closet-travis","comida","","despensa|alimentos","food|pantry","","in_person|phone","unknown","","","","","Confirme el horario, la disponibilidad y los requisitos antes de acudir.","Confirm hours, availability, and requirements before visiting.","martes: 10am-12pm","Tuesday: 10am-12pm","","","Condado de Travis","Travis County","512-251-2575","","","","","500 Pecan St. East, Pflugerville","","","","","Travis","","","https://www.centraltexasfoodbank.org/find-food-now","","","","Piloto de Bluebonnet Project HOPE. Registro preparado a partir de “Food Pantries by County.xlsx”; requiere revisión administrativa antes de publicar."
"Travis Co. Jonestown Community Center","Despensa de alimentos","Food pantry","Ofrece alimentos o comestibles para personas y familias.","Provides food or groceries for individuals and families.","Ofrece alimentos o comestibles para personas y familias.","Provides access to food. Contact the organization directly to confirm availability, requirements, and additional support.","travis-co-jonestown-community-center-travis","comida","","despensa|alimentos","food|pantry","","in_person","unknown","","","","","Confirme el horario, la disponibilidad y los requisitos antes de acudir.","Confirm hours, availability, and requirements before visiting.","segundo viernes: 9am-11am","2nd Friday: 9am-11am","","","Condado de Travis","Travis County","","","","","","18649 FM 1631 Jonestown, TX 78645","","","TX","78645","Travis","","","https://www.centraltexasfoodbank.org/find-food-now","","","","Piloto de Bluebonnet Project HOPE. Registro preparado a partir de “Food Pantries by County.xlsx”; requiere revisión administrativa antes de publicar."
"UT School of Nursing: Social Resource Center","Despensa de alimentos","Food pantry","Ofrece alimentos o comestibles para personas y familias.","Provides food or groceries for individuals and families.","Ofrece alimentos o comestibles para personas y familias.","Provides access to food. Contact the organization directly to confirm availability, requirements, and additional support.","ut-school-of-nursing-social-resource-center-travis","comida","","despensa|alimentos","food|pantry","","in_person|phone","unknown","","","","","Confirme el horario, la disponibilidad y los requisitos antes de acudir.","Confirm hours, availability, and requirements before visiting.","lunes: 9am-12pm
martes: 9:30am-3pm
miércoles: CERRADO
jueves: 9:30am-3pm
viernes: 9:30am-3pm
sábado y domingo: CERRADO
Cerrado todos los días de 12pm-1pm","Monday: 9am-12pm
Tuesday: 9:30am-3pm
Wednesday: CLOSED
Thursday: 9:30am-3pm
Friday: 9:30am-3pm
Saturday and Sunday: CLOSED
closed daily from 12pm-1pm","","","Condado de Travis","Travis County","512-386-3309","","","","","5301 Ross Rd. Bldg. J Del Valle, TX 78617","","","TX","78617","Travis","30.178219272974","-97.61519984697","https://www.centraltexasfoodbank.org/find-food-now","","","","Piloto de Bluebonnet Project HOPE. Registro preparado a partir de “Food Pantries by County.xlsx”; requiere revisión administrativa antes de publicar. Geocodificación Census Bureau: Non_Exact; dirección normalizada: 5301 ROSS RD, DEL VALLE, TX, 78617."
"The Charlie Center (located in Mosaic Church)","Despensa de alimentos","Food pantry","Ayuda con tarjetas del Seguro Social y beneficios como SSI, SSDI, sobrevivientes o Medicare. Ofrece alimentos o comestibles para personas y familias.","Helps with Social Security cards and benefits such as SSI, SSDI, survivor benefits, or Medicare. Provides food or groceries for individuals and families.","Ayuda con tarjetas del Seguro Social y beneficios como SSI, SSDI, sobrevivientes o Medicare. Ofrece alimentos o comestibles para personas y familias.","Breakfast provided, to go snack bags, assistance with navigation services: MAP healthcare insurance, Integral Care enrollment, ID, social security card, birth certificate support *first come, first serve basis","the-charlie-center-located-in-mosaic-church-travis","recursos-financieros","comida","beneficios|seguro|social|despensa|alimentos","social|security|benefits|food|pantry","","in_person|phone","unknown","","","Identificación; Tarjeta del Seguro Social","Identification; Social Security card","Confirme el horario, la disponibilidad y los requisitos antes de acudir.","Confirm hours, availability, and requirements before visiting.","martes, miércoles jueves 10am-1pm","Tuesdays, Wednesdays Thursdays 10am-1pm","","","Condado de Travis","Travis County","512-922-8954","","","","","12675 Research Blvd. Austin, TX 78759","","","TX","78759","Travis","30.432085635017","-97.764249616862","https://www.centraltexasfoodbank.org/find-food-now","","","2026-07-01","Piloto de Bluebonnet Project HOPE. Registro preparado a partir de “Food Pantries by County.xlsx”; requiere revisión administrativa antes de publicar. Geocodificación Census Bureau: Non_Exact; dirección normalizada: 12675 RESEARCH BLVD, AUSTIN, TX, 78759."
"Austin Baptist Chapel - Angel House Soup Kitchen","Despensa de alimentos","Food pantry","Ofrece alimentos o comestibles para personas y familias.","Provides food or groceries for individuals and families.","Ofrece alimentos o comestibles para personas y familias.","one breakfast and one lunch meal per day/ Shower facilities available from 9:30am-10am Clothing donations (mens) first come, firste serve, based on availability","austin-baptist-chapel-angel-house-soup-kitchen-travis","comida","","despensa|alimentos","food|pantry","","in_person","unknown","","","","","Confirme el horario, la disponibilidad y los requisitos antes de acudir.","Confirm hours, availability, and requirements before visiting.","Abierto todos los días:
Desayuno 9:30am-10am
Almuerzo 11am-12:30pm
CERRADO Día de Acción de Gracias y Navidad","Open daily:
Breakfast 9:30am-10am
Lunch 11am-12:30pm
Closed Thanksgiving and Christmas","","","Condado de Travis","Travis County","","","","","","908 East Cesar Chavez St. Austin, TX 78702","","","TX","78702","Travis","30.260916608742","-97.735384901884","https://www.centraltexasfoodbank.org/find-food-now","","","","Piloto de Bluebonnet Project HOPE. Registro preparado a partir de “Food Pantries by County.xlsx”; requiere revisión administrativa antes de publicar. Geocodificación Census Bureau: Non_Exact; dirección normalizada: 908 E CESAR CHAVEZ ST, AUSTIN, TX, 78702."
"Feed the Need - Stony Point","Despensa de alimentos","Food pantry","Ofrece alimentos o comestibles para personas y familias.","Provides food or groceries for individuals and families.","Ofrece alimentos o comestibles para personas y familias.","Provides access to food. Contact the organization directly to confirm availability, requirements, and additional support.","feed-the-need-stony-point-travis","comida","","despensa|alimentos","food|pantry","","in_person|phone","unknown","","","","","Confirme el horario, la disponibilidad y los requisitos antes de acudir.","Confirm hours, availability, and requirements before visiting.","lunes: 5:30pm-6:30pm","Mondays: 5:30pm-6:30pm","","","Condado de Travis","Travis County","888-511-7173","","","","","121 Stony Creek Dr. Del Valle, TX 78617","","","TX","78617","Travis","30.134287724483","-97.568023887033","https://www.centraltexasfoodbank.org/find-food-now","","","","Piloto de Bluebonnet Project HOPE. Registro preparado a partir de “Food Pantries by County.xlsx”; requiere revisión administrativa antes de publicar. Geocodificación Census Bureau: Non_Exact; dirección normalizada: 121 STONY CREEK DR, DEL VALLE, TX, 78617."
"Bastrop Emergency Food Pantry and Support Center Inc.","Despensa de alimentos","Food pantry","Ofrece alimentos o comestibles para personas y familias.","Provides food or groceries for individuals and families.","Ofrece alimentos o comestibles para personas y familias.","If you are experiencing an emergent food need, call and they may be able to help on non-food distribution days.","bastrop-emergency-food-pantry-and-support-center-inc-bastrop","comida","","despensa|alimentos","food|pantry","","in_person|phone","unknown","","","","","Llame al programa para confirmar elegibilidad, disponibilidad y próximos pasos.","Call the program to confirm eligibility, availability, and next steps.","lunes, miércoles, y viernes 8am-11:30am
y
1pm-3:30pm","Monday, Wednesday, and Friday 8am-11:30am
AND
1pm-3:30pm","","","Condado de Bastrop","Bastrop County","512-303-0033","","","","https://bastropfoodpantry.org/programs/food-assistance/","806 Fayette St. Bastrop, TX 78602","","","TX","78602","Bastrop","","","https://bastropfoodpantry.org/programs/food-assistance/","","","2026-09-02","Piloto de Bluebonnet Project HOPE. Fuente oficial consultada el 2026-09-02. Existencia o ubicación cotejada el 2026-09-02 con el directorio oficial Find Food Now del Central Texas Food Bank; revise horarios directamente antes de publicar."
"Primera Baptist Church Food Pantry","Despensa de alimentos","Food pantry","Ofrece alimentos o comestibles para personas y familias.","Provides food or groceries for individuals and families.","Ofrece alimentos o comestibles para personas y familias.","Food pantry and clothing closet for area residents","primera-baptist-church-food-pantry-bastrop","comida","","despensa|alimentos","food|pantry","","in_person|phone","unknown","","","","","Confirme el horario, la disponibilidad y los requisitos antes de acudir.","Confirm hours, availability, and requirements before visiting.","Primer y tercer sábado de cada mes: 7am-10am","1st and 3rd Saturday of every month: 7am-10am","","","Condado de Bastrop","Bastrop County","512-718-7807","","","","https://www.facebook.com/primerabastrop/","306 Paul Bell St. Bastrop, TX 78602","","","TX","78602","Bastrop","30.103180459117","-97.317429229407","https://www.facebook.com/primerabastrop/","","","","Piloto de Bluebonnet Project HOPE. Registro preparado a partir de “Food Pantries by County.xlsx”; requiere revisión administrativa antes de publicar. Geocodificación Census Bureau: Non_Exact; dirección normalizada: 306 PAUL C BELL ST, BASTROP, TX, 78602."
"Community Cupboard (Elgin)","Despensa de alimentos","Food pantry","Ofrece alimentos o comestibles para personas y familias.","Provides food or groceries for individuals and families.","Ofrece alimentos o comestibles para personas y familias.","Provides access to food. Contact the organization directly to confirm availability, requirements, and additional support.","community-cupboard-elgin-bastrop","comida","","despensa|alimentos","food|pantry","","in_person|phone","unknown","","","","","Confirme el horario, la disponibilidad y los requisitos antes de acudir.","Confirm hours, availability, and requirements before visiting.","martes: 9:30am-12pm","Tuesday: 9:30am-12pm","","","Condado de Bastrop","Bastrop County","512-285-4552","","","","","115 Depot St. Elgin, TX 78621","","","TX","78621","Bastrop","30.347466492539","-97.370545730289","https://www.centraltexasfoodbank.org/find-food-now","","","","Piloto de Bluebonnet Project HOPE. Registro preparado a partir de “Food Pantries by County.xlsx”; requiere revisión administrativa antes de publicar. Geocodificación Census Bureau: Non_Exact; dirección normalizada: 115 DEPOT ST, ELGIN, TX, 78621."
"Smithville Food Pantry","Despensa de alimentos","Food pantry","Ofrece alimentos o comestibles para personas y familias.","Provides food or groceries for individuals and families.","Ofrece alimentos o comestibles para personas y familias.","Provides access to food. Contact the organization directly to confirm availability, requirements, and additional support.","smithville-food-pantry-bastrop","comida","","despensa|alimentos","food|pantry","","in_person|phone","unknown","","","","","Confirme el horario, la disponibilidad y los requisitos antes de acudir.","Confirm hours, availability, and requirements before visiting.","miércoles: 9am-11:30am","Wednesdays: 9am-11:30am","","","Condado de Bastrop","Bastrop County","512-461-1691","","","","https://smithvillefoodpantry.org/","301 Lee St. Smithville, TX 78957","","","TX","78957","Bastrop","30.00421724728","-97.162544416886","https://smithvillefoodpantry.org/","","","2026-09-02","Piloto de Bluebonnet Project HOPE. Fuente oficial consultada el 2026-09-02. Existencia o ubicación cotejada el 2026-09-02 con el directorio oficial Find Food Now del Central Texas Food Bank; revise horarios directamente antes de publicar. Geocodificación Census Bureau: Non_Exact; dirección normalizada: 301 LEE ST, SMITHVILLE, TX, 78957."
"Smithville Food Pantry","Despensa de alimentos","Food pantry","Ofrece alimentos o comestibles para personas y familias.","Provides food or groceries for individuals and families.","Ofrece alimentos o comestibles para personas y familias.","Provides access to food. Contact the organization directly to confirm availability, requirements, and additional support.","smithville-food-pantry-bastrop-2","comida","","despensa|alimentos","food|pantry","","in_person|phone","unknown","","","","","Confirme el horario, la disponibilidad y los requisitos antes de acudir.","Confirm hours, availability, and requirements before visiting.","miércoles: 9am-12pm","Wednesday: 9am-12pm","","","Condado de Bastrop","Bastrop County","512-237-5197","","","","https://smithvillefoodpantry.org/","107 SW 2nd Ave. Smithville, TX 78957","","","TX","78957","Bastrop","","","https://smithvillefoodpantry.org/","","","2026-09-02","Piloto de Bluebonnet Project HOPE. Fuente oficial consultada el 2026-09-02. Existencia o ubicación cotejada el 2026-09-02 con el directorio oficial Find Food Now del Central Texas Food Bank; revise horarios directamente antes de publicar."
"Ridgeway Baptist Church","Despensa de alimentos","Food pantry","Ofrece alimentos o comestibles para personas y familias.","Provides food or groceries for individuals and families.","Ofrece alimentos o comestibles para personas y familias.","Provides access to food. Contact the organization directly to confirm availability, requirements, and additional support.","ridgeway-baptist-church-bastrop","comida","","despensa|alimentos","food|pantry","","in_person|phone","unknown","","","","","Confirme el horario, la disponibilidad y los requisitos antes de acudir.","Confirm hours, availability, and requirements before visiting.","Primer miércoles de cada mes:
9am-10am","Every first Wednesday of the month:
9am-10am","","","Condado de Bastrop","Bastrop County","512-253-6412","","","","","159 Ridgeway Cemetray Rd. Paige, TX 78659","","","TX","78659","Bastrop","","","https://www.centraltexasfoodbank.org/find-food-now","","","2026-09-02","Piloto de Bluebonnet Project HOPE. Fuente oficial consultada el 2026-09-02. Existencia o ubicación cotejada el 2026-09-02 con el directorio oficial Find Food Now del Central Texas Food Bank; revise horarios directamente antes de publicar."
"Rosanky Baptist Church Food Pantry","Despensa de alimentos","Food pantry","Ofrece alimentos o comestibles para personas y familias.","Provides food or groceries for individuals and families.","Ofrece alimentos o comestibles para personas y familias.","Provides access to food. Contact the organization directly to confirm availability, requirements, and additional support.","rosanky-baptist-church-food-pantry-rosanky","comida","","despensa|alimentos","food|pantry","","in_person|phone","unknown","","","","","Confirme el horario, la disponibilidad y los requisitos antes de acudir.","Confirm hours, availability, and requirements before visiting.","segundo y cuarto sábado del mes:
9am-11am","2nd and 4th Saturday of the month:
9am-11am","","","Condado de Bastrop","Bastrop County","830-839-4002","","","","","2160 FM 535, Rosanky, TX 78953","","Rosanky","TX","78953","Bastrop","29.930006902639","-97.301823521829","https://www.centraltexasfoodbank.org/find-food-now","","","2026-09-02","Piloto de Bluebonnet Project HOPE. Fuente oficial consultada el 2026-09-02. Existencia o ubicación cotejada el 2026-09-02 con el directorio oficial Find Food Now del Central Texas Food Bank; revise horarios directamente antes de publicar. Geocodificación Census Bureau: Non_Exact; dirección normalizada: 2160 FM 535, ROSANKY, TX, 78953."
"First Baptist Church of Elgin","Despensa de alimentos","Food pantry","Ofrece alimentos o comestibles para personas y familias.","Provides food or groceries for individuals and families.","Ofrece alimentos o comestibles para personas y familias.","Provides access to food. Contact the organization directly to confirm availability, requirements, and additional support.","first-baptist-church-of-elgin-bastrop","comida","","despensa|alimentos","food|pantry","","in_person|phone","unknown","","","","","Confirme el horario, la disponibilidad y los requisitos antes de acudir.","Confirm hours, availability, and requirements before visiting.","Martes y jueves: 5pm-6:30pm
Cerrado la quinta semana del mes","Tuesdays and Thursdays: 5pm-6:30pm
closed on the fifth week of the month","","","Condado de Bastrop","Bastrop County","512-285-4161","","","","","205 W 2nd St. Elgin, TX 78621","","","TX","78621","Bastrop","30.349053023549","-97.372228722835","https://www.centraltexasfoodbank.org/find-food-now","","","","Piloto de Bluebonnet Project HOPE. Registro preparado a partir de “Food Pantries by County.xlsx”; requiere revisión administrativa antes de publicar. Geocodificación Census Bureau: Non_Exact; dirección normalizada: 205 W 2ND ST, ELGIN, TX, 78621."
"First Baptist Church of Bastrop","Despensa de alimentos","Food pantry","Ofrece alimentos o comestibles para personas y familias.","Provides food or groceries for individuals and families.","Ofrece alimentos o comestibles para personas y familias.","Provides access to food. Contact the organization directly to confirm availability, requirements, and additional support.","first-baptist-church-of-bastrop-bastrop","comida","","despensa|alimentos","food|pantry","","in_person","unknown","","","","","Confirme el horario, la disponibilidad y los requisitos antes de acudir.","Confirm hours, availability, and requirements before visiting.","Martes: 2pm-4pm","Tuesdays: 2pm-4pm","","","Condado de Bastrop","Bastrop County","","","","","","1202 Water St. Bastrop, TX 78602","","","TX","78602","Bastrop","30.112783202352","-97.31885102927","https://www.centraltexasfoodbank.org/find-food-now","","","","Piloto de Bluebonnet Project HOPE. Registro preparado a partir de “Food Pantries by County.xlsx”; requiere revisión administrativa antes de publicar. Geocodificación Census Bureau: Non_Exact; dirección normalizada: 1202 WATER ST, BASTROP, TX, 78602."
"Grace Baptist Church of Red Rock","Despensa de alimentos","Food pantry","Ofrece alimentos o comestibles para personas y familias.","Provides food or groceries for individuals and families.","Ofrece alimentos o comestibles para personas y familias.","Provides access to food. Contact the organization directly to confirm availability, requirements, and additional support.","grace-baptist-church-of-red-rock-red-rock","comida","","despensa|alimentos","food|pantry","","in_person|phone","unknown","","","","","Confirme el horario, la disponibilidad y los requisitos antes de acudir.","Confirm hours, availability, and requirements before visiting.","viernes: 8am-10am","Fridays: 8am-10am","","","Condado de Bastrop","Bastrop County","512-303-3891","","","","","115 Sorrell, Red Rock, TX 78662","","Red Rock","TX","78662","Bastrop","","","https://www.centraltexasfoodbank.org/find-food-now","","","","Piloto de Bluebonnet Project HOPE. Registro preparado a partir de “Food Pantries by County.xlsx”; requiere revisión administrativa antes de publicar."
"Seventh Day Adventist Food Pantry","Despensa de alimentos","Food pantry","Ofrece alimentos o comestibles para personas y familias.","Provides food or groceries for individuals and families.","Ofrece alimentos o comestibles para personas y familias.","Provides access to food. Contact the organization directly to confirm availability, requirements, and additional support.","seventh-day-adventist-food-pantry-bastrop","comida","","despensa|alimentos","food|pantry","","in_person|phone","unknown","","","","","Confirme el horario, la disponibilidad y los requisitos antes de acudir.","Confirm hours, availability, and requirements before visiting.","Segundo y último viernes: 1pm-5pm","Second and last Fridays: 1pm-5pm","","","Condado de Bastrop","Bastrop County","512-285-2505","","","","","225 Lexington Rd. Elgin, TX 78621","","","TX","78621","Bastrop","30.352576514168","-97.371287664262","https://www.centraltexasfoodbank.org/find-food-now","","","","Piloto de Bluebonnet Project HOPE. Registro preparado a partir de “Food Pantries by County.xlsx”; requiere revisión administrativa antes de publicar. Geocodificación Census Bureau: Non_Exact; dirección normalizada: 225 LEXINGTON RD, ELGIN, TX, 78621."
"McDade Food Pantry","Despensa de alimentos","Food pantry","Ofrece alimentos o comestibles para personas y familias.","Provides food or groceries for individuals and families.","Ofrece alimentos o comestibles para personas y familias.","Provides access to food. Contact the organization directly to confirm availability, requirements, and additional support.","mcdade-food-pantry-bastrop","comida","","despensa|alimentos","food|pantry","","phone","unknown","","","","","Comuníquese directamente con la organización para confirmar el proceso de acceso.","Contact the organization directly to confirm how to access the service.","Martes: 10am–12:00 p.m.","Tuesdays: 10am-noon","","","Condado de Bastrop","Bastrop County","512-273-2016","","","","","","","","","","Bastrop","","","https://www.centraltexasfoodbank.org/find-food-now","","","","Piloto de Bluebonnet Project HOPE. Registro preparado a partir de “Food Pantries by County.xlsx”; requiere revisión administrativa antes de publicar."
"Apostolic Christian Church of Bastrop","Despensa de alimentos","Food pantry","Ofrece alimentos o comestibles para personas y familias.","Provides food or groceries for individuals and families.","Ofrece alimentos o comestibles para personas y familias.","Provides access to food. Contact the organization directly to confirm availability, requirements, and additional support.","apostolic-christian-church-of-bastrop-bastrop","comida","","despensa|alimentos","food|pantry","","in_person|phone","unknown","","","","","Confirme el horario, la disponibilidad y los requisitos antes de acudir.","Confirm hours, availability, and requirements before visiting.","Third sábados: 10:30am-11:30am","Third Saturdays: 10:30am-11:30am","","","Condado de Bastrop","Bastrop County","512-321-2345","","","","","1033 Hwy 71 W, Bastrop, TX 78602","","Bastrop","TX","78602","Bastrop","","","https://www.centraltexasfoodbank.org/find-food-now","","","","Piloto de Bluebonnet Project HOPE. Registro preparado a partir de “Food Pantries by County.xlsx”; requiere revisión administrativa antes de publicar."
"Cedar Creek United Methodist Church","Despensa de alimentos","Food pantry","Ofrece alimentos o comestibles para personas y familias.","Provides food or groceries for individuals and families.","Ofrece alimentos o comestibles para personas y familias.","Provides access to food. Contact the organization directly to confirm availability, requirements, and additional support.","cedar-creek-united-methodist-church-bastrop","comida","","despensa|alimentos","food|pantry","","in_person","unknown","","","","","Confirme el horario, la disponibilidad y los requisitos antes de acudir.","Confirm hours, availability, and requirements before visiting.","miércoles: 9am-11am","Wednesday: 9am-11am","","","Condado de Bastrop","Bastrop County","","","","","","5630 Farm to Market Rd. 535 Cedar Creek, TX 78612","","","TX","78612","Bastrop","30.083886904657","-97.500852071141","https://www.centraltexasfoodbank.org/find-food-now","","","","Piloto de Bluebonnet Project HOPE. Registro preparado a partir de “Food Pantries by County.xlsx”; requiere revisión administrativa antes de publicar. Geocodificación Census Bureau: Non_Exact; dirección normalizada: 5630 FM 535, CEDAR CREEK, TX, 78612."
"Sacred Heart Catholic Church (Elgin)- Society of St. Vincent De Paul","Despensa de alimentos","Food pantry","Ofrece alimentos o comestibles para personas y familias.","Provides food or groceries for individuals and families.","Ofrece alimentos o comestibles para personas y familias.","Provides access to food. Contact the organization directly to confirm availability, requirements, and additional support.","sacred-heart-catholic-church-elgin-society-of-st-vincent-de-paul-bastrop","comida","","despensa|alimentos","food|pantry","","in_person","unknown","","","","","Confirme el horario, la disponibilidad y los requisitos antes de acudir.","Confirm hours, availability, and requirements before visiting.","Confirme el horario con la organización","Hours: INQUIRE ABOUT HOURS","","","Condado de Bastrop","Bastrop County","","","","","","302 W. 11th St. Elgin, TX 78621","","","TX","78621","Bastrop","30.352158038491","-97.379364625869","https://www.centraltexasfoodbank.org/find-food-now","","","","Piloto de Bluebonnet Project HOPE. Registro preparado a partir de “Food Pantries by County.xlsx”; requiere revisión administrativa antes de publicar. Geocodificación Census Bureau: Non_Exact; dirección normalizada: 302 W 11TH ST, ELGIN, TX, 78621."
"Friendship Bible Baptist Church - Community of Hope Food Pantry","Despensa de alimentos","Food pantry","Ofrece alimentos o comestibles para personas y familias.","Provides food or groceries for individuals and families.","Ofrece alimentos o comestibles para personas y familias.","Provides access to food. Contact the organization directly to confirm availability, requirements, and additional support.","friendship-bible-baptist-church-community-of-hope-food-pantry-bastrop","comida","","despensa|alimentos","food|pantry","","in_person|phone","unknown","","","","","Confirme el horario, la disponibilidad y los requisitos antes de acudir.","Confirm hours, availability, and requirements before visiting.","lunes, martes, miércoles: 9am-11am
tercer miércoles de cada mes exclusivamente para la distribución HOPE para adultos mayores: 9am-11am","Mondays, Tuesdays, Wednesdays: 9am-11am
3rd Wednesday of each month exclusively for the HOPE Distribution for Seniors: 9am-11am","","","Condado de Bastrop","Bastrop County","512-321-9040","","","","","111 Pearce Lane Cedar Creek, TX 78612","","","TX","78612","Bastrop","30.086444422563","-97.49997933017","https://www.centraltexasfoodbank.org/find-food-now","","","2026-09-02","Piloto de Bluebonnet Project HOPE. Fuente oficial consultada el 2026-09-02. Existencia o ubicación cotejada el 2026-09-02 con el directorio oficial Find Food Now del Central Texas Food Bank; revise horarios directamente antes de publicar. Geocodificación Census Bureau: Non_Exact; dirección normalizada: 111 PEARCE LN, CEDAR CREEK, TX, 78612."
"Open Door Soup Kitchen: In The Streets - Hands Up High (ITS HUH)","Despensa de alimentos","Food pantry","Ofrece alimentos o comestibles para personas y familias.","Provides food or groceries for individuals and families.","Ofrece alimentos o comestibles para personas y familias.","Provides temporary shelter for families (parent(s) with children) and veterans visit website for shelter application","open-door-soup-kitchen-in-the-streets-hands-up-high-its-huh-bastrop","comida","","despensa|alimentos","food|pantry","","in_person|phone|online","unknown","Dirigido a veteranos, cuidadores o familias militares según el programa.","For Veterans, caregivers, or military families as defined by the program.","","","Consulte el sitio oficial y siga el proceso de solicitud indicado.","Visit the official website and follow its application process.","lunes-viernes: 8:30am-3pm
Desayuno: 9am-10:30am
Almuerzo: 12pm-2pm
Cena: 6pm-7:30pm; segundo y tercer viernes

Despensa de alimentos: jueves solamente: 10:30am-11:30am","Monday-Friday: 8:30am-3pm
Breakfast: 9am-10:30am
Lunch: 12pm-2pm
Dinner: 6pm-7:30pm; 2nd and 3rd Friday

Pantry foods: Thursdays ONLY: 10:30am-11:30am","","","Condado de Bastrop","Bastrop County","888-487-4846","","","smile@itshuh.org","https://www.itshuh.org/soup-kitchen.html","987 N SH 95 Bastrop, TX 78602","","","TX","78602","Bastrop","","","https://www.itshuh.org/soup-kitchen.html","","","","Piloto de Bluebonnet Project HOPE. Registro preparado a partir de “Food Pantries by County.xlsx”; requiere revisión administrativa antes de publicar."
"Feed the Need - Bastrop North","Despensa de alimentos","Food pantry","Ofrece alimentos o comestibles para personas y familias.","Provides food or groceries for individuals and families.","Ofrece alimentos o comestibles para personas y familias.","Provides access to food. Contact the organization directly to confirm availability, requirements, and additional support.","feed-the-need-bastrop-north-bastrop","comida","","despensa|alimentos","food|pantry","","in_person|phone","unknown","","","","","Confirme el horario, la disponibilidad y los requisitos antes de acudir.","Confirm hours, availability, and requirements before visiting.","domingos: 5pm-6pm","Sundays: 5pm-6pm","","","Condado de Bastrop","Bastrop County","888-511-7173","","","","","603 Linden St. Bastrop, TX 78602","","","TX","78602","Bastrop","30.125072951086","-97.321342104302","https://www.centraltexasfoodbank.org/find-food-now","","","","Piloto de Bluebonnet Project HOPE. Registro preparado a partir de “Food Pantries by County.xlsx”; requiere revisión administrativa antes de publicar. Geocodificación Census Bureau: Non_Exact; dirección normalizada: 603 LINDEN ST, BASTROP, TX, 78602."
"Feed the Need - Bastrop South","Despensa de alimentos","Food pantry","Ofrece alimentos o comestibles para personas y familias.","Provides food or groceries for individuals and families.","Ofrece alimentos o comestibles para personas y familias.","Provides access to food. Contact the organization directly to confirm availability, requirements, and additional support.","feed-the-need-bastrop-south-bastrop","comida","","despensa|alimentos","food|pantry","","in_person|phone","unknown","","","","","Confirme el horario, la disponibilidad y los requisitos antes de acudir.","Confirm hours, availability, and requirements before visiting.","lunes: 5pm-6pm","Mondays: 5pm-6pm","","","Condado de Bastrop","Bastrop County","888-511-7173","","","","","301 Paul C. Bell St. Bastrop, TX 78602","","","TX","78602","Bastrop","30.103115746287","-97.31730674219","https://www.centraltexasfoodbank.org/find-food-now","","","","Piloto de Bluebonnet Project HOPE. Registro preparado a partir de “Food Pantries by County.xlsx”; requiere revisión administrativa antes de publicar. Geocodificación Census Bureau: Non_Exact; dirección normalizada: 301 PAUL C BELL ST, BASTROP, TX, 78602."
"Feed the Need - Smithville","Despensa de alimentos","Food pantry","Ofrece alimentos o comestibles para personas y familias.","Provides food or groceries for individuals and families.","Ofrece alimentos o comestibles para personas y familias.","Provides access to food. Contact the organization directly to confirm availability, requirements, and additional support.","feed-the-need-smithville-bastrop","comida","","despensa|alimentos","food|pantry","","in_person|phone","unknown","","","","","Confirme el horario, la disponibilidad y los requisitos antes de acudir.","Confirm hours, availability, and requirements before visiting.","domingos: 5pm-6pm","Sundays: 5pm-6pm","","","Condado de Bastrop","Bastrop County","888-511-7173","","","","","206 Prima St. Smithville, TX 78957","","","TX","78957","Bastrop","30.006277417248","-97.165098026466","https://www.centraltexasfoodbank.org/find-food-now","","","","Piloto de Bluebonnet Project HOPE. Registro preparado a partir de “Food Pantries by County.xlsx”; requiere revisión administrativa antes de publicar. Geocodificación Census Bureau: Non_Exact; dirección normalizada: 206 PRIMA ST, SMITHVILLE, TX, 78957."
"Caldwell County Chrstian Ministries Food Pantry","Despensa de alimentos","Food pantry","Ofrece alimentos o comestibles para personas y familias.","Provides food or groceries for individuals and families.","Ofrece alimentos o comestibles para personas y familias.","Provides access to food. Contact the organization directly to confirm availability, requirements, and additional support.","caldwell-county-chrstian-ministries-food-pantry-caldwell","comida","","despensa|alimentos","food|pantry","","in_person|phone","unknown","","","","","Confirme el horario, la disponibilidad y los requisitos antes de acudir.","Confirm hours, availability, and requirements before visiting.","lunes, miércoles, jueves:
10am-2pm
Martes: 12pm-6pm
CERRADO viernes y domingos","Mondays, Wednesdays, Thursdays:
10am-2pm
Tuesdays: 12pm-6pm
CLOSED FIRDAYS AND SUNDAYS","","","Condado de Caldwell","Caldwell County","512-376-6661","","","intake@caldwellfoodpantry.com","","901 Bois D'Arc St. Lockhart, TX 78644","","","TX","78644","Caldwell","29.885270323548","-97.684756594655","https://www.centraltexasfoodbank.org/find-food-now","","","2026-07-08","Piloto de Bluebonnet Project HOPE. Registro preparado a partir de “Food Pantries by County.xlsx”; requiere revisión administrativa antes de publicar. Geocodificación Census Bureau: Non_Exact; dirección normalizada: 901 BOIS DARC ST, LOCKHART, TX, 78644."
"Dale Mobile Pantry","Despensa de alimentos","Food pantry","Ofrece alimentos o comestibles para personas y familias.","Provides food or groceries for individuals and families.","Ofrece alimentos o comestibles para personas y familias.","Provides access to food. Contact the organization directly to confirm availability, requirements, and additional support.","dale-mobile-pantry-caldwell","comida","","despensa|alimentos","food|pantry","","","unknown","","","","","Comuníquese directamente con la organización para confirmar el proceso de acceso.","Contact the organization directly to confirm how to access the service.","tercer miércoles del mes: 8am-9am","3rd Wednesday of the month: 8am-9am","","","Condado de Caldwell","Caldwell County","","","","","","","","","","","Caldwell","","","https://www.centraltexasfoodbank.org/find-food-now","","","2026-09-02","Piloto de Bluebonnet Project HOPE. Fuente oficial consultada el 2026-09-02. Existencia o ubicación cotejada el 2026-09-02 con el directorio oficial Find Food Now del Central Texas Food Bank; revise horarios directamente antes de publicar."
"Joe Roland Community Center","Despensa de alimentos","Food pantry","Ofrece alimentos o comestibles para personas y familias.","Provides food or groceries for individuals and families.","Ofrece alimentos o comestibles para personas y familias.","After school tutoring and homework help. Mentorship programs connecting youth with community leaders. Recreational activities and sports. Life skills and workforce readiness training.","joe-roland-community-center-caldwell","comida","","despensa|alimentos","food|pantry","","in_person|phone","unknown","","","","","Confirme el horario, la disponibilidad y los requisitos antes de acudir.","Confirm hours, availability, and requirements before visiting.","cuarto sábado de cada mes: 10am-12pm","4th Saturday of each month: 10am-12pm","","","Condado de Caldwell","Caldwell County","512-718-6194","","","pantry@jrcommunitycenter.com","https://jrcommunitycenter.com/","112 St. John Rd. Dale, TX 78616","","","TX","78616","Caldwell","29.975212790102","-97.565828915639","https://jrcommunitycenter.com/","","","2026-09-02","Piloto de Bluebonnet Project HOPE. Fuente oficial consultada el 2026-09-02. Existencia o ubicación cotejada el 2026-09-02 con el directorio oficial Find Food Now del Central Texas Food Bank; revise horarios directamente antes de publicar. Geocodificación Census Bureau: Non_Exact; dirección normalizada: 112 SAINT JOHNS RD, DALE, TX, 78616."
"Luling Mobile Food Pantry","Despensa de alimentos","Food pantry","Ofrece alimentos o comestibles para personas y familias.","Provides food or groceries for individuals and families.","Ofrece alimentos o comestibles para personas y familias.","Provides access to food. Contact the organization directly to confirm availability, requirements, and additional support.","luling-mobile-food-pantry-caldwell","comida","","despensa|alimentos","food|pantry","","","unknown","","","","","Comuníquese directamente con la organización para confirmar el proceso de acceso.","Contact the organization directly to confirm how to access the service.","First miércoles: 9am-10am","First Wednesday: 9am-10am","","","Condado de Caldwell","Caldwell County","","","","","","","","","","","Caldwell","","","https://www.centraltexasfoodbank.org/find-food-now","","","","Piloto de Bluebonnet Project HOPE. Registro preparado a partir de “Food Pantries by County.xlsx”; requiere revisión administrativa antes de publicar."
"Delivering Hope Resource Center","Despensa de alimentos","Food pantry","Ofrece alimentos o comestibles para personas y familias.","Provides food or groceries for individuals and families.","Ofrece alimentos o comestibles para personas y familias.","Delivering Hope Thrift Store proceeds go toward emergency rental and utility assistance for local residents","delivering-hope-resource-center-caldwell","comida","","despensa|alimentos","food|pantry","","in_person|phone","unknown","","","","","Confirme el horario, la disponibilidad y los requisitos antes de acudir.","Confirm hours, availability, and requirements before visiting.","martes: 9:30am-10:30am","Tuesday: 9:30am-10:30am","","","Condado de Caldwell","Caldwell County","512-359-4848","","","deliveringhopecorp@gmail.com","","2000 W San Antonio St. Lockhart, TX 78644","","","TX","78644","Caldwell","29.882619413609","-97.703410917177","https://www.centraltexasfoodbank.org/find-food-now","","","","Piloto de Bluebonnet Project HOPE. Registro preparado a partir de “Food Pantries by County.xlsx”; requiere revisión administrativa antes de publicar. Geocodificación Census Bureau: Non_Exact; dirección normalizada: 2000 W SAN ANTONIO ST, LOCKHART, TX, 78644."
"The Bread Basket Ministry of First Baptist Church","Despensa de alimentos","Food pantry","Ofrece alimentos o comestibles para personas y familias.","Provides food or groceries for individuals and families.","Ofrece alimentos o comestibles para personas y familias.","Financial assistance based off donations from members","the-bread-basket-ministry-of-first-baptist-church-caldwell","comida","","despensa|alimentos","food|pantry","","in_person|phone","unknown","","","","","Confirme el horario, la disponibilidad y los requisitos antes de acudir.","Confirm hours, availability, and requirements before visiting.","martes y miércoles: 2pm-5pm","Tuesday and Wednesday: 2pm-5pm","","","Condado de Caldwell","Caldwell County","512-376-3137","","","thefirst@swbell.net","","514 Neches St. Lockhart, TX 78644","","","TX","78644","Caldwell","29.881681754934","-97.664999868413","https://www.centraltexasfoodbank.org/find-food-now","","","2026-07-08","Piloto de Bluebonnet Project HOPE. Registro preparado a partir de “Food Pantries by County.xlsx”; requiere revisión administrativa antes de publicar. Geocodificación Census Bureau: Non_Exact; dirección normalizada: 514 NECHES ST, LOCKHART, TX, 78644."
"Fayette County Community Action Food Pantry","Despensa de alimentos","Food pantry","Ofrece alimentos o comestibles para personas y familias.","Provides food or groceries for individuals and families.","Ofrece alimentos o comestibles para personas y familias.","Provides access to food. Contact the organization directly to confirm availability, requirements, and additional support.","fayette-county-community-action-food-pantry-fayette","comida","","despensa|alimentos","food|pantry","","","unknown","","","","","Comuníquese directamente con la organización para confirmar el proceso de acceso.","Contact the organization directly to confirm how to access the service.","","","","","Condado de Fayette","Fayette County","","","","","","","","","","","Fayette","","","https://www.centraltexasfoodbank.org/find-food-now","","","","Piloto de Bluebonnet Project HOPE. Registro preparado a partir de “Food Pantries by County.xlsx”; requiere revisión administrativa antes de publicar."
"Area Ministry for Emergency Needs (AMEN) Food Pantry","Despensa de alimentos","Food pantry","Ofrece alimentos o comestibles para personas y familias.","Provides food or groceries for individuals and families.","Ofrece alimentos o comestibles para personas y familias.","Provides access to food. Contact the organization directly to confirm availability, requirements, and additional support.","area-ministry-for-emergency-needs-amen-food-pantry-fayette","comida","","despensa|alimentos","food|pantry","","in_person|phone","unknown","","","","","Confirme el horario, la disponibilidad y los requisitos antes de acudir.","Confirm hours, availability, and requirements before visiting.","lunes: 9am-12pm","Mondays: 9am-12pm","","","Condado de Fayette","Fayette County","979-968-3943","","","","https://amenlagrange.org/","851 S Reynolds St. La Grange, TX 78945","","","TX","78945","Fayette","29.906791409265","-96.858775458568","https://amenlagrange.org/","","","","Piloto de Bluebonnet Project HOPE. Registro preparado a partir de “Food Pantries by County.xlsx”; requiere revisión administrativa antes de publicar. Geocodificación Census Bureau: Non_Exact; dirección normalizada: 851 S REYNOLDS ST, LA GRANGE, TX, 78945."
"Schulenberg Area Food Pantry","Despensa de alimentos","Food pantry","Ofrece alimentos o comestibles para personas y familias.","Provides food or groceries for individuals and families.","Ofrece alimentos o comestibles para personas y familias.","Provides access to food. Contact the organization directly to confirm availability, requirements, and additional support.","schulenberg-area-food-pantry-fayette","comida","","despensa|alimentos","food|pantry","","in_person|phone","unknown","","","","","Confirme el horario, la disponibilidad y los requisitos antes de acudir.","Confirm hours, availability, and requirements before visiting.","jueves: 9am-11am","Thursdays: 9am-11am","","","Condado de Fayette","Fayette County","979-743-5908","","","","","304 East Ave. Schulenberg, TX","","","TX","","Fayette","","","https://www.centraltexasfoodbank.org/find-food-now","","","","Piloto de Bluebonnet Project HOPE. Registro preparado a partir de “Food Pantries by County.xlsx”; requiere revisión administrativa antes de publicar."
"Gonzales Christian Assistance Ministry","Despensa de alimentos","Food pantry","Ofrece alimentos o comestibles para personas y familias.","Provides food or groceries for individuals and families.","Ofrece alimentos o comestibles para personas y familias.","Financial assistance for rent, utilities, medications. Gas assistance for doctor's appointments and food pickup, clothing donations and assistance with household items","gonzales-christian-assistance-ministry-gonzales","comida","","despensa|alimentos","food|pantry","","in_person|phone","unknown","","","","","Confirme el horario, la disponibilidad y los requisitos antes de acudir.","Confirm hours, availability, and requirements before visiting.","lunes-viernes: 8:30am-11:30am","Monday-Friday: 8:30am-11:30am","","","Condado de Gonzales","Gonzales County","830-672-5566","","","","","708 St. Louis St. Gonzales, TX 78629","","","TX","78629","Gonzales","","","https://safoodbank.org/help/","","","","Piloto de Bluebonnet Project HOPE. Registro preparado a partir de “Food Pantries by County.xlsx”; requiere revisión administrativa antes de publicar."
"San Antonio Food Bank Partner Network","Despensa de alimentos","Food pantry","Ofrece alimentos o comestibles para personas y familias.","Provides food or groceries for individuals and families.","Ofrece alimentos o comestibles para personas y familias.","Provides access to food. Contact the organization directly to confirm availability, requirements, and additional support.","san-antonio-food-bank-partner-network-gonzales","comida","","despensa|alimentos","food|pantry","","","unknown","","","","","Comuníquese directamente con la organización para confirmar el proceso de acceso.","Contact the organization directly to confirm how to access the service.","","","","","Condado de Gonzales","Gonzales County","","","","","","","","","","","Gonzales","","","https://safoodbank.org/help/","","","","Piloto de Bluebonnet Project HOPE. Registro preparado a partir de “Food Pantries by County.xlsx”; requiere revisión administrativa antes de publicar."
"Seguin Christian Cupboard","Despensa de alimentos","Food pantry","Ofrece alimentos o comestibles para personas y familias.","Provides food or groceries for individuals and families.","Ofrece alimentos o comestibles para personas y familias.","Provides access to food. Contact the organization directly to confirm availability, requirements, and additional support.","seguin-christian-cupboard-guadalupe","comida","","despensa|alimentos","food|pantry","","in_person|phone","unknown","","","","","Confirme el horario, la disponibilidad y los requisitos antes de acudir.","Confirm hours, availability, and requirements before visiting.","lunes-jueves: 9am-11:30am
primer y tercer sábado: 9am-11:30am","Monday-Thursday: 9am-11:30am
1st and 3rd Saturday: 9am-11:30am","","","Condado de Guadalupe","Guadalupe County","830-379-4857","","","","https://www.christiancupboardofseguin.org/","516 N Camp St. Seguin, TX 78155","","","TX","78155","Guadalupe","29.572687519974","-97.965954610215","https://www.christiancupboardofseguin.org/","","","2026-07-08","Piloto de Bluebonnet Project HOPE. Registro preparado a partir de “Food Pantries by County.xlsx”; requiere revisión administrativa antes de publicar. Geocodificación Census Bureau: Non_Exact; dirección normalizada: 516 N CAMP ST, SEGUIN, TX, 78155."
"New Braunfels Food Bank","Despensa de alimentos","Food pantry","Ofrece alimentos o comestibles para personas y familias.","Provides food or groceries for individuals and families.","Ofrece alimentos o comestibles para personas y familias.","Provides access to food. Contact the organization directly to confirm availability, requirements, and additional support.","new-braunfels-food-bank-guadalupe","comida","","despensa|alimentos","food|pantry","","in_person|phone","unknown","","","","","Confirme el horario, la disponibilidad y los requisitos antes de acudir.","Confirm hours, availability, and requirements before visiting.","Despensa con selección de alimentos:
lunes: 9am-11am y 1:30-3:30pm
martes: 9am-11am y 1:30-3:30pm
miércoles: 9am-11am y 1:30-3:30pm
jueves: 9am-11am
viernes: 9am-11am
sábado: 1:30pm-3:30pm

Distribución de alimentos desde el vehículo:
segundo y cuarto sábado del mes 9am-11am","Client-choice Pantry:
Monday: 9am-11am and 1:30-3:30pm
Tuesday: 9am-11am and 1:30-3:30pm
Wed: 9am-11am and 1:30-3:30pm
Thursday: 9am-11am
Friday: 9am-11am
Saturday: 1:30pm-3:30pm

Drive thru food distribution:
2nd and 4th Saturday of the month 9am-11am","","","Condado de Guadalupe","Guadalupe County","830-327-6000","","","schedule@nbfoodbank.org","https://nbfoodbank.org/our-programs/food-assistance/","1620 S. Seguin Ave. New Braunfels, TX 78130","","","TX","78130","Guadalupe","29.684161416716","-98.107564119179","https://nbfoodbank.org/our-programs/food-assistance/","","","2026-07-08","Piloto de Bluebonnet Project HOPE. Registro preparado a partir de “Food Pantries by County.xlsx”; requiere revisión administrativa antes de publicar. Geocodificación Census Bureau: Non_Exact; dirección normalizada: 1620 S SEGUIN AVE, NEW BRAUNFELS, TX, 78130."
"San Antonio Food Bank","Despensa de alimentos","Food pantry","Ofrece alimentos o comestibles para personas y familias.","Provides food or groceries for individuals and families.","Ofrece alimentos o comestibles para personas y familias.","Provides access to food. Contact the organization directly to confirm availability, requirements, and additional support.","san-antonio-food-bank-guadalupe","comida","","despensa|alimentos","food|pantry","","","unknown","","","","","Comuníquese directamente con la organización para confirmar el proceso de acceso.","Contact the organization directly to confirm how to access the service.","","","","","Condado de Guadalupe","Guadalupe County","","","","","","","","","","","Guadalupe","","","https://safoodbank.org/help/","","","","Piloto de Bluebonnet Project HOPE. Registro preparado a partir de “Food Pantries by County.xlsx”; requiere revisión administrativa antes de publicar."
"Giddings Area Care Center","Despensa de alimentos","Food pantry","Ofrece alimentos o comestibles para personas y familias.","Provides food or groceries for individuals and families.","Ofrece alimentos o comestibles para personas y familias.","Health Option Program for Elderly (H.O.P.E) 55+ 4th Friday of each month","giddings-area-care-center-lee","comida","","despensa|alimentos","food|pantry","","in_person","unknown","Personas de 55 años o más. Dirigido a adultos mayores; confirme la edad mínima con el programa.","People age 55 or older. Intended for older adults; confirm the minimum age with the program.","","","Confirme el horario, la disponibilidad y los requisitos antes de acudir.","Confirm hours, availability, and requirements before visiting.","jueves: 3:30pm-5:30pm
viernes: 7:30am-9:30am","Thursdays: 3:30pm-5:30pm
Fridays: 7:30am-9:30am","","","Condado de Lee","Lee County","","","","gaccfp@gmail.com","https://giddingsfoodpantry.org/","190 N Harris St. Giddings, TX 78942","","","TX","78942","Lee","30.182737783362","-96.931915766252","https://giddingsfoodpantry.org/","","","2026-09-02","Piloto de Bluebonnet Project HOPE. Fuente oficial consultada el 2026-09-02. Existencia o ubicación cotejada el 2026-09-02 con el directorio oficial Find Food Now del Central Texas Food Bank; revise horarios directamente antes de publicar. Geocodificación Census Bureau: Non_Exact; dirección normalizada: 190 N HARRIS ST, GIDDINGS, TX, 78942."
"Combined Community Action, Inc","Despensa de alimentos","Food pantry","Ofrece alimentos o comestibles para personas y familias.","Provides food or groceries for individuals and families.","Ofrece alimentos o comestibles para personas y familias.","Utility assistance, weatherization, housing support, rental assistance","combined-community-action-inc-lee","comida","","despensa|alimentos","food|pantry","","in_person|phone","unknown","","","","","Confirme el horario, la disponibilidad y los requisitos antes de acudir.","Confirm hours, availability, and requirements before visiting.","Horario: Lunes a viernes: 8am-5pm","Hours: Mon-Fri: 8am-5pm","","","Condado de Lee","Lee County","800-688-9065","","","","https://www.ccaction.com/","165 W Austin St. Giddings, TX 78942","","","TX","78942","Lee","30.1830477827","-96.937983391088","https://www.ccaction.com/","","","","Piloto de Bluebonnet Project HOPE. Registro preparado a partir de “Food Pantries by County.xlsx”; requiere revisión administrativa antes de publicar. Geocodificación Census Bureau: Non_Exact; dirección normalizada: 165 W AUSTIN ST, GIDDINGS, TX, 78942."
"Burnet County Hunger Alliance","Despensa de alimentos","Food pantry","Ofrece alimentos o comestibles para personas y familias.","Provides food or groceries for individuals and families.","Ofrece alimentos o comestibles para personas y familias.","Provides access to food. Contact the organization directly to confirm availability, requirements, and additional support.","burnet-county-hunger-alliance-burnet","comida","","despensa|alimentos","food|pantry","","","unknown","","","","","Comuníquese directamente con la organización para confirmar el proceso de acceso.","Contact the organization directly to confirm how to access the service.","","","","","Condado de Burnet","Burnet County","","","","","","","","","","","Burnet","","","https://www.centraltexasfoodbank.org/find-food-now","","","","Piloto de Bluebonnet Project HOPE. Registro preparado a partir de “Food Pantries by County.xlsx”; requiere revisión administrativa antes de publicar."
"Helping Center of Marble Falls","Despensa de alimentos","Food pantry","Ofrece alimentos o comestibles para personas y familias.","Provides food or groceries for individuals and families.","Ofrece alimentos o comestibles para personas y familias.","Provides access to food. Contact the organization directly to confirm availability, requirements, and additional support.","helping-center-of-marble-falls-marble-falls","comida","","despensa|alimentos","food|pantry","","in_person|phone","unknown","","","","","Confirme el horario, la disponibilidad y los requisitos antes de acudir.","Confirm hours, availability, and requirements before visiting.","lunes: 9:30am-1:30pm
martes:9:30am-1:30pm; 5:30pm-7pm
miércoles: 9:30am-1:30pm
jueves: 9:30am-1:30pm; 5:30pm-7pm
viernes: 9:30am-1:30pm","Monday: 9:30am-1:30pm
Tuesday:9:30am-1:30pm; 5:30pm-7pm
Wednesday: 9:30am-1:30pm
Thursday: 9:30am-1:30pm; 5:30pm-7pm
Friday: 9:30am-1:30pm","","","Condado de Burnet","Burnet County","830-693-5689","","","","","1016 Broadway, Marble Falls, TX 78654","","Marble Falls","TX","78654","Burnet","","","https://www.centraltexasfoodbank.org/find-food-now","","","","Piloto de Bluebonnet Project HOPE. Registro preparado a partir de “Food Pantries by County.xlsx”; requiere revisión administrativa antes de publicar."
"Area Agency of the Capital Area & Aging and Disability Resource Center","Navegación de recursos","Resource navigation","Ayuda a localizar servicios comunitarios y coordinar referencias.","Helps locate community services and coordinate referrals.","Ayuda a localizar servicios comunitarios y coordinar referencias.","Area Agency on Aging of the Capital Area: Helps older adults find and access community resources, programs, and services","area-agency-of-the-capital-area-and-aging-and-disability-resource-center-health-and-person","otros-recursos","","navegación|recursos","resource|navigation","","phone|online","unknown","Dirigido a adultos mayores; confirme la edad mínima con el programa.","Intended for older adults; confirm the minimum age with the program.","","","Comuníquese directamente con la organización para confirmar el proceso de acceso.","Contact the organization directly to confirm how to access the service.","","","","","Condado de Williamson; Condado de Bastrop; Condado de Caldwell; Condado de Fayette; Condado de Lee; Condado de Burnet; Condado de Travis","Williamson County; Bastrop County; Caldwell County; Fayette County; Lee County; Burnet County; Travis County","888-622-9111","","","","https://www.capcog.org/divisions/area-agency-on-aging/","","","","","","","","","https://www.capcog.org/divisions/area-agency-on-aging/","","","","Piloto de Bluebonnet Project HOPE. Registro consolidado a partir de “Resources Spreadsheet.xlsx”; requiere revisión administrativa antes de publicar."
"Care Patrol of North Austin","Educación para adultos","Adult education","Ofrece educación para adultos, preparación académica o desarrollo de habilidades. Ofrece apoyo, actividades o navegación de servicios para adultos mayores, según el programa.","Provides adult education, academic preparation, or skills development. Provides support, activities, or service navigation for older adults, depending on the program.","Ofrece educación para adultos, preparación académica o desarrollo de habilidades. Ofrece apoyo, actividades o navegación de servicios para adultos mayores, según el programa. Ofrece o coordina cuidado para personas con necesidades de memoria o Alzheimer. Ofrece atención o apoyo de salud en el hogar. Ayuda con tarjetas del Seguro Social y beneficios como SSI, SSDI, sobrevivientes o Medicare.","Senior care help for those discharged from a hospital/care setting, or if extra senior care is needed due to a recent change in health condition. Assisted living, memory care, independent living, nursing home, in-home care, respite care","care-patrol-of-north-austin-health-and-personal-support-williamson","educacion","salud|recursos-financieros","educación|para|adultos|apoyo|mayores|cuidado|memoria|atención|médica|hogar|beneficios|seguro|social","adult|education|senior|support|memory|care|home|health|social|security|benefits","","phone|online|home_visit","unknown","","","","","Comuníquese directamente con la organización para confirmar el proceso de acceso.","Contact the organization directly to confirm how to access the service.","","","","","Condado de Williamson","Williamson County","512-643-2727","","","","https://carepatrol.com/north-austin/","","","","","","Williamson","","","https://carepatrol.com/north-austin/","","","","Piloto de Bluebonnet Project HOPE. Registro consolidado a partir de “Resources Spreadsheet.xlsx”; requiere revisión administrativa antes de publicar."
"Oasis Senior Advisors","Apoyo para adultos mayores","Senior support","Ofrece apoyo, actividades o navegación de servicios para adultos mayores, según el programa. Ofrece o coordina cuidado para personas con necesidades de memoria o Alzheimer.","Provides support, activities, or service navigation for older adults, depending on the program. Provides or coordinates care for people with memory-related needs or Alzheimer’s.","Ofrece apoyo, actividades o navegación de servicios para adultos mayores, según el programa. Ofrece o coordina cuidado para personas con necesidades de memoria o Alzheimer. Ofrece atención o apoyo de salud en el hogar. Ayuda con tarjetas del Seguro Social y beneficios como SSI, SSDI, sobrevivientes o Medicare.","Advisors helping seniors, families, healthcare professionals, and caregivers navigate senior care. Whether exploring assisted living, memory care, independent living, care homes, respite care, hospital-to-home transitions, long-term care insurance benefits, veterans benefits, or other senior care resources. Advisors work closely with families, hospitals, rehabilitation facilities, physicians, case managers, social workers, home care providers, and senior living communities. Services are provided at no cost to families, are always confidential, and are focused on helping seniors find the right solutions for their unique needs. From Hospital to Home to Senior Living.","oasis-senior-advisors-health-and-personal-support-williamson","salud","recursos-financieros","apoyo|para|adultos|mayores|cuidado|memoria|atención|médica|hogar|beneficios|seguro|social","senior|support|memory|care|home|health|social|security|benefits","","phone|online","free","Dirigido a veteranos, cuidadores o familias militares según el programa.","For Veterans, caregivers, or military families as defined by the program.","","","Comuníquese directamente con la organización para confirmar el proceso de acceso.","Contact the organization directly to confirm how to access the service.","","","","","Condado de Williamson; Condado de Bastrop; Condado de Burnet; Condado de Travis","Williamson County; Bastrop County; Burnet County; Travis County","512-800-1469","","","","https://www.oasissenioradvisors.com/locations/austin-central-tx/","","","","","","","","","https://www.oasissenioradvisors.com/locations/austin-central-tx/","","","","Piloto de Bluebonnet Project HOPE. Registro consolidado a partir de “Resources Spreadsheet.xlsx”; requiere revisión administrativa antes de publicar."
"Senior Sitters, LLC","Cuidado de memoria","Memory care","Ofrece o coordina cuidado para personas con necesidades de memoria o Alzheimer. Ofrece atención o apoyo de salud en el hogar.","Provides or coordinates care for people with memory-related needs or Alzheimer’s. Provides health care or support in the home.","Ofrece o coordina cuidado para personas con necesidades de memoria o Alzheimer. Ofrece atención o apoyo de salud en el hogar. Proporciona o vende suministros médicos y productos de cuidado personal. Ofrece transporte, coordinación de viajes o asistencia con gastos de traslado. Ayuda con tarjetas del Seguro Social y beneficios como SSI, SSDI, sobrevivientes o Medicare.","Geriatric Assessment, Home Care, Memory/Alzheimer's Care, Personal Assistance Services, Short Term Stays. Provide assistance with living. Free initial assessment done by a geriatrics nurse. 24 hour service / 7 days a week. One hour minimum. Affordable hourly rates. Our services include: Bathing, dressing and grooming. Continence/incontinence care. Assistance with meals and meal planning. Assistance with walking, transferring and wheelchair mobility. Medication reminders. Transportation services. Light housekeeping/laundry. Companionship.","senior-sitters-llc-health-and-personal-support-austin","salud","transporte|recursos-financieros","cuidado|memoria|atención|médica|hogar|suministros|médicos|apoyo|transporte|beneficios|seguro|social","memory|care|home|health|medical|supplies|transportation|support|social|security|benefits","","in_person|phone|online","paid","","","","","Confirme el horario, la disponibilidad y los requisitos antes de acudir.","Confirm hours, availability, and requirements before visiting.","","","","","Condado de Williamson; Condado de Travis","Williamson County; Travis County","512-250-5800","","","info@seniorsitterusa.com","https://www.seniorsittersusa.com/","13740 Research Blvd. Ste M7","","Austin","TX","78750","","","","https://www.seniorsittersusa.com/","","","","Piloto de Bluebonnet Project HOPE. Registro consolidado a partir de “Resources Spreadsheet.xlsx”; requiere revisión administrativa antes de publicar."
"Avalon Memory Care","Apoyo para adultos mayores","Senior support","Ofrece apoyo, actividades o navegación de servicios para adultos mayores, según el programa. Ofrece o coordina cuidado para personas con necesidades de memoria o Alzheimer.","Provides support, activities, or service navigation for older adults, depending on the program. Provides or coordinates care for people with memory-related needs or Alzheimer’s.","Ofrece apoyo, actividades o navegación de servicios para adultos mayores, según el programa. Ofrece o coordina cuidado para personas con necesidades de memoria o Alzheimer. Ayuda con tarjetas del Seguro Social y beneficios como SSI, SSDI, sobrevivientes o Medicare.","25 bed for memory care. Assisted Living, Memory/Alzheimer's Care, Wandering Security System","avalon-memory-care-health-and-personal-support-williamson","salud","recursos-financieros","apoyo|para|adultos|mayores|cuidado|memoria|beneficios|seguro|social","senior|support|memory|care|social|security|benefits","","in_person|phone|online","unknown","","","","","Confirme el horario, la disponibilidad y los requisitos antes de acudir.","Confirm hours, availability, and requirements before visiting.","","","","","Condado de Williamson","Williamson County","888-522-1918","","","","https://avalonmemorycare.com/","2215 South Lakeline Blvd. Cedar Park, TX 78613","","","TX","78613","Williamson","30.479184744081","-97.821306928831","https://avalonmemorycare.com/","","","","Piloto de Bluebonnet Project HOPE. Registro consolidado a partir de “Resources Spreadsheet.xlsx”; requiere revisión administrativa antes de publicar. Geocodificación Census Bureau: Non_Exact; dirección normalizada: 2215 S LAKELINE BLVD, CEDAR PARK, TX, 78613."
"Switzer Senior Center","Apoyo para adultos mayores","Senior support","Ofrece apoyo, actividades o navegación de servicios para adultos mayores, según el programa.","Provides support, activities, or service navigation for older adults, depending on the program.","Ofrece apoyo, actividades o navegación de servicios para adultos mayores, según el programa.","Low income and working poor residents, who meet qualifications, may access limited","switzer-senior-center-health-and-personal-support-taylor","salud","","apoyo|para|adultos|mayores","senior|support","","in_person|phone","unknown","Se aplican límites de ingreso del programa.","Program income limits apply.","","","Confirme el horario, la disponibilidad y los requisitos antes de acudir.","Confirm hours, availability, and requirements before visiting.","","","","","Condado de Williamson","Williamson County","512-352-5523","","","","","410 W. 7th St., Taylor, Texas 76574","","Taylor","TX","76574","Williamson","30.573249661171","-97.413599579444","","","","","Piloto de Bluebonnet Project HOPE. Registro consolidado a partir de “Resources Spreadsheet.xlsx”; requiere revisión administrativa antes de publicar. Geocodificación Census Bureau: Non_Exact; dirección normalizada: 410 W 7TH ST, TAYLOR, TX, 76574."
"My Care Supplies","Suministros médicos","Medical supplies","Proporciona o vende suministros médicos y productos de cuidado personal.","Provides or sells medical supplies and personal-care products.","Proporciona o vende suministros médicos y productos de cuidado personal.","Medical supplies company backed by more than 65 years of experience in the field selling adult health products to those who need them. Product category- Incontinence, Ostomy, Urological, Nutrition, Wound, Diabetes and more.","my-care-supplies-health-and-personal-support-williamson","salud","","suministros|médicos","medical|supplies","","online","unknown","","","","","Comuníquese directamente con la organización para confirmar el proceso de acceso.","Contact the organization directly to confirm how to access the service.","","","","","Condado de Williamson; Condado de Bastrop; Condado de Caldwell; Condado de Fayette; Condado de Gonzales; Condado de Guadalupe; Condado de Lee; Condado de Burnet; Condado de Travis","Williamson County; Bastrop County; Caldwell County; Fayette County; Gonzales County; Guadalupe County; Lee County; Burnet County; Travis County","","","","support@mycaresupplies.com","https://mycaresupplies.com/","","","","","","","","","https://mycaresupplies.com/","","","","Piloto de Bluebonnet Project HOPE. Registro consolidado a partir de “Resources Spreadsheet.xlsx”; requiere revisión administrativa antes de publicar."
"Gilead Health Care","Atención médica en el hogar","Home health care","Ofrece atención o apoyo de salud en el hogar. Ofrece cuidados de hospicio y apoyo para pacientes y sus familias.","Provides health care or support in the home. Provides hospice care and support for patients and families.","Ofrece atención o apoyo de salud en el hogar. Ofrece cuidados de hospicio y apoyo para pacientes y sus familias. Ofrece servicios de atención primaria y otras especialidades de salud. Ofrece servicios de salud mental, consejería o apoyo emocional.","Hospice, skilled nursing, therapy services, psychiatric nursing, medication management, chronic disease management, telehealth, infusion feeding","gilead-health-care-health-and-personal-support-round-rock","salud","","atención|médica|hogar|cuidados|hospicio|salud|mental|consejería","home|health|care|hospice|mental|counseling","","in_person|phone|online","unknown","","","","","Confirme el horario, la disponibilidad y los requisitos antes de acudir.","Confirm hours, availability, and requirements before visiting.","","","","","Condado de Williamson","Williamson County","512-323-5858","","","","https://gileadhomehealth.com/","2300 Greenhill Dr. Bldg 5, Ste 500","","Round Rock","TX","78664","Williamson","30.533567272439","-97.681317052259","https://gileadhomehealth.com/","","","","Piloto de Bluebonnet Project HOPE. Registro consolidado a partir de “Resources Spreadsheet.xlsx”; requiere revisión administrativa antes de publicar. Geocodificación Census Bureau: Exact; dirección normalizada: 2300 GREENHILL DR, ROUND ROCK, TX, 78664."
"Halcyon Home","Asistencia con servicios públicos","Utility assistance","Ofrece apoyo con facturas de electricidad, gas, agua u otros servicios públicos, sujeto a disponibilidad. Ofrece orientación o asistencia relacionada con renta, hipoteca o estabilidad de vivienda.","Offers help with electric, gas, water, or other utility bills, subject to availability. Offers guidance or assistance related to rent, mortgage, or housing stability.","Ofrece apoyo con facturas de electricidad, gas, agua u otros servicios públicos, sujeto a disponibilidad. Ofrece orientación o asistencia relacionada con renta, hipoteca o estabilidad de vivienda. Ayuda con tarjetas del Seguro Social y beneficios como SSI, SSDI, sobrevivientes o Medicare. Ayuda a localizar servicios comunitarios y coordinar referencias.","emergency financial assistance for electric bills, gas, and housing costs such as rent. Referrals","halcyon-home-health-and-personal-support-austin","recursos-financieros","vivienda|otros-recursos","asistencia|servicios|públicos|vivienda|beneficios|seguro|social|navegación|recursos","utility|assistance|housing|social|security|benefits|resource|navigation","","in_person|phone|online","unknown","","","","","Confirme el horario, la disponibilidad y los requisitos antes de acudir.","Confirm hours, availability, and requirements before visiting.","","","","","Condado de Williamson","Williamson County","512-815-9009","","","info@halcyonhome.com","https://halcyonhome.com/","8133 Mesa Dr. Ste 200","","Austin","TX","78759","Williamson","30.372050005559","-97.756916704073","https://halcyonhome.com/","","","","Piloto de Bluebonnet Project HOPE. Registro consolidado a partir de “Resources Spreadsheet.xlsx”; requiere revisión administrativa antes de publicar. Geocodificación Census Bureau: Exact; dirección normalizada: 8133 MESA DR, AUSTIN, TX, 78759."
"Texas Utility Help","Asistencia con servicios públicos","Utility assistance","Ofrece apoyo con facturas de electricidad, gas, agua u otros servicios públicos, sujeto a disponibilidad. Ofrece orientación o asistencia relacionada con renta, hipoteca o estabilidad de vivienda.","Offers help with electric, gas, water, or other utility bills, subject to availability. Offers guidance or assistance related to rent, mortgage, or housing stability.","Ofrece apoyo con facturas de electricidad, gas, agua u otros servicios públicos, sujeto a disponibilidad. Ofrece orientación o asistencia relacionada con renta, hipoteca o estabilidad de vivienda. Ayuda con tarjetas del Seguro Social y beneficios como SSI, SSDI, sobrevivientes o Medicare.","Texas Utility Help can give financial assistance to qualified Texas homeowners and renters with low income. Eligible expenses include water and wastewater.","texas-utility-help-housing-and-financial-assistance-williamson","recursos-financieros","vivienda","asistencia|servicios|públicos|vivienda|beneficios|seguro|social","utility|assistance|housing|social|security|benefits","","","unknown","Se aplican límites de ingreso del programa.","Program income limits apply.","","","Comuníquese directamente con la organización para confirmar el proceso de acceso.","Contact the organization directly to confirm how to access the service.","","","","","Condado de Williamson; Condado de Caldwell; Condado de Fayette; Condado de Gonzales; Condado de Guadalupe; Condado de Lee; Condado de Burnet; Condado de Travis","Williamson County; Caldwell County; Fayette County; Gonzales County; Guadalupe County; Lee County; Burnet County; Travis County","","","","","","","","","","","","","","https://bluebonnetmhmr.sharepoint.com/:b:/s/HomelessPrevention-WilliamsonCounty/IQC40TlLEXaSTYznmTtKJaaGAXtBnuNwmWkEuRyUdhv7Wic?e=uePORz","","","","Piloto de Bluebonnet Project HOPE. Registro consolidado a partir de “Resources Spreadsheet.xlsx”; requiere revisión administrativa antes de publicar."
"Community Action of Central Texas","Asistencia con servicios públicos","Utility assistance","Ofrece apoyo con facturas de electricidad, gas, agua u otros servicios públicos, sujeto a disponibilidad. Ayuda con tarjetas del Seguro Social y beneficios como SSI, SSDI, sobrevivientes o Medicare.","Offers help with electric, gas, water, or other utility bills, subject to availability. Helps with Social Security cards and benefits such as SSI, SSDI, survivor benefits, or Medicare.","Ofrece apoyo con facturas de electricidad, gas, agua u otros servicios públicos, sujeto a disponibilidad. Ayuda con tarjetas del Seguro Social y beneficios como SSI, SSDI, sobrevivientes o Medicare. Ofrece acceso, descuentos o ayuda económica para medicamentos recetados. Ayuda a localizar servicios comunitarios y coordinar referencias.","Provides some referrals to utility bill help and conservation from Comprehensive Energy Assistance Program / CEAP. A low cost, prescription assistance program is available, as well as other medical care referrals.","community-action-of-central-texas-housing-and-financial-assistance-williamson","recursos-financieros","salud|otros-recursos","asistencia|servicios|públicos|beneficios|seguro|social|medicamentos|navegación|recursos","utility|assistance|social|security|benefits|prescription|resource|navigation","","phone|online","unknown","","","","","Comuníquese directamente con la organización para confirmar el proceso de acceso.","Contact the organization directly to confirm how to access the service.","","","","","Condado de Williamson; Condado de Burnet","Williamson County; Burnet County","512-392-1161","","","","https://communityaction.com/","","","","","","","","","https://communityaction.com/","","true","","Piloto de Bluebonnet Project HOPE. Registro consolidado a partir de “Resources Spreadsheet.xlsx”; requiere revisión administrativa antes de publicar."
"Madella Hilliard Neighborhood Center","Asistencia con servicios públicos","Utility assistance","Ofrece apoyo con facturas de electricidad, gas, agua u otros servicios públicos, sujeto a disponibilidad. Ofrece orientación o asistencia relacionada con renta, hipoteca o estabilidad de vivienda.","Offers help with electric, gas, water, or other utility bills, subject to availability. Offers guidance or assistance related to rent, mortgage, or housing stability.","Ofrece apoyo con facturas de electricidad, gas, agua u otros servicios públicos, sujeto a disponibilidad. Ofrece orientación o asistencia relacionada con renta, hipoteca o estabilidad de vivienda. Ayuda con tarjetas del Seguro Social y beneficios como SSI, SSDI, sobrevivientes o Medicare. Ayuda a localizar servicios comunitarios y coordinar referencias.","A non-profit agency that provides limited amounts of emergency financial assistance to help pay gas, electric, utility bills, and rent. Low income qualifications need to be met. *Also provides help with applying for and completing forms for government assistance programs (both Texas and federal) and also offers referrals to community services and charities","madella-hilliard-neighborhood-center-housing-and-financial-assistance-georgetown","recursos-financieros","vivienda|otros-recursos","asistencia|servicios|públicos|vivienda|beneficios|seguro|social|navegación|recursos","utility|assistance|housing|social|security|benefits|resource|navigation","","in_person|phone","unknown","Se aplican límites de ingreso del programa.","Program income limits apply.","","","Confirme el horario, la disponibilidad y los requisitos antes de acudir.","Confirm hours, availability, and requirements before visiting.","","","","","Condado de Williamson","Williamson County","512-930-0873","","","","","803 W. 8th St., Georgetown, Texas 78626","","Georgetown","TX","78626","Williamson","30.636585300265","-97.68368874462","","","","","Piloto de Bluebonnet Project HOPE. Registro consolidado a partir de “Resources Spreadsheet.xlsx”; requiere revisión administrativa antes de publicar. Geocodificación Census Bureau: Non_Exact; dirección normalizada: 803 W 8TH ST, GEORGETOWN, TX, 78626."
"Mortgage Relief Helpline","Asistencia de vivienda","Housing assistance","Ofrece orientación o asistencia relacionada con renta, hipoteca o estabilidad de vivienda.","Offers guidance or assistance related to rent, mortgage, or housing stability.","Ofrece orientación o asistencia relacionada con renta, hipoteca o estabilidad de vivienda.","For families falling behind on mortgage payments, this national agency will work with a family’s mortgage company to arrange a workout plan to catch up missed payments. Housing counselors will discuss all options available to avoid foreclosure. Agency does not make loans or buy property.","mortgage-relief-helpline-community-support-williamson","vivienda","","asistencia|vivienda","housing|assistance","","phone","unknown","","","","","Comuníquese directamente con la organización para confirmar el proceso de acceso.","Contact the organization directly to confirm how to access the service.","","","","","Condado de Williamson","Williamson County","800-750-8956","","","","","","","","","","Williamson","","","","","true","","Piloto de Bluebonnet Project HOPE. Registro consolidado a partir de “Resources Spreadsheet.xlsx”; requiere revisión administrativa antes de publicar."
"Debt Relief Hotline","Orientación sobre deudas","Debt counseling","Ofrece orientación sobre alternativas para manejar deudas o bancarrota; confirme costos y condiciones antes de contratar servicios.","Offers guidance about options for managing debt or bankruptcy; confirm fees and terms before enrolling in services.","Ofrece orientación sobre alternativas para manejar deudas o bancarrota; confirme costos y condiciones antes de contratar servicios.","For families struggling with credit card debt (typically over $10,000); relief is available. This national agency will contact a family’s creditor’s, reduce payments, interests, and principal amounts owed.","debt-relief-hotline-community-support-williamson","recursos-financieros","","orientación|sobre|deudas","debt|counseling","","phone","paid","","","","","Llame al programa para confirmar elegibilidad, disponibilidad y próximos pasos.","Call the program to confirm eligibility, availability, and next steps.","","","","","Condado de Williamson; Condado de Bastrop; Condado de Caldwell; Condado de Fayette; Condado de Gonzales; Condado de Guadalupe; Condado de Lee; Condado de Burnet; Condado de Travis","Williamson County; Bastrop County; Caldwell County; Fayette County; Gonzales County; Guadalupe County; Lee County; Burnet County; Travis County","800-291-1042","","","","","","","","","","","","","","","","","Piloto de Bluebonnet Project HOPE. Registro consolidado a partir de “Resources Spreadsheet.xlsx”; requiere revisión administrativa antes de publicar."
"Free Bankruptcy Advice","Orientación sobre deudas","Debt counseling","Ofrece orientación sobre alternativas para manejar deudas o bancarrota; confirme costos y condiciones antes de contratar servicios.","Offers guidance about options for managing debt or bankruptcy; confirm fees and terms before enrolling in services.","Ofrece orientación sobre alternativas para manejar deudas o bancarrota; confirme costos y condiciones antes de contratar servicios.","Families who cannot use other debt solutions can connect with debt relief counselor to discuss debt and all options for relief. A family may call to discuss whether debt relief under bankruptcy makes sense for them.","free-bankruptcy-advice-community-support-williamson","recursos-financieros","","orientación|sobre|deudas","debt|counseling","","phone","free","","","","","Llame al programa para confirmar elegibilidad, disponibilidad y próximos pasos.","Call the program to confirm eligibility, availability, and next steps.","","","","","Condado de Williamson; Condado de Bastrop; Condado de Caldwell; Condado de Fayette; Condado de Gonzales; Condado de Guadalupe; Condado de Lee; Condado de Burnet; Condado de Travis","Williamson County; Bastrop County; Caldwell County; Fayette County; Gonzales County; Guadalupe County; Lee County; Burnet County; Travis County","800-379-0985","","","","","","","","","","","","","","","","","Piloto de Bluebonnet Project HOPE. Registro consolidado a partir de “Resources Spreadsheet.xlsx”; requiere revisión administrativa antes de publicar."
"Department of Health and Human Services","Atención médica","Health care","Ofrece servicios de atención primaria y otras especialidades de salud. Ayuda con tarjetas del Seguro Social y beneficios como SSI, SSDI, sobrevivientes o Medicare.","Provides primary care and other health specialties. Helps with Social Security cards and benefits such as SSI, SSDI, survivor benefits, or Medicare.","Ofrece servicios de atención primaria y otras especialidades de salud. Ayuda con tarjetas del Seguro Social y beneficios como SSI, SSDI, sobrevivientes o Medicare.","Provides local contact numbers for help including local HHSC office, information on child support, privacy rights information, centers for Medicaid/Medicare, Affordable Care Act and related consumer assistance. Supports the needs of mothers, children and families through programs such as Medicaid, CHIP, SNAP, women’s health.","department-of-health-and-human-services-community-support-williamson","salud","recursos-financieros","atención|médica|beneficios|seguro|social","health|care|social|security|benefits","","phone","unknown","Debe cumplir los límites de ingreso de Lifeline o participar en un programa federal elegible.","Must meet Lifeline income limits or participate in an eligible federal assistance program.","","","Comuníquese directamente con la organización para confirmar el proceso de acceso.","Contact the organization directly to confirm how to access the service.","","","","","Condado de Williamson; Condado de Bastrop; Condado de Caldwell; Condado de Fayette; Condado de Gonzales; Condado de Guadalupe; Condado de Lee; Condado de Burnet; Condado de Travis","Williamson County; Bastrop County; Caldwell County; Fayette County; Gonzales County; Guadalupe County; Lee County; Burnet County; Travis County","877-696-6775","","","","","","","","","","","","","https://www.hhs.gov/about/contact-us/index.html","","true","2026-09-02","Piloto de Bluebonnet Project HOPE. Fuente oficial consultada el 2026-09-02. Registro consolidado a partir de “Resources Spreadsheet.xlsx”; requiere revisión administrativa antes de publicar."
"Social Security Administration","Beneficios del Seguro Social","Social Security benefits","Ayuda con tarjetas del Seguro Social y beneficios como SSI, SSDI, sobrevivientes o Medicare. Ofrece apoyo confidencial, planificación de seguridad y recursos para sobrevivientes de violencia o agresión sexual.","Helps with Social Security cards and benefits such as SSI, SSDI, survivor benefits, or Medicare. Provides confidential support, safety planning, and resources for survivors of violence or sexual assault.","Ayuda con tarjetas del Seguro Social y beneficios como SSI, SSDI, sobrevivientes o Medicare. Ofrece apoyo confidencial, planificación de seguridad y recursos para sobrevivientes de violencia o agresión sexual.","Social Security card (replacements/initial), SSI/SSDI benefits, family and survivor benefits, medicare benefits","social-security-administration-community-support-williamson","recursos-financieros","ayuda-legal","beneficios|seguro|social|apoyo|para|sobrevivientes","social|security|benefits|survivor|support","","phone|online","unknown","","","Tarjeta del Seguro Social","Social Security card","Comuníquese directamente con la organización para confirmar el proceso de acceso.","Contact the organization directly to confirm how to access the service.","","","","","Condado de Williamson; Condado de Bastrop; Condado de Caldwell; Condado de Fayette; Condado de Gonzales; Condado de Guadalupe; Condado de Lee; Condado de Burnet; Condado de Travis","Williamson County; Bastrop County; Caldwell County; Fayette County; Gonzales County; Guadalupe County; Lee County; Burnet County; Travis County","800-772-1213","","","","https://www.ssa.gov/","","","","","","","","","https://www.ssa.gov/","","true","","Piloto de Bluebonnet Project HOPE. Registro consolidado a partir de “Resources Spreadsheet.xlsx”; requiere revisión administrativa antes de publicar."
"National Homeless Veteran Call Center","Navegación de recursos","Resource navigation","Ayuda a localizar servicios comunitarios y coordinar referencias.","Helps locate community services and coordinate referrals.","Ayuda a localizar servicios comunitarios y coordinar referencias.","Provides improved access for homeless Veterans to VA services and programs and other community resources.","national-homeless-veteran-call-center-community-support-williamson","otros-recursos","","navegación|recursos","resource|navigation","","phone|online","unknown","Dirigido a veteranos, cuidadores o familias militares según el programa.","For Veterans, caregivers, or military families as defined by the program.","","","Llame al programa para confirmar elegibilidad, disponibilidad y próximos pasos.","Call the program to confirm eligibility, availability, and next steps.","","","","","Condado de Williamson; Condado de Bastrop; Condado de Caldwell; Condado de Fayette; Condado de Gonzales; Condado de Guadalupe; Condado de Lee; Condado de Burnet; Condado de Travis","Williamson County; Bastrop County; Caldwell County; Fayette County; Gonzales County; Guadalupe County; Lee County; Burnet County; Travis County","877-424-3838","","","","https://department.va.gov/homeless/nationalcallcenter/","","","","","","","","","https://department.va.gov/homeless/nationalcallcenter/","","","","Piloto de Bluebonnet Project HOPE. Registro consolidado a partir de “Resources Spreadsheet.xlsx”; requiere revisión administrativa antes de publicar."
"VA Mental Health Residential Program","Tratamiento y recuperación","Treatment and recovery","Ofrece evaluación, tratamiento, recuperación o referencias relacionadas con el consumo de sustancias. Ofrece servicios de salud mental, consejería o apoyo emocional.","Provides assessment, treatment, recovery support, or referrals related to substance use. Provides mental health care, counseling, or emotional support.","Ofrece evaluación, tratamiento, recuperación o referencias relacionadas con el consumo de sustancias. Ofrece servicios de salud mental, consejería o apoyo emocional.","Programs are general in nature and treat a variety of mental health, substance use, and psychosocial issues with programs lasting from 30-60 days. *Waco has all of the programming for female identifying Veternas.","va-mental-health-residential-program-community-support-williamson","salud","","tratamiento|recuperación|salud|mental|consejería","treatment|recovery|mental|health|counseling","","phone|online","unknown","","","","","Comuníquese directamente con la organización para confirmar el proceso de acceso.","Contact the organization directly to confirm how to access the service.","","","","","Condado de Williamson; Condado de Bastrop; Condado de Caldwell; Condado de Fayette; Condado de Gonzales; Condado de Guadalupe; Condado de Lee; Condado de Burnet; Condado de Travis","Williamson County; Bastrop County; Caldwell County; Fayette County; Gonzales County; Guadalupe County; Lee County; Burnet County; Travis County","254-778-4811","","","","https://www.va.gov/central-texas-health-care/programs/mental-health-residential-programming/","","","","","","","","","https://www.va.gov/central-texas-health-care/programs/mental-health-residential-programming/","","","","Piloto de Bluebonnet Project HOPE. Registro consolidado a partir de “Resources Spreadsheet.xlsx”; requiere revisión administrativa antes de publicar."
"Cedar Park VA Clinic","Atención médica","Health care","Ofrece servicios de atención primaria y otras especialidades de salud. Ofrece servicios de salud mental, consejería o apoyo emocional.","Provides primary care and other health specialties. Provides mental health care, counseling, or emotional support.","Ofrece servicios de atención primaria y otras especialidades de salud. Ofrece servicios de salud mental, consejería o apoyo emocional.","offers primary care and specialty health services, including mental health services, X-rays, laboratory services, nutrition counseling, women’s health services, and more.","cedar-park-va-clinic-community-support-williamson","salud","","atención|médica|salud|mental|consejería","health|care|mental|counseling","","in_person|phone","unknown","","","","","Confirme el horario, la disponibilidad y los requisitos antes de acudir.","Confirm hours, availability, and requirements before visiting.","Lunes a viernes, 8:00 a.m.–4:30 p.m.; cerrado sábados, domingos y feriados federales. Los horarios de servicios específicos pueden variar.","Monday–Friday, 8:00 a.m.–4:30 p.m.; closed Saturday, Sunday, and federal holidays. Individual service hours may vary.","","","Condado de Williamson","Williamson County","800-423-2111","","","","","1401 Medical Parkway Ste 400 Bldg C Cedar Park, TX 78613","","","TX","78613","Williamson","30.531529417132","-97.81397338098","https://www.va.gov/central-texas-health-care/locations/cedar-park-va-clinic/","","","2026-09-02","Piloto de Bluebonnet Project HOPE. Fuente oficial consultada el 2026-09-02. Registro consolidado a partir de “Resources Spreadsheet.xlsx”; requiere revisión administrativa antes de publicar. Geocodificación Census Bureau: Non_Exact; dirección normalizada: 1401 MEDICAL PKWY, CEDAR PARK, TX, 78613."
"Beneficiary Travel Assistance","Apoyo de transporte","Transportation support","Ofrece transporte, coordinación de viajes o asistencia con gastos de traslado. Ayuda con tarjetas del Seguro Social y beneficios como SSI, SSDI, sobrevivientes o Medicare.","Provides transportation, ride coordination, or travel-expense assistance. Helps with Social Security cards and benefits such as SSI, SSDI, survivor benefits, or Medicare.","Ofrece transporte, coordinación de viajes o asistencia con gastos de traslado. Ayuda con tarjetas del Seguro Social y beneficios como SSI, SSDI, sobrevivientes o Medicare.","Eligible Veterans and caregivers can submit travel reimbursement claims for travel to and from approved healthcare appointments. These claims can include mileage and other travel expenses. Eligibility: Must be traveling for care at a VA health facility or for VA-approved care at a non-VA health facility in your community AND 1 of the following: You have a VA disability rating of 30% or higher, or You’re traveling for treatment of a service-connected condition, even if your VA disability rating is less than 30%, or You receive a VA pension, or You have an income that’s below the maximum annual VA pension rate, or You can’t afford to pay for your travel, as defined by our guidelines, or You’re traveling for 1 of these reasons: A scheduled VA claim exam (also called a compensation and pension, or C&P, exam), to get a service dog, or for VA-approved transplant care *Also an option for caregivers (check their eligibility online)","beneficiary-travel-assistance-community-support-williamson","transporte","recursos-financieros","apoyo|transporte|beneficios|seguro|social","transportation|support|social|security|benefits","","phone|online","unknown","Dirigido a veteranos, cuidadores o familias militares según el programa.","For Veterans, caregivers, or military families as defined by the program.","","","Llame al programa para confirmar elegibilidad, disponibilidad y próximos pasos.","Call the program to confirm eligibility, availability, and next steps.","","","","","Condado de Williamson; Condado de Bastrop; Condado de Caldwell; Condado de Fayette; Condado de Gonzales; Condado de Guadalupe; Condado de Lee; Condado de Burnet; Condado de Travis","Williamson County; Bastrop County; Caldwell County; Fayette County; Gonzales County; Guadalupe County; Lee County; Burnet County; Travis County","855-574-7292","","","","https://www.va.gov/health-care/file-travel-pay-reimbursement/","","","","","","","","","https://www.va.gov/health-care/file-travel-pay-reimbursement/","","true","","Piloto de Bluebonnet Project HOPE. Registro consolidado a partir de “Resources Spreadsheet.xlsx”; requiere revisión administrativa antes de publicar."
"Childcare Subsidy Hotline","Apoyo para niños y familias","Child and family support","Ofrece cuidado infantil, educación temprana o apoyo para niños y sus familias. Ofrece apoyo, actividades o navegación de servicios para adultos mayores, según el programa.","Provides child care, early education, or support for children and families. Provides support, activities, or service navigation for older adults, depending on the program.","Ofrece cuidado infantil, educación temprana o apoyo para niños y sus familias. Ofrece apoyo, actividades o navegación de servicios para adultos mayores, según el programa. Ayuda con tarjetas del Seguro Social y beneficios como SSI, SSDI, sobrevivientes o Medicare.","Childcare Aware of America is a federally funded agency that will provide assistance with childcare for military families through the Military Fee Assistance Program. Respite care for eligible families available.","childcare-subsidy-hotline-community-support-williamson","otros-recursos","salud|recursos-financieros","apoyo|para|niños|familias|adultos|mayores|beneficios|seguro|social","child|family|support|senior|social|security|benefits","","phone|online","unknown","Dirigido a veteranos, cuidadores o familias militares según el programa.","For Veterans, caregivers, or military families as defined by the program.","","","Llame al programa para confirmar elegibilidad, disponibilidad y próximos pasos.","Call the program to confirm eligibility, availability, and next steps.","","","","","Condado de Williamson; Condado de Bastrop; Condado de Caldwell; Condado de Fayette; Condado de Gonzales; Condado de Guadalupe; Condado de Lee; Condado de Travis","Williamson County; Bastrop County; Caldwell County; Fayette County; Gonzales County; Guadalupe County; Lee County; Travis County","800-424-2246","","","","http://www.childcareaware.org/","","","","","","","","","http://www.childcareaware.org/","","","","Piloto de Bluebonnet Project HOPE. Registro consolidado a partir de “Resources Spreadsheet.xlsx”; requiere revisión administrativa antes de publicar."
"National Domestic Violence Hotline","Apoyo para sobrevivientes","Survivor support","Ofrece apoyo confidencial, planificación de seguridad y recursos para sobrevivientes de violencia o agresión sexual.","Provides confidential support, safety planning, and resources for survivors of violence or sexual assault.","Ofrece apoyo confidencial, planificación de seguridad y recursos para sobrevivientes de violencia o agresión sexual.","Website offers additional resources for safety planning, DV and immigration, obstacles to leaving, how to document abuse. Live chat available.","national-domestic-violence-hotline-legal-and-safety-support-williamson","ayuda-legal","","apoyo|para|sobrevivientes","survivor|support","","phone|online","unknown","","","","","Llame al programa para confirmar elegibilidad, disponibilidad y próximos pasos.","Call the program to confirm eligibility, availability, and next steps.","","","","","Condado de Williamson; Condado de Bastrop; Condado de Caldwell; Condado de Fayette; Condado de Gonzales; Condado de Guadalupe; Condado de Lee; Condado de Burnet; Condado de Travis","Williamson County; Bastrop County; Caldwell County; Fayette County; Gonzales County; Guadalupe County; Lee County; Burnet County; Travis County","800-799-7233","","","","https://www.thehotline.org/","","","","","","","","","https://www.thehotline.org/","","true","","Piloto de Bluebonnet Project HOPE. Registro consolidado a partir de “Resources Spreadsheet.xlsx”; requiere revisión administrativa antes de publicar."
"Texas Council on Family Violence","Apoyo para sobrevivientes","Survivor support","Ofrece apoyo confidencial, planificación de seguridad y recursos para sobrevivientes de violencia o agresión sexual. Ofrece información, apoyo o planificación de seguridad ante violencia sexual o familiar.","Provides confidential support, safety planning, and resources for survivors of violence or sexual assault. Provides information, support, or safety planning related to sexual or family violence.","Ofrece apoyo confidencial, planificación de seguridad y recursos para sobrevivientes de violencia o agresión sexual. Ofrece información, apoyo o planificación de seguridad ante violencia sexual o familiar.","Website offers resources on support for seeking safety and support for causing harm. Personalized safety plans available.","texas-council-on-family-violence-legal-and-safety-support-williamson","ayuda-legal","","apoyo|para|sobrevivientes|ante|violencia|sexual|familiar","survivor|support|sexual|family|violence","","online","unknown","","","","","Consulte el sitio oficial y siga el proceso de solicitud indicado.","Visit the official website and follow its application process.","","","","","Condado de Williamson; Condado de Bastrop; Condado de Caldwell; Condado de Fayette; Condado de Gonzales; Condado de Guadalupe; Condado de Lee; Condado de Burnet; Condado de Travis","Williamson County; Bastrop County; Caldwell County; Fayette County; Gonzales County; Guadalupe County; Lee County; Burnet County; Travis County","","","","","https://tcfv.org/","","","","","","","","","https://tcfv.org/","","true","","Piloto de Bluebonnet Project HOPE. Registro consolidado a partir de “Resources Spreadsheet.xlsx”; requiere revisión administrativa antes de publicar."
"Rape, Abuse & Incest National Network (RAINN)","Apoyo ante violencia sexual o familiar","Sexual or family violence support","Ofrece información, apoyo o planificación de seguridad ante violencia sexual o familiar.","Provides information, support, or safety planning related to sexual or family violence.","Ofrece información, apoyo o planificación de seguridad ante violencia sexual o familiar.","24/7 support in ENGLISH and SPANISH","rape-abuse-and-incest-national-network-rainn-legal-and-safety-support-williamson","ayuda-legal","","apoyo|ante|violencia|sexual|familiar","sexual|family|violence|support","en|es","phone|online","unknown","","","","","Comuníquese directamente con la organización para confirmar el proceso de acceso.","Contact the organization directly to confirm how to access the service.","","","","","Condado de Williamson; Condado de Bastrop; Condado de Caldwell; Condado de Fayette; Condado de Gonzales; Condado de Guadalupe; Condado de Lee; Condado de Burnet; Condado de Travis","Williamson County; Bastrop County; Caldwell County; Fayette County; Gonzales County; Guadalupe County; Lee County; Burnet County; Travis County","800-656-4673","","","","https://www.rainn.org/","","","","","","","","","https://www.rainn.org/","","true","","Piloto de Bluebonnet Project HOPE. Registro consolidado a partir de “Resources Spreadsheet.xlsx”; requiere revisión administrativa antes de publicar."
"Texas Association Against Sexual Assault","Apoyo para sobrevivientes","Survivor support","Ofrece apoyo confidencial, planificación de seguridad y recursos para sobrevivientes de violencia o agresión sexual.","Provides confidential support, safety planning, and resources for survivors of violence or sexual assault.","Ofrece apoyo confidencial, planificación de seguridad y recursos para sobrevivientes de violencia o agresión sexual.","Crisis center locator provided in website. Materials available for download: survivor guides and brochures (English and Spanish)","texas-association-against-sexual-assault-legal-and-safety-support-williamson","ayuda-legal","","apoyo|para|sobrevivientes","survivor|support","en|es","phone|online","unknown","","","","","Consulte el sitio oficial y siga el proceso de solicitud indicado.","Visit the official website and follow its application process.","","","","","Condado de Williamson; Condado de Bastrop; Condado de Caldwell; Condado de Fayette; Condado de Gonzales; Condado de Guadalupe; Condado de Lee; Condado de Burnet; Condado de Travis","Williamson County; Bastrop County; Caldwell County; Fayette County; Gonzales County; Guadalupe County; Lee County; Burnet County; Travis County","512-474-7190","","","","https://www.taasa.org/","","","","","","","","","https://www.taasa.org/","","true","","Piloto de Bluebonnet Project HOPE. Registro consolidado a partir de “Resources Spreadsheet.xlsx”; requiere revisión administrativa antes de publicar."
"National Sexual Assault Legal Hotline","Apoyo para sobrevivientes","Survivor support","Ofrece apoyo confidencial, planificación de seguridad y recursos para sobrevivientes de violencia o agresión sexual. Ofrece información, orientación o representación legal según el programa.","Provides confidential support, safety planning, and resources for survivors of violence or sexual assault. Provides legal information, guidance, or representation depending on the program.","Ofrece apoyo confidencial, planificación de seguridad y recursos para sobrevivientes de violencia o agresión sexual. Ofrece información, orientación o representación legal según el programa.","Provides services related to legal and safety support. Contact the organization to confirm eligibility and availability.","national-sexual-assault-legal-hotline-legal-and-safety-support-williamson","ayuda-legal","","apoyo|para|sobrevivientes|asistencia|legal","survivor|support|legal|assistance","","phone","unknown","","","","","Llame al programa para confirmar elegibilidad, disponibilidad y próximos pasos.","Call the program to confirm eligibility, availability, and next steps.","","","","","Condado de Williamson; Condado de Bastrop; Condado de Caldwell; Condado de Fayette; Condado de Gonzales; Condado de Guadalupe; Condado de Lee; Condado de Burnet; Condado de Travis","Williamson County; Bastrop County; Caldwell County; Fayette County; Gonzales County; Guadalupe County; Lee County; Burnet County; Travis County","567-742-8837","","","","","","","","","","","","","","","true","","Piloto de Bluebonnet Project HOPE. Registro consolidado a partir de “Resources Spreadsheet.xlsx”; requiere revisión administrativa antes de publicar."
"Texas Workforce Solutions","Empleo y capacitación laboral","Employment and job training","Ofrece búsqueda de empleo, capacitación o apoyo para incorporarse a la fuerza laboral. Ayuda con tarjetas del Seguro Social y beneficios como SSI, SSDI, sobrevivientes o Medicare.","Provides job-search, training, or workforce-entry support. Helps with Social Security cards and benefits such as SSI, SSDI, survivor benefits, or Medicare.","Ofrece búsqueda de empleo, capacitación o apoyo para incorporarse a la fuerza laboral. Ayuda con tarjetas del Seguro Social y beneficios como SSI, SSDI, sobrevivientes o Medicare.","Free services and programs to assist with job search. Access to computer and telephones.","texas-workforce-solutions-education-and-employment-williamson","otros-recursos","recursos-financieros","empleo|capacitación|laboral|beneficios|seguro|social","employment|training|social|security|benefits","","phone|online","free","","","","","Comuníquese directamente con la organización para confirmar el proceso de acceso.","Contact the organization directly to confirm how to access the service.","","","","","Condado de Williamson; Condado de Bastrop; Condado de Caldwell; Condado de Fayette; Condado de Lee; Condado de Burnet","Williamson County; Bastrop County; Caldwell County; Fayette County; Lee County; Burnet County","844-344-2780","","","","https://wfscapitalarea.com/","","","","","","","","","https://wfscapitalarea.com/","","true","","Piloto de Bluebonnet Project HOPE. Registro consolidado a partir de “Resources Spreadsheet.xlsx”; requiere revisión administrativa antes de publicar."
"Experience Works: Work Force Solutions","Empleo y capacitación laboral","Employment and job training","Ofrece búsqueda de empleo, capacitación o apoyo para incorporarse a la fuerza laboral. Ayuda con tarjetas del Seguro Social y beneficios como SSI, SSDI, sobrevivientes o Medicare.","Provides job-search, training, or workforce-entry support. Helps with Social Security cards and benefits such as SSI, SSDI, survivor benefits, or Medicare.","Ofrece búsqueda de empleo, capacitación o apoyo para incorporarse a la fuerza laboral. Ayuda con tarjetas del Seguro Social y beneficios como SSI, SSDI, sobrevivientes o Medicare.","Experience works helps people 55 and older earn income. Age, income, eligibility and residency requirements apply. AARP Senior Community Service Employment Program (SCSEP) provides eligible participants with on the job experience to develop, or learn new skills through paid training assignments at partnering not-for-profit and public agencies. They also provide paid “specialized training” (ST).","experience-works-work-force-solutions-education-and-employment-williamson","otros-recursos","recursos-financieros","empleo|capacitación|laboral|beneficios|seguro|social","employment|training|social|security|benefits","","in_person|phone","unknown","Personas de 55 años o más.","People age 55 or older.","","","Confirme el horario, la disponibilidad y los requisitos antes de acudir.","Confirm hours, availability, and requirements before visiting.","","","","","Condado de Williamson","Williamson County","254-200-2003","","","","","300 Cheyenne Drive Killeen, TX 76542","","","TX","76542","Williamson","31.102666688651","-97.742222535786","","","true","","Piloto de Bluebonnet Project HOPE. Registro consolidado a partir de “Resources Spreadsheet.xlsx”; requiere revisión administrativa antes de publicar. Geocodificación Census Bureau: Non_Exact; dirección normalizada: 300 CHEYENNE DR, KILLEEN, TX, 76542."
"GoodWill Industries of CT : Round Rock Job Center","Empleo y capacitación laboral","Employment and job training","Ofrece búsqueda de empleo, capacitación o apoyo para incorporarse a la fuerza laboral. Ayuda con tarjetas del Seguro Social y beneficios como SSI, SSDI, sobrevivientes o Medicare.","Provides job-search, training, or workforce-entry support. Helps with Social Security cards and benefits such as SSI, SSDI, survivor benefits, or Medicare.","Ofrece búsqueda de empleo, capacitación o apoyo para incorporarse a la fuerza laboral. Ayuda con tarjetas del Seguro Social y beneficios como SSI, SSDI, sobrevivientes o Medicare.","Goodwill’s Workforce Advancement program offers assistance through various programs for persons seeking entry into the workforce who have a disadvantaging condition, such as limited access to employment, education, housing or health care. Intake hours: Monday, Tuesday, Thursday 9-11:30am, 1-3pm Wednesday, Friday by appointment only","goodwill-industries-of-ct-round-rock-job-center-education-and-employment-williamson","otros-recursos","recursos-financieros","empleo|capacitación|laboral|beneficios|seguro|social","employment|training|social|security|benefits","","in_person","unknown","","","","","Llame para confirmar elegibilidad y solicitar una cita.","Call to confirm eligibility and request an appointment.","Lunes a jueves, 9:00 a.m.–4:00 p.m.; viernes solo con cita.","Monday–Thursday, 9:00 a.m.–4:00 p.m.; Friday by appointment only.","","","Condado de Williamson","Williamson County","","","","","","150 West Palm Valley Blvd. Round Rock, TX 78664","","","TX","78664","Williamson","","","https://www.goodwillcentraltexas.org/programs-and-services/find-a-job/how-to-enroll/","","true","2026-09-02","Piloto de Bluebonnet Project HOPE. Fuente oficial consultada el 2026-09-02. Registro consolidado a partir de “Resources Spreadsheet.xlsx”; requiere revisión administrativa antes de publicar."
"GoodWill Industries of CT : Georgetown Job Center","Empleo y capacitación laboral","Employment and job training","Ofrece búsqueda de empleo, capacitación o apoyo para incorporarse a la fuerza laboral.","Provides job-search, training, or workforce-entry support.","Ofrece búsqueda de empleo, capacitación o apoyo para incorporarse a la fuerza laboral.","Intake hours: Monday 11-1pm, Wednesday 1-3:30pm, Thursday 1-4pm Tuesday and Friday by appointment only","goodwill-industries-of-ct-georgetown-job-center-education-and-employment-williamson","otros-recursos","","empleo|capacitación|laboral","employment|training","","in_person|phone","unknown","","","","","Llame para confirmar elegibilidad y solicitar una cita.","Call to confirm eligibility and request an appointment.","Lunes a jueves, 9:00 a.m.–4:00 p.m.; viernes solo con cita.","Monday–Thursday, 9:00 a.m.–4:00 p.m.; Friday by appointment only.","","","Condado de Williamson","Williamson County","512-591-7808","","","","","805 W. University Ave., Suite 127 Georgetown, TX 78626","","","TX","78626","Williamson","30.633233039789","-97.683247965121","https://www.goodwillcentraltexas.org/programs-and-services/find-a-job/how-to-enroll/","","","2026-09-02","Piloto de Bluebonnet Project HOPE. Fuente oficial consultada el 2026-09-02. Registro consolidado a partir de “Resources Spreadsheet.xlsx”; requiere revisión administrativa antes de publicar. Geocodificación Census Bureau: Non_Exact; dirección normalizada: 805 W UNIVERSITY AVE, GEORGETOWN, TX, 78626."
"Lone Star Circle of Care","Atención veterinaria","Veterinary care","Ofrece servicios veterinarios preventivos o de tratamiento para mascotas. Ofrece apoyo, actividades o navegación de servicios para adultos mayores, según el programa.","Provides preventive or treatment-oriented veterinary services for pets. Provides support, activities, or service navigation for older adults, depending on the program.","Ofrece servicios veterinarios preventivos o de tratamiento para mascotas. Ofrece apoyo, actividades o navegación de servicios para adultos mayores, según el programa. Ofrece servicios de atención primaria y otras especialidades de salud. Ofrece atención dental o ayuda para acceder a servicios dentales.","behavioral health, convenient care (minor illnesses, skin conditions, wellness, vaccinations), dental, endocrinology, family medicine, pediatrics, ObGyn, mobile mammography, pharmacy, vision, senior care, women's health services, virtual visits","lone-star-circle-of-care-health-and-personal-support-williamson","salud","","atención|veterinaria|apoyo|para|adultos|mayores|médica|dental","veterinary|care|senior|support|health|dental","","phone|online","unknown","","","","","Comuníquese directamente con la organización para confirmar el proceso de acceso.","Contact the organization directly to confirm how to access the service.","","","","","Condado de Williamson; Condado de Bastrop; Condado de Travis","Williamson County; Bastrop County; Travis County","877-800-5722","","","","https://lonestarcares.org/","","","","","","","","","https://lonestarcares.org/","","","","Piloto de Bluebonnet Project HOPE. Registro consolidado a partir de “Resources Spreadsheet.xlsx”; requiere revisión administrativa antes de publicar."
"Discount Prescription Hotline","Asistencia con medicamentos","Prescription assistance","Ofrece acceso, descuentos o ayuda económica para medicamentos recetados.","Provides access, discounts, or financial help for prescription medication.","Ofrece acceso, descuentos o ayuda económica para medicamentos recetados.","The RX Outreach national program help families can save between 20% and 40% on their prescription medication. No exam needed. Medication shipped to the home.","discount-prescription-hotline-health-and-personal-support-williamson","salud","","asistencia|medicamentos","prescription|assistance","","phone|home_visit","unknown","","","","","Llame al programa para confirmar elegibilidad, disponibilidad y próximos pasos.","Call the program to confirm eligibility, availability, and next steps.","","","","","Condado de Williamson; Condado de Bastrop; Condado de Caldwell; Condado de Fayette; Condado de Gonzales; Condado de Guadalupe; Condado de Lee; Condado de Burnet; Condado de Travis","Williamson County; Bastrop County; Caldwell County; Fayette County; Gonzales County; Guadalupe County; Lee County; Burnet County; Travis County","800-291-1206","","","","","","","","","","","","","","","","","Piloto de Bluebonnet Project HOPE. Registro consolidado a partir de “Resources Spreadsheet.xlsx”; requiere revisión administrativa antes de publicar."
"APICON Home Health","Atención médica en el hogar","Home health care","Ofrece atención o apoyo de salud en el hogar. Proporciona o vende suministros médicos y productos de cuidado personal.","Provides health care or support in the home. Provides or sells medical supplies and personal-care products.","Ofrece atención o apoyo de salud en el hogar. Proporciona o vende suministros médicos y productos de cuidado personal. Ofrece servicios de salud mental, consejería o apoyo emocional.","At home nursing care, physical therapy, home health aide, wound care services, medical social services","apicon-home-health-health-and-personal-support-williamson","salud","","atención|médica|hogar|suministros|médicos|salud|mental|consejería","home|health|care|medical|supplies|mental|counseling","","in_person|phone|home_visit","unknown","","","","","Confirme el horario, la disponibilidad y los requisitos antes de acudir.","Confirm hours, availability, and requirements before visiting.","","","","","Condado de Williamson; Condado de Travis","Williamson County; Travis County","512-249-0899","","","","","Office: 1850 Round Rock Ave. Round Rock, TX 78681","","","TX","78681","","30.512734030626","-97.701627622339","https://bluebonnetmhmr.sharepoint.com/:w:/s/HomelessPrevention-WilliamsonCounty/IQDgCHa89OPnQJUv8dytejreASlo03BYpaGdCV4_UY6Guec?e=7HfEh9","","","","Piloto de Bluebonnet Project HOPE. Registro consolidado a partir de “Resources Spreadsheet.xlsx”; requiere revisión administrativa antes de publicar. Geocodificación Census Bureau: Non_Exact; dirección normalizada: 1850 ROUND ROCK AVE, ROUND ROCK, TX, 78681."
"WilCo Care","Asistencia con medicamentos","Prescription assistance","Ofrece acceso, descuentos o ayuda económica para medicamentos recetados.","Provides access, discounts, or financial help for prescription medication.","Ofrece acceso, descuentos o ayuda económica para medicamentos recetados.","WilCo Care is designed to provide medical and prescription drug services for eligible, low-income Williamson County residents who don’t qualify for other state or federal health care programs.","wilco-care-health-and-personal-support-williamson","salud","","asistencia|medicamentos","prescription|assistance","","in_person|phone","unknown","Se aplican límites de ingreso del programa.","Program income limits apply.","","","Confirme el horario, la disponibilidad y los requisitos antes de acudir.","Confirm hours, availability, and requirements before visiting.","","","","","Condado de Williamson","Williamson County","512-248-3252","","","","","355 Texas Ave. Round Rock, TX 78664","","","TX","78664","Williamson","30.530233945901","-97.68362483937","https://bluebonnetmhmr.sharepoint.com/:b:/s/HomelessPrevention-WilliamsonCounty/IQBBZjaL1rtBRIfEjtPAkZ9zAVztu_9KNjXL6zGlWzr6-wk?e=BCJidl","","","","Piloto de Bluebonnet Project HOPE. Registro consolidado a partir de “Resources Spreadsheet.xlsx”; requiere revisión administrativa antes de publicar. Geocodificación Census Bureau: Non_Exact; dirección normalizada: 355 TEXAS AVE, ROUND ROCK, TX, 78664."
"Bluebonnet Trails (OSAR) Outreach, Screening, Assessment, and Referral","Tratamiento y recuperación","Treatment and recovery","Ofrece evaluación, tratamiento, recuperación o referencias relacionadas con el consumo de sustancias. Ofrece servicios de salud mental, consejería o apoyo emocional.","Provides assessment, treatment, recovery support, or referrals related to substance use. Provides mental health care, counseling, or emotional support.","Ofrece evaluación, tratamiento, recuperación o referencias relacionadas con el consumo de sustancias. Ofrece servicios de salud mental, consejería o apoyo emocional. Ayuda con tarjetas del Seguro Social y beneficios como SSI, SSDI, sobrevivientes o Medicare. Ayuda a localizar servicios comunitarios y coordinar referencias.","Licensed staff provides assessments and referrals to those who are actively seeking substance use services and/or support. OSAR Team conducts verbal screenings to gather information pertaining to severity of use and how use has impacted day to day functioning or mental health, in order to provide appropriate referrals to recovery resources. OSAR counselors are available for additional support and case management until the individual successfully enters into their referred treatment service. For uninsured or underinsured individuals, the OSAR team can determine if you are approved for full or partial financial assistance towards your referred treatment services. Once the needs of an individual have been identified for best outcomes of their recovery, the referred services may include intensive outpatient services, residential substance use services or additional community supports.","bluebonnet-trails-osar-outreach-screening-assessment-and-referral-health-and-personal-supp","salud","recursos-financieros|otros-recursos","tratamiento|recuperación|salud|mental|consejería|beneficios|seguro|social|navegación|recursos","treatment|recovery|mental|health|counseling|social|security|benefits|resource|navigation","","phone","unknown","Puede estar dirigido a personas sin seguro o con seguro insuficiente.","May be intended for people who are uninsured or underinsured.","","","Comuníquese directamente con la organización para confirmar el proceso de acceso.","Contact the organization directly to confirm how to access the service.","","","","","Condado de Williamson","Williamson County","844-309-6385","","","","","","","","","","Williamson","","","https://bbtrails.org/substance-use-services/","","","2026-09-02","Piloto de Bluebonnet Project HOPE. Fuente oficial consultada el 2026-09-02. Registro consolidado a partir de “Resources Spreadsheet.xlsx”; requiere revisión administrativa antes de publicar."
"Oxford Homes","Tratamiento y recuperación","Treatment and recovery","Ofrece evaluación, tratamiento, recuperación o referencias relacionadas con el consumo de sustancias.","Provides assessment, treatment, recovery support, or referrals related to substance use.","Ofrece evaluación, tratamiento, recuperación o referencias relacionadas con el consumo de sustancias.","Sober living homes available in various locations. See website to search preferred area/availability. Most allow immediate move-in upon approval and provide grace period to find a job.","oxford-homes-community-support-williamson","salud","","tratamiento|recuperación","treatment|recovery","","online","unknown","","","","","Consulte el sitio oficial y siga el proceso de solicitud indicado.","Visit the official website and follow its application process.","","","","","Condado de Williamson; Condado de Bastrop; Condado de Caldwell; Condado de Fayette; Condado de Gonzales; Condado de Guadalupe; Condado de Lee; Condado de Burnet; Condado de Travis","Williamson County; Bastrop County; Caldwell County; Fayette County; Gonzales County; Guadalupe County; Lee County; Burnet County; Travis County","","","","","https://www.oxfordvacancies.com/?state=&county=&gender=&q=&openOnly=true&openOnly=false&sort=&dir=","","","","","","","","","https://www.oxfordvacancies.com/?state=&county=&gender=&q=&openOnly=true&openOnly=false&sort=&dir=","","","","Piloto de Bluebonnet Project HOPE. Registro consolidado a partir de “Resources Spreadsheet.xlsx”; requiere revisión administrativa antes de publicar."
"Capital Area Rutal Transportation Systems (CARTS)","Apoyo de transporte","Transportation support","Ofrece transporte, coordinación de viajes o asistencia con gastos de traslado.","Provides transportation, ride coordination, or travel-expense assistance.","Ofrece transporte, coordinación de viajes o asistencia con gastos de traslado.","A reservationist will call you back within 24hrs to give you the status of your ride request. If you are needing to book your ride sooner than that please contact via phone. Reservation Center Hours are Mon-Fri 7am-4:30pm. Ride reservation is not made until a CARTS Reservationist gives you a call back to confirm the reservation. If you need to schedule a next-day ride you must schedule the ride by calling.","capital-area-rutal-transportation-systems-carts-transportation-williamson","transporte","","apoyo|transporte","transportation|support","","phone|online","unknown","","","","","Llame al programa para confirmar elegibilidad, disponibilidad y próximos pasos.","Call the program to confirm eligibility, availability, and next steps.","Centro de reservaciones: lunes a viernes, 7:00 a.m.–4:30 p.m.","Reservation center: Monday–Friday, 7:00 a.m.–4:30 p.m.","","","Condado de Williamson; Condado de Bastrop; Condado de Caldwell; Condado de Fayette; Condado de Lee; Condado de Burnet; Condado de Travis","Williamson County; Bastrop County; Caldwell County; Fayette County; Lee County; Burnet County; Travis County","512-478-7433","","","","https://www.ridecarts.com/","","","","","","","","","https://www.ridecarts.com/","","true","","Piloto de Bluebonnet Project HOPE. Registro consolidado a partir de “Resources Spreadsheet.xlsx”; requiere revisión administrativa antes de publicar."
"The Kind Clinic","Salud sexual y atención inclusiva","Sexual health and inclusive care","Ofrece servicios de salud sexual o atención inclusiva, según el programa.","Provides sexual-health services or inclusive care, depending on the program.","Ofrece servicios de salud sexual o atención inclusiva, según el programa.","HIV care, intersex care, gender-affirming care, access to medication to prevent HIV. Virtual services available. Walk-in STI testing and treatment.","the-kind-clinic-community-support-williamson","salud","","salud|sexual|atención|inclusiva","sexual|health|inclusive|care","","in_person|phone|online","unknown","","","","","Confirme el horario vigente; se aceptan visitas sin cita según disponibilidad.","Confirm current hours; walk-ins are accepted subject to availability.","","","","","Condado de Williamson; Condado de Bastrop; Condado de Caldwell; Condado de Fayette; Condado de Gonzales; Condado de Guadalupe; Condado de Lee; Condado de Burnet; Condado de Travis","Williamson County; Bastrop County; Caldwell County; Fayette County; Gonzales County; Guadalupe County; Lee County; Burnet County; Travis County","833-937-5463","","","","https://kindclinic.org/","Operates clinics in 4 locations (Austin South, Austin Koenig, San Antonio, dallas)","","","TX","","","","","https://kindclinic.org/","","","","Piloto de Bluebonnet Project HOPE. Registro consolidado a partir de “Resources Spreadsheet.xlsx”; requiere revisión administrativa antes de publicar."
"Community Action for Central Texas - Adult Education","Educación para adultos","Adult education","Ofrece educación para adultos, preparación académica o desarrollo de habilidades. Ofrece búsqueda de empleo, capacitación o apoyo para incorporarse a la fuerza laboral.","Provides adult education, academic preparation, or skills development. Provides job-search, training, or workforce-entry support.","Ofrece educación para adultos, preparación académica o desarrollo de habilidades. Ofrece búsqueda de empleo, capacitación o apoyo para incorporarse a la fuerza laboral. Ayuda con tarjetas del Seguro Social y beneficios como SSI, SSDI, sobrevivientes o Medicare.","The Adult Education Program offers courses tailored for adults to develop foundational educational skills, improve workplace literacy, enhance digital literacy, facilitate English language acquisition, and achieve a High School Equivalency (GED) diploma. These classes are designed to support learners in attaining essential competencies for personal development, employment, and ongoing educational opportunities. Our free, in-person and online classes include: High School Equivalency (GED preparation) in English and Spanish, English for Speakers of Other Languages (ESL), Career Training, Digital Literacy, Distance Education, College Preparation, English for Internationally Trained Professionals","community-action-for-central-texas-adult-education-education-and-employment-san-marcos","educacion","otros-recursos|recursos-financieros","educación|para|adultos|empleo|capacitación|laboral|beneficios|seguro|social","adult|education|employment|training|social|security|benefits","en|es","in_person|phone|online","free","","","","","Consulte el sitio oficial y siga el proceso de solicitud indicado.","Visit the official website and follow its application process.","","","","","Condado de Williamson; Condado de Bastrop; Condado de Caldwell; Condado de Fayette; Condado de Lee; Condado de Burnet; Condado de Travis","Williamson County; Bastrop County; Caldwell County; Fayette County; Lee County; Burnet County; Travis County","737-331-0372","","","adulted@communityaction.com","https://www.communityaction.com/adulteducation","215 S. Reimer Ste 130","","San Marcos","TX","78666","","29.852272672502","-97.97683295747","https://www.communityaction.com/adulteducation","","","","Piloto de Bluebonnet Project HOPE. Registro consolidado a partir de “Resources Spreadsheet.xlsx”; requiere revisión administrativa antes de publicar. Geocodificación Census Bureau: Non_Exact; dirección normalizada: 215 REIMER AVE, SAN MARCOS, TX, 78666."
"Airtalk Wireless","Servicio telefónico Lifeline","Lifeline phone service","Ofrece servicio telefónico mediante el beneficio federal Lifeline para personas que califican. Ofrece cuidado infantil, educación temprana o apoyo para niños y sus familias.","Provides phone service through the federal Lifeline benefit for eligible applicants. Provides child care, early education, or support for children and families.","Ofrece servicio telefónico mediante el beneficio federal Lifeline para personas que califican. Ofrece cuidado infantil, educación temprana o apoyo para niños y sus familias. Ofrece apoyo confidencial, planificación de seguridad y recursos para sobrevivientes de violencia o agresión sexual. Ayuda con tarjetas del Seguro Social y beneficios como SSI, SSDI, sobrevivientes o Medicare.","A consumer can qualify for the Lifeline benefit if their income is 135% or less than the federal poverty guidelines, has no income, or if they participate in: SNAP/Food Stamps, Medicaid, Supplemental Security Income (SSI), Federal Public Housing Assistance (FPHA), Veterans & Survivors Pension Benefit, Bureau of Indian Affairs, General Assistance, Tribally-Administered Temporary Assistance to Needy Families (TANF), Tribal Head Start, Food Distribution Program on Indian Reservations (FDPIR)","airtalk-wireless-community-support-williamson","otros-recursos","ayuda-legal|recursos-financieros","servicio|telefónico|lifeline|apoyo|para|niños|familias|sobrevivientes|beneficios|seguro|social","lifeline|phone|service|child|family|support|survivor|social|security|benefits","","online","unknown","Se aplican límites de ingreso del programa. Dirigido a veteranos, cuidadores o familias militares según el programa. Debe cumplir los límites de ingreso de Lifeline o participar en un programa federal elegible.","Program income limits apply. For Veterans, caregivers, or military families as defined by the program. Must meet Lifeline income limits or participate in an eligible federal assistance program.","","","Comuníquese directamente con la organización para confirmar el proceso de acceso.","Contact the organization directly to confirm how to access the service.","","","","","Condado de Williamson; Condado de Bastrop; Condado de Caldwell; Condado de Fayette; Condado de Gonzales; Condado de Guadalupe; Condado de Lee; Condado de Burnet; Condado de Travis","Williamson County; Bastrop County; Caldwell County; Fayette County; Gonzales County; Guadalupe County; Lee County; Burnet County; Travis County","","","","","https://airtalkwireless.com/","","","","","","","","","https://airtalkwireless.com/","","true","","Piloto de Bluebonnet Project HOPE. Registro consolidado a partir de “Resources Spreadsheet.xlsx”; requiere revisión administrativa antes de publicar."
"Assurance Wireless","Servicio telefónico Lifeline","Lifeline phone service","Ofrece servicio telefónico mediante el beneficio federal Lifeline para personas que califican. Ofrece cuidado infantil, educación temprana o apoyo para niños y sus familias.","Provides phone service through the federal Lifeline benefit for eligible applicants. Provides child care, early education, or support for children and families.","Ofrece servicio telefónico mediante el beneficio federal Lifeline para personas que califican. Ofrece cuidado infantil, educación temprana o apoyo para niños y sus familias. Ofrece apoyo confidencial, planificación de seguridad y recursos para sobrevivientes de violencia o agresión sexual. Ayuda con tarjetas del Seguro Social y beneficios como SSI, SSDI, sobrevivientes o Medicare.","Enrollment is available to individuals who qualify based on federal or state-specific eligibility criteria. You may qualify if you or a member of your household participate in one of these assistance programs: Medicaid/Medi-Cal, Supplemental Nutrition Assistance Program (Food Stamps or SNAP)/CalFresh, Supplemental Security Income, Federal Public Housing Assistance, Bureau of Indian Affairs General Assistance, Tribally-Administered Temporary Assistance for Needy Families, Food Distribution Program on Indian Reservations, Tribal Head Start, Veterans and Survivors Pension Benefit You can also qualify based on household income.","assurance-wireless-community-support-williamson","otros-recursos","ayuda-legal|recursos-financieros","servicio|telefónico|lifeline|apoyo|para|niños|familias|sobrevivientes|beneficios|seguro|social","lifeline|phone|service|child|family|support|survivor|social|security|benefits","","online","unknown","Dirigido a veteranos, cuidadores o familias militares según el programa. Debe cumplir los límites de ingreso de Lifeline o participar en un programa federal elegible.","For Veterans, caregivers, or military families as defined by the program. Must meet Lifeline income limits or participate in an eligible federal assistance program.","","","Comuníquese directamente con la organización para confirmar el proceso de acceso.","Contact the organization directly to confirm how to access the service.","","","","","Condado de Williamson; Condado de Bastrop; Condado de Caldwell; Condado de Fayette; Condado de Gonzales; Condado de Guadalupe; Condado de Lee; Condado de Burnet; Condado de Travis","Williamson County; Bastrop County; Caldwell County; Fayette County; Gonzales County; Guadalupe County; Lee County; Burnet County; Travis County","","","","","https://www.assurancewireless.com/partner/bust","","","","","","","","","https://www.assurancewireless.com/partner/bust","","true","","Piloto de Bluebonnet Project HOPE. Registro consolidado a partir de “Resources Spreadsheet.xlsx”; requiere revisión administrativa antes de publicar."
"Furrbaby food pantry","Despensa de alimentos","Food pantry","Ofrece alimentos o comestibles para personas y familias. Ofrece orientación o asistencia relacionada con renta, hipoteca o estabilidad de vivienda.","Provides food or groceries for individuals and families. Offers guidance or assistance related to rent, mortgage, or housing stability.","Ofrece alimentos o comestibles para personas y familias. Ofrece orientación o asistencia relacionada con renta, hipoteca o estabilidad de vivienda. Ofrece alimentos y, según disponibilidad, suministros para mascotas.","There are no residency requirements - serves anyone who can make it to their pantry. For pet food, clients are required to submit a request online at Furrbabyfoodpantry.org the day before pickup. With individuals that do not have reliable access to a phone, computer, or email- they work directly with service providers or make accommodations on a case-by-case basis. A staff member can reach out on a client's behalf to can help coordinate food and supplies. Often have free essential supplies available, including leashes, collars, bowls, blankets, toys, treats, harnesses, and other donated pet items, depending on current inventory.","furrbaby-food-pantry-community-support-williamson","comida","vivienda|otros-recursos","despensa|alimentos|asistencia|vivienda|para|mascotas","food|pantry|housing|assistance","","in_person|phone|online","free","No hay requisito de residencia; debe poder acudir a la despensa.","No residency requirement; the client must be able to reach the pantry.","","","Envíe la solicitud en línea el día anterior a recoger los alimentos para mascotas. Si no tiene acceso confiable a tecnología, pida a un proveedor de servicios que coordine una adaptación.","Submit the online request the day before pet-food pickup. If reliable technology is unavailable, ask a service provider to coordinate an accommodation.","","","","","Condado de Williamson; Condado de Bastrop; Condado de Caldwell; Condado de Fayette; Condado de Gonzales; Condado de Guadalupe; Condado de Lee; Condado de Burnet; Condado de Travis","Williamson County; Bastrop County; Caldwell County; Fayette County; Gonzales County; Guadalupe County; Lee County; Burnet County; Travis County","626-536-0979","","","furrbabyfoodpantry@gmail.com","https://www.furrbabyfoodpantry.org/","1603 Northwest Blvd. Georgetown, TX 78628","","","TX","78628","","","","https://www.furrbabyfoodpantry.org/","","","","Piloto de Bluebonnet Project HOPE. Registro consolidado a partir de “Resources Spreadsheet.xlsx”; requiere revisión administrativa antes de publicar."
"Austin Humane Society","Despensa de alimentos","Food pantry","Ofrece alimentos o comestibles para personas y familias. Ofrece orientación o asistencia relacionada con renta, hipoteca o estabilidad de vivienda.","Provides food or groceries for individuals and families. Offers guidance or assistance related to rent, mortgage, or housing stability.","Ofrece alimentos o comestibles para personas y familias. Ofrece orientación o asistencia relacionada con renta, hipoteca o estabilidad de vivienda. Ayuda a encontrar un nuevo hogar o cuidado temporal para mascotas.","Food pantry and rehoming services available. Food pantry currently on pause as of 8/17/26 check back on website for update","austin-humane-society-community-support-williamson","comida","vivienda|otros-recursos","despensa|alimentos|asistencia|vivienda|reubicación|mascotas","food|pantry|housing|assistance|rehoming","","in_person|phone|online","unknown","","","","","Consulte el sitio oficial y siga el proceso de solicitud indicado.","Visit the official website and follow its application process.","","","","","Condado de Williamson; Condado de Travis","Williamson County; Travis County","512-646-7387","","","petfoodpantry@austinhumanesociety.org","https://austinhumanesociety.org/","124 Anderson Ln. Austin, TX 78752","","","TX","78752","","","","https://austinhumanesociety.org/","","","","Piloto de Bluebonnet Project HOPE. Registro consolidado a partir de “Resources Spreadsheet.xlsx”; requiere revisión administrativa antes de publicar."
"FANS of WCRAS","Asistencia económica para mascotas","Pet financial assistance","Ofrece subvenciones o ayuda económica limitada para necesidades de mascotas, sujeta a elegibilidad y fondos disponibles.","Offers limited grants or financial help for pet needs, subject to eligibility and available funds.","Ofrece subvenciones o ayuda económica limitada para necesidades de mascotas, sujeta a elegibilidad y fondos disponibles.","Can help with medical bills, pet deposits","fans-of-wcras-community-support-williamson","recursos-financieros","","asistencia|económica|para|mascotas","financial|assistance","","online","unknown","","","","","Comuníquese directamente con la organización para confirmar el proceso de acceso.","Contact the organization directly to confirm how to access the service.","","","","","Condado de Williamson","Williamson County","","","","assistance@fansofwcras.com","https://fansofwcras.com/","","","","","","Williamson","","","https://fansofwcras.com/","","","","Piloto de Bluebonnet Project HOPE. Registro consolidado a partir de “Resources Spreadsheet.xlsx”; requiere revisión administrativa antes de publicar."
"Red Rover Relief","Asistencia económica para mascotas","Pet financial assistance","Ofrece subvenciones o ayuda económica limitada para necesidades de mascotas, sujeta a elegibilidad y fondos disponibles.","Offers limited grants or financial help for pet needs, subject to eligibility and available funds.","Ofrece subvenciones o ayuda económica limitada para necesidades de mascotas, sujeta a elegibilidad y fondos disponibles.","Grants to cover urgent medical care","red-rover-relief-community-support-williamson","recursos-financieros","","asistencia|económica|para|mascotas","financial|assistance","","phone|online","unknown","","","","","Comuníquese directamente con la organización para confirmar el proceso de acceso.","Contact the organization directly to confirm how to access the service.","","","","","Condado de Williamson; Condado de Bastrop; Condado de Caldwell; Condado de Fayette; Condado de Gonzales; Condado de Guadalupe; Condado de Lee; Condado de Burnet; Condado de Travis","Williamson County; Bastrop County; Caldwell County; Fayette County; Gonzales County; Guadalupe County; Lee County; Burnet County; Travis County","916-429-2457","","","info@redrover.org","https://redrover.org/relief/urgent-care-grants/","","","","","","","","","https://redrover.org/relief/urgent-care-grants/","","","","Piloto de Bluebonnet Project HOPE. Registro consolidado a partir de “Resources Spreadsheet.xlsx”; requiere revisión administrativa antes de publicar."
"Emancipet","Atención veterinaria","Veterinary care","Ofrece servicios veterinarios preventivos o de tratamiento para mascotas. Ofrece atención dental o ayuda para acceder a servicios dentales.","Provides preventive or treatment-oriented veterinary services for pets. Provides dental care or help accessing dental services.","Ofrece servicios veterinarios preventivos o de tratamiento para mascotas. Ofrece atención dental o ayuda para acceder a servicios dentales.","checkups, vaccines/shots, microchips, flea/tick preventative care, spay/neuter, surgery, dental services, heartworm treatment, urgent care. Austin mobile veterinary clinic offers free or discounted services for pets who live in the City of Austin or Travis County. Serving outside of Travis County- Spay and neuter services are available at our regional mobile clinics by appointment only. Call or book online. Drop off time is 7:30 a.m. Please note there are limited spaces available.","emancipet-community-support-williamson","salud","","atención|veterinaria|dental","veterinary|care|dental","","phone|online","free","","","","","Llame para confirmar elegibilidad y solicitar una cita.","Call to confirm eligibility and request an appointment.","","","","","Condado de Williamson; Condado de Bastrop; Condado de Caldwell; Condado de Fayette; Condado de Gonzales; Condado de Guadalupe; Condado de Lee; Condado de Burnet","Williamson County; Bastrop County; Caldwell County; Fayette County; Gonzales County; Guadalupe County; Lee County; Burnet County","512-587-7729","","","","https://emancipet.org/find-your-clinic/","","","","","","","","","https://emancipet.org/find-your-clinic/","","","","Piloto de Bluebonnet Project HOPE. Registro consolidado a partir de “Resources Spreadsheet.xlsx”; requiere revisión administrativa antes de publicar."
"Texas Humane Heroes","Atención veterinaria","Veterinary care","Ofrece servicios veterinarios preventivos o de tratamiento para mascotas.","Provides preventive or treatment-oriented veterinary services for pets.","Ofrece servicios veterinarios preventivos o de tratamiento para mascotas.","vaccinations, spay/neuter, heartworm treatment, and other clinic services provided No walk-in appointments","texas-humane-heroes-community-support-williamson","salud","","atención|veterinaria","veterinary|care","","in_person|phone|online","unknown","","","","","Confirme el horario vigente; se aceptan visitas sin cita según disponibilidad.","Confirm current hours; walk-ins are accepted subject to availability.","","","","","Condado de Williamson; Condado de Bastrop; Condado de Caldwell; Condado de Fayette; Condado de Gonzales; Condado de Guadalupe; Condado de Lee; Condado de Burnet; Condado de Travis","Williamson County; Bastrop County; Caldwell County; Fayette County; Gonzales County; Guadalupe County; Lee County; Burnet County; Travis County","512-260-3602","","","info@txhh.org","https://humaneheroes.org/low-cost-clinics/","10930 E. Crystal Falls Parkway Leander, TX 78641","","","TX","78641","","30.569857977079","-97.805083417623","https://humaneheroes.org/low-cost-clinics/","","","","Piloto de Bluebonnet Project HOPE. Registro consolidado a partir de “Resources Spreadsheet.xlsx”; requiere revisión administrativa antes de publicar. Geocodificación Census Bureau: Non_Exact; dirección normalizada: 10930 E CRYSTAL FALLS PKWY, LEANDER, TX, 78641."
"Dr. Tarlton","Atención veterinaria","Veterinary care","Ofrece servicios veterinarios preventivos o de tratamiento para mascotas.","Provides preventive or treatment-oriented veterinary services for pets.","Ofrece servicios veterinarios preventivos o de tratamiento para mascotas.","Yearly vaccines $25","dr-tarlton-community-support-williamson","salud","","atención|veterinaria","veterinary|care","","phone|online","paid","","","","","Comuníquese directamente con la organización para confirmar el proceso de acceso.","Contact the organization directly to confirm how to access the service.","","","","","Condado de Williamson; Condado de Bastrop; Condado de Caldwell; Condado de Fayette; Condado de Gonzales; Condado de Guadalupe; Condado de Lee; Condado de Burnet; Condado de Travis","Williamson County; Bastrop County; Caldwell County; Fayette County; Gonzales County; Guadalupe County; Lee County; Burnet County; Travis County","512-656-8217","","","petclinicprereg@gmail.com","https://www.facebook.com/PetVaccinationClinic/","","","","","","","","","https://www.facebook.com/PetVaccinationClinic/","","","","Piloto de Bluebonnet Project HOPE. Registro consolidado a partir de “Resources Spreadsheet.xlsx”; requiere revisión administrativa antes de publicar."
"Pop-Up Pet Vax","Atención veterinaria","Veterinary care","Ofrece servicios veterinarios preventivos o de tratamiento para mascotas.","Provides preventive or treatment-oriented veterinary services for pets.","Ofrece servicios veterinarios preventivos o de tratamiento para mascotas.","vaccines, heartworm prevention, flea and tick prevention Walk-ins welcomed","pop-up-pet-vax-community-support-williamson","salud","","atención|veterinaria","veterinary|care","","online","unknown","","","","","Confirme el horario vigente; se aceptan visitas sin cita según disponibilidad.","Confirm current hours; walk-ins are accepted subject to availability.","","","","","Condado de Williamson; Condado de Bastrop; Condado de Caldwell; Condado de Fayette; Condado de Gonzales; Condado de Guadalupe; Condado de Lee; Condado de Burnet; Condado de Travis","Williamson County; Bastrop County; Caldwell County; Fayette County; Gonzales County; Guadalupe County; Lee County; Burnet County; Travis County","","","","info@popuppetvax.com","https://popuppetvax.com/","","","","","","","","","https://popuppetvax.com/","","","","Piloto de Bluebonnet Project HOPE. Registro consolidado a partir de “Resources Spreadsheet.xlsx”; requiere revisión administrativa antes de publicar."
"Williamson County Regional Animal Shelter","Atención veterinaria","Veterinary care","Ofrece servicios veterinarios preventivos o de tratamiento para mascotas. Ofrece orientación o asistencia relacionada con renta, hipoteca o estabilidad de vivienda.","Provides preventive or treatment-oriented veterinary services for pets. Offers guidance or assistance related to rent, mortgage, or housing stability.","Ofrece servicios veterinarios preventivos o de tratamiento para mascotas. Ofrece orientación o asistencia relacionada con renta, hipoteca o estabilidad de vivienda. Ayuda a encontrar un nuevo hogar o cuidado temporal para mascotas. Ofrece refugio, rehabilitación o apoyo comunitario para animales, según el programa.","Free spay/neuter service for stray, feral, or free-roaming cats in our service area. Left un-fixed, free-roaming cat populations quickly grow out of control. Microchips, Military Pet Resources, PetHub Tags, Pet Registration, Rehoming View rental properties and apartments with no breed discrimination.","williamson-county-regional-animal-shelter-community-support-williamson","salud","vivienda|otros-recursos","atención|veterinaria|asistencia|vivienda|reubicación|mascotas|refugio|apoyo|para|animales","veterinary|care|housing|assistance|rehoming|animal|shelter|support","","in_person|phone|online","free","","","","","Confirme el horario, la disponibilidad y los requisitos antes de acudir.","Confirm hours, availability, and requirements before visiting.","","","","","Condado de Williamson","Williamson County","512-943-3322","","","","https://www.wilcotx.gov/pets","1855 SE Inner Loop Georgetown, TX 78626","","","TX","78626","Williamson","30.615938999632","-97.655511594455","https://www.wilcotx.gov/pets","","","","Piloto de Bluebonnet Project HOPE. Registro consolidado a partir de “Resources Spreadsheet.xlsx”; requiere revisión administrativa antes de publicar. Geocodificación Census Bureau: Non_Exact; dirección normalizada: 1855 SE INNER LOOP, GEORGETOWN, TX, 78626."
"APA's P.A.S.S Program","Reubicación de mascotas","Pet rehoming","Ayuda a encontrar un nuevo hogar o cuidado temporal para mascotas. Ayuda con tarjetas del Seguro Social y beneficios como SSI, SSDI, sobrevivientes o Medicare.","Helps find a new home or temporary care for pets. Helps with Social Security cards and benefits such as SSI, SSDI, survivor benefits, or Medicare.","Ayuda a encontrar un nuevo hogar o cuidado temporal para mascotas. Ayuda con tarjetas del Seguro Social y beneficios como SSI, SSDI, sobrevivientes o Medicare. Ayuda a localizar servicios comunitarios y coordinar referencias.","Positive Alternatives to Shelter Surrender program (PASS) offers case management, resources, and services to pet owners As of 8/17/26- Please note that some of these resources may be limited or unavailable at this time. If we are not able to provide direct assistance, we will provide a referral.","apa-s-p-a-s-s-program-community-support-williamson","otros-recursos","recursos-financieros","reubicación|mascotas|beneficios|seguro|social|navegación|recursos","rehoming|social|security|benefits|resource|navigation","","online","unknown","","","","","Comuníquese directamente con la organización para confirmar el proceso de acceso.","Contact the organization directly to confirm how to access the service.","","","","","Condado de Williamson; Condado de Bastrop; Condado de Caldwell; Condado de Fayette; Condado de Gonzales; Condado de Guadalupe; Condado de Lee; Condado de Burnet; Condado de Travis","Williamson County; Bastrop County; Caldwell County; Fayette County; Gonzales County; Guadalupe County; Lee County; Burnet County; Travis County","","","","","https://www.facebook.com/groups/PassAPA","","","","","","","","","https://www.facebook.com/groups/PassAPA","","true","","Piloto de Bluebonnet Project HOPE. Registro consolidado a partir de “Resources Spreadsheet.xlsx”; requiere revisión administrativa antes de publicar."
"Rehome by Adopt a Pet","Reubicación de mascotas","Pet rehoming","Ayuda a encontrar un nuevo hogar o cuidado temporal para mascotas.","Helps find a new home or temporary care for pets.","Ayuda a encontrar un nuevo hogar o cuidado temporal para mascotas.","Must create an account, pay a small one-time listing fee per pet, and publish their profile to reach millions of potential adopters. You can review applications to find the right home for your pet—with our support at every step.","rehome-by-adopt-a-pet-community-support-williamson","otros-recursos","","reubicación|mascotas","rehoming","","online","paid","","","","","Consulte el sitio oficial y siga el proceso de solicitud indicado.","Visit the official website and follow its application process.","","","","","Condado de Williamson; Condado de Bastrop; Condado de Caldwell; Condado de Fayette; Condado de Gonzales; Condado de Guadalupe; Condado de Lee; Condado de Burnet; Condado de Travis","Williamson County; Bastrop County; Caldwell County; Fayette County; Gonzales County; Guadalupe County; Lee County; Burnet County; Travis County","","","","","https://rehome.adoptapet.com/","","","","","","","","","https://rehome.adoptapet.com/","","","","Piloto de Bluebonnet Project HOPE. Registro consolidado a partir de “Resources Spreadsheet.xlsx”; requiere revisión administrativa antes de publicar."
"Home to Home","Reubicación de mascotas","Pet rehoming","Ayuda a encontrar un nuevo hogar o cuidado temporal para mascotas. Ayuda con tarjetas del Seguro Social y beneficios como SSI, SSDI, sobrevivientes o Medicare.","Helps find a new home or temporary care for pets. Helps with Social Security cards and benefits such as SSI, SSDI, survivor benefits, or Medicare.","Ayuda a encontrar un nuevo hogar o cuidado temporal para mascotas. Ayuda con tarjetas del Seguro Social y beneficios como SSI, SSDI, sobrevivientes o Medicare.","The platform works by allowing an individual to post a profile with pictures of their pet, which is then listed and shared with individuals and families who are interested in adopting a pet. Our mission is to keep animals out of shelters, and instead, rehome them with loving families. Temporary foster care follows the same process as re-homing for those facing a housing crisis, medical challenges, or other emergencies.","home-to-home-community-support-williamson","otros-recursos","recursos-financieros","reubicación|mascotas|beneficios|seguro|social","rehoming|social|security|benefits","","online","unknown","","","","","Consulte el sitio oficial y siga el proceso de solicitud indicado.","Visit the official website and follow its application process.","","","","","Condado de Williamson; Condado de Bastrop; Condado de Caldwell; Condado de Fayette; Condado de Gonzales; Condado de Guadalupe; Condado de Lee; Condado de Burnet; Condado de Travis","Williamson County; Bastrop County; Caldwell County; Fayette County; Gonzales County; Guadalupe County; Lee County; Burnet County; Travis County","","","","","https://home-home.org/","","","","","","","","","https://home-home.org/","","true","","Piloto de Bluebonnet Project HOPE. Registro consolidado a partir de “Resources Spreadsheet.xlsx”; requiere revisión administrativa antes de publicar."
"Williamson County Regional Animal Shelter","Refugio y apoyo para animales","Animal shelter and support","Ofrece refugio, rehabilitación o apoyo comunitario para animales, según el programa.","Provides shelter, rehabilitation, or community support for animals, depending on the program.","Ofrece refugio, rehabilitación o apoyo comunitario para animales, según el programa.","Provides services related to community support. Contact the organization to confirm eligibility and availability.","williamson-county-regional-animal-shelter-community-support-williamson-2","otros-recursos","","refugio|apoyo|para|animales","animal|shelter|support","","in_person|phone|online","unknown","","","","","Confirme el horario, la disponibilidad y los requisitos antes de acudir.","Confirm hours, availability, and requirements before visiting.","","","","","Condado de Williamson","Williamson County","512-943-3322","","","","https://www.wilcotx.gov/pets","1855 SE Inner Loop Georgetown, TX 78626","","","TX","78626","Williamson","30.615938999632","-97.655511594455","https://www.wilcotx.gov/pets","","","","Piloto de Bluebonnet Project HOPE. Registro consolidado a partir de “Resources Spreadsheet.xlsx”; requiere revisión administrativa antes de publicar. Geocodificación Census Bureau: Non_Exact; dirección normalizada: 1855 SE INNER LOOP, GEORGETOWN, TX, 78626."
"Ferallife Guards","Refugio y apoyo para animales","Animal shelter and support","Ofrece refugio, rehabilitación o apoyo comunitario para animales, según el programa.","Provides shelter, rehabilitation, or community support for animals, depending on the program.","Ofrece refugio, rehabilitación o apoyo comunitario para animales, según el programa.","Provide services, including rehab and sanctuary, for unwanted or abandoned felines. Provide support services to trappers, feeders, colony managers and fosters that are part of a Community TNR Program. Provide support services to TNR colony managers and cat and dog fosters that are affected by natural disasters.","ferallife-guards-community-support-leander","otros-recursos","","refugio|apoyo|para|animales","animal|shelter|support","","in_person|online","unknown","","","","","Confirme el horario, la disponibilidad y los requisitos antes de acudir.","Confirm hours, availability, and requirements before visiting.","","","","","Condado de Williamson; Condado de Travis","Williamson County; Travis County","","","","info@ferallifeguards.com","https://ferallifeguards.com/","3550 N Lakeline Blvd, Ste 170-1330, Leander, TX 78641-3504","","Leander","TX","78641","","30.544431179945","-97.864080904301","https://ferallifeguards.com/","","","","Piloto de Bluebonnet Project HOPE. Registro consolidado a partir de “Resources Spreadsheet.xlsx”; requiere revisión administrativa antes de publicar. Geocodificación Census Bureau: Non_Exact; dirección normalizada: 3550 N LAKELINE BLVD, LEANDER, TX, 78641."
"Central Texas Feline Rescue","Atención veterinaria","Veterinary care","Ofrece servicios veterinarios preventivos o de tratamiento para mascotas.","Provides preventive or treatment-oriented veterinary services for pets.","Ofrece servicios veterinarios preventivos o de tratamiento para mascotas.","A non-profir organization that Traps, Neuter (or spay) Release and manage cats in feral colonies in the Austin/Round Rock area, and then maintain them through feeding and care.","central-texas-feline-rescue-community-support-williamson","salud","","atención|veterinaria","veterinary|care","","online","unknown","","","","","Comuníquese directamente con la organización para confirmar el proceso de acceso.","Contact the organization directly to confirm how to access the service.","","","","","Condado de Williamson; Condado de Travis","Williamson County; Travis County","","","","ebrumbaugh@outlook.com","https://www.centraltexasfelinerescue.com/","","","","","","","","","https://www.centraltexasfelinerescue.com/","","","","Piloto de Bluebonnet Project HOPE. Registro consolidado a partir de “Resources Spreadsheet.xlsx”; requiere revisión administrativa antes de publicar."
"Hope Alliance","Refugio y vivienda temporal","Shelter and temporary housing","Ofrece refugio de emergencia o apoyo de vivienda temporal.","Provides emergency shelter or temporary housing support.","Ofrece refugio de emergencia o apoyo de vivienda temporal.","shelter for women and children","hope-alliance-community-support-williamson","vivienda","","refugio|vivienda|temporal","shelter|temporary|housing","","phone|online","unknown","","","","","Comuníquese directamente con la organización para confirmar el proceso de acceso.","Contact the organization directly to confirm how to access the service.","","","","","Condado de Williamson","Williamson County","800-460-7233","","","","https://www.hopealliancetx.org/","","","","","","Williamson","","","https://www.hopealliancetx.org/","","true","","Piloto de Bluebonnet Project HOPE. Registro consolidado a partir de “Resources Spreadsheet.xlsx”; requiere revisión administrativa antes de publicar."
"Halcyon Home","Cuidados de hospicio","Hospice care","Ofrece cuidados de hospicio y apoyo para pacientes y sus familias. Ayuda con tarjetas del Seguro Social y beneficios como SSI, SSDI, sobrevivientes o Medicare.","Provides hospice care and support for patients and families. Helps with Social Security cards and benefits such as SSI, SSDI, survivor benefits, or Medicare.","Ofrece cuidados de hospicio y apoyo para pacientes y sus familias. Ayuda con tarjetas del Seguro Social y beneficios como SSI, SSDI, sobrevivientes o Medicare.","Hospice care is provided by a team of professionals, including doctors, nurses, counselors, and volunteers. The team works together to develop a plan of care that meets the individual needs of the patient and their family.","halcyon-home-health-and-personal-support-austin-2","salud","recursos-financieros","cuidados|hospicio|beneficios|seguro|social","hospice|care|social|security|benefits","","in_person|phone|online","unknown","","","","","Confirme el horario, la disponibilidad y los requisitos antes de acudir.","Confirm hours, availability, and requirements before visiting.","","","","","Condado de Bastrop; Condado de Caldwell; Condado de Fayette; Condado de Gonzales; Condado de Guadalupe; Condado de Lee; Condado de Burnet; Condado de Travis","Bastrop County; Caldwell County; Fayette County; Gonzales County; Guadalupe County; Lee County; Burnet County; Travis County","512-815-9009","","","info@halcyonhome.com","https://halcyonhome.com/","8133 Mesa Dr. Ste 200","","Austin","TX","78759","","30.372050005559","-97.756916704073","https://halcyonhome.com/","","true","","Piloto de Bluebonnet Project HOPE. Registro consolidado a partir de “Resources Spreadsheet.xlsx”; requiere revisión administrativa antes de publicar. Geocodificación Census Bureau: Exact; dirección normalizada: 8133 MESA DR, AUSTIN, TX, 78759."
"Texas Utiliy Help","Asistencia con servicios públicos","Utility assistance","Ofrece apoyo con facturas de electricidad, gas, agua u otros servicios públicos, sujeto a disponibilidad. Ofrece orientación o asistencia relacionada con renta, hipoteca o estabilidad de vivienda.","Offers help with electric, gas, water, or other utility bills, subject to availability. Offers guidance or assistance related to rent, mortgage, or housing stability.","Ofrece apoyo con facturas de electricidad, gas, agua u otros servicios públicos, sujeto a disponibilidad. Ofrece orientación o asistencia relacionada con renta, hipoteca o estabilidad de vivienda. Ayuda con tarjetas del Seguro Social y beneficios como SSI, SSDI, sobrevivientes o Medicare.","Texas Utility Help can give financial assistance to qualified Texas homeowners and renters with low income. Eligible expenses include water and wastewater.","texas-utiliy-help-housing-and-financial-assistance-bastrop","recursos-financieros","vivienda","asistencia|servicios|públicos|vivienda|beneficios|seguro|social","utility|assistance|housing|social|security|benefits","","","unknown","Se aplican límites de ingreso del programa.","Program income limits apply.","","","Comuníquese directamente con la organización para confirmar el proceso de acceso.","Contact the organization directly to confirm how to access the service.","","","","","Condado de Bastrop","Bastrop County","","","","","","","","","","","Bastrop","","","https://bluebonnetmhmr.sharepoint.com/:b:/s/HomelessPrevention-WilliamsonCounty/IQC40TlLEXaSTYznmTtKJaaGAXtBnuNwmWkEuRyUdhv7Wic?e=uePORz","","","","Piloto de Bluebonnet Project HOPE. Registro consolidado a partir de “Resources Spreadsheet.xlsx”; requiere revisión administrativa antes de publicar."
"Combined Community Action, Inc.","Asistencia con servicios públicos","Utility assistance","Ofrece apoyo con facturas de electricidad, gas, agua u otros servicios públicos, sujeto a disponibilidad. Ofrece orientación o asistencia relacionada con renta, hipoteca o estabilidad de vivienda.","Offers help with electric, gas, water, or other utility bills, subject to availability. Offers guidance or assistance related to rent, mortgage, or housing stability.","Ofrece apoyo con facturas de electricidad, gas, agua u otros servicios públicos, sujeto a disponibilidad. Ofrece orientación o asistencia relacionada con renta, hipoteca o estabilidad de vivienda. Ayuda con tarjetas del Seguro Social y beneficios como SSI, SSDI, sobrevivientes o Medicare.","Providing meals, utility assistance, weatherization, housing support, and community services.","combined-community-action-inc-housing-and-financial-assistance-giddings","recursos-financieros","vivienda","asistencia|servicios|públicos|vivienda|beneficios|seguro|social","utility|assistance|housing|social|security|benefits","","in_person|phone|online","unknown","","","","","Confirme el horario, la disponibilidad y los requisitos antes de acudir.","Confirm hours, availability, and requirements before visiting.","","","","","Condado de Bastrop; Condado de Caldwell; Condado de Fayette; Condado de Lee; Condado de Travis","Bastrop County; Caldwell County; Fayette County; Lee County; Travis County","979-540-2980","","","info@ccaction.com","https://www.ccaction.com/","165 W Austin St","","Giddings","TX","78942","","30.1830477827","-96.937983391088","https://www.ccaction.com/","","","","Piloto de Bluebonnet Project HOPE. Registro consolidado a partir de “Resources Spreadsheet.xlsx”; requiere revisión administrativa antes de publicar. Geocodificación Census Bureau: Exact; dirección normalizada: 165 W AUSTIN ST, GIDDINGS, TX, 78942."
"Community Action for Central Texas","Asistencia con servicios públicos","Utility assistance","Ofrece apoyo con facturas de electricidad, gas, agua u otros servicios públicos, sujeto a disponibilidad. Ayuda con tarjetas del Seguro Social y beneficios como SSI, SSDI, sobrevivientes o Medicare.","Offers help with electric, gas, water, or other utility bills, subject to availability. Helps with Social Security cards and benefits such as SSI, SSDI, survivor benefits, or Medicare.","Ofrece apoyo con facturas de electricidad, gas, agua u otros servicios públicos, sujeto a disponibilidad. Ayuda con tarjetas del Seguro Social y beneficios como SSI, SSDI, sobrevivientes o Medicare. Ayuda a localizar servicios comunitarios y coordinar referencias.","Provides some referrals to utility bill help and conservation from Comprehensive Energy Assistance Program (CEAP).","community-action-for-central-texas-housing-and-financial-assistance-bastrop","recursos-financieros","otros-recursos","asistencia|servicios|públicos|beneficios|seguro|social|navegación|recursos","utility|assistance|social|security|benefits|resource|navigation","","phone|online","unknown","","","","","Comuníquese directamente con la organización para confirmar el proceso de acceso.","Contact the organization directly to confirm how to access the service.","","","","","Condado de Bastrop; Condado de Caldwell","Bastrop County; Caldwell County","512-392-1161","","","","https://www.communityaction.com/","","","","","","","","","https://www.communityaction.com/","","true","","Piloto de Bluebonnet Project HOPE. Registro consolidado a partir de “Resources Spreadsheet.xlsx”; requiere revisión administrativa antes de publicar."
"Mortgage Relief Helpline: Care Connect USA","Asistencia de vivienda","Housing assistance","Ofrece orientación o asistencia relacionada con renta, hipoteca o estabilidad de vivienda.","Offers guidance or assistance related to rent, mortgage, or housing stability.","Ofrece orientación o asistencia relacionada con renta, hipoteca o estabilidad de vivienda.","For families falling behind on mortgage payments, this national agency will work with a family’s mortgage company to arrange a workout plan to catch up missed payments. Housing counselors will discuss all options available to avoid foreclosure. Agency does not make loans or buy property.","mortgage-relief-helpline-care-connect-usa-community-support-bastrop","vivienda","","asistencia|vivienda","housing|assistance","","phone","unknown","","","","","Comuníquese directamente con la organización para confirmar el proceso de acceso.","Contact the organization directly to confirm how to access the service.","","","","","Condado de Bastrop; Condado de Caldwell; Condado de Fayette; Condado de Gonzales; Condado de Guadalupe; Condado de Lee; Condado de Burnet; Condado de Travis","Bastrop County; Caldwell County; Fayette County; Gonzales County; Guadalupe County; Lee County; Burnet County; Travis County","800-750-8956","","","info@careconnectusa.org","","","","","","","","","","","","true","","Piloto de Bluebonnet Project HOPE. Registro consolidado a partir de “Resources Spreadsheet.xlsx”; requiere revisión administrativa antes de publicar."
"GoodWill Industries: Bastrop Job Help Center","Empleo y capacitación laboral","Employment and job training","Ofrece búsqueda de empleo, capacitación o apoyo para incorporarse a la fuerza laboral. Ofrece orientación o asistencia relacionada con renta, hipoteca o estabilidad de vivienda.","Provides job-search, training, or workforce-entry support. Offers guidance or assistance related to rent, mortgage, or housing stability.","Ofrece búsqueda de empleo, capacitación o apoyo para incorporarse a la fuerza laboral. Ofrece orientación o asistencia relacionada con renta, hipoteca o estabilidad de vivienda.","Intake hours: Monday-Thursday 9-11:30 am, 1-3:30pm, Friday by appointment only","goodwill-industries-bastrop-job-help-center-education-and-employment-bastrop","otros-recursos","vivienda","empleo|capacitación|laboral|asistencia|vivienda","employment|training|housing|assistance","","in_person|phone","unknown","","","","","Llame para confirmar elegibilidad y solicitar una cita.","Call to confirm eligibility and request an appointment.","Confirme el horario vigente con Goodwill Central Texas.","Confirm current hours with Goodwill Central Texas.","","","Condado de Bastrop","Bastrop County","512-308-9269","","","","","57 Loop 150 West Bastrop, TX 78602","","","TX","78602","Bastrop","","","https://www.goodwillcentraltexas.org/locations/","","","2026-09-02","Piloto de Bluebonnet Project HOPE. Fuente oficial consultada el 2026-09-02. Registro consolidado a partir de “Resources Spreadsheet.xlsx”; requiere revisión administrativa antes de publicar."
"Community Action for Central Texas","Beneficios del Seguro Social","Social Security benefits","Ayuda con tarjetas del Seguro Social y beneficios como SSI, SSDI, sobrevivientes o Medicare. Ofrece acceso, descuentos o ayuda económica para medicamentos recetados.","Helps with Social Security cards and benefits such as SSI, SSDI, survivor benefits, or Medicare. Provides access, discounts, or financial help for prescription medication.","Ayuda con tarjetas del Seguro Social y beneficios como SSI, SSDI, sobrevivientes o Medicare. Ofrece acceso, descuentos o ayuda económica para medicamentos recetados. Ayuda a localizar servicios comunitarios y coordinar referencias.","Low cost, prescription assistance program is available, as well as other medical care referrals.","community-action-for-central-texas-health-and-personal-support-bastrop","recursos-financieros","salud|otros-recursos","beneficios|seguro|social|asistencia|medicamentos|navegación|recursos","social|security|benefits|prescription|assistance|resource|navigation","","phone|online","unknown","","","","","Comuníquese directamente con la organización para confirmar el proceso de acceso.","Contact the organization directly to confirm how to access the service.","","","","","Condado de Bastrop; Condado de Caldwell","Bastrop County; Caldwell County","512-392-1161","","","","https://www.communityaction.com/","","","","","","","","","https://www.communityaction.com/","","true","","Piloto de Bluebonnet Project HOPE. Registro consolidado a partir de “Resources Spreadsheet.xlsx”; requiere revisión administrativa antes de publicar."
"OSAR","Tratamiento y recuperación","Treatment and recovery","Ofrece evaluación, tratamiento, recuperación o referencias relacionadas con el consumo de sustancias.","Provides assessment, treatment, recovery support, or referrals related to substance use.","Ofrece evaluación, tratamiento, recuperación o referencias relacionadas con el consumo de sustancias.","Provides services related to health and personal support. Contact the organization to confirm eligibility and availability.","osar-health-and-personal-support-bastrop","salud","","tratamiento|recuperación","treatment|recovery","","phone","unknown","","","","","Comuníquese directamente con la organización para confirmar el proceso de acceso.","Contact the organization directly to confirm how to access the service.","","","","","Condado de Bastrop; Condado de Caldwell; Condado de Fayette; Condado de Gonzales; Condado de Guadalupe; Condado de Lee; Condado de Burnet; Condado de Travis","Bastrop County; Caldwell County; Fayette County; Gonzales County; Guadalupe County; Lee County; Burnet County; Travis County","844-309-6385","","","","","","","","","","","","","https://bbtrails.org/substance-use-services/","","","2026-09-02","Piloto de Bluebonnet Project HOPE. Fuente oficial consultada el 2026-09-02. Registro consolidado a partir de “Resources Spreadsheet.xlsx”; requiere revisión administrativa antes de publicar."
"Camp Haven Sanctuary","Comidas preparadas","Prepared meals","Ofrece comidas preparadas. Ofrece refugio de emergencia o apoyo de vivienda temporal.","Provides prepared meals. Provides emergency shelter or temporary housing support.","Ofrece comidas preparadas. Ofrece refugio de emergencia o apoyo de vivienda temporal.","*Not very responsive Emergency and transitional housing, nutritious meals, hygiene resources, and access to healthcare and job placement services.","camp-haven-sanctuary-housing-and-financial-assistance-bastrop","comida","vivienda","comidas|preparadas|refugio|vivienda|temporal","prepared|meals|shelter|temporary|housing","","in_person|phone|online","unknown","","","","","Confirme el horario, la disponibilidad y los requisitos antes de acudir.","Confirm hours, availability, and requirements before visiting.","","","","","Condado de Bastrop","Bastrop County","737-278-0293","","","help@camphavensanctuary.org","https://www.camphavensanctuary.org/programs-and-services","549 Mesquite Dr.","","","TX","","Bastrop","","","https://www.camphavensanctuary.org/programs-and-services","","true","","Piloto de Bluebonnet Project HOPE. Registro consolidado a partir de “Resources Spreadsheet.xlsx”; requiere revisión administrativa antes de publicar."
"Bastrop Women's Shelter","Beneficios del Seguro Social","Social Security benefits","Ayuda con tarjetas del Seguro Social y beneficios como SSI, SSDI, sobrevivientes o Medicare.","Helps with Social Security cards and benefits such as SSI, SSDI, survivor benefits, or Medicare.","Ayuda con tarjetas del Seguro Social y beneficios como SSI, SSDI, sobrevivientes o Medicare.","Provides services related to housing and financial assistance. Contact the organization to confirm eligibility and availability.","bastrop-women-s-shelter-housing-and-financial-assistance-bastrop","recursos-financieros","","beneficios|seguro|social","social|security|benefits","","","unknown","","","","","Comuníquese directamente con la organización para confirmar el proceso de acceso.","Contact the organization directly to confirm how to access the service.","","","","","Condado de Bastrop; Condado de Fayette; Condado de Lee","Bastrop County; Fayette County; Lee County","","","","","","","","","","","","","","","","true","","Piloto de Bluebonnet Project HOPE. Registro consolidado a partir de “Resources Spreadsheet.xlsx”; requiere revisión administrativa antes de publicar."
"In the Streets Hands Up High","Despensa de alimentos","Food pantry","Ofrece alimentos o comestibles para personas y familias. Ofrece comidas preparadas.","Provides food or groceries for individuals and families. Provides prepared meals.","Ofrece alimentos o comestibles para personas y familias. Ofrece comidas preparadas. Ofrece refugio de emergencia o apoyo de vivienda temporal. Ayuda con tarjetas del Seguro Social y beneficios como SSI, SSDI, sobrevivientes o Medicare.","*Must complete application online for shelter services Family shelter, overnight shelter, disabled veteran shelter. Open from 8:30am - 3:00pm Mon - Fri We serve dine-in or to go meals for Breakfast 9am-10:30am, Lunch 12pm-2pm, Dinner 6pm-7:30pm (2nd and 3rd Fri) Assist w/pantry foods on Thurs only from 10:30 - 11:30am","in-the-streets-hands-up-high-housing-and-financial-assistance-bastrop","comida","vivienda|recursos-financieros","despensa|alimentos|comidas|preparadas|refugio|vivienda|temporal|beneficios|seguro|social","food|pantry|prepared|meals|shelter|temporary|housing|social|security|benefits","","in_person|phone|online","unknown","Dirigido a veteranos, cuidadores o familias militares según el programa.","For Veterans, caregivers, or military families as defined by the program.","","","Complete la solicitud en línea y espere la confirmación del programa antes de acudir.","Complete the online application and wait for program confirmation before visiting.","Servicios generales: lunes a viernes, 8:30 a.m.–3:00 p.m. Desayuno: 9:00–10:30 a.m.; almuerzo: 12:00–2:00 p.m.; cena: segundo y tercer viernes, 6:00–7:30 p.m.; despensa: jueves, 10:30–11:30 a.m.","General services: Monday–Friday, 8:30 a.m.–3:00 p.m. Breakfast: 9:00–10:30 a.m.; lunch: 12:00–2:00 p.m.; dinner: second and third Friday, 6:00–7:30 p.m.; pantry: Thursday, 10:30–11:30 a.m.","","","Condado de Bastrop","Bastrop County","888-487-4846","","","","https://www.itshuh.org/","987 N SH 95 Bastrop, TX 78602","","","TX","78602","Bastrop","","","https://www.itshuh.org/","","","","Piloto de Bluebonnet Project HOPE. Registro consolidado a partir de “Resources Spreadsheet.xlsx”; requiere revisión administrativa antes de publicar."
"Family Crisis Center","Asistencia de vivienda","Housing assistance","Ofrece orientación o asistencia relacionada con renta, hipoteca o estabilidad de vivienda. Ofrece refugio de emergencia o apoyo de vivienda temporal.","Offers guidance or assistance related to rent, mortgage, or housing stability. Provides emergency shelter or temporary housing support.","Ofrece orientación o asistencia relacionada con renta, hipoteca o estabilidad de vivienda. Ofrece refugio de emergencia o apoyo de vivienda temporal.","Emergency shelter and transitional housing support","family-crisis-center-housing-and-financial-assistance-bastrop","vivienda","","asistencia|vivienda|refugio|temporal","housing|assistance|shelter|temporary","","in_person|phone|online","unknown","","","","","Confirme el horario, la disponibilidad y los requisitos antes de acudir.","Confirm hours, availability, and requirements before visiting.","","","","","Condado de Bastrop; Condado de Fayette; Condado de Lee","Bastrop County; Fayette County; Lee County","512-321-7760","","","fcc@familycrisiscenter.us","https://www.family-crisis-center.org/services","431 Old Austin Hwy Bastrop, TX 78602 (Behind HEB)","","","TX","78602","","","","https://www.family-crisis-center.org/services","","true","","Piloto de Bluebonnet Project HOPE. Registro consolidado a partir de “Resources Spreadsheet.xlsx”; requiere revisión administrativa antes de publicar."
"Golden Age Home - Faith Based Senior Care","Apoyo para adultos mayores","Senior support","Ofrece apoyo, actividades o navegación de servicios para adultos mayores, según el programa. Ayuda con tarjetas del Seguro Social y beneficios como SSI, SSDI, sobrevivientes o Medicare.","Provides support, activities, or service navigation for older adults, depending on the program. Helps with Social Security cards and benefits such as SSI, SSDI, survivor benefits, or Medicare.","Ofrece apoyo, actividades o navegación de servicios para adultos mayores, según el programa. Ayuda con tarjetas del Seguro Social y beneficios como SSI, SSDI, sobrevivientes o Medicare.","Provides move-in ready units for seniors 55+. Fully furnished options or choose to bring in personal furniture. Daily living assistance and social activities. *Short-term respite available for $135 daily","golden-age-home-faith-based-senior-care-health-and-personal-support-caldwell","salud","recursos-financieros","apoyo|para|adultos|mayores|beneficios|seguro|social","senior|support|social|security|benefits","","in_person|phone|online","paid","Personas de 55 años o más.","People age 55 or older.","","","Confirme el horario, la disponibilidad y los requisitos antes de acudir.","Confirm hours, availability, and requirements before visiting.","","","","","Condado de Caldwell","Caldwell County","512-546-3135","","","nburnette@goldenagehome.com","https://www.goldenagehome.com/","1505 S Main St. Lockhart, TX 78644","","","TX","78644","Caldwell","29.868402617615","-97.669135421321","https://www.goldenagehome.com/","","true","","Piloto de Bluebonnet Project HOPE. Registro consolidado a partir de “Resources Spreadsheet.xlsx”; requiere revisión administrativa antes de publicar. Geocodificación Census Bureau: Non_Exact; dirección normalizada: 1505 S MAIN ST, LOCKHART, TX, 78644."
"Lifeway Home Health","Atención médica en el hogar","Home health care","Ofrece atención o apoyo de salud en el hogar. Ofrece servicios de salud mental, consejería o apoyo emocional.","Provides health care or support in the home. Provides mental health care, counseling, or emotional support.","Ofrece atención o apoyo de salud en el hogar. Ofrece servicios de salud mental, consejería o apoyo emocional.","In-home skilled nursing call, home health aides, occupational therapy, speech therapy, medical social workers. High tech visits including chemotherapy and IV therapy. Eligibility: Medicare and Medicaid requiring homebound status and skilled service need. Private insurance and worker's comp varies.","lifeway-home-health-health-and-personal-support-caldwell","salud","","atención|médica|hogar|salud|mental|consejería","home|health|care|mental|counseling","","in_person|phone|home_visit","unknown","Medicare o Medicaid y condición de confinamiento en el hogar, además de necesidad de servicios especializados.","Medicare or Medicaid, homebound status, and a need for skilled services.","","","Llame al programa para confirmar elegibilidad, disponibilidad y próximos pasos.","Call the program to confirm eligibility, availability, and next steps.","","","","","Condado de Caldwell","Caldwell County","512-398-7189","","","","","633 S Colorado St. Lockhart, TX 78644","","","TX","78644","Caldwell","29.878666468974","-97.669098176723","https://bluebonnetmhmr.sharepoint.com/:b:/s/HomelessPrevention-WilliamsonCounty/IQAuYV3g0DsCTo8xqa1jUbqMAe5uaCwOGkxJCdw7H0YD_0o?e=MNQbdX","","","","Piloto de Bluebonnet Project HOPE. Registro consolidado a partir de “Resources Spreadsheet.xlsx”; requiere revisión administrativa antes de publicar. Geocodificación Census Bureau: Non_Exact; dirección normalizada: 633 S COLORADO ST, LOCKHART, TX, 78644."
"Comprehensive Energy Assistance Program","Asistencia con servicios públicos","Utility assistance","Ofrece apoyo con facturas de electricidad, gas, agua u otros servicios públicos, sujeto a disponibilidad. Ofrece servicios de salud mental, consejería o apoyo emocional.","Offers help with electric, gas, water, or other utility bills, subject to availability. Provides mental health care, counseling, or emotional support.","Ofrece apoyo con facturas de electricidad, gas, agua u otros servicios públicos, sujeto a disponibilidad. Ofrece servicios de salud mental, consejería o apoyo emocional. Ayuda con tarjetas del Seguro Social y beneficios como SSI, SSDI, sobrevivientes o Medicare.","Provides energy assistance for residents of Hays, Caldwell, and Blanco counties. Services include energy education, needs assessment, budget counseling, utility payment assistance, and crisis-related purchase of portable heating and cooling units. *Priority is given to low-income households with high energy use, a high energy burden, or the presence of a child (age 5 or under), disabled, elderly individuals or veterans.","comprehensive-energy-assistance-program-housing-and-financial-assistance-caldwell","recursos-financieros","salud","asistencia|servicios|públicos|salud|mental|consejería|beneficios|seguro|social","utility|assistance|mental|health|counseling|social|security|benefits","","phone","unknown","Se aplican límites de ingreso del programa. Dirigido a adultos mayores; confirme la edad mínima con el programa. Dirigido a veteranos, cuidadores o familias militares según el programa.","Program income limits apply. Intended for older adults; confirm the minimum age with the program. For Veterans, caregivers, or military families as defined by the program.","","","Comuníquese directamente con la organización para confirmar el proceso de acceso.","Contact the organization directly to confirm how to access the service.","","","","","Condado de Caldwell","Caldwell County","512-392-1161","","","","","","","","","","Caldwell","","","","","","","Piloto de Bluebonnet Project HOPE. Registro consolidado a partir de “Resources Spreadsheet.xlsx”; requiere revisión administrativa antes de publicar."
"St. Vincent De Paul","Asistencia con servicios públicos","Utility assistance","Ofrece apoyo con facturas de electricidad, gas, agua u otros servicios públicos, sujeto a disponibilidad. Ayuda con tarjetas del Seguro Social y beneficios como SSI, SSDI, sobrevivientes o Medicare.","Offers help with electric, gas, water, or other utility bills, subject to availability. Helps with Social Security cards and benefits such as SSI, SSDI, survivor benefits, or Medicare.","Ofrece apoyo con facturas de electricidad, gas, agua u otros servicios públicos, sujeto a disponibilidad. Ayuda con tarjetas del Seguro Social y beneficios como SSI, SSDI, sobrevivientes o Medicare.","Financial assistance for electric/gas bills, food","st-vincent-de-paul-housing-and-financial-assistance-caldwell","recursos-financieros","","asistencia|servicios|públicos|beneficios|seguro|social","utility|assistance|social|security|benefits","","in_person|phone","unknown","","","","","Confirme el horario, la disponibilidad y los requisitos antes de acudir.","Confirm hours, availability, and requirements before visiting.","","","","","Condado de Caldwell","Caldwell County","512-395-5005","","","","","205 W Pecan St. Lockhart, TX 78644","","","TX","78644","Caldwell","29.88633478825","-97.673908564308","","","true","","Piloto de Bluebonnet Project HOPE. Registro consolidado a partir de “Resources Spreadsheet.xlsx”; requiere revisión administrativa antes de publicar. Geocodificación Census Bureau: Non_Exact; dirección normalizada: 205 W PECAN ST, LOCKHART, TX, 78644."
"Enrollment Department Call Center","Inscripción en beneficios de salud","Health-benefit enrollment","Ayuda con elegibilidad, inscripción o cambios relacionados con beneficios de atención médica.","Helps with eligibility, enrollment, or changes related to health-care benefits.","Ayuda con elegibilidad, inscripción o cambios relacionados con beneficios de atención médica.","Handles health care eligiblity, enrollment, and related services.For changing preferred VA facility, ask the agent to change to your choosing","enrollment-department-call-center-community-support-fayette","salud","","inscripción|beneficios|salud","health-benefit|enrollment","","phone","unknown","","","","","Llame al programa para confirmar elegibilidad, disponibilidad y próximos pasos.","Call the program to confirm eligibility, availability, and next steps.","","","","","Condado de Fayette","Fayette County","877-222-8387","","","","","","","","","","Fayette","","","","","","","Piloto de Bluebonnet Project HOPE. Registro consolidado a partir de “Resources Spreadsheet.xlsx”; requiere revisión administrativa antes de publicar."
"LaGrange VA Clinic","Atención médica","Health care","Ofrece servicios de atención primaria y otras especialidades de salud. Ofrece acceso, descuentos o ayuda económica para medicamentos recetados.","Provides primary care and other health specialties. Provides access, discounts, or financial help for prescription medication.","Ofrece servicios de atención primaria y otras especialidades de salud. Ofrece acceso, descuentos o ayuda económica para medicamentos recetados.","offers primary care and specialty health services, including X-rays, prescriptions, telehealth services, and more.","lagrange-va-clinic-community-support-lagrange","salud","","atención|médica|asistencia|medicamentos","health|care|prescription|assistance","","in_person|phone","unknown","","","","","Confirme el horario, la disponibilidad y los requisitos antes de acudir.","Confirm hours, availability, and requirements before visiting.","","","","","Condado de Fayette","Fayette County","800-423-2111","","","","","2 Saint Marks Place","","LaGrange","TX","78945","Fayette","","","https://marketplace.va.gov/facilities/lagrange","","","2026-09-02","Piloto de Bluebonnet Project HOPE. Fuente oficial consultada el 2026-09-02. Registro consolidado a partir de “Resources Spreadsheet.xlsx”; requiere revisión administrativa antes de publicar."
"Gonzales Christian Assistance Ministry","Despensa de alimentos","Food pantry","Ofrece alimentos o comestibles para personas y familias. Ofrece orientación o asistencia relacionada con renta, hipoteca o estabilidad de vivienda.","Provides food or groceries for individuals and families. Offers guidance or assistance related to rent, mortgage, or housing stability.","Ofrece alimentos o comestibles para personas y familias. Ofrece orientación o asistencia relacionada con renta, hipoteca o estabilidad de vivienda. Ayuda con tarjetas del Seguro Social y beneficios como SSI, SSDI, sobrevivientes o Medicare.","Services: - Financial Assistance for Rent & Utilities - Financial Assistance for Necessary Medications - Gas Assistance for Doctors Appointments & Food Pickup - Food Donations - Clothing Donations & Assistance with Household Items","gonzales-christian-assistance-ministry-housing-and-financial-assistance-gonzales","comida","vivienda|recursos-financieros","despensa|alimentos|asistencia|vivienda|beneficios|seguro|social","food|pantry|housing|assistance|social|security|benefits","","in_person|phone","unknown","","","","","Confirme el horario, la disponibilidad y los requisitos antes de acudir.","Confirm hours, availability, and requirements before visiting.","","","","","Condado de Gonzales","Gonzales County","830-672-5566","","","","","708 Saint Louis Street","","Gonzales","TX","78629","Gonzales","","","","","","","Piloto de Bluebonnet Project HOPE. Registro consolidado a partir de “Resources Spreadsheet.xlsx”; requiere revisión administrativa antes de publicar."
"Stella's House (Refuge)","Apoyo para sobrevivientes","Survivor support","Ofrece apoyo confidencial, planificación de seguridad y recursos para sobrevivientes de violencia o agresión sexual. Ofrece evaluación, tratamiento, recuperación o referencias relacionadas con el consumo de sustancias.","Provides confidential support, safety planning, and resources for survivors of violence or sexual assault. Provides assessment, treatment, recovery support, or referrals related to substance use.","Ofrece apoyo confidencial, planificación de seguridad y recursos para sobrevivientes de violencia o agresión sexual. Ofrece evaluación, tratamiento, recuperación o referencias relacionadas con el consumo de sustancias.","women overcoming addiction and traumas like those associated with prostitution, sex trafficking","stella-s-house-refuge-community-support-gonzales","ayuda-legal","salud","apoyo|para|sobrevivientes|tratamiento|recuperación","survivor|support|treatment|recovery","","phone","unknown","","","","","Comuníquese directamente con la organización para confirmar el proceso de acceso.","Contact the organization directly to confirm how to access the service.","","","","","Condado de Gonzales","Gonzales County","830-672-6180","","","","","","","","","","Gonzales","","","","","true","","Piloto de Bluebonnet Project HOPE. Registro consolidado a partir de “Resources Spreadsheet.xlsx”; requiere revisión administrativa antes de publicar."
"Community Council of South Central Texas - Utility Assistance","Asistencia con servicios públicos","Utility assistance","Ofrece apoyo con facturas de electricidad, gas, agua u otros servicios públicos, sujeto a disponibilidad. Ayuda con tarjetas del Seguro Social y beneficios como SSI, SSDI, sobrevivientes o Medicare.","Offers help with electric, gas, water, or other utility bills, subject to availability. Helps with Social Security cards and benefits such as SSI, SSDI, survivor benefits, or Medicare.","Ofrece apoyo con facturas de electricidad, gas, agua u otros servicios públicos, sujeto a disponibilidad. Ayuda con tarjetas del Seguro Social y beneficios como SSI, SSDI, sobrevivientes o Medicare.","NOTE: Due to a decrease in funding, CCSCT assigns priority to households with the least amount of income and the greatest energy costs. Priority is also given to vulnerable individuals 60yrs+, persons with disabilities and families with children five years of age or under.","community-council-of-south-central-texas-utility-assistance-housing-and-financial-assistan","recursos-financieros","","asistencia|servicios|públicos|beneficios|seguro|social","utility|assistance|social|security|benefits","","in_person|phone|online","unknown","Dirigido a adultos mayores; confirme la edad mínima con el programa.","Intended for older adults; confirm the minimum age with the program.","","","Confirme el horario, la disponibilidad y los requisitos antes de acudir.","Confirm hours, availability, and requirements before visiting.","","","","","Condado de Guadalupe","Guadalupe County","830-379-3022","","","","https://www.ccsct.org/utility-assistance-apply-for-services/","813 N State Hwy 123 Bypass,","","Seguin","TX","78155","Guadalupe","29.575799378337","-97.941056414878","https://www.ccsct.org/utility-assistance-apply-for-services/","","true","","Piloto de Bluebonnet Project HOPE. Registro consolidado a partir de “Resources Spreadsheet.xlsx”; requiere revisión administrativa antes de publicar. Geocodificación Census Bureau: Non_Exact; dirección normalizada: 813 STATE HWY 123, SEGUIN, TX, 78155."
"The Randolph Area Christian Assistance Program","Beneficios del Seguro Social","Social Security benefits","Ayuda con tarjetas del Seguro Social y beneficios como SSI, SSDI, sobrevivientes o Medicare.","Helps with Social Security cards and benefits such as SSI, SSDI, survivor benefits, or Medicare.","Ayuda con tarjetas del Seguro Social y beneficios como SSI, SSDI, sobrevivientes o Medicare.","Guadalupe County- serves zip codes 78108 and 78124 *Also helps with food and utilities","the-randolph-area-christian-assistance-program-housing-and-financial-assistance-schertz","recursos-financieros","","beneficios|seguro|social","social|security|benefits","","in_person|phone|online","unknown","","","","","Confirme el horario, la disponibilidad y los requisitos antes de acudir.","Confirm hours, availability, and requirements before visiting.","","","","","Condado de Guadalupe","Guadalupe County","210-658-1613","","","racap@att.net","https://racap.org/","307 Pfeil Street","","Schertz","TX","78154","Guadalupe","29.556405701349","-98.267153090954","https://racap.org/","","true","","Piloto de Bluebonnet Project HOPE. Registro consolidado a partir de “Resources Spreadsheet.xlsx”; requiere revisión administrativa antes de publicar. Geocodificación Census Bureau: Exact; dirección normalizada: 307 PFEIL ST, SCHERTZ, TX, 78154."
"Community Council of South Central Texas - Veterans Financial Assistance","Asistencia económica para veteranos","Veteran financial assistance","Ofrece asistencia económica o navegación de beneficios para veteranos que cumplen los requisitos del programa. Ayuda con tarjetas del Seguro Social y beneficios como SSI, SSDI, sobrevivientes o Medicare.","Offers financial assistance or benefit navigation for Veterans who meet program requirements. Helps with Social Security cards and benefits such as SSI, SSDI, survivor benefits, or Medicare.","Ofrece asistencia económica o navegación de beneficios para veteranos que cumplen los requisitos del programa. Ayuda con tarjetas del Seguro Social y beneficios como SSI, SSDI, sobrevivientes o Medicare.","Provides services related to community support. Contact the organization to confirm eligibility and availability.","community-council-of-south-central-texas-veterans-financial-assistance-community-support-g","recursos-financieros","","asistencia|económica|para|veteranos|beneficios|seguro|social","veteran|financial|assistance|social|security|benefits","","","unknown","Dirigido a veteranos, cuidadores o familias militares según el programa.","For Veterans, caregivers, or military families as defined by the program.","","","Comuníquese directamente con la organización para confirmar el proceso de acceso.","Contact the organization directly to confirm how to access the service.","","","","","Condado de Guadalupe","Guadalupe County","","","","","","","","","","","Guadalupe","","","","","true","","Piloto de Bluebonnet Project HOPE. Registro consolidado a partir de “Resources Spreadsheet.xlsx”; requiere revisión administrativa antes de publicar."
"Community Council of South Central Texas - Head Start Program","Apoyo para niños y familias","Child and family support","Ofrece cuidado infantil, educación temprana o apoyo para niños y sus familias. Ayuda con tarjetas del Seguro Social y beneficios como SSI, SSDI, sobrevivientes o Medicare.","Provides child care, early education, or support for children and families. Helps with Social Security cards and benefits such as SSI, SSDI, survivor benefits, or Medicare.","Ofrece cuidado infantil, educación temprana o apoyo para niños y sus familias. Ayuda con tarjetas del Seguro Social y beneficios como SSI, SSDI, sobrevivientes o Medicare.","Who is eligible? Children from birth to age five who are from families with incomes below the poverty guidelines, Children from homeless families, and families receiving public assistance such as SNAP, TANF or SSI, Foster children regardless of their foster family’s income","community-council-of-south-central-texas-head-start-program-community-support-seguin","otros-recursos","recursos-financieros","apoyo|para|niños|familias|beneficios|seguro|social","child|family|support|social|security|benefits","","in_person|phone|online","unknown","Se aplican límites de ingreso del programa. Niños desde el nacimiento hasta los cinco años que cumplan los criterios de ingresos, falta de vivienda, asistencia pública o cuidado temporal descritos por Head Start.","Program income limits apply. Children from birth through age five who meet Head Start income, homelessness, public-assistance, or foster-care criteria.","","","Confirme el horario, la disponibilidad y los requisitos antes de acudir.","Confirm hours, availability, and requirements before visiting.","","","","","Condado de Guadalupe","Guadalupe County","830-379-3022","","","","https://www.ccsct.org/head-start-apply-services/","813 N State Hwy 123 Bypass,","","Seguin","TX","78155","Guadalupe","29.575799378337","-97.941056414878","https://www.ccsct.org/head-start-apply-services/","","true","","Piloto de Bluebonnet Project HOPE. Registro consolidado a partir de “Resources Spreadsheet.xlsx”; requiere revisión administrativa antes de publicar. Geocodificación Census Bureau: Non_Exact; dirección normalizada: 813 STATE HWY 123, SEGUIN, TX, 78155."
"Thriving Hearts Crisis Center (previously: Guadalupe Valley Family Violence Shelter)","Apoyo para sobrevivientes","Survivor support","Ofrece apoyo confidencial, planificación de seguridad y recursos para sobrevivientes de violencia o agresión sexual. Ofrece refugio de emergencia o apoyo de vivienda temporal.","Provides confidential support, safety planning, and resources for survivors of violence or sexual assault. Provides emergency shelter or temporary housing support.","Ofrece apoyo confidencial, planificación de seguridad y recursos para sobrevivientes de violencia o agresión sexual. Ofrece refugio de emergencia o apoyo de vivienda temporal. Ofrece servicios de salud mental, consejería o apoyo emocional. Ofrece transporte, coordinación de viajes o asistencia con gastos de traslado. Ayuda a localizar servicios comunitarios y coordinar referencias.","Emergency shelter for women, children, and men. Legal advocay, case management, counseling, limited transportation and support groups offered","thriving-hearts-crisis-center-previously-guadalupe-valley-family-violence-shelter-communit","ayuda-legal","vivienda|salud|transporte|otros-recursos","apoyo|para|sobrevivientes|refugio|vivienda|temporal|salud|mental|consejería|transporte|navegación|recursos","survivor|support|shelter|temporary|housing|mental|health|counseling|transportation|resource|navigation","","phone|online","unknown","","","","","Comuníquese directamente con la organización para confirmar el proceso de acceso.","Contact the organization directly to confirm how to access the service.","","","","","Condado de Guadalupe","Guadalupe County","830-372-2780","","","help@safeseguin.org","https://www.safeseguin.org/","","","","","","Guadalupe","","","https://www.safeseguin.org/","","true","","Piloto de Bluebonnet Project HOPE. Registro consolidado a partir de “Resources Spreadsheet.xlsx”; requiere revisión administrativa antes de publicar."
"Community Resource Center","Despensa de alimentos","Food pantry","Ofrece alimentos o comestibles para personas y familias. Ofrece búsqueda de empleo, capacitación o apoyo para incorporarse a la fuerza laboral.","Provides food or groceries for individuals and families. Provides job-search, training, or workforce-entry support.","Ofrece alimentos o comestibles para personas y familias. Ofrece búsqueda de empleo, capacitación o apoyo para incorporarse a la fuerza laboral. Ofrece transporte, coordinación de viajes o asistencia con gastos de traslado.","Provides delivery of social and public health services to qualified clients provided by nonprofit organizations and government agencies. By locating dozens of these agencies in one location, clients can quickly learn about, apply for, and receive services that are provided by these agencies. Experienced staff can also refer these clients to off-site agencies. Employment, education, Food pantry, transportation, health care, seniors, children.","community-resource-center-community-support-burnet","comida","otros-recursos|transporte","despensa|alimentos|empleo|capacitación|laboral|apoyo|transporte","food|pantry|employment|training|transportation|support","","in_person|phone|online","unknown","","","","","Confirme el horario, la disponibilidad y los requisitos antes de acudir.","Confirm hours, availability, and requirements before visiting.","","","","","Condado de Burnet","Burnet County","830-693-0700","","","","https://crctx.org/","1016 Broadway Marble Falls, TX 78654","","","TX","78654","Burnet","","","https://crctx.org/","","","","Piloto de Bluebonnet Project HOPE. Registro consolidado a partir de “Resources Spreadsheet.xlsx”; requiere revisión administrativa antes de publicar."
"Childcare subsidy hotline for military families","Apoyo para niños y familias","Child and family support","Ofrece cuidado infantil, educación temprana o apoyo para niños y sus familias. Ofrece apoyo, actividades o navegación de servicios para adultos mayores, según el programa.","Provides child care, early education, or support for children and families. Provides support, activities, or service navigation for older adults, depending on the program.","Ofrece cuidado infantil, educación temprana o apoyo para niños y sus familias. Ofrece apoyo, actividades o navegación de servicios para adultos mayores, según el programa. Ayuda con tarjetas del Seguro Social y beneficios como SSI, SSDI, sobrevivientes o Medicare.","Childcare Aware of America is a federally funded agency that will provide assistance with childcare for military families through the Military Fee Assistance Program. Respite care for eligible families available.","childcare-subsidy-hotline-for-military-families-community-support-burnet","otros-recursos","salud|recursos-financieros","apoyo|para|niños|familias|adultos|mayores|beneficios|seguro|social","child|family|support|senior|social|security|benefits","","phone|online","unknown","Dirigido a veteranos, cuidadores o familias militares según el programa.","For Veterans, caregivers, or military families as defined by the program.","","","Llame al programa para confirmar elegibilidad, disponibilidad y próximos pasos.","Call the program to confirm eligibility, availability, and next steps.","","","","","Condado de Burnet","Burnet County","800-424-2246","","","","http://www.childcareaware.org/","","","","","","Burnet","","","http://www.childcareaware.org/","","","","Piloto de Bluebonnet Project HOPE. Registro consolidado a partir de “Resources Spreadsheet.xlsx”; requiere revisión administrativa antes de publicar."
"Christian Women's Job Corp of Highland Lakes (CWJCHL)","Empleo y capacitación laboral","Employment and job training","Ofrece búsqueda de empleo, capacitación o apoyo para incorporarse a la fuerza laboral. Ayuda con tarjetas del Seguro Social y beneficios como SSI, SSDI, sobrevivientes o Medicare.","Provides job-search, training, or workforce-entry support. Helps with Social Security cards and benefits such as SSI, SSDI, survivor benefits, or Medicare.","Ofrece búsqueda de empleo, capacitación o apoyo para incorporarse a la fuerza laboral. Ayuda con tarjetas del Seguro Social y beneficios como SSI, SSDI, sobrevivientes o Medicare.","Free 12-week sessions twice a year—one beginning in February and another in September. Class schedule: Tuesday, Wednesday, and Thursday from 9am-2:30pm Classes are designed to equip you with practical skills, spiritual guidance, and a supportive community that walks with you every step of the way. Workforce preparation including, job search skills, customer service training, computer skills (Word and Excel). Life skills including boundaries, money matters and time management. Must be 18 years or older and be drug- and alcohol-free. Submit application to cwjchl78611@gmail.com or by mail: CWJC Highland Lakes, P.O. Box 1433, Burnet, TX 78611","christian-women-s-job-corp-of-highland-lakes-cwjchl-education-and-employment-burnet","otros-recursos","recursos-financieros","empleo|capacitación|laboral|beneficios|seguro|social","employment|training|social|security|benefits","","in_person|phone|online","free","Debe tener 18 años o más y estar libre de drogas y alcohol.","Must be age 18 or older and drug- and alcohol-free.","","","Confirme el horario, la disponibilidad y los requisitos antes de acudir.","Confirm hours, availability, and requirements before visiting.","Sesiones de 12 semanas en febrero y septiembre; clases martes a jueves, 9:00 a.m.–2:30 p.m.","Twelve-week sessions beginning in February and September; classes Tuesday–Thursday, 9:00 a.m.–2:30 p.m.","","","Condado de Burnet","Burnet County","512-756-1484","","","cwjchl78611@gmail.com","https://www.cwjchl.org/","218 E. Jackson, Burnet, TX 78611","","Burnet","TX","78611","Burnet","","","https://www.cwjchl.org/","","true","","Piloto de Bluebonnet Project HOPE. Registro consolidado a partir de “Resources Spreadsheet.xlsx”; requiere revisión administrativa antes de publicar."
"Highland Lakes Family Crisis Center","Apoyo para sobrevivientes","Survivor support","Ofrece apoyo confidencial, planificación de seguridad y recursos para sobrevivientes de violencia o agresión sexual. Ofrece refugio de emergencia o apoyo de vivienda temporal.","Provides confidential support, safety planning, and resources for survivors of violence or sexual assault. Provides emergency shelter or temporary housing support.","Ofrece apoyo confidencial, planificación de seguridad y recursos para sobrevivientes de violencia o agresión sexual. Ofrece refugio de emergencia o apoyo de vivienda temporal. Ofrece servicios de salud mental, consejería o apoyo emocional. Ofrece información, orientación o representación legal según el programa.","emergency shelter, individual therapy and support groups for survivors, medical and legal accompaniment, legal advocacy","highland-lakes-family-crisis-center-community-support-burnet","ayuda-legal","vivienda|salud","apoyo|para|sobrevivientes|refugio|vivienda|temporal|salud|mental|consejería|asistencia|legal","survivor|support|shelter|temporary|housing|mental|health|counseling|legal|assistance","","phone|online","unknown","","","","","Comuníquese directamente con la organización para confirmar el proceso de acceso.","Contact the organization directly to confirm how to access the service.","","","","","Condado de Burnet","Burnet County","830-693-5600","","","Services@hlfcc.org","https://www.hlfcc.org/","","","","","","Burnet","","","https://www.hlfcc.org/","","true","","Piloto de Bluebonnet Project HOPE. Registro consolidado a partir de “Resources Spreadsheet.xlsx”; requiere revisión administrativa antes de publicar."
"Care Patrol of Central and South Austin","Educación para adultos","Adult education","Ofrece educación para adultos, preparación académica o desarrollo de habilidades. Ofrece apoyo, actividades o navegación de servicios para adultos mayores, según el programa.","Provides adult education, academic preparation, or skills development. Provides support, activities, or service navigation for older adults, depending on the program.","Ofrece educación para adultos, preparación académica o desarrollo de habilidades. Ofrece apoyo, actividades o navegación de servicios para adultos mayores, según el programa. Ofrece o coordina cuidado para personas con necesidades de memoria o Alzheimer. Ofrece atención o apoyo de salud en el hogar. Ayuda con tarjetas del Seguro Social y beneficios como SSI, SSDI, sobrevivientes o Medicare.","Senior care help for those discharged from a hospital/care setting, or if extra senior care is needed due to a recent change in health condition. Assisted living, memory care, independent living, nursing home, in-home care, respite care","care-patrol-of-central-and-south-austin-health-and-personal-support-travis","educacion","salud|recursos-financieros","educación|para|adultos|apoyo|mayores|cuidado|memoria|atención|médica|hogar|beneficios|seguro|social","adult|education|senior|support|memory|care|home|health|social|security|benefits","","phone|online|home_visit","unknown","","","","","Comuníquese directamente con la organización para confirmar el proceso de acceso.","Contact the organization directly to confirm how to access the service.","","","","","Condado de Travis","Travis County","512-574-0910","","","","https://carepatrol.com/central-south-austin/","","","","","","Travis","","","https://carepatrol.com/central-south-austin/","","","","Piloto de Bluebonnet Project HOPE. Registro consolidado a partir de “Resources Spreadsheet.xlsx”; requiere revisión administrativa antes de publicar."
"St. Vincent De Paul Church","Apoyo comunitario","Community support","Ofrece el servicio comunitario descrito por la organización.","Provides the community service described by the organization.","Ofrece el servicio comunitario descrito por la organización.","Only takes calls Tuesdays and Thursdays 9:30am-10:30am","st-vincent-de-paul-church-housing-and-financial-assistance-travis","ayuda-legal","","apoyo|comunitario","community|support","","phone","unknown","","","","","Llame al programa para confirmar elegibilidad, disponibilidad y próximos pasos.","Call the program to confirm eligibility, availability, and next steps.","Llamadas: martes y jueves, 9:30–10:30 a.m.","Calls: Tuesday and Thursday, 9:30–10:30 a.m.","","","Condado de Travis","Travis County","512-926-1171","","","","","","","","","","Travis","","","","","true","","Piloto de Bluebonnet Project HOPE. Registro consolidado a partir de “Resources Spreadsheet.xlsx”; requiere revisión administrativa antes de publicar."
"St. Austin Catholic Parish, Newman Hall","Asistencia con servicios públicos","Utility assistance","Ofrece apoyo con facturas de electricidad, gas, agua u otros servicios públicos, sujeto a disponibilidad. Ofrece orientación o asistencia relacionada con renta, hipoteca o estabilidad de vivienda.","Offers help with electric, gas, water, or other utility bills, subject to availability. Offers guidance or assistance related to rent, mortgage, or housing stability.","Ofrece apoyo con facturas de electricidad, gas, agua u otros servicios públicos, sujeto a disponibilidad. Ofrece orientación o asistencia relacionada con renta, hipoteca o estabilidad de vivienda. Ayuda con tarjetas del Seguro Social y beneficios como SSI, SSDI, sobrevivientes o Medicare.","Lottery for financial assistance with utility bills, rent/partial, may receive assistance once every 6 months Thursdays at 9am; services only 15-20 people","st-austin-catholic-parish-newman-hall-housing-and-financial-assistance-travis","recursos-financieros","vivienda","asistencia|servicios|públicos|vivienda|beneficios|seguro|social","utility|assistance|housing|social|security|benefits","","in_person|phone|online","unknown","","","","","Confirme el horario, la disponibilidad y los requisitos antes de acudir.","Confirm hours, availability, and requirements before visiting.","Jueves a las 9:00 a.m.; cupo limitado.","Thursday at 9:00 a.m.; limited capacity.","","","Condado de Travis","Travis County","512-477-9471","","","","https://staustin.org/outreach","2026 Guadalupe St. Austin, TX 78705","","","TX","78705","Travis","30.282981917493","-97.742031911149","https://staustin.org/outreach","","","","Piloto de Bluebonnet Project HOPE. Registro consolidado a partir de “Resources Spreadsheet.xlsx”; requiere revisión administrativa antes de publicar. Geocodificación Census Bureau: Non_Exact; dirección normalizada: 2026 GUADALUPE ST, AUSTIN, TX, 78705."
"All Saints Episcopal Church","Asistencia con servicios públicos","Utility assistance","Ofrece apoyo con facturas de electricidad, gas, agua u otros servicios públicos, sujeto a disponibilidad. Ofrece orientación o asistencia relacionada con renta, hipoteca o estabilidad de vivienda.","Offers help with electric, gas, water, or other utility bills, subject to availability. Offers guidance or assistance related to rent, mortgage, or housing stability.","Ofrece apoyo con facturas de electricidad, gas, agua u otros servicios públicos, sujeto a disponibilidad. Ofrece orientación o asistencia relacionada con renta, hipoteca o estabilidad de vivienda. Ayuda con tarjetas del Seguro Social y beneficios como SSI, SSDI, sobrevivientes o Medicare.","40 people are helped eahc week on a 1st come, 1st serve basis. Eligible once every 6 months. Up to $40 in assistance for utility bills, rent. Tuesdays at 8:15am to sign up (best to be in line by 6:30am)","all-saints-episcopal-church-housing-and-financial-assistance-travis","recursos-financieros","vivienda","asistencia|servicios|públicos|vivienda|beneficios|seguro|social","utility|assistance|housing|social|security|benefits","","in_person|phone","paid","","","","","Confirme el horario, la disponibilidad y los requisitos antes de acudir.","Confirm hours, availability, and requirements before visiting.","Inscripción los martes a las 8:15 a.m.; atención por orden de llegada y cupo limitado.","Sign-up Tuesday at 8:15 a.m.; first come, first served with limited capacity.","","","Condado de Travis","Travis County","512-476-3589","","","","","209 W 27th St. Austin, TX 78705","","","TX","78705","Travis","30.291781699937","-97.739080017072","","","","","Piloto de Bluebonnet Project HOPE. Registro consolidado a partir de “Resources Spreadsheet.xlsx”; requiere revisión administrativa antes de publicar. Geocodificación Census Bureau: Non_Exact; dirección normalizada: 209 W 27TH ST, AUSTIN, TX, 78705."
"Baptist Community Center","Beneficios del Seguro Social","Social Security benefits","Ayuda con tarjetas del Seguro Social y beneficios como SSI, SSDI, sobrevivientes o Medicare. Ofrece apoyo con facturas de electricidad, gas, agua u otros servicios públicos, sujeto a disponibilidad.","Helps with Social Security cards and benefits such as SSI, SSDI, survivor benefits, or Medicare. Offers help with electric, gas, water, or other utility bills, subject to availability.","Ayuda con tarjetas del Seguro Social y beneficios como SSI, SSDI, sobrevivientes o Medicare. Ofrece apoyo con facturas de electricidad, gas, agua u otros servicios públicos, sujeto a disponibilidad. Ofrece orientación o asistencia relacionada con renta, hipoteca o estabilidad de vivienda.","Limited financial assistance for: utilities (water, electric, gas), rent, local mortgages. Bring ID, social security card, and current bill to verify address Call for appointment Mon-Fri 8:30am-noon & 1pm-5pm","baptist-community-center-housing-and-financial-assistance-travis","recursos-financieros","vivienda","beneficios|seguro|social|asistencia|servicios|públicos|vivienda","social|security|benefits|utility|assistance|housing","","in_person|phone","unknown","","","Identificación; Tarjeta del Seguro Social; Factura actual o vencida correspondiente","Identification; Social Security card; Current or past-due bill","Llame para confirmar elegibilidad y solicitar una cita.","Call to confirm eligibility and request an appointment.","Citas: lunes a viernes, 8:30 a.m.–12:00 p.m. y 1:00–5:00 p.m.","Appointments: Monday–Friday, 8:30 a.m.–12:00 p.m. and 1:00–5:00 p.m.","","","Condado de Travis","Travis County","","","","","","2000 E 2nd St. Austin, TX 78702","","","TX","78702","Travis","30.257703839475","-97.723117231557","","","","","Piloto de Bluebonnet Project HOPE. Registro consolidado a partir de “Resources Spreadsheet.xlsx”; requiere revisión administrativa antes de publicar. Geocodificación Census Bureau: Non_Exact; dirección normalizada: 2000 E 2ND ST, AUSTIN, TX, 78702."
"Travis County Family Support Services (Palm Square Office)","Beneficios del Seguro Social","Social Security benefits","Ayuda con tarjetas del Seguro Social y beneficios como SSI, SSDI, sobrevivientes o Medicare. Ofrece orientación o asistencia relacionada con renta, hipoteca o estabilidad de vivienda.","Helps with Social Security cards and benefits such as SSI, SSDI, survivor benefits, or Medicare. Offers guidance or assistance related to rent, mortgage, or housing stability.","Ayuda con tarjetas del Seguro Social y beneficios como SSI, SSDI, sobrevivientes o Medicare. Ofrece orientación o asistencia relacionada con renta, hipoteca o estabilidad de vivienda. Ofrece acceso, descuentos o ayuda económica para medicamentos recetados.","Emergency financial assistance for: utilities, rent and/or mortgage, prescription assistance. ID and social security card needed. Bring bill that is past due or rent notice that is late. Mon-Fri 8am-5pm","travis-county-family-support-services-palm-square-office-housing-and-financial-assistance-","recursos-financieros","vivienda|salud","beneficios|seguro|social|asistencia|vivienda|medicamentos","social|security|benefits|housing|assistance|prescription","","in_person|phone","unknown","","","Identificación; Tarjeta del Seguro Social; Factura actual o vencida correspondiente; Aviso de renta atrasada","Identification; Social Security card; Current or past-due bill; Late-rent notice","Confirme el horario, la disponibilidad y los requisitos antes de acudir.","Confirm hours, availability, and requirements before visiting.","Lunes a viernes, 8:00 a.m.–5:00 p.m.","Monday–Friday, 8:00 a.m.–5:00 p.m.","","","Condado de Travis","Travis County","512-854-4120","","","","","100 N IH 35, Ste 2000 Austin, TX 78701","","","TX","78701","Travis","","","https://www.traviscountytx.gov/health-human-services/divisions/family-support-services","","true","2026-09-02","Piloto de Bluebonnet Project HOPE. Fuente oficial consultada el 2026-09-02. Registro consolidado a partir de “Resources Spreadsheet.xlsx”; requiere revisión administrativa antes de publicar."
"Austin Neighborhood Center","Asistencia con servicios públicos","Utility assistance","Ofrece apoyo con facturas de electricidad, gas, agua u otros servicios públicos, sujeto a disponibilidad. Ofrece orientación o asistencia relacionada con renta, hipoteca o estabilidad de vivienda.","Offers help with electric, gas, water, or other utility bills, subject to availability. Offers guidance or assistance related to rent, mortgage, or housing stability.","Ofrece apoyo con facturas de electricidad, gas, agua u otros servicios públicos, sujeto a disponibilidad. Ofrece orientación o asistencia relacionada con renta, hipoteca o estabilidad de vivienda. Ofrece búsqueda de empleo, capacitación o apoyo para incorporarse a la fuerza laboral. Ofrece transporte, coordinación de viajes o asistencia con gastos de traslado.","Rent and Utility help + food, job search, bus passes","austin-neighborhood-center-housing-and-financial-assistance-travis","recursos-financieros","vivienda|otros-recursos|transporte","asistencia|servicios|públicos|vivienda|empleo|capacitación|laboral|apoyo|transporte","utility|assistance|housing|employment|training|transportation|support","","phone|online","unknown","","","","","Comuníquese directamente con la organización para confirmar el proceso de acceso.","Contact the organization directly to confirm how to access the service.","","","","","Condado de Travis","Travis County","512-972-6699","","","","https://www.austintexas.gov/services/get-help-neighborhood-centers","","","","","","Travis","","","https://www.austintexas.gov/services/get-help-neighborhood-centers","","","","Piloto de Bluebonnet Project HOPE. Registro consolidado a partir de “Resources Spreadsheet.xlsx”; requiere revisión administrativa antes de publicar."
"UpLift at University Presbyterian Church","Asistencia de vivienda","Housing assistance","Ofrece orientación o asistencia relacionada con renta, hipoteca o estabilidad de vivienda. Ayuda con tarjetas del Seguro Social y beneficios como SSI, SSDI, sobrevivientes o Medicare.","Offers guidance or assistance related to rent, mortgage, or housing stability. Helps with Social Security cards and benefits such as SSI, SSDI, survivor benefits, or Medicare.","Ofrece orientación o asistencia relacionada con renta, hipoteca o estabilidad de vivienda. Ayuda con tarjetas del Seguro Social y beneficios como SSI, SSDI, sobrevivientes o Medicare.","Assistance for utilities or rent. Tuesdayas at 9:30am. No appointments made; names will stop being taken at 10:30am. Bring ID and printed copy of bill. Can receive assistance once every 6 months.","uplift-at-university-presbyterian-church-housing-and-financial-assistance-travis","vivienda","recursos-financieros","asistencia|vivienda|beneficios|seguro|social","housing|assistance|social|security|benefits","","in_person|phone","unknown","","","Identificación; Factura actual o vencida correspondiente","Identification; Current or past-due bill","Confirme el horario, la disponibilidad y los requisitos antes de acudir.","Confirm hours, availability, and requirements before visiting.","Martes, 9:30–10:30 a.m.; los nombres dejan de aceptarse a las 10:30 a.m.","Tuesday, 9:30–10:30 a.m.; names stop being accepted at 10:30 a.m.","","","Condado de Travis","Travis County","512-476-5321","","","","","2203 San Antonio St. Austin, TX 78705","","","TX","78705","Travis","30.28516485659","-97.742824975052","","","true","","Piloto de Bluebonnet Project HOPE. Registro consolidado a partir de “Resources Spreadsheet.xlsx”; requiere revisión administrativa antes de publicar. Geocodificación Census Bureau: Non_Exact; dirección normalizada: 2203 SAN ANTONIO ST, AUSTIN, TX, 78705."
"Greater Mt. Zion Church (Community Assistance and Referral Center)","Asistencia con servicios públicos","Utility assistance","Ofrece apoyo con facturas de electricidad, gas, agua u otros servicios públicos, sujeto a disponibilidad. Ofrece orientación o asistencia relacionada con renta, hipoteca o estabilidad de vivienda.","Offers help with electric, gas, water, or other utility bills, subject to availability. Offers guidance or assistance related to rent, mortgage, or housing stability.","Ofrece apoyo con facturas de electricidad, gas, agua u otros servicios públicos, sujeto a disponibilidad. Ofrece orientación o asistencia relacionada con renta, hipoteca o estabilidad de vivienda. Ayuda con tarjetas del Seguro Social y beneficios como SSI, SSDI, sobrevivientes o Medicare.","Utility and rent assistance to the community with financial emergencies. Tuesdays and Thursdays 10:30am-1:30pm Call or email for more information.","greater-mt-zion-church-community-assistance-and-referral-center-housing-and-financial-assi","recursos-financieros","vivienda","asistencia|servicios|públicos|vivienda|beneficios|seguro|social","utility|assistance|housing|social|security|benefits","","in_person|phone|online","unknown","","","","","Llame al programa para confirmar elegibilidad, disponibilidad y próximos pasos.","Call the program to confirm eligibility, availability, and next steps.","Martes y jueves, 10:30 a.m.–1:30 p.m.","Tuesday and Thursday, 10:30 a.m.–1:30 p.m.","","","Condado de Travis","Travis County","512-478-7578","","","poverty@gmzaustin.org","https://gmzaustin.org/causes/poverty/","4301 Tannehill Ln. Austin, TX 78721","","","TX","78721","Travis","30.28137799203","-97.672552350731","https://gmzaustin.org/causes/poverty/","","","","Piloto de Bluebonnet Project HOPE. Registro consolidado a partir de “Resources Spreadsheet.xlsx”; requiere revisión administrativa antes de publicar. Geocodificación Census Bureau: Non_Exact; dirección normalizada: 4301 TANNEHILL LN, AUSTIN, TX, 78721."
"Catholic Charities of Central Texas","Asistencia con servicios públicos","Utility assistance","Ofrece apoyo con facturas de electricidad, gas, agua u otros servicios públicos, sujeto a disponibilidad. Ofrece orientación o asistencia relacionada con renta, hipoteca o estabilidad de vivienda.","Offers help with electric, gas, water, or other utility bills, subject to availability. Offers guidance or assistance related to rent, mortgage, or housing stability.","Ofrece apoyo con facturas de electricidad, gas, agua u otros servicios públicos, sujeto a disponibilidad. Ofrece orientación o asistencia relacionada con renta, hipoteca o estabilidad de vivienda. Ayuda con tarjetas del Seguro Social y beneficios como SSI, SSDI, sobrevivientes o Medicare.","Financial Assistance for: Utility Bills, Emergency Rent and/or Mortgage Assistance Must gather all documentation required to determine eligibility before enrolling as an applicant in the program Open 8:30am-12pm, 1pm-5pm Complete application online","catholic-charities-of-central-texas-housing-and-financial-assistance-travis","recursos-financieros","vivienda","asistencia|servicios|públicos|vivienda|beneficios|seguro|social","utility|assistance|housing|social|security|benefits","","in_person|phone|online","unknown","","","","","Complete la solicitud en línea y espere la confirmación del programa antes de acudir.","Complete the online application and wait for program confirmation before visiting.","Lunes a viernes, 8:30 a.m.–12:00 p.m. y 1:00–5:00 p.m.","Monday–Friday, 8:30 a.m.–12:00 p.m. and 1:00–5:00 p.m.","","","Condado de Travis","Travis County","512-651-6100","","","","https://ccctx.org/financial-stability/","1625 Rutherford Ln. Austin, TX 78754","","","TX","78754","Travis","30.335125206857","-97.680568921433","https://ccctx.org/financial-stability/","","","","Piloto de Bluebonnet Project HOPE. Registro consolidado a partir de “Resources Spreadsheet.xlsx”; requiere revisión administrativa antes de publicar. Geocodificación Census Bureau: Non_Exact; dirección normalizada: 1625 RUTHERFORD LN, AUSTIN, TX, 78754."
"St. Matthews Episcopal Church","Asistencia de vivienda","Housing assistance","Ofrece orientación o asistencia relacionada con renta, hipoteca o estabilidad de vivienda.","Offers guidance or assistance related to rent, mortgage, or housing stability.","Ofrece orientación o asistencia relacionada con renta, hipoteca o estabilidad de vivienda.","Help with rent and utilities. Applications by phone only","st-matthews-episcopal-church-housing-and-financial-assistance-travis","vivienda","","asistencia|vivienda","housing|assistance","","in_person|phone","unknown","","","","","Llame para confirmar elegibilidad y solicitar una cita.","Call to confirm eligibility and request an appointment.","","","","","Condado de Travis","Travis County","512-345-8314","","","","","8134 Mesa Dr. Austin, TX 78759","","","TX","78759","Travis","30.372129346337","-97.757019057252","","","true","","Piloto de Bluebonnet Project HOPE. Registro consolidado a partir de “Resources Spreadsheet.xlsx”; requiere revisión administrativa antes de publicar. Geocodificación Census Bureau: Non_Exact; dirección normalizada: 8134 MESA DR, AUSTIN, TX, 78759."
"Catholic Charities Central Texas (St. Michaels' Veterans Service)","Salud mental y consejería","Mental health and counseling","Ofrece servicios de salud mental, consejería o apoyo emocional.","Provides mental health care, counseling, or emotional support.","Ofrece servicios de salud mental, consejería o apoyo emocional.","Counseling Services Provides high quality mental health services for children, adults, couples, and families to help with life’s challenges. Services offered on a sliding fee structure. Contact to address and brief description of your request.","catholic-charities-central-texas-st-michaels-veterans-service-community-support-travis","salud","","salud|mental|consejería","mental|health|counseling","","phone","sliding_scale","Dirigido a veteranos, cuidadores o familias militares según el programa.","For Veterans, caregivers, or military families as defined by the program.","","","Comuníquese directamente con la organización para confirmar el proceso de acceso.","Contact the organization directly to confirm how to access the service.","","","","","Condado de Travis","Travis County","512-651-6125","","","","","","","","","","Travis","","","https://bluebonnetmhmr.sharepoint.com/:b:/s/HomelessPrevention-WilliamsonCounty/IQDm6qogQr6oQbWKa4218FZuAT3ISzgqVDsyh96IbTnmdjU?e=h1kAEa","","","","Piloto de Bluebonnet Project HOPE. Registro consolidado a partir de “Resources Spreadsheet.xlsx”; requiere revisión administrativa antes de publicar."
"Austin VA Clinic","Atención médica","Health care","Ofrece servicios de atención primaria y otras especialidades de salud. Ofrece atención dental o ayuda para acceder a servicios dentales.","Provides primary care and other health specialties. Provides dental care or help accessing dental services.","Ofrece servicios de atención primaria y otras especialidades de salud. Ofrece atención dental o ayuda para acceder a servicios dentales.","offers primary care and specialty health services, including a chiropractic clinic, vision care (optometry), dentistry, oncology, treatment for traumatic brain injuries (TBI), foot care (podiatry), and more","austin-va-clinic-community-support-travis","salud","","atención|médica|dental","health|care|dental","","in_person|phone","unknown","","","","","Confirme el horario, la disponibilidad y los requisitos antes de acudir.","Confirm hours, availability, and requirements before visiting.","Lunes a viernes, 8:00 a.m.–4:30 p.m.; cerrado sábados y domingos. Los horarios de servicios específicos pueden variar.","Monday–Friday, 8:00 a.m.–4:30 p.m.; closed Saturday and Sunday. Individual service hours may vary.","","","Condado de Travis","Travis County","512-823-4000","","","","","7901 Metropolis Dr. Austin, TX 78744","","","TX","78744","Travis","30.206981427636","-97.694420497254","https://www.va.gov/central-texas-health-care/locations/austin-va-clinic/","","","2026-09-02","Piloto de Bluebonnet Project HOPE. Fuente oficial consultada el 2026-09-02. Registro consolidado a partir de “Resources Spreadsheet.xlsx”; requiere revisión administrativa antes de publicar. Geocodificación Census Bureau: Non_Exact; dirección normalizada: 7901 METROPOLIS DR, AUSTIN, TX, 78744."
"Catholic Charities Central Texas St. Gabriel’s Pregnancy and Parenting Program","Asistencia de vivienda","Housing assistance","Ofrece orientación o asistencia relacionada con renta, hipoteca o estabilidad de vivienda. Ayuda con tarjetas del Seguro Social y beneficios como SSI, SSDI, sobrevivientes o Medicare.","Offers guidance or assistance related to rent, mortgage, or housing stability. Helps with Social Security cards and benefits such as SSI, SSDI, survivor benefits, or Medicare.","Ofrece orientación o asistencia relacionada con renta, hipoteca o estabilidad de vivienda. Ayuda con tarjetas del Seguro Social y beneficios como SSI, SSDI, sobrevivientes o Medicare.","Helps families to give their children a safe and healthy start at life through education, mentoring, and material assistance. Please call to request information or schedule an appointment.","catholic-charities-central-texas-st-gabriel-s-pregnancy-and-parenting-program-community-su","vivienda","recursos-financieros","asistencia|vivienda|beneficios|seguro|social","housing|assistance|social|security|benefits","","phone","unknown","","","","","Llame al programa para confirmar elegibilidad, disponibilidad y próximos pasos.","Call the program to confirm eligibility, availability, and next steps.","","","","","Condado de Travis","Travis County","512-651-6100","","","","","","","","","","Travis","","","https://bluebonnetmhmr.sharepoint.com/:b:/s/HomelessPrevention-WilliamsonCounty/IQDm6qogQr6oQbWKa4218FZuAT3ISzgqVDsyh96IbTnmdjU?e=h1kAEa","","true","","Piloto de Bluebonnet Project HOPE. Registro consolidado a partir de “Resources Spreadsheet.xlsx”; requiere revisión administrativa antes de publicar."
"Asian Family Support Services of Austin","Salud mental y consejería","Mental health and counseling","Ofrece servicios de salud mental, consejería o apoyo emocional. Ofrece apoyo confidencial, planificación de seguridad y recursos para sobrevivientes de violencia o agresión sexual.","Provides mental health care, counseling, or emotional support. Provides confidential support, safety planning, and resources for survivors of violence or sexual assault.","Ofrece servicios de salud mental, consejería o apoyo emocional. Ofrece apoyo confidencial, planificación de seguridad y recursos para sobrevivientes de violencia o agresión sexual.","Safety planning, counseling, connection to basic resources, job/education resources, legal services, medical resources, emergency and long-term housing resources","asian-family-support-services-of-austin-legal-and-safety-support-travis","salud","ayuda-legal","salud|mental|consejería|apoyo|para|sobrevivientes","mental|health|counseling|survivor|support","","phone|online","unknown","","","","","Comuníquese directamente con la organización para confirmar el proceso de acceso.","Contact the organization directly to confirm how to access the service.","","","","","Condado de Travis","Travis County","877-281-8371","","","","https://www.afssaustin.org/","","","","","","Travis","","","https://www.afssaustin.org/","","true","","Piloto de Bluebonnet Project HOPE. Registro consolidado a partir de “Resources Spreadsheet.xlsx”; requiere revisión administrativa antes de publicar."
"Travis County Family Support Services (Palm Square Office)","Beneficios del Seguro Social","Social Security benefits","Ayuda con tarjetas del Seguro Social y beneficios como SSI, SSDI, sobrevivientes o Medicare.","Helps with Social Security cards and benefits such as SSI, SSDI, survivor benefits, or Medicare.","Ayuda con tarjetas del Seguro Social y beneficios como SSI, SSDI, sobrevivientes o Medicare.","ID and social security card needed. Mon-Fri 8am-5pm","travis-county-family-support-services-palm-square-office-health-and-personal-support-travi","recursos-financieros","","beneficios|seguro|social","social|security|benefits","","in_person|phone","unknown","","","Identificación; Tarjeta del Seguro Social","Identification; Social Security card","Confirme el horario, la disponibilidad y los requisitos antes de acudir.","Confirm hours, availability, and requirements before visiting.","Lunes a viernes, 8:00 a.m.–5:00 p.m.","Monday–Friday, 8:00 a.m.–5:00 p.m.","","","Condado de Travis","Travis County","512-854-4120","","","","","100 N IH 35, Ste 2000 Austin, TX 78701","","","TX","78701","Travis","","","https://www.traviscountytx.gov/health-human-services/divisions/family-support-services","","true","2026-09-02","Piloto de Bluebonnet Project HOPE. Fuente oficial consultada el 2026-09-02. Registro consolidado a partir de “Resources Spreadsheet.xlsx”; requiere revisión administrativa antes de publicar."
"Central Health Medical Access Program (MAP)","Atención médica","Health care","Ofrece servicios de atención primaria y otras especialidades de salud. Ofrece atención dental o ayuda para acceder a servicios dentales.","Provides primary care and other health specialties. Provides dental care or help accessing dental services.","Ofrece servicios de atención primaria y otras especialidades de salud. Ofrece atención dental o ayuda para acceder a servicios dentales. Ofrece acceso, descuentos o ayuda económica para medicamentos recetados.","For uninsured in Travis County. Access to local doctors, dental care, prescription medications, and other health services","central-health-medical-access-program-map-health-and-personal-support-travis","salud","","atención|médica|dental|asistencia|medicamentos","health|care|dental|prescription|assistance","","phone|online","unknown","Puede estar dirigido a personas sin seguro o con seguro insuficiente. Personas sin seguro que viven en el condado de Travis y cumplen los criterios del programa MAP.","May be intended for people who are uninsured or underinsured. Uninsured Travis County residents who meet MAP program requirements.","","","Comuníquese directamente con la organización para confirmar el proceso de acceso.","Contact the organization directly to confirm how to access the service.","","","","","Condado de Travis","Travis County","512-978-8130","","","","https://www.centralhealth.net/map/","","","","","","Travis","","","https://www.centralhealth.net/map/","","true","","Piloto de Bluebonnet Project HOPE. Registro consolidado a partir de “Resources Spreadsheet.xlsx”; requiere revisión administrativa antes de publicar."
"Cenikor","Tratamiento y recuperación","Treatment and recovery","Ofrece evaluación, tratamiento, recuperación o referencias relacionadas con el consumo de sustancias. Ayuda con tarjetas del Seguro Social y beneficios como SSI, SSDI, sobrevivientes o Medicare.","Provides assessment, treatment, recovery support, or referrals related to substance use. Helps with Social Security cards and benefits such as SSI, SSDI, survivor benefits, or Medicare.","Ofrece evaluación, tratamiento, recuperación o referencias relacionadas con el consumo de sustancias. Ayuda con tarjetas del Seguro Social y beneficios como SSI, SSDI, sobrevivientes o Medicare.","Detoxification, Medication Assisted Treatment, Inpatient Residential, Day Treatment Program (PHP) Outpatient, Aftercare, Recovery Housing","cenikor-health-and-personal-support-travis","salud","recursos-financieros","tratamiento|recuperación|beneficios|seguro|social","treatment|recovery|social|security|benefits","","phone|online","unknown","","","","","Comuníquese directamente con la organización para confirmar el proceso de acceso.","Contact the organization directly to confirm how to access the service.","","","","","Condado de Travis","Travis County","888-236-4567","","","","https://www.cenikor.org/","","","","","","Travis","","","https://www.cenikor.org/","","true","","Piloto de Bluebonnet Project HOPE. Registro consolidado a partir de “Resources Spreadsheet.xlsx”; requiere revisión administrativa antes de publicar."
"Salvation Army","Refugio y apoyo de emergencia","Shelter and emergency support","Ofrece refugio y servicios de apoyo de emergencia a través de los programas locales de The Salvation Army.","Provides shelter and emergency support services through local Salvation Army programs.","Ofrece refugio y servicios de apoyo de emergencia a través de los programas locales de The Salvation Army.","Provides services related to health and personal support. Contact the organization to confirm eligibility and availability.","salvation-army-health-and-personal-support-travis","vivienda","","refugio|apoyo|emergencia","shelter|emergency|support","","","unknown","","","","","Comuníquese directamente con la organización para confirmar el proceso de acceso.","Contact the organization directly to confirm how to access the service.","","","","","Condado de Travis","Travis County","","","","","","","","","","","Travis","","","https://salvationarmyaustin.org/texas-austin/our-shelters/","","","2026-09-02","Piloto de Bluebonnet Project HOPE. Fuente oficial consultada el 2026-09-02. Registro consolidado a partir de “Resources Spreadsheet.xlsx”; requiere revisión administrativa antes de publicar."
"Texas Rio Grande Legal Aid","Asistencia legal","Legal assistance","Ofrece información, orientación o representación legal según el programa. Ofrece orientación o asistencia relacionada con renta, hipoteca o estabilidad de vivienda.","Provides legal information, guidance, or representation depending on the program. Offers guidance or assistance related to rent, mortgage, or housing stability.","Ofrece información, orientación o representación legal según el programa. Ofrece orientación o asistencia relacionada con renta, hipoteca o estabilidad de vivienda. Ofrece búsqueda de empleo, capacitación o apoyo para incorporarse a la fuerza laboral.","Free civil legal services specializing in family, employment, foreclosure, subsidized housing, farm worker, civil rights, environmental law.","texas-rio-grande-legal-aid-legal-and-safety-support-austin","ayuda-legal","vivienda|otros-recursos","asistencia|legal|vivienda|empleo|capacitación|laboral","legal|assistance|housing|employment|training","","in_person|phone|online","free","","","","","Confirme el horario, la disponibilidad y los requisitos antes de acudir.","Confirm hours, availability, and requirements before visiting.","","","","","Condado de Travis","Travis County","956-996-8752","","","","https://www.trla.org/","4920 North I-35, Austin, TX 78751","","Austin","TX","78751","Travis","","","https://www.trla.org/","","","","Piloto de Bluebonnet Project HOPE. Registro consolidado a partir de “Resources Spreadsheet.xlsx”; requiere revisión administrativa antes de publicar."
"Catholic Charities Central Texas (Immigration Legal Services)","Asistencia legal","Legal assistance","Ofrece información, orientación o representación legal según el programa. Ofrece orientación o asistencia relacionada con renta, hipoteca o estabilidad de vivienda.","Provides legal information, guidance, or representation depending on the program. Offers guidance or assistance related to rent, mortgage, or housing stability.","Ofrece información, orientación o representación legal según el programa. Ofrece orientación o asistencia relacionada con renta, hipoteca o estabilidad de vivienda. Ofrece apoyo confidencial, planificación de seguridad y recursos para sobrevivientes de violencia o agresión sexual. Ayuda con tarjetas del Seguro Social y beneficios como SSI, SSDI, sobrevivientes o Medicare.","Offers legal assistance to individuals and families eligible to apply for immigration benefits, with a focus on family reunification. Includes humanitarian relief, Temporary Protected Status, as well as serving for victims of domestic violence and human trafficking. Contact to confirm current consultation schedule.","catholic-charities-central-texas-immigration-legal-services-legal-and-safety-support-travi","ayuda-legal","vivienda|recursos-financieros","asistencia|legal|vivienda|apoyo|para|sobrevivientes|beneficios|seguro|social","legal|assistance|housing|survivor|support|social|security|benefits","","phone","unknown","","","","","Comuníquese directamente con la organización para confirmar el proceso de acceso.","Contact the organization directly to confirm how to access the service.","","","","","Condado de Travis","Travis County","512-651-6125","","","","","","","","","","Travis","","","https://bluebonnetmhmr.sharepoint.com/:b:/s/HomelessPrevention-WilliamsonCounty/IQDm6qogQr6oQbWKa4218FZuAT3ISzgqVDsyh96IbTnmdjU?e=h1kAEa","","true","","Piloto de Bluebonnet Project HOPE. Registro consolidado a partir de “Resources Spreadsheet.xlsx”; requiere revisión administrativa antes de publicar."
"Emancipet","Atención veterinaria","Veterinary care","Ofrece servicios veterinarios preventivos o de tratamiento para mascotas. Ofrece atención dental o ayuda para acceder a servicios dentales.","Provides preventive or treatment-oriented veterinary services for pets. Provides dental care or help accessing dental services.","Ofrece servicios veterinarios preventivos o de tratamiento para mascotas. Ofrece atención dental o ayuda para acceder a servicios dentales.","checkups, vaccines/shots, microchips, flea/tick preventative care, spay/neuter, surgery, dental services, heartworm treatment, urgent care. Austin mobile veterinary clinic offers free or discounted services for pets who live in the City of Austin or Travis County.","emancipet-community-support-travis","salud","","atención|veterinaria|dental","veterinary|care|dental","","phone|online","free","","","","","Comuníquese directamente con la organización para confirmar el proceso de acceso.","Contact the organization directly to confirm how to access the service.","","","","","Condado de Travis","Travis County","512-587-7729","","","","https://emancipet.org/find-your-clinic/","","","","","","Travis","","","https://emancipet.org/find-your-clinic/","","","","Piloto de Bluebonnet Project HOPE. Registro consolidado a partir de “Resources Spreadsheet.xlsx”; requiere revisión administrativa antes de publicar."
"SAFE Alliance","Apoyo para sobrevivientes","Survivor support","Ofrece apoyo confidencial, planificación de seguridad y recursos para sobrevivientes de violencia o agresión sexual. Ofrece refugio de emergencia o apoyo de vivienda temporal.","Provides confidential support, safety planning, and resources for survivors of violence or sexual assault. Provides emergency shelter or temporary housing support.","Ofrece apoyo confidencial, planificación de seguridad y recursos para sobrevivientes de violencia o agresión sexual. Ofrece refugio de emergencia o apoyo de vivienda temporal.","Emergency shelter and continuum of housing services for victims of DV, sexual assault, sex trafficking, and child abuse.","safe-alliance-community-support-travis","ayuda-legal","vivienda","apoyo|para|sobrevivientes|refugio|vivienda|temporal","survivor|support|shelter|temporary|housing","","phone","unknown","","","","","Comuníquese directamente con la organización para confirmar el proceso de acceso.","Contact the organization directly to confirm how to access the service.","","","","","Condado de Travis","Travis County","512-267-7233","","","","","","","","","","Travis","","","https://www.safeaustin.org/our-services/shelter-housing/","","true","2026-09-02","Piloto de Bluebonnet Project HOPE. Fuente oficial consultada el 2026-09-02. Registro consolidado a partir de “Resources Spreadsheet.xlsx”; requiere revisión administrativa antes de publicar."
