{"type":"FeatureCollection","metadata":{"source":"U.S. Census Bureau TIGERweb, ACS 2025, 2020 Census ZIP Code Tabulation Areas","source_url":"https://tigerweb.geo.census.gov/arcgis/rest/services/TIGERweb/PUMA_TAD_TAZ_UGA_ZCTA/MapServer/4","retrieved":"2026-08-07","note":"ZCTAs are Census approximations of USPS ZIP Code service areas."},"features":[{"type":"Feature","geometry":{"type":"MultiPolygon","coordinates":[[[[-97.56603,30.77231],[-97.55617,30.74952],[-97.55464,30.75037],[-97.53588,30.75646],[-97.52944,30.7585],[-97.5279,30.75869],[-97.52593,30.75824],[-97.52464,30.75736],[-97.52397,30.75654],[-97.52261,30.75388],[-97.52267,30.75352],[-97.52169,30.75121],[-97.51933,30.7514],[-97.51808,30.74919],[-97.51334,30.75057],[-97.51384,30.75185],[-97.512,30.75235],[-97.51128,30.75113],[-97.51037,30.75143],[-97.51195,30.75517],[-97.50368,30.75878],[-97.4931,30.76215],[-97.49187,30.7593],[-97.48952,30.75834],[-97.48848,30.75619],[-97.48773,30.75539],[-97.48414,30.75414],[-97.48243,30.75166],[-97.48134,30.75113],[-97.47406,30.74895],[-97.46822,30.76333],[-97.43854,30.75447],[-97.43575,30.77126],[-97.43539,30.77123],[-97.43451,30.77689],[-97.43035,30.77592],[-97.42923,30.77599],[-97.42782,30.77557],[-97.4257,30.77568],[-97.42485,30.77534],[-97.42417,30.77613],[-97.42194,30.78195],[-97.42162,30.7821],[-97.42115,30.78173],[-97.40353,30.77681],[-97.40752,30.7665],[-97.40836,30.76502],[-97.40852,30.76367],[-97.40897,30.76253],[-97.40741,30.75964],[-97.40179,30.75817],[-97.40004,30.76266],[-97.39977,30.76281],[-97.3812,30.75751],[-97.37968,30.76141],[-97.36021,30.75571],[-97.35904,30.75858],[-97.33317,30.75085],[-97.33269,30.75049],[-97.32596,30.74816],[-97.31841,30.74585],[-97.3161,30.75149],[-97.30727,30.74891],[-97.30712,30.74931],[-97.30259,30.74756],[-97.29951,30.74684],[-97.29883,30.74645],[-97.29207,30.76457],[-97.28259,30.7705],[-97.27628,30.77688],[-97.27546,30.77894],[-97.278,30.7847],[-97.27503,30.78576],[-97.27752,30.79148],[-97.27797,30.79358],[-97.27801,30.79541],[-97.28238,30.7965],[-97.28213,30.79781],[-97.28234,30.79806],[-97.28439,30.79826],[-97.28563,30.79866],[-97.28727,30.80054],[-97.28777,30.80191],[-97.29085,30.80266],[-97.29432,30.80404],[-97.29674,30.79889],[-97.28949,30.81628],[-97.29009,30.81631],[-97.29175,30.81761],[-97.29203,30.81885],[-97.29318,30.81908],[-97.29495,30.82024],[-97.29827,30.82174],[-97.3001,30.82117],[-97.30183,30.82164],[-97.30246,30.82087],[-97.30307,30.82068],[-97.30457,30.82099],[-97.30662,30.82016],[-97.30607,30.81934],[-97.30677,30.81882],[-97.30715,30.81885],[-97.3076,30.81939],[-97.3081,30.81938],[-97.30877,30.81884],[-97.30981,30.81936],[-97.31032,30.81921],[-97.31103,30.82022],[-97.31183,30.82013],[-97.31201,30.8206],[-97.31263,30.82034],[-97.31254,30.81982],[-97.31282,30.81961],[-97.31302,30.81987],[-97.31066,30.82574],[-97.31951,30.82841],[-97.31966,30.8277],[-97.32356,30.82885],[-97.32207,30.83336],[-97.32301,30.83322],[-97.32437,30.83224],[-97.32508,30.8322],[-97.32556,30.83342],[-97.3253,30.8335],[-97.3252,30.83394],[-97.32606,30.83414],[-97.32661,30.83349],[-97.32763,30.83344],[-97.32784,30.83396],[-97.32822,30.83418],[-97.32843,30.83498],[-97.32979,30.83633],[-97.32991,30.83682],[-97.33125,30.83736],[-97.332,30.83734],[-97.33204,30.83697],[-97.3325,30.83668],[-97.33714,30.83714],[-97.34263,30.82287],[-97.34382,30.82299],[-97.34559,30.82245],[-97.3463,30.82273],[-97.34671,30.82252],[-97.34682,30.82223],[-97.34648,30.8213],[-97.34617,30.82096],[-97.34575,30.82109],[-97.34557,30.82091],[-97.34608,30.82014],[-97.34684,30.81995],[-97.34664,30.81926],[-97.34723,30.81933],[-97.34786,30.8198],[-97.34847,30.81977],[-97.3491,30.82018],[-97.34884,30.8205],[-97.34929,30.8207],[-97.35082,30.82019],[-97.35042,30.81965],[-97.3506,30.81938],[-97.3516,30.82025],[-97.35283,30.81993],[-97.35343,30.81906],[-97.354,30.81898],[-97.35426,30.81859],[-97.35376,30.81823],[-97.35267,30.81853],[-97.35305,30.8173],[-97.35389,30.81678],[-97.35548,30.81641],[-97.3558,30.81606],[-97.35543,30.81575],[-97.35553,30.81542],[-97.35768,30.81466],[-97.35811,30.81477],[-97.35866,30.81558],[-97.35839,30.8162],[-97.36075,30.81754],[-97.36122,30.8174],[-97.3616,30.81675],[-97.36227,30.81626],[-97.36224,30.81599],[-97.36384,30.81549],[-97.36399,30.81508],[-97.36457,30.81467],[-97.36384,30.81418],[-97.36337,30.8135],[-97.36367,30.81209],[-97.36414,30.81173],[-97.36551,30.81141],[-97.36568,30.81064],[-97.36512,30.80986],[-97.36626,30.80837],[-97.36679,30.80812],[-97.36715,30.80874],[-97.36782,30.80904],[-97.3689,30.80886],[-97.3698,30.80792],[-97.37024,30.80787],[-97.37065,30.80727],[-97.37056,30.80682],[-97.37022,30.80658],[-97.36998,30.8067],[-97.36997,30.80705],[-97.36964,30.80682],[-97.36946,30.80711],[-97.36917,30.80666],[-97.36927,30.80627],[-97.36891,30.80597],[-97.36894,30.80561],[-97.36943,30.80509],[-97.36927,30.80472],[-97.36868,30.80439],[-97.36884,30.80394],[-97.36917,30.80384],[-97.36873,30.80331],[-97.36896,30.80274],[-97.36928,30.8027],[-97.37061,30.80358],[-97.37105,30.80416],[-97.37106,30.8046],[-97.37226,30.80432],[-97.3728,30.80329],[-97.37289,30.80252],[-97.3729,30.80209],[-97.3723,30.80136],[-97.37268,30.80075],[-97.38287,30.80338],[-97.38306,30.80346],[-97.38164,30.80751],[-97.382,30.80738],[-97.39143,30.8101],[-97.38911,30.81667],[-97.38857,30.81752],[-97.38706,30.82159],[-97.39573,30.82398],[-97.39144,30.83535],[-97.3918,30.83519],[-97.3967,30.8359],[-97.40666,30.83893],[-97.40723,30.83893],[-97.40568,30.84302],[-97.41528,30.8457],[-97.41648,30.8422],[-97.41672,30.84201],[-97.42547,30.84468],[-97.42521,30.84583],[-97.43253,30.84777],[-97.4342,30.84325],[-97.44853,30.84721],[-97.44901,30.8459],[-97.4587,30.84853],[-97.45905,30.84843],[-97.45933,30.84787],[-97.45973,30.84784],[-97.46973,30.85059],[-97.46995,30.85102],[-97.46838,30.85514],[-97.47123,30.85608],[-97.46663,30.8673],[-97.47066,30.86842],[-97.4695,30.87206],[-97.47256,30.87503],[-97.47866,30.87648],[-97.47999,30.87244],[-97.49442,30.87574],[-97.49631,30.87983],[-97.49865,30.87278],[-97.50593,30.87054],[-97.50655,30.87203],[-97.50713,30.87209],[-97.51932,30.86821],[-97.51569,30.85951],[-97.51239,30.86039],[-97.51478,30.85414],[-97.532,30.85855],[-97.53312,30.85442],[-97.53976,30.85217],[-97.53838,30.84915],[-97.53592,30.84644],[-97.53529,30.84535],[-97.53532,30.84419],[-97.53604,30.84188],[-97.53606,30.83973],[-97.53674,30.83838],[-97.53588,30.83774],[-97.53518,30.83614],[-97.48326,30.81638],[-97.50514,30.813],[-97.51413,30.81546],[-97.51653,30.81154],[-97.51626,30.81113],[-97.51451,30.81095],[-97.51431,30.81065],[-97.52455,30.78367],[-97.53669,30.78726],[-97.55224,30.78265],[-97.55552,30.79026],[-97.55613,30.79107],[-97.55953,30.79],[-97.55576,30.78016],[-97.55762,30.77959],[-97.55593,30.77565],[-97.56603,30.77231]]],[[[-97.27386,30.78311],[-97.27061,30.77555],[-97.26955,30.77822],[-97.25883,30.77525],[-97.25719,30.77933],[-97.26164,30.78108],[-97.26052,30.78367],[-97.2678,30.78707],[-97.26855,30.78479],[-97.26901,30.78456],[-97.27077,30.78821],[-97.27145,30.78773],[-97.27085,30.78616],[-97.2716,30.78574],[-97.27092,30.78397],[-97.27386,30.78311]]]]},"properties":{"zip_code":"76511","county":"Williamson"}},{"type":"Feature","geometry":{"type":"Polygon","coordinates":[[[-97.93982,30.80608],[-97.93969,30.8055],[-97.93746,30.80359],[-97.93455,30.80467],[-97.93391,30.8055],[-97.93272,30.80536],[-97.9319,30.80586],[-97.93155,30.80648],[-97.92896,30.80662],[-97.92838,30.80685],[-97.9278,30.80665],[-97.92631,30.80525],[-97.92681,30.8045],[-97.9266,30.80368],[-97.92603,30.80341],[-97.9265,30.80161],[-97.92826,30.80052],[-97.92894,30.79911],[-97.93017,30.79876],[-97.93087,30.79781],[-97.93173,30.79715],[-97.93161,30.79666],[-97.93104,30.79643],[-97.92983,30.79644],[-97.92929,30.79606],[-97.91828,30.79943],[-97.9135,30.78785],[-97.8987,30.79253],[-97.89776,30.79027],[-97.8974,30.7845],[-97.89599,30.78299],[-97.89102,30.77976],[-97.89072,30.77889],[-97.89028,30.77435],[-97.8888,30.77179],[-97.88822,30.77148],[-97.85996,30.7801],[-97.85772,30.78124],[-97.85528,30.78159],[-97.846,30.78445],[-97.84515,30.7849],[-97.8442,30.78614],[-97.84413,30.78749],[-97.84978,30.80105],[-97.84996,30.80255],[-97.84926,30.80402],[-97.84818,30.80486],[-97.84185,30.80665],[-97.83804,30.79732],[-97.82799,30.79996],[-97.82407,30.79335],[-97.81922,30.79484],[-97.81369,30.78178],[-97.82371,30.77914],[-97.81957,30.77192],[-97.81822,30.77223],[-97.81677,30.77208],[-97.81547,30.77147],[-97.81467,30.77064],[-97.80612,30.75059],[-97.79711,30.75345],[-97.79702,30.75371],[-97.79836,30.75666],[-97.7847,30.76107],[-97.78644,30.76511],[-97.78476,30.76592],[-97.78475,30.76615],[-97.78419,30.76625],[-97.78357,30.76699],[-97.78373,30.76743],[-97.78341,30.7681],[-97.78105,30.76997],[-97.7799,30.7695],[-97.77896,30.76949],[-97.77769,30.7688],[-97.77593,30.76895],[-97.77486,30.76877],[-97.77434,30.76762],[-97.77275,30.76744],[-97.77151,30.76756],[-97.77062,30.76872],[-97.76948,30.76898],[-97.76901,30.76941],[-97.76808,30.76955],[-97.7676,30.76927],[-97.76664,30.76922],[-97.76525,30.76966],[-97.76421,30.77057],[-97.76364,30.7706],[-97.76274,30.77024],[-97.76273,30.76965],[-97.76157,30.76902],[-97.76143,30.7684],[-97.76088,30.76801],[-97.76068,30.76769],[-97.76092,30.76697],[-97.76063,30.76612],[-97.75954,30.76536],[-97.75731,30.76451],[-97.75621,30.76435],[-97.7558,30.76454],[-97.75587,30.76481],[-97.75797,30.76997],[-97.7533,30.77286],[-97.74585,30.7636],[-97.74461,30.76293],[-97.73414,30.75913],[-97.73584,30.75794],[-97.73609,30.75683],[-97.73587,30.75622],[-97.73432,30.75668],[-97.73199,30.75093],[-97.72068,30.75441],[-97.71244,30.74976],[-97.72025,30.75675],[-97.71759,30.7586],[-97.71184,30.76041],[-97.71041,30.76112],[-97.70665,30.76485],[-97.70205,30.76655],[-97.70414,30.77255],[-97.71707,30.8037],[-97.70372,30.80821],[-97.70207,30.8035],[-97.69106,30.80709],[-97.69201,30.80946],[-97.69126,30.80929],[-97.69069,30.80947],[-97.69032,30.81094],[-97.6903,30.81248],[-97.68951,30.8127],[-97.68796,30.81419],[-97.68679,30.81387],[-97.68566,30.8147],[-97.68451,30.81504],[-97.68466,30.81683],[-97.68443,30.8171],[-97.68275,30.81692],[-97.68235,30.81706],[-97.68191,30.81763],[-97.68179,30.81885],[-97.68262,30.8191],[-97.6846,30.81934],[-97.68749,30.81873],[-97.68847,30.819],[-97.68896,30.8195],[-97.6813,30.82194],[-97.68295,30.82527],[-97.68272,30.82534],[-97.68764,30.83683],[-97.66605,30.8437],[-97.6803,30.87908],[-97.70549,30.88348],[-97.70666,30.88656],[-97.70612,30.88645],[-97.71214,30.9004],[-97.71019,30.90205],[-97.71143,30.90445],[-97.70819,30.90476],[-97.70904,30.90774],[-97.71495,30.90606],[-97.71401,30.90385],[-97.71517,30.90347],[-97.71865,30.90298],[-97.71883,30.90625],[-97.71832,30.90911],[-97.71754,30.90955],[-97.71531,30.91159],[-97.71113,30.91305],[-97.71082,30.91338],[-97.71121,30.91437],[-97.71185,30.918],[-97.71378,30.91975],[-97.71433,30.92209],[-97.71421,30.92341],[-97.71742,30.93118],[-97.71885,30.93032],[-97.7219,30.92911],[-97.72251,30.92822],[-97.72253,30.92712],[-97.72322,30.92669],[-97.73279,30.92411],[-97.74419,30.92051],[-97.7478,30.91988],[-97.74973,30.91867],[-97.75507,30.9198],[-97.7572,30.91844],[-97.76174,30.91483],[-97.76285,30.91441],[-97.76762,30.91321],[-97.76835,30.91478],[-97.7725,30.91366],[-97.76932,30.90535],[-97.77095,30.90495],[-97.77261,30.90896],[-97.77825,30.90728],[-97.77552,30.90072],[-97.77397,30.90269],[-97.77243,30.89932],[-97.77164,30.89922],[-97.77023,30.89646],[-97.77426,30.89517],[-97.8281,30.90441],[-97.83382,30.89944],[-97.83401,30.90064],[-97.83369,30.90166],[-97.83507,30.90505],[-97.83549,30.90671],[-97.83669,30.90685],[-97.83709,30.90666],[-97.83873,30.90442],[-97.83995,30.90343],[-97.84179,30.90293],[-97.84211,30.90352],[-97.84182,30.90476],[-97.84373,30.90682],[-97.84396,30.90749],[-97.84453,30.90777],[-97.84669,30.907],[-97.84887,30.90801],[-97.84983,30.90712],[-97.85125,30.90766],[-97.85213,30.90767],[-97.85375,30.90857],[-97.85401,30.9083],[-97.85448,30.90596],[-97.85452,30.90129],[-97.85684,30.9004],[-97.85495,30.89562],[-97.85599,30.89508],[-97.85742,30.89747],[-97.86864,30.893],[-97.86829,30.89007],[-97.87614,30.88899],[-97.87709,30.89117],[-97.88586,30.88858],[-97.88544,30.888],[-97.88591,30.8869],[-97.88544,30.88671],[-97.88569,30.88637],[-97.88603,30.88633],[-97.88584,30.88537],[-97.88673,30.88419],[-97.88651,30.88389],[-97.88724,30.88325],[-97.88716,30.88223],[-97.88796,30.8811],[-97.88747,30.88057],[-97.88756,30.8798],[-97.88791,30.87928],[-97.88793,30.87824],[-97.88822,30.87791],[-97.88806,30.87708],[-97.88836,30.87671],[-97.88846,30.87602],[-97.88778,30.87518],[-97.88609,30.87427],[-97.88586,30.87353],[-97.88527,30.87328],[-97.88546,30.87279],[-97.88697,30.8729],[-97.88783,30.87257],[-97.88857,30.8716],[-97.88852,30.87016],[-97.88783,30.86887],[-97.88786,30.86794],[-97.88866,30.86775],[-97.88879,30.86747],[-97.88941,30.86745],[-97.93417,30.85347],[-97.93448,30.85357],[-97.93495,30.85468],[-97.93828,30.85359],[-97.93233,30.83942],[-97.93166,30.83666],[-97.92924,30.83076],[-97.92764,30.83077],[-97.91289,30.83495],[-97.91014,30.83603],[-97.90413,30.83789],[-97.93955,30.80654],[-97.93982,30.80608]]]},"properties":{"zip_code":"76527","county":"Williamson"}},{"type":"Feature","geometry":{"type":"Polygon","coordinates":[[[-97.57607,30.74045],[-97.57577,30.73994],[-97.57519,30.73959],[-97.57112,30.73944],[-97.56915,30.73756],[-97.56723,30.73661],[-97.56572,30.73554],[-97.56527,30.73464],[-97.56515,30.73348],[-97.56458,30.73256],[-97.5629,30.72819],[-97.5622,30.72734],[-97.56044,30.72672],[-97.55849,30.72409],[-97.55752,30.72385],[-97.55618,30.72449],[-97.55429,30.72492],[-97.55289,30.72486],[-97.54979,30.72391],[-97.54919,30.72055],[-97.54784,30.71877],[-97.54949,30.71613],[-97.55134,30.71602],[-97.55169,30.71578],[-97.55272,30.71312],[-97.55374,30.71172],[-97.55596,30.70619],[-97.55561,30.70504],[-97.55752,30.70443],[-97.55508,30.6976],[-97.55916,30.69622],[-97.55669,30.69047],[-97.55384,30.69135],[-97.55452,30.68821],[-97.55298,30.68435],[-97.54996,30.68346],[-97.5495,30.6831],[-97.54618,30.68428],[-97.54513,30.68201],[-97.53196,30.67797],[-97.52646,30.69147],[-97.50329,30.6846],[-97.50151,30.68476],[-97.49356,30.68787],[-97.49029,30.67994],[-97.4918,30.67798],[-97.49615,30.66697],[-97.48338,30.66315],[-97.4825,30.66272],[-97.47129,30.63622],[-97.46853,30.6367],[-97.46535,30.63768],[-97.46619,30.63665],[-97.46592,30.63551],[-97.46485,30.63512],[-97.46427,30.63443],[-97.463,30.6345],[-97.46177,30.63303],[-97.46097,30.63256],[-97.46174,30.63162],[-97.46272,30.63109],[-97.4649,30.63128],[-97.46564,30.63204],[-97.46633,30.63231],[-97.468,30.63286],[-97.46963,30.63297],[-97.47069,30.63215],[-97.47086,30.63143],[-97.47173,30.63028],[-97.47317,30.62933],[-97.47162,30.6302],[-97.47103,30.63094],[-97.47054,30.63214],[-97.46978,30.63283],[-97.46855,30.63285],[-97.46589,30.63208],[-97.46474,30.63112],[-97.46255,30.63096],[-97.46177,30.63136],[-97.45994,30.63357],[-97.457,30.63443],[-97.4551,30.63634],[-97.45515,30.63704],[-97.45616,30.63785],[-97.45745,30.63778],[-97.45765,30.63819],[-97.45725,30.63966],[-97.45608,30.64064],[-97.45269,30.64058],[-97.45193,30.64017],[-97.45098,30.64024],[-97.44973,30.63997],[-97.4495,30.64107],[-97.44884,30.64219],[-97.44787,30.64316],[-97.44595,30.64359],[-97.4451,30.64343],[-97.44335,30.64395],[-97.44192,30.64498],[-97.43952,30.64419],[-97.43683,30.64475],[-97.43427,30.6443],[-97.43347,30.64443],[-97.43119,30.64619],[-97.4309,30.64701],[-97.43091,30.6474],[-97.43223,30.64925],[-97.43221,30.64979],[-97.43123,30.65014],[-97.43055,30.65004],[-97.4291,30.65065],[-97.42847,30.65139],[-97.42636,30.6503],[-97.42694,30.64854],[-97.42684,30.64788],[-97.42632,30.64721],[-97.42594,30.64701],[-97.42515,30.64776],[-97.42203,30.64836],[-97.41991,30.64734],[-97.41993,30.64698],[-97.42059,30.64612],[-97.42066,30.64469],[-97.41971,30.64452],[-97.41836,30.64475],[-97.41711,30.64604],[-97.41581,30.64806],[-97.41592,30.64941],[-97.41647,30.65065],[-97.41634,30.6513],[-97.41554,30.65228],[-97.4135,30.65283],[-97.4111,30.65259],[-97.40819,30.65169],[-97.40569,30.65289],[-97.40556,30.65349],[-97.40606,30.65392],[-97.40602,30.65445],[-97.40523,30.6551],[-97.40509,30.65563],[-97.40557,30.6566],[-97.4065,30.65693],[-97.40725,30.65768],[-97.40758,30.65896],[-97.40652,30.65933],[-97.40393,30.65932],[-97.40067,30.65985],[-97.39925,30.66035],[-97.39894,30.66113],[-97.39927,30.66186],[-97.40185,30.66252],[-97.40373,30.66402],[-97.40415,30.66477],[-97.40362,30.66561],[-97.40281,30.6657],[-97.40175,30.66504],[-97.3993,30.6644],[-97.39834,30.6643],[-97.39821,30.66475],[-97.3973,30.66464],[-97.39671,30.66425],[-97.39286,30.66403],[-97.38769,30.66438],[-97.38613,30.66505],[-97.38423,30.66763],[-97.38207,30.66959],[-97.37864,30.66966],[-97.37721,30.67016],[-97.37649,30.67081],[-97.37561,30.67193],[-97.37416,30.67456],[-97.37268,30.67603],[-97.37105,30.67692],[-97.37069,30.67754],[-97.36921,30.67858],[-97.36879,30.67913],[-97.36862,30.68047],[-97.36577,30.68358],[-97.36431,30.68612],[-97.36217,30.68782],[-97.35938,30.68813],[-97.35783,30.68806],[-97.35142,30.69166],[-97.34884,30.69561],[-97.34452,30.69635],[-97.3423,30.69861],[-97.34072,30.70086],[-97.33923,30.70159],[-97.33098,30.70184],[-97.3222,30.6987],[-97.31914,30.69828],[-97.31704,30.69853],[-97.31452,30.6994],[-97.31298,30.69949],[-97.31095,30.70154],[-97.31058,30.70152],[-97.30883,30.69971],[-97.30729,30.6995],[-97.30685,30.69871],[-97.30656,30.69743],[-97.3053,30.6969],[-97.30358,30.6957],[-97.30237,30.69552],[-97.30143,30.69598],[-97.30165,30.69681],[-97.30152,30.6978],[-97.30093,30.69824],[-97.3,30.69838],[-97.29967,30.69896],[-97.30018,30.70207],[-97.2991,30.70316],[-97.29786,30.70357],[-97.29689,30.70272],[-97.29644,30.70154],[-97.29665,30.70038],[-97.2962,30.69891],[-97.29654,30.69796],[-97.29643,30.69763],[-97.29586,30.69729],[-97.29292,30.6966],[-97.29253,30.6961],[-97.29238,30.69516],[-97.29125,30.69522],[-97.29102,30.69591],[-97.29067,30.69616],[-97.28806,30.6965],[-97.28387,30.69842],[-97.28328,30.69797],[-97.28311,30.6962],[-97.28234,30.6955],[-97.28229,30.69463],[-97.28195,30.69421],[-97.27977,30.69406],[-97.27706,30.6962],[-97.27601,30.69652],[-97.27493,30.69648],[-97.27421,30.69621],[-97.2738,30.69564],[-97.27394,30.69398],[-97.27342,30.69328],[-97.27184,30.69509],[-97.27094,30.69543],[-97.26975,30.69516],[-97.26937,30.69415],[-97.26893,30.69393],[-97.26666,30.69467],[-97.26502,30.69736],[-97.26379,30.69824],[-97.26382,30.69911],[-97.2635,30.69976],[-97.26278,30.70016],[-97.26051,30.70033],[-97.26005,30.69995],[-97.26004,30.69952],[-97.26056,30.69829],[-97.2606,30.69667],[-97.26123,30.69626],[-97.26222,30.69606],[-97.26293,30.6951],[-97.26296,30.69422],[-97.26235,30.69265],[-97.25957,30.69263],[-97.25884,30.69382],[-97.25822,30.69396],[-97.25767,30.69367],[-97.25648,30.6923],[-97.25537,30.69198],[-97.25293,30.69343],[-97.25241,30.69347],[-97.26995,30.73536],[-97.30712,30.74931],[-97.30727,30.74891],[-97.31602,30.75149],[-97.31625,30.75135],[-97.31841,30.74585],[-97.32596,30.74816],[-97.33269,30.75049],[-97.33317,30.75085],[-97.35904,30.75858],[-97.36021,30.75571],[-97.37968,30.76141],[-97.3812,30.75751],[-97.39977,30.76281],[-97.40004,30.76266],[-97.40179,30.75817],[-97.40741,30.75964],[-97.40897,30.76253],[-97.40852,30.76367],[-97.40836,30.76502],[-97.40752,30.7665],[-97.40353,30.77681],[-97.42115,30.78173],[-97.42162,30.7821],[-97.42194,30.78195],[-97.42417,30.77613],[-97.42485,30.77534],[-97.4257,30.77568],[-97.42782,30.77557],[-97.42923,30.77599],[-97.43035,30.77592],[-97.43451,30.77689],[-97.43539,30.77123],[-97.43575,30.77126],[-97.43854,30.75447],[-97.46822,30.76333],[-97.47406,30.74895],[-97.48134,30.75113],[-97.48243,30.75166],[-97.48414,30.75414],[-97.48773,30.75539],[-97.48848,30.75619],[-97.48952,30.75834],[-97.49187,30.7593],[-97.4931,30.76215],[-97.50368,30.75878],[-97.51195,30.75517],[-97.51037,30.75143],[-97.51128,30.75113],[-97.512,30.75235],[-97.51384,30.75185],[-97.51334,30.75057],[-97.51808,30.74919],[-97.51933,30.7514],[-97.52169,30.75121],[-97.52267,30.75352],[-97.52261,30.75388],[-97.52397,30.75654],[-97.52464,30.75736],[-97.52593,30.75824],[-97.5279,30.75869],[-97.52944,30.7585],[-97.53588,30.75646],[-97.55464,30.75037],[-97.55617,30.74952],[-97.56603,30.77231],[-97.56644,30.77215],[-97.55687,30.74881],[-97.55792,30.74784],[-97.55882,30.74739],[-97.56996,30.74396],[-97.57283,30.74161],[-97.57607,30.74045]]]},"properties":{"zip_code":"76530","county":"Williamson"}},{"type":"Feature","geometry":{"type":"Polygon","coordinates":[[[-97.69184,30.80947],[-97.69201,30.80946],[-97.69106,30.80709],[-97.68384,30.7897],[-97.68038,30.79146],[-97.67014,30.79572],[-97.66543,30.7844],[-97.6523,30.78858],[-97.6522,30.78881],[-97.6537,30.79248],[-97.64334,30.79578],[-97.63358,30.77262],[-97.62848,30.77418],[-97.6273,30.774],[-97.6267,30.7758],[-97.62543,30.77621],[-97.62606,30.77372],[-97.62496,30.77338],[-97.62428,30.77192],[-97.61904,30.77353],[-97.61273,30.75862],[-97.61221,30.75802],[-97.61163,30.75793],[-97.6036,30.7603],[-97.59578,30.76291],[-97.59567,30.7624],[-97.59606,30.76143],[-97.59566,30.76081],[-97.59348,30.76006],[-97.59155,30.75834],[-97.59137,30.75599],[-97.59039,30.75569],[-97.58954,30.75473],[-97.58836,30.75467],[-97.58798,30.75436],[-97.58176,30.75634],[-97.58363,30.7614],[-97.57892,30.76296],[-97.58088,30.7675],[-97.57904,30.76822],[-97.58019,30.7709],[-97.56761,30.77494],[-97.56644,30.77215],[-97.55593,30.77565],[-97.55762,30.77959],[-97.55576,30.78016],[-97.55953,30.79],[-97.55594,30.79104],[-97.55219,30.78264],[-97.53669,30.78726],[-97.52455,30.78367],[-97.51431,30.81065],[-97.51451,30.81095],[-97.51626,30.81113],[-97.51652,30.81157],[-97.51426,30.8151],[-97.51349,30.81707],[-97.51408,30.81741],[-97.51058,30.82655],[-97.51301,30.82736],[-97.51307,30.82771],[-97.62405,30.87],[-97.65397,30.87463],[-97.6803,30.87908],[-97.66605,30.8437],[-97.68764,30.83683],[-97.68272,30.82534],[-97.68295,30.82527],[-97.6813,30.82194],[-97.68896,30.8195],[-97.68847,30.819],[-97.68749,30.81873],[-97.68499,30.81931],[-97.68349,30.8193],[-97.68179,30.81885],[-97.6818,30.81832],[-97.68195,30.81754],[-97.68235,30.81706],[-97.68452,30.81703],[-97.68451,30.81504],[-97.68566,30.8147],[-97.68679,30.81387],[-97.68796,30.81419],[-97.68951,30.8127],[-97.6903,30.81248],[-97.69032,30.81094],[-97.69069,30.80947],[-97.69126,30.80929],[-97.69184,30.80947]]]},"properties":{"zip_code":"76537","county":"Williamson"}},{"type":"Feature","geometry":{"type":"Polygon","coordinates":[[[-97.51387,30.81613],[-97.51413,30.81546],[-97.50514,30.813],[-97.48326,30.81638],[-97.51307,30.82771],[-97.51301,30.82736],[-97.51058,30.82655],[-97.51408,30.81741],[-97.51349,30.81707],[-97.51387,30.81613]]]},"properties":{"zip_code":"76573","county":"Williamson"}},{"type":"Feature","geometry":{"type":"Polygon","coordinates":[[[-97.52702,30.47514],[-97.52712,30.47465],[-97.52397,30.47218],[-97.52236,30.47638],[-97.51086,30.48526],[-97.50479,30.4811],[-97.50255,30.48057],[-97.50137,30.47792],[-97.50135,30.47729],[-97.49833,30.47662],[-97.49877,30.47357],[-97.49963,30.47007],[-97.49823,30.46983],[-97.49884,30.46712],[-97.49752,30.46696],[-97.49757,30.46663],[-97.49549,30.4664],[-97.49457,30.4719],[-97.49391,30.47194],[-97.48952,30.47104],[-97.48909,30.47329],[-97.4887,30.47313],[-97.48643,30.46947],[-97.48012,30.47043],[-97.47785,30.46954],[-97.47759,30.47189],[-97.47677,30.4715],[-97.47634,30.47091],[-97.47583,30.47082],[-97.47451,30.47108],[-97.47392,30.47203],[-97.47275,30.47263],[-97.47126,30.4727],[-97.4706,30.47191],[-97.46969,30.47153],[-97.46952,30.47052],[-97.46852,30.4696],[-97.46705,30.46986],[-97.46679,30.47037],[-97.46679,30.47127],[-97.46482,30.47097],[-97.46477,30.47055],[-97.46606,30.47005],[-97.46687,30.46926],[-97.46719,30.46838],[-97.46458,30.46857],[-97.46441,30.47008],[-97.46305,30.46906],[-97.46393,30.46751],[-97.46367,30.46702],[-97.463,30.46684],[-97.46218,30.4671],[-97.46124,30.46801],[-97.45889,30.46869],[-97.45763,30.46955],[-97.45741,30.47005],[-97.45757,30.47031],[-97.45955,30.47144],[-97.45942,30.47275],[-97.45877,30.47308],[-97.45768,30.47279],[-97.45724,30.4713],[-97.45738,30.47086],[-97.45705,30.47053],[-97.45604,30.47068],[-97.45545,30.47135],[-97.45445,30.47179],[-97.45335,30.47125],[-97.45308,30.47056],[-97.45215,30.47094],[-97.4516,30.47041],[-97.45159,30.46969],[-97.45097,30.46922],[-97.45061,30.46916],[-97.44974,30.46978],[-97.44943,30.46891],[-97.44839,30.46865],[-97.44792,30.46879],[-97.44747,30.46944],[-97.44717,30.46866],[-97.44651,30.46788],[-97.44488,30.46738],[-97.44369,30.46812],[-97.44376,30.46934],[-97.44475,30.47001],[-97.44472,30.47051],[-97.44291,30.47008],[-97.44233,30.47016],[-97.44185,30.47063],[-97.44039,30.47076],[-97.44005,30.4715],[-97.43903,30.47199],[-97.43825,30.47177],[-97.43766,30.47116],[-97.43568,30.47186],[-97.43522,30.47178],[-97.43493,30.47151],[-97.43493,30.47112],[-97.43549,30.47037],[-97.43552,30.46987],[-97.43444,30.47009],[-97.4341,30.4696],[-97.4333,30.46932],[-97.43227,30.46949],[-97.43147,30.47024],[-97.43045,30.47035],[-97.42991,30.46954],[-97.42978,30.4686],[-97.42932,30.46855],[-97.42809,30.46913],[-97.42751,30.4688],[-97.42739,30.4681],[-97.42701,30.46784],[-97.42528,30.4679],[-97.42509,30.469],[-97.42455,30.46914],[-97.42335,30.46857],[-97.42358,30.46818],[-97.42346,30.46768],[-97.4225,30.46738],[-97.42191,30.46768],[-97.42104,30.46748],[-97.41751,30.46798],[-97.41665,30.46849],[-97.41553,30.46827],[-97.41466,30.46852],[-97.41406,30.46831],[-97.41295,30.46873],[-97.40909,30.46881],[-97.40875,30.46844],[-97.40832,30.46836],[-97.4072,30.46843],[-97.40637,30.46887],[-97.40562,30.46841],[-97.40313,30.46789],[-97.40146,30.46833],[-97.39891,30.46848],[-97.39828,30.46924],[-97.39857,30.47066],[-97.39838,30.47091],[-97.39796,30.47094],[-97.39772,30.47036],[-97.39721,30.47],[-97.39621,30.47027],[-97.39595,30.47086],[-97.39462,30.47131],[-97.39408,30.47174],[-97.39395,30.47215],[-97.39435,30.47262],[-97.3942,30.47281],[-97.39354,30.4726],[-97.39304,30.47198],[-97.39147,30.47237],[-97.39017,30.47206],[-97.38786,30.47231],[-97.38527,30.47136],[-97.38338,30.47109],[-97.3831,30.47085],[-97.38323,30.47017],[-97.38221,30.47014],[-97.38179,30.46978],[-97.38123,30.47052],[-97.37796,30.48732],[-97.37684,30.48899],[-97.3756,30.48994],[-97.37533,30.49046],[-97.37315,30.50414],[-97.36114,30.50796],[-97.3649,30.51683],[-97.36485,30.51721],[-97.3612,30.51892],[-97.35398,30.52132],[-97.35422,30.52188],[-97.3477,30.52386],[-97.34772,30.52464],[-97.34751,30.52491],[-97.34415,30.52597],[-97.34373,30.52544],[-97.34144,30.51994],[-97.34094,30.51979],[-97.33915,30.52031],[-97.33848,30.51955],[-97.3358,30.52173],[-97.3348,30.52177],[-97.33344,30.52259],[-97.33309,30.52326],[-97.3336,30.52361],[-97.33427,30.52365],[-97.33438,30.524],[-97.3334,30.5246],[-97.33277,30.52611],[-97.33042,30.52906],[-97.32975,30.52935],[-97.32782,30.52951],[-97.32672,30.53044],[-97.32658,30.53097],[-97.32382,30.53191],[-97.32333,30.5327],[-97.32184,30.53269],[-97.32038,30.53324],[-97.31941,30.53281],[-97.31889,30.53316],[-97.31755,30.5328],[-97.31649,30.53291],[-97.31557,30.53223],[-97.31358,30.53204],[-97.31169,30.53277],[-97.31053,30.53374],[-97.30928,30.53401],[-97.30858,30.53454],[-97.30793,30.53464],[-97.30645,30.5358],[-97.30366,30.53622],[-97.30319,30.53658],[-97.30271,30.53751],[-97.30187,30.53755],[-97.29905,30.53847],[-97.30491,30.55154],[-97.29851,30.55343],[-97.29919,30.55497],[-97.3045,30.55775],[-97.30477,30.55852],[-97.28606,30.56435],[-97.28558,30.56472],[-97.29181,30.57899],[-97.29257,30.5787],[-97.29674,30.58486],[-97.30297,30.58373],[-97.30527,30.58905],[-97.3049,30.58912],[-97.30514,30.58998],[-97.31004,30.58841],[-97.31891,30.58674],[-97.32032,30.59027],[-97.28573,30.60041],[-97.29303,30.61923],[-97.29453,30.62188],[-97.29361,30.62764],[-97.29234,30.63185],[-97.28687,30.63235],[-97.28663,30.63295],[-97.28561,30.63364],[-97.28348,30.63282],[-97.28067,30.63367],[-97.27955,30.63352],[-97.27863,30.63372],[-97.27789,30.63326],[-97.27678,30.63302],[-97.27603,30.63233],[-97.27559,30.63276],[-97.27437,30.63283],[-97.27433,30.63394],[-97.27227,30.63477],[-97.27148,30.63452],[-97.26955,30.63524],[-97.26835,30.63516],[-97.26823,30.6356],[-97.26782,30.63584],[-97.26532,30.63582],[-97.26443,30.63659],[-97.26801,30.64481],[-97.26877,30.64456],[-97.26906,30.6447],[-97.27153,30.65052],[-97.2715,30.65115],[-97.26947,30.65655],[-97.27815,30.65923],[-97.27351,30.67103],[-97.26556,30.66862],[-97.26464,30.66851],[-97.25538,30.67135],[-97.2537,30.67127],[-97.25103,30.6703],[-97.24988,30.67012],[-97.2458,30.67109],[-97.24327,30.67137],[-97.25241,30.69347],[-97.25293,30.69343],[-97.25537,30.69198],[-97.25648,30.6923],[-97.25767,30.69367],[-97.25822,30.69396],[-97.25884,30.69382],[-97.25957,30.69263],[-97.26235,30.69265],[-97.26296,30.69422],[-97.26293,30.6951],[-97.26222,30.69606],[-97.26123,30.69626],[-97.2606,30.69667],[-97.26056,30.69829],[-97.26004,30.69952],[-97.26005,30.69995],[-97.26051,30.70033],[-97.26278,30.70016],[-97.2635,30.69976],[-97.26382,30.69911],[-97.26379,30.69824],[-97.26502,30.69736],[-97.26666,30.69467],[-97.26893,30.69393],[-97.26937,30.69415],[-97.26975,30.69516],[-97.27094,30.69543],[-97.27184,30.69509],[-97.27342,30.69328],[-97.27394,30.69398],[-97.2738,30.69564],[-97.27421,30.69621],[-97.27493,30.69648],[-97.27601,30.69652],[-97.27706,30.6962],[-97.27977,30.69406],[-97.28195,30.69421],[-97.28229,30.69463],[-97.28234,30.6955],[-97.28311,30.6962],[-97.28328,30.69797],[-97.28387,30.69842],[-97.28806,30.6965],[-97.29067,30.69616],[-97.29102,30.69591],[-97.29125,30.69522],[-97.29238,30.69516],[-97.29253,30.6961],[-97.29292,30.6966],[-97.29586,30.69729],[-97.29643,30.69763],[-97.29654,30.69796],[-97.2962,30.69891],[-97.29665,30.70038],[-97.29644,30.70154],[-97.29689,30.70272],[-97.29786,30.70357],[-97.2991,30.70316],[-97.30018,30.70207],[-97.29967,30.69896],[-97.3,30.69838],[-97.30093,30.69824],[-97.30152,30.6978],[-97.30165,30.69681],[-97.30143,30.69598],[-97.30237,30.69552],[-97.30358,30.6957],[-97.3053,30.6969],[-97.30656,30.69743],[-97.30685,30.69871],[-97.30729,30.6995],[-97.30883,30.69971],[-97.31058,30.70152],[-97.31095,30.70154],[-97.31298,30.69949],[-97.31452,30.6994],[-97.31704,30.69853],[-97.31914,30.69828],[-97.3222,30.6987],[-97.33098,30.70184],[-97.33923,30.70159],[-97.34072,30.70086],[-97.3423,30.69861],[-97.34452,30.69635],[-97.34884,30.69561],[-97.35142,30.69166],[-97.35783,30.68806],[-97.35938,30.68813],[-97.36217,30.68782],[-97.36431,30.68612],[-97.36577,30.68358],[-97.36862,30.68047],[-97.36879,30.67913],[-97.36921,30.67858],[-97.37069,30.67754],[-97.37105,30.67692],[-97.37268,30.67603],[-97.37416,30.67456],[-97.37561,30.67193],[-97.37649,30.67081],[-97.37721,30.67016],[-97.37864,30.66966],[-97.38207,30.66959],[-97.38423,30.66763],[-97.38613,30.66505],[-97.38769,30.66438],[-97.39286,30.66403],[-97.39671,30.66425],[-97.3973,30.66464],[-97.39821,30.66475],[-97.39834,30.6643],[-97.3993,30.6644],[-97.40175,30.66504],[-97.40281,30.6657],[-97.40362,30.66561],[-97.40415,30.66477],[-97.40373,30.66402],[-97.40185,30.66252],[-97.39927,30.66186],[-97.39894,30.66113],[-97.39925,30.66035],[-97.40067,30.65985],[-97.40393,30.65932],[-97.40652,30.65933],[-97.40758,30.65896],[-97.40725,30.65768],[-97.4065,30.65693],[-97.40557,30.6566],[-97.40509,30.65563],[-97.40523,30.6551],[-97.40602,30.65445],[-97.40606,30.65392],[-97.40556,30.65349],[-97.40569,30.65289],[-97.40819,30.65169],[-97.4111,30.65259],[-97.4135,30.65283],[-97.41554,30.65228],[-97.41634,30.6513],[-97.41647,30.65065],[-97.41592,30.64941],[-97.41581,30.64806],[-97.41711,30.64604],[-97.41836,30.64475],[-97.41971,30.64452],[-97.42066,30.64469],[-97.42059,30.64612],[-97.41993,30.64698],[-97.41991,30.64734],[-97.42203,30.64836],[-97.42515,30.64776],[-97.42594,30.64701],[-97.42632,30.64721],[-97.42684,30.64788],[-97.42694,30.64854],[-97.42636,30.6503],[-97.42847,30.65139],[-97.4291,30.65065],[-97.43055,30.65004],[-97.43123,30.65014],[-97.43221,30.64979],[-97.43223,30.64925],[-97.43091,30.6474],[-97.4309,30.64701],[-97.43119,30.64619],[-97.43347,30.64443],[-97.43427,30.6443],[-97.43683,30.64475],[-97.43952,30.64419],[-97.44192,30.64498],[-97.44335,30.64395],[-97.4451,30.64343],[-97.44595,30.64359],[-97.44787,30.64316],[-97.44884,30.64219],[-97.4495,30.64107],[-97.44973,30.63997],[-97.45098,30.64024],[-97.45193,30.64017],[-97.45269,30.64058],[-97.45572,30.64072],[-97.4564,30.64049],[-97.45725,30.63966],[-97.45765,30.63819],[-97.45745,30.63778],[-97.45616,30.63785],[-97.45515,30.63704],[-97.4551,30.63634],[-97.45533,30.63596],[-97.457,30.63443],[-97.45994,30.63357],[-97.46177,30.63136],[-97.46228,30.63104],[-97.46474,30.63112],[-97.46589,30.63208],[-97.46855,30.63285],[-97.46978,30.63283],[-97.47054,30.63214],[-97.47103,30.63094],[-97.47162,30.6302],[-97.47489,30.62863],[-97.4757,30.62888],[-97.47652,30.6288],[-97.47906,30.62749],[-97.48326,30.62804],[-97.48539,30.62688],[-97.48896,30.62678],[-97.49034,30.62695],[-97.48248,30.6079],[-97.48449,30.60831],[-97.48697,30.60847],[-97.49111,30.60796],[-97.50013,30.60513],[-97.50331,30.60353],[-97.50566,30.60275],[-97.50374,30.59856],[-97.51048,30.59646],[-97.50379,30.59841],[-97.50314,30.59694],[-97.50803,30.59535],[-97.50598,30.59064],[-97.51233,30.5885],[-97.51167,30.58726],[-97.51942,30.5846],[-97.5164,30.57751],[-97.50477,30.58092],[-97.50333,30.57489],[-97.5028,30.57051],[-97.50025,30.57097],[-97.49587,30.56084],[-97.49334,30.56163],[-97.49312,30.56128],[-97.48833,30.56288],[-97.48581,30.55707],[-97.49645,30.55614],[-97.49548,30.55191],[-97.48317,30.55405],[-97.48305,30.55372],[-97.49385,30.49374],[-97.50006,30.49574],[-97.50692,30.49952],[-97.51194,30.50037],[-97.51321,30.5008],[-97.51703,30.50304],[-97.52053,30.50565],[-97.52133,30.50662],[-97.5221,30.50921],[-97.5233,30.51037],[-97.52414,30.50556],[-97.52122,30.50516],[-97.52119,30.50452],[-97.52013,30.50392],[-97.52182,30.49479],[-97.52035,30.49496],[-97.52317,30.48012],[-97.52621,30.48023],[-97.52702,30.47514]]]},"properties":{"zip_code":"76574","county":"Williamson"}},{"type":"Feature","geometry":{"type":"Polygon","coordinates":[[[-97.30259,30.74756],[-97.26995,30.73536],[-97.24327,30.67137],[-97.2458,30.67109],[-97.24988,30.67012],[-97.25103,30.6703],[-97.2537,30.67127],[-97.25538,30.67135],[-97.26464,30.66851],[-97.26556,30.66862],[-97.27351,30.67103],[-97.27815,30.65923],[-97.26947,30.65655],[-97.2715,30.65115],[-97.27153,30.65052],[-97.26906,30.6447],[-97.26877,30.64456],[-97.26801,30.64481],[-97.26443,30.63659],[-97.26393,30.63681],[-97.26278,30.6383],[-97.26137,30.63835],[-97.26003,30.63915],[-97.25859,30.63919],[-97.2578,30.63976],[-97.25687,30.63958],[-97.25671,30.63889],[-97.25631,30.63863],[-97.25467,30.63862],[-97.25326,30.63907],[-97.25219,30.63886],[-97.25043,30.63926],[-97.24971,30.63877],[-97.24781,30.6389],[-97.24601,30.63866],[-97.24496,30.63804],[-97.2442,30.63701],[-97.2431,30.63629],[-97.24278,30.63578],[-97.24148,30.63596],[-97.24024,30.63495],[-97.23909,30.63453],[-97.23918,30.63407],[-97.23322,30.63316],[-97.23007,30.63188],[-97.22934,30.63133],[-97.22944,30.63113],[-97.22885,30.6307],[-97.22869,30.63023],[-97.2276,30.6296],[-97.22703,30.63011],[-97.22617,30.62971],[-97.22197,30.6198],[-97.21686,30.60661],[-97.21477,30.60233],[-97.19762,30.56084],[-97.20716,30.55791],[-97.20979,30.55915],[-97.21015,30.55907],[-97.21012,30.55931],[-97.22547,30.56657],[-97.22609,30.56566],[-97.22717,30.5654],[-97.2272,30.56301],[-97.2277,30.56224],[-97.22896,30.56145],[-97.22993,30.5615],[-97.23121,30.56115],[-97.23166,30.55999],[-97.23087,30.559],[-97.2311,30.55832],[-97.2316,30.5581],[-97.23251,30.55841],[-97.23299,30.55818],[-97.22778,30.5512],[-97.22777,30.55052],[-97.22723,30.54984],[-97.22448,30.54326],[-97.22472,30.54285],[-97.2291,30.5414],[-97.22704,30.5364],[-97.22623,30.53537],[-97.22633,30.53477],[-97.21937,30.52622],[-97.21565,30.51756],[-97.21078,30.5171],[-97.20719,30.51726],[-97.20102,30.51829],[-97.19773,30.51832],[-97.19184,30.52009],[-97.19284,30.51821],[-97.19922,30.50238],[-97.20549,30.50418],[-97.20578,30.50341],[-97.21215,30.50056],[-97.21239,30.50072],[-97.21175,30.49946],[-97.20912,30.49721],[-97.2076,30.49497],[-97.2055,30.49336],[-97.20312,30.49252],[-97.19991,30.50063],[-97.17674,30.49348],[-97.17791,30.49064],[-97.16985,30.49302],[-97.1621,30.47416],[-97.15819,30.47031],[-97.15762,30.46978],[-97.15506,30.4688],[-97.15273,30.46757],[-97.14819,30.46784],[-97.14629,30.46754],[-97.14098,30.46482],[-97.09224,30.49035],[-97.07105,30.50119],[-97.06953,30.50404],[-97.07333,30.51297],[-97.06865,30.5172],[-97.06862,30.51756],[-97.07081,30.52295],[-97.06523,30.52458],[-97.06512,30.52564],[-97.0654,30.52825],[-97.06954,30.52986],[-97.07063,30.52876],[-97.07277,30.52785],[-97.07309,30.52792],[-97.07548,30.52913],[-97.0768,30.53024],[-97.08548,30.53369],[-97.09001,30.53645],[-97.09226,30.53732],[-97.09063,30.54157],[-97.08394,30.54473],[-97.07693,30.55013],[-97.07589,30.55044],[-97.0689,30.55542],[-97.06828,30.55618],[-97.06639,30.56023],[-97.06528,30.56129],[-97.06553,30.56174],[-97.06922,30.55947],[-97.06965,30.55805],[-97.07397,30.56805],[-97.07445,30.56853],[-97.07867,30.57804],[-97.0787,30.57952],[-97.07832,30.58081],[-97.07679,30.58333],[-97.0784,30.58096],[-97.07876,30.57987],[-97.07881,30.5783],[-97.07832,30.57677],[-97.07967,30.57791],[-97.08019,30.57784],[-97.0814,30.5774],[-97.08116,30.57657],[-97.10264,30.57135],[-97.10259,30.57227],[-97.1006,30.57764],[-97.10339,30.57854],[-97.10188,30.58247],[-97.10167,30.58356],[-97.10181,30.58411],[-97.10384,30.58678],[-97.10388,30.58716],[-97.10357,30.58737],[-97.10368,30.58775],[-97.10481,30.58848],[-97.10733,30.5917],[-97.10744,30.59245],[-97.10701,30.59378],[-97.11395,30.59579],[-97.11476,30.59484],[-97.11486,30.59498],[-97.11473,30.59584],[-97.11365,30.59783],[-97.11358,30.5989],[-97.11283,30.60094],[-97.11247,30.60123],[-97.11214,30.60101],[-97.11198,30.60141],[-97.11199,30.60177],[-97.11254,30.60258],[-97.11359,30.60336],[-97.11371,30.6037],[-97.11359,30.6043],[-97.11378,30.60475],[-97.11348,30.60519],[-97.11382,30.60548],[-97.11354,30.60592],[-97.11277,30.60598],[-97.11267,30.60654],[-97.11292,30.6076],[-97.11403,30.60809],[-97.11403,30.60887],[-97.11358,30.60899],[-97.11421,30.60934],[-97.11479,30.6101],[-97.11475,30.61049],[-97.11439,30.61069],[-97.11366,30.61053],[-97.1137,30.61119],[-97.11433,30.61138],[-97.11421,30.61174],[-97.11487,30.61245],[-97.11459,30.61303],[-97.11511,30.61326],[-97.11655,30.61325],[-97.11689,30.61354],[-97.11697,30.61408],[-97.11629,30.61557],[-97.11688,30.6166],[-97.1177,30.61668],[-97.11794,30.6164],[-97.11846,30.61672],[-97.11867,30.61603],[-97.11902,30.61576],[-97.11977,30.61646],[-97.11987,30.61683],[-97.11957,30.61718],[-97.1197,30.61766],[-97.11925,30.61822],[-97.11972,30.61905],[-97.11837,30.61985],[-97.11926,30.62071],[-97.11926,30.62122],[-97.11959,30.62173],[-97.11984,30.6215],[-97.12,30.62175],[-97.11953,30.62248],[-97.11887,30.62281],[-97.11872,30.62347],[-97.11922,30.624],[-97.11984,30.6241],[-97.12003,30.62465],[-97.12079,30.62489],[-97.1215,30.6268],[-97.12207,30.62698],[-97.1217,30.6291],[-97.12187,30.63],[-97.12444,30.63054],[-97.12736,30.63047],[-97.14165,30.62681],[-97.14174,30.62699],[-97.14364,30.62653],[-97.14371,30.62736],[-97.1413,30.63356],[-97.14131,30.63394],[-97.14238,30.63442],[-97.14254,30.63481],[-97.14108,30.63868],[-97.16707,30.63134],[-97.16646,30.63163],[-97.16629,30.63262],[-97.16562,30.63351],[-97.16547,30.63392],[-97.16565,30.63456],[-97.16544,30.63503],[-97.16445,30.636],[-97.16289,30.63671],[-97.16271,30.63701],[-97.16301,30.63755],[-97.16287,30.63778],[-97.16237,30.63786],[-97.16133,30.63742],[-97.16104,30.63822],[-97.16063,30.63848],[-97.15771,30.6376],[-97.15724,30.63766],[-97.15659,30.63831],[-97.15515,30.63788],[-97.15396,30.63925],[-97.15369,30.6391],[-97.15195,30.63954],[-97.15127,30.64037],[-97.14889,30.64109],[-97.14865,30.64141],[-97.1488,30.64246],[-97.14637,30.64271],[-97.14545,30.64339],[-97.14455,30.64345],[-97.1444,30.6438],[-97.1451,30.6441],[-97.14528,30.64449],[-97.14485,30.64472],[-97.14386,30.64455],[-97.14328,30.64482],[-97.14333,30.64517],[-97.14384,30.64533],[-97.14393,30.64571],[-97.14295,30.64616],[-97.14196,30.64714],[-97.14165,30.64775],[-97.14174,30.64852],[-97.14082,30.64886],[-97.14058,30.64941],[-97.14097,30.65033],[-97.14086,30.65063],[-97.13938,30.65069],[-97.13819,30.65189],[-97.13694,30.65166],[-97.13686,30.65225],[-97.13759,30.65298],[-97.13684,30.65314],[-97.13694,30.65401],[-97.1366,30.65474],[-97.13612,30.65477],[-97.13533,30.65393],[-97.13493,30.65388],[-97.13456,30.65476],[-97.13383,30.65461],[-97.13374,30.65549],[-97.13322,30.65626],[-97.13196,30.65629],[-97.13087,30.65693],[-97.13105,30.65778],[-97.13062,30.65807],[-97.12982,30.65815],[-97.12903,30.65777],[-97.12851,30.65779],[-97.12814,30.65854],[-97.12844,30.65907],[-97.12795,30.6594],[-97.12754,30.65916],[-97.12693,30.6582],[-97.12654,30.65816],[-97.12619,30.65876],[-97.12704,30.66012],[-97.12681,30.66057],[-97.12606,30.66057],[-97.12524,30.66026],[-97.1243,30.65958],[-97.1232,30.65994],[-97.12275,30.65918],[-97.12203,30.65923],[-97.12172,30.65829],[-97.12138,30.65831],[-97.12055,30.6591],[-97.12,30.65905],[-97.11911,30.6581],[-97.11852,30.65847],[-97.11909,30.65949],[-97.11864,30.66045],[-97.11807,30.66044],[-97.11771,30.6591],[-97.11702,30.65922],[-97.11691,30.65869],[-97.11634,30.6585],[-97.11482,30.65943],[-97.11188,30.66028],[-97.11043,30.6597],[-97.10994,30.65985],[-97.10945,30.66046],[-97.10875,30.66047],[-97.1093,30.66146],[-97.11099,30.66203],[-97.11113,30.66323],[-97.11143,30.6636],[-97.11304,30.66445],[-97.11344,30.66557],[-97.11342,30.66724],[-97.11371,30.66756],[-97.11538,30.66823],[-97.11586,30.66898],[-97.11654,30.66894],[-97.11652,30.66985],[-97.11787,30.67272],[-97.11946,30.67234],[-97.12091,30.67262],[-97.13307,30.67609],[-97.135,30.67126],[-97.13529,30.67118],[-97.15411,30.6768],[-97.15639,30.67552],[-97.16272,30.67354],[-97.16721,30.68382],[-97.1657,30.68487],[-97.16474,30.68533],[-97.16337,30.68559],[-97.15122,30.68505],[-97.14903,30.68514],[-97.13717,30.68945],[-97.13679,30.6904],[-97.1381,30.69159],[-97.1378,30.69266],[-97.14531,30.71023],[-97.14792,30.70965],[-97.14707,30.71051],[-97.14609,30.71285],[-97.14497,30.71452],[-97.1439,30.71863],[-97.14485,30.719],[-97.14522,30.71878],[-97.1466,30.71909],[-97.14759,30.71844],[-97.1486,30.71833],[-97.14935,30.71886],[-97.14923,30.71918],[-97.1496,30.71939],[-97.1511,30.71928],[-97.15185,30.71949],[-97.15247,30.71905],[-97.15585,30.71914],[-97.15871,30.7175],[-97.16022,30.71846],[-97.16073,30.71986],[-97.16035,30.72071],[-97.16173,30.72071],[-97.16235,30.72027],[-97.1636,30.72005],[-97.16424,30.7223],[-97.16636,30.72164],[-97.16642,30.72012],[-97.16767,30.71969],[-97.16825,30.72029],[-97.16889,30.72005],[-97.16878,30.72095],[-97.16966,30.72127],[-97.17029,30.72127],[-97.17128,30.71977],[-97.1728,30.71988],[-97.17418,30.72085],[-97.17433,30.72182],[-97.17483,30.72257],[-97.17546,30.72268],[-97.17672,30.72257],[-97.17709,30.72204],[-97.17697,30.72139],[-97.17734,30.72097],[-97.17797,30.72086],[-97.17897,30.72107],[-97.17911,30.72205],[-97.18059,30.72115],[-97.18131,30.7214],[-97.18208,30.72111],[-97.18205,30.72166],[-97.18263,30.72179],[-97.18297,30.72165],[-97.18288,30.72135],[-97.18336,30.7209],[-97.18461,30.72154],[-97.18563,30.721],[-97.18663,30.72119],[-97.18654,30.72076],[-97.18742,30.72046],[-97.18772,30.72095],[-97.1885,30.7211],[-97.18899,30.7215],[-97.18989,30.72139],[-97.19113,30.72189],[-97.19309,30.72132],[-97.19567,30.72102],[-97.19672,30.72046],[-97.19711,30.72087],[-97.19965,30.72195],[-97.19991,30.72244],[-97.20071,30.72258],[-97.20183,30.72413],[-97.20414,30.72515],[-97.20674,30.72536],[-97.20759,30.72517],[-97.20908,30.72568],[-97.21033,30.72518],[-97.21194,30.72709],[-97.21422,30.73187],[-97.21449,30.73371],[-97.19174,30.72663],[-97.18893,30.73347],[-97.17932,30.73087],[-97.17798,30.73144],[-97.17435,30.74029],[-97.17398,30.74064],[-97.18803,30.74466],[-97.18447,30.75316],[-97.18406,30.75627],[-97.19744,30.76112],[-97.19131,30.78123],[-97.2016,30.78379],[-97.21232,30.78742],[-97.21664,30.78863],[-97.22116,30.77737],[-97.23456,30.78049],[-97.23933,30.76978],[-97.25195,30.77421],[-97.25412,30.76883],[-97.26064,30.77084],[-97.25883,30.77525],[-97.26955,30.77822],[-97.27061,30.77555],[-97.2735,30.78227],[-97.27644,30.78129],[-97.27546,30.77894],[-97.27597,30.77734],[-97.28217,30.7709],[-97.29207,30.76457],[-97.29883,30.74645],[-97.29951,30.74684],[-97.30259,30.74756]]]},"properties":{"zip_code":"76577","county":"Williamson"}},{"type":"Feature","geometry":{"type":"Polygon","coordinates":[[[-97.32032,30.59027],[-97.31891,30.58674],[-97.31004,30.58841],[-97.30514,30.58998],[-97.3049,30.58912],[-97.30527,30.58905],[-97.30297,30.58373],[-97.29674,30.58486],[-97.29257,30.5787],[-97.29181,30.57899],[-97.28558,30.56472],[-97.28606,30.56435],[-97.30477,30.55852],[-97.3045,30.55775],[-97.29919,30.55497],[-97.29851,30.55343],[-97.30491,30.55154],[-97.29905,30.53847],[-97.2973,30.53943],[-97.2947,30.54013],[-97.293,30.53992],[-97.29265,30.53877],[-97.29188,30.53784],[-97.29131,30.53659],[-97.28973,30.53282],[-97.28922,30.5309],[-97.2861,30.52364],[-97.29181,30.5218],[-97.2911,30.51997],[-97.29146,30.51908],[-97.29234,30.51875],[-97.28952,30.51188],[-97.29217,30.51104],[-97.28934,30.50408],[-97.29355,30.5028],[-97.29115,30.49663],[-97.28853,30.49792],[-97.28512,30.49719],[-97.28522,30.49813],[-97.28349,30.49824],[-97.28178,30.49563],[-97.28006,30.4907],[-97.28108,30.49045],[-97.28108,30.48922],[-97.28178,30.48819],[-97.27475,30.47168],[-97.2515,30.47931],[-97.25062,30.48103],[-97.24806,30.48238],[-97.24158,30.48042],[-97.2396,30.47781],[-97.23934,30.47655],[-97.23888,30.47581],[-97.23298,30.47162],[-97.23376,30.46939],[-97.23539,30.46736],[-97.23621,30.46543],[-97.24862,30.46166],[-97.2458,30.45481],[-97.24595,30.45451],[-97.24833,30.45374],[-97.2485,30.45346],[-97.24597,30.44752],[-97.24564,30.44581],[-97.24605,30.44477],[-97.24517,30.44427],[-97.24472,30.44353],[-97.24459,30.4412],[-97.24379,30.43633],[-97.2427,30.43452],[-97.24031,30.43198],[-97.23713,30.43265],[-97.23599,30.43254],[-97.15522,30.45734],[-97.14098,30.46482],[-97.14629,30.46754],[-97.14819,30.46784],[-97.15273,30.46757],[-97.15506,30.4688],[-97.15762,30.46978],[-97.15819,30.47031],[-97.1621,30.47416],[-97.16985,30.49302],[-97.17791,30.49064],[-97.17674,30.49348],[-97.19991,30.50063],[-97.20312,30.49252],[-97.20533,30.49327],[-97.20703,30.49442],[-97.20912,30.49721],[-97.21192,30.4997],[-97.21239,30.50072],[-97.21215,30.50056],[-97.20578,30.50341],[-97.20549,30.50418],[-97.19922,30.50238],[-97.19284,30.51821],[-97.19184,30.52009],[-97.19773,30.51832],[-97.20102,30.51829],[-97.20719,30.51726],[-97.21078,30.5171],[-97.21565,30.51756],[-97.21937,30.52622],[-97.22633,30.53477],[-97.22621,30.53532],[-97.22704,30.5364],[-97.2291,30.5413],[-97.22899,30.54153],[-97.22472,30.54285],[-97.22448,30.54326],[-97.22723,30.54984],[-97.22777,30.55052],[-97.22778,30.5512],[-97.23299,30.55818],[-97.23251,30.55841],[-97.2316,30.5581],[-97.2311,30.55832],[-97.23087,30.559],[-97.23166,30.55999],[-97.23121,30.56115],[-97.22993,30.5615],[-97.22896,30.56145],[-97.2277,30.56224],[-97.2272,30.56301],[-97.22717,30.5654],[-97.22609,30.56566],[-97.22547,30.56657],[-97.21012,30.55931],[-97.21015,30.55907],[-97.20979,30.55915],[-97.20716,30.55791],[-97.19762,30.56084],[-97.21477,30.60233],[-97.21686,30.60661],[-97.22197,30.6198],[-97.22617,30.62971],[-97.22703,30.63011],[-97.2276,30.6296],[-97.22869,30.63023],[-97.22885,30.6307],[-97.22944,30.63113],[-97.22934,30.63133],[-97.23007,30.63188],[-97.23322,30.63316],[-97.23918,30.63407],[-97.23909,30.63453],[-97.24024,30.63495],[-97.24148,30.63596],[-97.24278,30.63578],[-97.2431,30.63629],[-97.2442,30.63701],[-97.24496,30.63804],[-97.24601,30.63866],[-97.24781,30.6389],[-97.24971,30.63877],[-97.25043,30.63926],[-97.25219,30.63886],[-97.25326,30.63907],[-97.25467,30.63862],[-97.25631,30.63863],[-97.25671,30.63889],[-97.25687,30.63958],[-97.25762,30.63976],[-97.25859,30.63919],[-97.26003,30.63915],[-97.26137,30.63835],[-97.26278,30.6383],[-97.26393,30.63681],[-97.26532,30.63582],[-97.26782,30.63584],[-97.26823,30.6356],[-97.26835,30.63516],[-97.26955,30.63524],[-97.27148,30.63452],[-97.27209,30.63481],[-97.27421,30.63404],[-97.27437,30.63283],[-97.27559,30.63276],[-97.27603,30.63233],[-97.27678,30.63302],[-97.27789,30.63326],[-97.27863,30.63372],[-97.27955,30.63352],[-97.28067,30.63367],[-97.28348,30.63282],[-97.28561,30.63364],[-97.28663,30.63295],[-97.28687,30.63235],[-97.29234,30.63185],[-97.29361,30.62764],[-97.29453,30.62188],[-97.29303,30.61923],[-97.28573,30.60041],[-97.32032,30.59027]]]},"properties":{"zip_code":"76578","county":"Williamson"}},{"type":"Feature","geometry":{"type":"Polygon","coordinates":[[[-98.16266,29.70635],[-98.16251,29.70508],[-98.16202,29.70392],[-98.15608,29.6947],[-98.15525,29.69262],[-98.15491,29.68495],[-98.15504,29.67454],[-98.14893,29.6669],[-98.15011,29.66544],[-98.15489,29.66345],[-98.15157,29.65721],[-98.14307,29.66076],[-98.13585,29.65269],[-98.14165,29.6498],[-98.13618,29.64105],[-98.13757,29.6401],[-98.13413,29.63689],[-98.12974,29.6406],[-98.1284,29.63599],[-98.12814,29.6341],[-98.13969,29.62834],[-98.1305,29.61449],[-98.13409,29.61274],[-98.13283,29.6111],[-98.1336,29.61066],[-98.13148,29.60747],[-98.12686,29.60988],[-98.12474,29.60645],[-98.1274,29.60514],[-98.12609,29.60327],[-98.1242,29.60341],[-98.12328,29.60442],[-98.11737,29.60472],[-98.11715,29.60417],[-98.11558,29.60439],[-98.11452,29.60362],[-98.10501,29.60445],[-98.09874,29.60435],[-98.08656,29.60603],[-98.08779,29.59897],[-98.08109,29.5928],[-98.08355,29.59055],[-98.08045,29.58831],[-98.07952,29.589],[-98.07865,29.58827],[-98.07925,29.58773],[-98.07882,29.58745],[-98.07068,29.58819],[-98.07066,29.58861],[-98.06269,29.59582],[-98.05421,29.60311],[-98.05265,29.60454],[-98.05236,29.6051],[-98.05136,29.60567],[-98.05165,29.60596],[-98.05101,29.60654],[-98.05125,29.60673],[-98.0508,29.6072],[-98.05238,29.60848],[-98.05104,29.60952],[-98.05321,29.61186],[-98.04715,29.61707],[-98.04734,29.61824],[-98.04848,29.61822],[-98.04902,29.61874],[-98.04936,29.61958],[-98.04942,29.62052],[-98.04915,29.62041],[-98.04888,29.62295],[-98.04967,29.62423],[-98.04991,29.62537],[-98.04921,29.62669],[-98.04653,29.62789],[-98.04597,29.62905],[-98.03427,29.63862],[-98.03139,29.63558],[-98.02884,29.63743],[-98.01525,29.64878],[-98.01521,29.64935],[-98.01472,29.64906],[-98.00301,29.64909],[-98.003,29.66985],[-98.00262,29.67118],[-97.99381,29.6717],[-97.99388,29.6737],[-97.99569,29.67372],[-97.99546,29.6756],[-97.99381,29.67582],[-97.99386,29.67798],[-97.99444,29.67817],[-97.9945,29.68132],[-97.99819,29.68365],[-97.99838,29.68488],[-97.99898,29.68636],[-97.9986,29.6865],[-97.99838,29.68948],[-97.99488,29.68955],[-97.99486,29.69302],[-97.99676,29.69309],[-97.99712,29.70016],[-97.99881,29.70009],[-97.99881,29.70144],[-97.99297,29.70144],[-97.99102,29.70187],[-97.99097,29.72266],[-97.99072,29.72286],[-97.98564,29.72287],[-97.98572,29.732],[-97.98656,29.73245],[-97.9866,29.74172],[-97.99182,29.74439],[-97.99643,29.74715],[-98.00111,29.75105],[-97.99927,29.75244],[-98.00014,29.75515],[-97.99365,29.76076],[-97.9942,29.76188],[-97.99399,29.76504],[-97.995,29.76787],[-97.99731,29.76875],[-98.00152,29.76945],[-98.00275,29.7701],[-98.00294,29.77036],[-98.00277,29.77153],[-98.00294,29.77201],[-98.00717,29.777],[-98.01082,29.78816],[-98.01815,29.78997],[-98.02043,29.78885],[-98.02176,29.78994],[-98.02183,29.79076],[-98.02162,29.79114],[-98.02269,29.79188],[-98.0221,29.79306],[-98.0228,29.79396],[-98.02047,29.79641],[-98.01511,29.80126],[-98.01757,29.80888],[-98.02236,29.80535],[-98.02222,29.80478],[-98.02428,29.80308],[-98.02445,29.80105],[-98.02374,29.79772],[-98.02418,29.79624],[-98.03442,29.79852],[-98.04445,29.78922],[-98.04414,29.78896],[-98.05983,29.77466],[-98.06692,29.77141],[-98.06892,29.77022],[-98.0772,29.76345],[-98.0791,29.76131],[-98.08072,29.7587],[-98.08131,29.75837],[-98.08462,29.75364],[-98.08916,29.74548],[-98.09321,29.74103],[-98.09912,29.74508],[-98.10034,29.74635],[-98.10214,29.74493],[-98.10427,29.74375],[-98.11113,29.74194],[-98.11258,29.74092],[-98.11369,29.73942],[-98.11594,29.73175],[-98.11838,29.72949],[-98.1197,29.72978],[-98.12108,29.72977],[-98.13514,29.72758],[-98.13759,29.72693],[-98.14242,29.72501],[-98.15497,29.7169],[-98.15588,29.7158],[-98.15804,29.71212],[-98.16173,29.70899],[-98.16243,29.70766],[-98.16266,29.70635]]]},"properties":{"zip_code":"78130","county":"Hays"}},{"type":"Feature","geometry":{"type":"Polygon","coordinates":[[[-97.46464,30.01364],[-97.46359,30.01232],[-97.4629,30.00628],[-97.46102,30.00698],[-97.46012,30.00831],[-97.45815,30.00974],[-97.45547,30.00856],[-97.45586,30.00616],[-97.43241,29.99488],[-97.43259,29.99471],[-97.43174,29.9942],[-97.43158,29.9944],[-97.43031,29.99366],[-97.43014,29.99386],[-97.42911,29.9932],[-97.42936,29.99283],[-97.42907,29.99264],[-97.43028,29.99064],[-97.42868,29.98959],[-97.42761,29.99119],[-97.42649,29.9906],[-97.42857,29.98731],[-97.42406,29.99073],[-97.42279,29.99009],[-97.42206,29.99115],[-97.41992,29.9901],[-97.42004,29.98989],[-97.41938,29.98957],[-97.41872,29.99043],[-97.41404,29.98807],[-97.41064,29.99318],[-97.40958,29.99613],[-97.40815,29.99794],[-97.40704,29.99753],[-97.40526,30.00185],[-97.39948,29.99858],[-97.39506,29.99712],[-97.39108,29.99502],[-97.3921,29.99314],[-97.38642,29.99009],[-97.38574,29.9907],[-97.38502,29.99187],[-97.37402,29.98663],[-97.37558,29.9841],[-97.37301,29.98273],[-97.37478,29.98032],[-97.36279,29.97461],[-97.36169,29.97624],[-97.35569,29.97326],[-97.35512,29.97244],[-97.35424,29.97255],[-97.35292,29.97194],[-97.35112,29.97549],[-97.34281,29.97151],[-97.34294,29.97366],[-97.34243,29.97479],[-97.34153,29.97526],[-97.33931,29.97479],[-97.33894,29.97512],[-97.33903,29.97681],[-97.33987,29.97758],[-97.33951,29.97857],[-97.33874,29.97928],[-97.33852,29.98068],[-97.33926,29.98088],[-97.33992,29.98224],[-97.34012,29.98366],[-97.33903,29.98503],[-97.33747,29.98529],[-97.33637,29.98483],[-97.33564,29.9849],[-97.3359,29.98663],[-97.33683,29.98711],[-97.33682,29.99014],[-97.33634,29.9904],[-97.33597,29.99021],[-97.33567,29.98963],[-97.3347,29.98962],[-97.33423,29.99031],[-97.33418,29.99112],[-97.3328,29.99211],[-97.33305,29.99327],[-97.33486,29.99391],[-97.33765,29.99652],[-97.33859,29.99796],[-97.33838,30.00138],[-97.33701,30.00371],[-97.33664,30.00555],[-97.33473,30.00575],[-97.33367,30.00511],[-97.3333,30.00432],[-97.33179,30.00403],[-97.33068,30.00397],[-97.32931,30.00451],[-97.32893,30.00387],[-97.32929,30.00354],[-97.32916,30.00297],[-97.32838,30.00244],[-97.32721,30.00263],[-97.32633,30.00312],[-97.32481,30.00309],[-97.32378,30.0034],[-97.32314,30.0049],[-97.32363,30.00854],[-97.3241,30.00889],[-97.32474,30.00888],[-97.32621,30.00827],[-97.32759,30.00873],[-97.32817,30.00939],[-97.32921,30.01136],[-97.32879,30.013],[-97.32776,30.01396],[-97.32565,30.01489],[-97.32492,30.0166],[-97.32293,30.01768],[-97.32194,30.01862],[-97.32094,30.02009],[-97.31924,30.02072],[-97.31668,30.0207],[-97.31592,30.02189],[-97.31463,30.02291],[-97.31474,30.02347],[-97.31602,30.02421],[-97.31675,30.02507],[-97.31638,30.02558],[-97.3146,30.02581],[-97.31375,30.02638],[-97.3139,30.0269],[-97.31559,30.02856],[-97.31572,30.02937],[-97.31505,30.03013],[-97.31356,30.03048],[-97.31327,30.03191],[-97.31348,30.03215],[-97.31468,30.03227],[-97.3154,30.03452],[-97.31461,30.03474],[-97.31421,30.03541],[-97.31299,30.03605],[-97.31249,30.0367],[-97.31244,30.03715],[-97.31307,30.03802],[-97.31684,30.04004],[-97.3171,30.0406],[-97.31611,30.04265],[-97.31455,30.04502],[-97.3129,30.04506],[-97.31193,30.04423],[-97.31031,30.04196],[-97.30928,30.03931],[-97.30842,30.03836],[-97.3064,30.03812],[-97.30114,30.03923],[-97.29636,30.03919],[-97.2941,30.03864],[-97.29337,30.0379],[-97.29284,30.03328],[-97.29216,30.03213],[-97.28465,30.02769],[-97.28185,30.02543],[-97.28118,30.02528],[-97.2804,30.02549],[-97.27873,30.02548],[-97.2773,30.02524],[-97.27538,30.02417],[-97.27506,30.02328],[-97.27462,30.0228],[-97.27378,30.02244],[-97.27108,30.02265],[-97.26826,30.02248],[-97.26638,30.02266],[-97.26422,30.02325],[-97.26005,30.02484],[-97.25911,30.02563],[-97.25875,30.02634],[-97.25715,30.02727],[-97.25534,30.0272],[-97.2543,30.02646],[-97.25076,30.02628],[-97.24724,30.02653],[-97.24633,30.02632],[-97.24555,30.0256],[-97.246,30.02332],[-97.24603,30.02159],[-97.24591,30.02002],[-97.24536,30.0187],[-97.246,30.0168],[-97.24915,30.01201],[-97.24868,30.01091],[-97.24778,30.01042],[-97.24738,30.01056],[-97.24699,30.01111],[-97.24398,30.01274],[-97.24279,30.01373],[-97.23555,30.01502],[-97.23377,30.01641],[-97.23222,30.01878],[-97.232,30.02064],[-97.23328,30.02282],[-97.23351,30.02473],[-97.2333,30.02544],[-97.23169,30.02679],[-97.22893,30.02792],[-97.22774,30.02808],[-97.22552,30.02779],[-97.2217,30.0269],[-97.21849,30.02651],[-97.21691,30.02595],[-97.21412,30.02369],[-97.21257,30.02337],[-97.21075,30.02366],[-97.20488,30.02988],[-97.20314,30.03202],[-97.20263,30.03298],[-97.20239,30.03467],[-97.20321,30.04012],[-97.20392,30.04284],[-97.2054,30.04616],[-97.20541,30.04848],[-97.20458,30.05081],[-97.20379,30.05166],[-97.20226,30.0521],[-97.20242,30.05246],[-97.20421,30.05367],[-97.20587,30.05377],[-97.20683,30.05277],[-97.20992,30.05083],[-97.21296,30.04997],[-97.21372,30.04997],[-97.21464,30.04927],[-97.21604,30.0487],[-97.21694,30.04768],[-97.21821,30.04699],[-97.21849,30.04648],[-97.21853,30.04554],[-97.21928,30.04383],[-97.22096,30.04257],[-97.222,30.04129],[-97.2231,30.04077],[-97.22266,30.03945],[-97.22374,30.0395],[-97.22549,30.04035],[-97.2263,30.04201],[-97.22752,30.04331],[-97.22772,30.04412],[-97.22819,30.04438],[-97.22788,30.04535],[-97.22842,30.04573],[-97.22832,30.04608],[-97.22873,30.0464],[-97.22839,30.04668],[-97.22805,30.04769],[-97.22611,30.04905],[-97.22598,30.05031],[-97.2267,30.05123],[-97.22552,30.05176],[-97.2243,30.05296],[-97.22403,30.05405],[-97.22281,30.05592],[-97.22128,30.05702],[-97.22761,30.06139],[-97.22979,30.06352],[-97.2293,30.06683],[-97.22829,30.07067],[-97.22614,30.07012],[-97.22596,30.07035],[-97.2307,30.07159],[-97.22973,30.07518],[-97.23602,30.07645],[-97.23466,30.08136],[-97.23923,30.08261],[-97.23885,30.08283],[-97.23804,30.08556],[-97.2338,30.10049],[-97.23193,30.10822],[-97.23022,30.11366],[-97.22273,30.11201],[-97.22336,30.11294],[-97.22347,30.11382],[-97.22392,30.11393],[-97.22437,30.11452],[-97.22393,30.11515],[-97.22444,30.11533],[-97.22519,30.11682],[-97.22433,30.11925],[-97.22321,30.1206],[-97.22336,30.12279],[-97.22201,30.1261],[-97.22119,30.1275],[-97.22113,30.12826],[-97.22148,30.12877],[-97.22067,30.12897],[-97.2196,30.13105],[-97.21746,30.13232],[-97.21686,30.13234],[-97.21682,30.13309],[-97.21654,30.13354],[-97.21484,30.13416],[-97.21455,30.13458],[-97.21315,30.13471],[-97.21371,30.13706],[-97.21268,30.14198],[-97.21276,30.14555],[-97.21332,30.14663],[-97.21519,30.14727],[-97.21916,30.14947],[-97.22038,30.14938],[-97.22134,30.1487],[-97.22269,30.14885],[-97.22574,30.15174],[-97.21775,30.15648],[-97.22815,30.16532],[-97.22157,30.17085],[-97.22374,30.17266],[-97.22437,30.17228],[-97.22494,30.17275],[-97.22522,30.17361],[-97.22468,30.17443],[-97.22515,30.1747],[-97.2319,30.1686],[-97.23186,30.16842],[-97.23349,30.16984],[-97.23348,30.1702],[-97.23225,30.17112],[-97.23198,30.17224],[-97.23251,30.18616],[-97.23251,30.19211],[-97.23084,30.19414],[-97.23103,30.19675],[-97.24852,30.21049],[-97.274,30.23192],[-97.26641,30.24101],[-97.2598,30.24942],[-97.26001,30.24957],[-97.25192,30.2612],[-97.25123,30.26062],[-97.24892,30.27021],[-97.24834,30.27142],[-97.24736,30.27262],[-97.24935,30.27422],[-97.25623,30.26807],[-97.26095,30.27153],[-97.2633,30.27375],[-97.26029,30.2764],[-97.26514,30.28061],[-97.26924,30.28272],[-97.27123,30.28437],[-97.27132,30.28473],[-97.27419,30.28687],[-97.28776,30.29836],[-97.28778,30.29868],[-97.28956,30.30015],[-97.29957,30.30637],[-97.30514,30.31076],[-97.30628,30.3086],[-97.30539,30.30725],[-97.30545,30.30656],[-97.30924,30.30292],[-97.30889,30.29915],[-97.30892,30.29646],[-97.30927,30.29496],[-97.31887,30.28658],[-97.32333,30.29035],[-97.3334,30.28143],[-97.33592,30.2804],[-97.3308,30.27038],[-97.32797,30.26551],[-97.32896,30.26431],[-97.33139,30.26286],[-97.33225,30.26185],[-97.33258,30.26078],[-97.3322,30.25752],[-97.33314,30.25698],[-97.33324,30.25647],[-97.33225,30.25579],[-97.3316,30.25617],[-97.33005,30.25569],[-97.32878,30.25585],[-97.32804,30.25567],[-97.32672,30.25492],[-97.32653,30.2543],[-97.3271,30.25391],[-97.32671,30.25329],[-97.32694,30.25237],[-97.32876,30.24905],[-97.3288,30.24867],[-97.32812,30.24757],[-97.32862,30.24726],[-97.32876,30.24627],[-97.33065,30.24169],[-97.33111,30.24115],[-97.33154,30.24107],[-97.33257,30.24122],[-97.33536,30.24223],[-97.33612,30.24198],[-97.33661,30.24123],[-97.33641,30.24044],[-97.33839,30.23891],[-97.33881,30.23825],[-97.33571,30.23619],[-97.33411,30.23614],[-97.33276,30.23581],[-97.33236,30.2349],[-97.32989,30.23373],[-97.32953,30.2332],[-97.32992,30.2329],[-97.33069,30.2308],[-97.33475,30.23418],[-97.3352,30.23409],[-97.33684,30.23269],[-97.34058,30.23581],[-97.34077,30.23633],[-97.34067,30.23706],[-97.33953,30.2381],[-97.33953,30.23838],[-97.34516,30.24314],[-97.34643,30.24381],[-97.34768,30.24638],[-97.348,30.2476],[-97.34907,30.24747],[-97.34982,30.24717],[-97.3504,30.24655],[-97.35288,30.24332],[-97.35658,30.23795],[-97.35934,30.23338],[-97.36449,30.23747],[-97.36698,30.23385],[-97.36645,30.23358],[-97.37738,30.21687],[-97.37803,30.21713],[-97.38182,30.21094],[-97.40179,30.22032],[-97.41176,30.2046],[-97.41234,30.20473],[-97.41823,30.20416],[-97.4223,30.20312],[-97.42707,30.19578],[-97.42977,30.19076],[-97.42818,30.19076],[-97.42758,30.1905],[-97.42478,30.18916],[-97.42368,30.18817],[-97.42273,30.18663],[-97.42266,30.18594],[-97.42328,30.18409],[-97.4245,30.18212],[-97.43123,30.17767],[-97.43403,30.17512],[-97.43868,30.16856],[-97.43952,30.16661],[-97.44138,30.16449],[-97.44257,30.16371],[-97.44254,30.1643],[-97.44217,30.1647],[-97.44255,30.16441],[-97.44274,30.16381],[-97.4436,30.16352],[-97.44633,30.1594],[-97.44726,30.15757],[-97.4523,30.15365],[-97.45324,30.15237],[-97.4536,30.1513],[-97.45357,30.15009],[-97.45289,30.14928],[-97.44575,30.14343],[-97.4445,30.14267],[-97.4431,30.14205],[-97.44207,30.14188],[-97.44056,30.14205],[-97.43748,30.14326],[-97.43747,30.14271],[-97.44064,30.13998],[-97.44155,30.1343],[-97.44093,30.13296],[-97.43976,30.13135],[-97.43933,30.13114],[-97.43934,30.13523],[-97.4363,30.13514],[-97.4363,30.13121],[-97.43248,30.13121],[-97.43245,30.12713],[-97.43379,30.12709],[-97.43385,30.12583],[-97.43481,30.12367],[-97.43082,30.12105],[-97.43079,30.11912],[-97.42776,30.11756],[-97.42662,30.11792],[-97.42649,30.11632],[-97.42207,30.11336],[-97.42085,30.1117],[-97.41649,30.11304],[-97.41525,30.11239],[-97.41696,30.11107],[-97.41901,30.11037],[-97.4145,30.11029],[-97.4145,30.10933],[-97.41411,30.10922],[-97.41396,30.10582],[-97.41442,30.10571],[-97.41433,30.10209],[-97.42007,30.10209],[-97.42014,30.09698],[-97.42428,30.09684],[-97.4271,30.09649],[-97.43175,30.09481],[-97.43594,30.09457],[-97.43926,30.08602],[-97.43786,30.08477],[-97.4374,30.08353],[-97.43723,30.08192],[-97.43614,30.08025],[-97.43616,30.08],[-97.43683,30.07996],[-97.43697,30.07955],[-97.43601,30.07878],[-97.43528,30.07945],[-97.43502,30.08034],[-97.43423,30.08032],[-97.43331,30.08164],[-97.43393,30.08318],[-97.43388,30.08419],[-97.43243,30.08363],[-97.43072,30.08385],[-97.43033,30.08413],[-97.43048,30.08489],[-97.42998,30.08531],[-97.42819,30.08494],[-97.42651,30.08569],[-97.4255,30.08525],[-97.42461,30.08425],[-97.42371,30.08415],[-97.42279,30.08623],[-97.42086,30.08821],[-97.42004,30.08966],[-97.41914,30.08999],[-97.41886,30.08988],[-97.41874,30.08932],[-97.41764,30.08942],[-97.41746,30.08864],[-97.41716,30.0884],[-97.41415,30.08804],[-97.41171,30.08669],[-97.40985,30.08679],[-97.40808,30.0876],[-97.40589,30.08808],[-97.40516,30.08795],[-97.40359,30.08688],[-97.40424,30.08512],[-97.40334,30.0832],[-97.40147,30.08315],[-97.39882,30.0822],[-97.3973,30.08323],[-97.39626,30.08222],[-97.39394,30.08067],[-97.39255,30.08144],[-97.39166,30.08243],[-97.39104,30.08279],[-97.39009,30.08291],[-97.38903,30.08256],[-97.38782,30.08266],[-97.38635,30.08232],[-97.38476,30.08152],[-97.38376,30.08065],[-97.38358,30.07967],[-97.38423,30.07811],[-97.38537,30.07716],[-97.38701,30.07638],[-97.38732,30.07575],[-97.38704,30.07296],[-97.38819,30.07215],[-97.38857,30.07077],[-97.38782,30.06914],[-97.38717,30.06842],[-97.39775,30.06216],[-97.39791,30.06272],[-97.39867,30.06257],[-97.3986,30.062],[-97.3989,30.06144],[-97.40253,30.05933],[-97.40486,30.05285],[-97.40295,30.05273],[-97.40238,30.0548],[-97.39987,30.05424],[-97.40074,30.05064],[-97.40867,30.0515],[-97.41291,30.04679],[-97.41344,30.04672],[-97.4136,30.04603],[-97.41611,30.04324],[-97.41763,30.04343],[-97.42156,30.03767],[-97.42176,30.03737],[-97.42141,30.03698],[-97.42136,30.03544],[-97.42085,30.03479],[-97.42042,30.03331],[-97.42063,30.0322],[-97.42139,30.03098],[-97.42062,30.02913],[-97.42071,30.02853],[-97.42036,30.02819],[-97.42002,30.0284],[-97.42004,30.02726],[-97.41945,30.02783],[-97.41859,30.02813],[-97.41986,30.02605],[-97.42128,30.02534],[-97.42323,30.02504],[-97.42395,30.02735],[-97.42482,30.02851],[-97.42548,30.02877],[-97.42546,30.02776],[-97.42642,30.02807],[-97.42541,30.03163],[-97.42419,30.03379],[-97.42775,30.03532],[-97.43278,30.02968],[-97.43537,30.02882],[-97.43623,30.02802],[-97.43643,30.02746],[-97.43639,30.02568],[-97.43711,30.0236],[-97.44198,30.02568],[-97.44299,30.02637],[-97.44676,30.02711],[-97.44857,30.02415],[-97.44956,30.02398],[-97.45137,30.02237],[-97.45471,30.01768],[-97.45644,30.01817],[-97.46048,30.02192],[-97.4641,30.01665],[-97.46262,30.01525],[-97.46464,30.01364]]]},"properties":{"zip_code":"78602","county":"Bastrop"}},{"type":"Feature","geometry":{"type":"Polygon","coordinates":[[[-98.01637,30.13041],[-98.01624,30.12969],[-98.01503,30.12787],[-98.01315,30.12715],[-98.0123,30.1271],[-98.00929,30.12817],[-98.00861,30.12803],[-98.00821,30.12767],[-98.00756,30.12521],[-98.00765,30.12423],[-98.00829,30.12242],[-98.00813,30.12139],[-98.00579,30.11875],[-98.00331,30.11726],[-98.00307,30.11687],[-98.00247,30.11252],[-98.00144,30.11107],[-98.00092,30.11066],[-97.99691,30.11074],[-97.9964,30.11035],[-97.99606,30.11043],[-97.99565,30.11093],[-97.9964,30.11251],[-97.99627,30.11295],[-97.99587,30.11319],[-97.99467,30.11282],[-97.99356,30.112],[-97.99241,30.11034],[-97.99229,30.10968],[-97.99241,30.10834],[-97.99299,30.10745],[-97.99318,30.10668],[-97.99457,30.10461],[-97.99365,30.10461],[-97.99561,30.10271],[-97.99793,30.09991],[-97.99814,30.09936],[-98.00103,30.09686],[-98.00203,30.0965],[-98.00269,30.09585],[-98.00522,30.09166],[-98.00638,30.09049],[-98.0105,30.08923],[-98.0122,30.08809],[-98.01327,30.08551],[-98.01322,30.08496],[-98.0121,30.08462],[-98.01108,30.08473],[-98.01051,30.08452],[-98.00813,30.08308],[-98.00683,30.08396],[-98.00462,30.08443],[-98.00002,30.08398],[-97.99895,30.0835],[-97.99832,30.08273],[-97.99702,30.08018],[-97.99577,30.07975],[-97.99461,30.08023],[-97.99254,30.08416],[-97.9904,30.08625],[-97.98608,30.08737],[-97.98187,30.08928],[-97.98014,30.08951],[-97.9789,30.08895],[-97.97785,30.08797],[-97.97663,30.08613],[-97.9752,30.08501],[-97.9745,30.0841],[-97.97426,30.08305],[-97.9747,30.08134],[-97.97713,30.07923],[-97.9786,30.07834],[-97.97924,30.07733],[-97.97948,30.0761],[-97.97931,30.0745],[-97.97822,30.07263],[-97.97793,30.07012],[-97.97837,30.06932],[-97.98106,30.06712],[-97.98269,30.06485],[-97.98294,30.06387],[-97.98176,30.06224],[-97.979,30.06062],[-97.97719,30.06042],[-97.97625,30.05894],[-97.97511,30.05794],[-97.97245,30.05661],[-97.96934,30.05373],[-97.96743,30.05282],[-97.96304,30.05205],[-97.95564,30.05157],[-97.9465,30.05378],[-97.94511,30.05324],[-97.94284,30.05096],[-97.94179,30.05032],[-97.94014,30.04977],[-97.93888,30.0498],[-97.93778,30.05027],[-97.93769,30.05156],[-97.9372,30.05254],[-97.93407,30.05512],[-97.93239,30.05681],[-97.93107,30.05879],[-97.92992,30.05984],[-97.9259,30.06228],[-97.92591,30.0608],[-97.92614,30.06084],[-97.92618,30.06023],[-97.92783,30.05989],[-97.92764,30.05171],[-97.90335,30.05198],[-97.90444,30.05],[-97.90649,30.04823],[-97.90694,30.04682],[-97.90819,30.04475],[-97.90871,30.04445],[-97.90985,30.04446],[-97.91263,30.04533],[-97.9146,30.04473],[-97.91439,30.03582],[-97.90646,30.0363],[-97.90646,30.02853],[-97.90329,30.02843],[-97.90239,30.03323],[-97.9017,30.03421],[-97.8879,30.03452],[-97.88719,30.03714],[-97.88353,30.04629],[-97.88039,30.04939],[-97.87843,30.05014],[-97.87528,30.05021],[-97.87471,30.04971],[-97.87478,30.04446],[-97.87212,30.03733],[-97.87247,30.02816],[-97.86686,30.0282],[-97.86337,30.04052],[-97.85632,30.04079],[-97.8563,30.03972],[-97.85272,30.0398],[-97.85276,30.04139],[-97.85177,30.04137],[-97.8518,30.04257],[-97.84462,30.04248],[-97.84456,30.04199],[-97.84741,30.04145],[-97.85056,30.04145],[-97.85053,30.03591],[-97.84286,30.03532],[-97.84164,30.0377],[-97.8315,30.03771],[-97.83148,30.03497],[-97.82812,30.03499],[-97.8281,30.03268],[-97.82906,30.03196],[-97.82774,30.03178],[-97.82562,30.03063],[-97.82464,30.0304],[-97.81239,30.0306],[-97.81113,30.03121],[-97.80485,30.03672],[-97.80432,30.03634],[-97.80397,30.03658],[-97.8025,30.0354],[-97.79962,30.03789],[-97.79849,30.03797],[-97.79597,30.036],[-97.78933,30.04176],[-97.78246,30.03614],[-97.77763,30.03333],[-97.77662,30.03297],[-97.77467,30.03279],[-97.76911,30.03329],[-97.76942,30.03464],[-97.75414,30.04847],[-97.7544,30.04884],[-97.75616,30.04971],[-97.75627,30.05005],[-97.75148,30.05435],[-97.7348,30.0424],[-97.73379,30.04282],[-97.73288,30.04281],[-97.73234,30.04329],[-97.73131,30.04355],[-97.73044,30.04417],[-97.72797,30.04456],[-97.72642,30.04554],[-97.72517,30.04534],[-97.72463,30.04456],[-97.72375,30.04416],[-97.7212,30.04649],[-97.70415,30.03211],[-97.70311,30.03067],[-97.70051,30.02595],[-97.6946,30.02722],[-97.69425,30.02655],[-97.67093,30.03123],[-97.66816,30.0321],[-97.66572,30.03327],[-97.67204,30.03889],[-97.65992,30.04963],[-97.66861,30.05669],[-97.66536,30.0596],[-97.66624,30.06027],[-97.6649,30.06156],[-97.66768,30.06399],[-97.66777,30.06501],[-97.66442,30.065],[-97.66266,30.06357],[-97.65369,30.07156],[-97.66628,30.08203],[-97.669,30.07959],[-97.66899,30.08039],[-97.66858,30.08118],[-97.6692,30.08208],[-97.66844,30.0824],[-97.66846,30.08293],[-97.66901,30.08341],[-97.66896,30.0842],[-97.67168,30.08642],[-97.67188,30.08595],[-97.67295,30.08509],[-97.67319,30.08435],[-97.67303,30.08365],[-97.67418,30.08186],[-97.67451,30.08194],[-97.67497,30.08164],[-97.67661,30.08228],[-97.67809,30.08217],[-97.67863,30.08239],[-97.68079,30.08219],[-97.68207,30.08175],[-97.68282,30.08196],[-97.68467,30.08014],[-97.68572,30.07953],[-97.68641,30.07851],[-97.68725,30.07835],[-97.68971,30.07595],[-97.69157,30.07552],[-97.69145,30.06852],[-97.69081,30.06136],[-97.69114,30.06096],[-97.69071,30.05615],[-97.69205,30.05602],[-97.69282,30.06322],[-97.69335,30.08107],[-97.6961,30.08048],[-97.69819,30.08031],[-97.69884,30.08083],[-97.71044,30.08245],[-97.72628,30.08114],[-97.72977,30.08169],[-97.73522,30.08396],[-97.73505,30.0856],[-97.73305,30.0856],[-97.73305,30.08602],[-97.73249,30.0861],[-97.73192,30.0859],[-97.73146,30.08684],[-97.73042,30.08733],[-97.72962,30.08724],[-97.72948,30.08757],[-97.72879,30.08712],[-97.72839,30.08656],[-97.7283,30.08594],[-97.72744,30.08513],[-97.72726,30.08423],[-97.72464,30.08342],[-97.72219,30.0823],[-97.72119,30.08266],[-97.72032,30.08374],[-97.71805,30.08513],[-97.71659,30.08536],[-97.7138,30.08631],[-97.71255,30.08709],[-97.71147,30.08844],[-97.71464,30.08853],[-97.71484,30.08884],[-97.71058,30.09548],[-97.72204,30.10101],[-97.72331,30.10242],[-97.72443,30.10302],[-97.72485,30.10289],[-97.72357,30.10201],[-97.72345,30.10164],[-97.72435,30.10057],[-97.72453,30.09995],[-97.7252,30.09959],[-97.71818,30.09625],[-97.72292,30.08885],[-97.72394,30.08909],[-97.73228,30.09359],[-97.72638,30.10292],[-97.7309,30.10558],[-97.72784,30.11029],[-97.73093,30.11194],[-97.73267,30.10969],[-97.73809,30.11227],[-97.74439,30.11425],[-97.74539,30.11192],[-97.74878,30.1135],[-97.74975,30.11199],[-97.74927,30.1115],[-97.75626,30.1004],[-97.78179,30.11265],[-97.78529,30.11277],[-97.78515,30.1129],[-97.79198,30.1128],[-97.80435,30.11863],[-97.80734,30.1114],[-97.81325,30.09868],[-97.86656,30.13688],[-97.86736,30.13679],[-97.86745,30.13338],[-97.86847,30.13337],[-97.86851,30.12815],[-97.87502,30.12797],[-97.87988,30.12837],[-97.87942,30.12465],[-97.90716,30.12431],[-97.90698,30.12749],[-97.90668,30.12837],[-97.90566,30.129],[-97.90179,30.12982],[-97.90138,30.13048],[-97.90026,30.13142],[-97.89444,30.13352],[-97.89412,30.13416],[-97.9039,30.13394],[-97.90399,30.13253],[-97.91273,30.13259],[-97.91285,30.14185],[-97.91519,30.14179],[-97.91537,30.14254],[-97.91551,30.15487],[-97.95673,30.12073],[-97.9567,30.11699],[-97.95768,30.11724],[-97.96118,30.11731],[-97.98533,30.11712],[-97.98636,30.1174],[-97.98781,30.11826],[-97.99275,30.12186],[-97.99507,30.12252],[-98.00017,30.1227],[-98.00182,30.12337],[-98.0104,30.13192],[-98.0114,30.13137],[-98.01264,30.13121],[-98.01582,30.13144],[-98.01637,30.13041]]]},"properties":{"zip_code":"78610","county":"Hays"}},{"type":"Feature","geometry":{"type":"Polygon","coordinates":[[[-97.58383,30.08129],[-97.54575,30.04913],[-97.54861,30.0467],[-97.54591,30.04445],[-97.54318,30.04695],[-97.54172,30.04543],[-97.54069,30.04314],[-97.54047,30.04084],[-97.54114,30.03594],[-97.54147,30.03603],[-97.54232,30.03698],[-97.54351,30.03632],[-97.5441,30.03625],[-97.54662,30.03656],[-97.54788,30.03693],[-97.54853,30.03787],[-97.55224,30.03553],[-97.55498,30.03171],[-97.55439,30.03127],[-97.55541,30.03005],[-97.55577,30.02979],[-97.55681,30.03035],[-97.56304,30.02432],[-97.56256,30.02355],[-97.56628,30.0194],[-97.56647,30.018],[-97.55664,30.0098],[-97.55617,30.00969],[-97.55784,30.00804],[-97.5625,30.01203],[-97.56609,30.00895],[-97.55582,30],[-97.55307,30.00237],[-97.55092,30.00055],[-97.54835,30.00285],[-97.54152,29.9973],[-97.53592,30.00209],[-97.5385,30.00457],[-97.53315,30.00941],[-97.52453,30.00182],[-97.52216,30.00388],[-97.51851,30.00088],[-97.51679,30.00238],[-97.51537,30.00127],[-97.51486,30.00173],[-97.50931,29.99702],[-97.50865,29.99761],[-97.50733,29.99656],[-97.50619,29.99759],[-97.50436,29.99728],[-97.50285,29.9951],[-97.50182,29.99606],[-97.49926,29.99403],[-97.49709,29.99574],[-97.49595,29.99485],[-97.49479,29.9952],[-97.49455,29.99577],[-97.49293,29.9973],[-97.48844,29.99455],[-97.48913,29.99407],[-97.48302,29.98841],[-97.47818,29.99264],[-97.48181,29.996],[-97.47231,30.00386],[-97.47067,30.00248],[-97.4686,29.99937],[-97.46282,30.00481],[-97.46359,30.01232],[-97.46464,30.01364],[-97.46262,30.01525],[-97.4641,30.01665],[-97.46048,30.02192],[-97.45644,30.01817],[-97.45471,30.01768],[-97.45137,30.02237],[-97.44956,30.02398],[-97.44857,30.02415],[-97.44676,30.02711],[-97.44299,30.02637],[-97.44198,30.02568],[-97.43711,30.0236],[-97.43639,30.02568],[-97.43643,30.02746],[-97.43623,30.02802],[-97.43537,30.02882],[-97.43278,30.02968],[-97.42775,30.03532],[-97.42419,30.03379],[-97.42541,30.03163],[-97.42642,30.02807],[-97.42546,30.02776],[-97.42548,30.02877],[-97.42482,30.02851],[-97.42395,30.02735],[-97.42323,30.02504],[-97.42128,30.02534],[-97.41979,30.02612],[-97.41859,30.02813],[-97.41945,30.02783],[-97.42004,30.02726],[-97.42002,30.0284],[-97.42036,30.02819],[-97.42071,30.02853],[-97.42062,30.02913],[-97.42139,30.03098],[-97.42063,30.0322],[-97.42042,30.03331],[-97.42085,30.03479],[-97.42136,30.03544],[-97.42141,30.03698],[-97.42176,30.03737],[-97.42156,30.03767],[-97.41763,30.04343],[-97.41611,30.04324],[-97.4136,30.04603],[-97.41344,30.04672],[-97.41291,30.04679],[-97.40867,30.0515],[-97.40074,30.05064],[-97.39987,30.05424],[-97.40238,30.0548],[-97.40295,30.05273],[-97.40486,30.05285],[-97.40253,30.05933],[-97.3989,30.06144],[-97.3986,30.062],[-97.39867,30.06257],[-97.39791,30.06272],[-97.39775,30.06216],[-97.38717,30.06842],[-97.38782,30.06914],[-97.38857,30.07077],[-97.38819,30.07215],[-97.38704,30.07296],[-97.38732,30.07575],[-97.38701,30.07638],[-97.38537,30.07716],[-97.38423,30.07811],[-97.38355,30.0799],[-97.38376,30.08065],[-97.38484,30.08157],[-97.38635,30.08232],[-97.38782,30.08266],[-97.38903,30.08256],[-97.39009,30.08291],[-97.39104,30.08279],[-97.39166,30.08243],[-97.39255,30.08144],[-97.39394,30.08067],[-97.39626,30.08222],[-97.3973,30.08323],[-97.39882,30.0822],[-97.40147,30.08315],[-97.40334,30.0832],[-97.40424,30.08512],[-97.40359,30.08688],[-97.40516,30.08795],[-97.40589,30.08808],[-97.40808,30.0876],[-97.40985,30.08679],[-97.41171,30.08669],[-97.41415,30.08804],[-97.41716,30.0884],[-97.41746,30.08864],[-97.41764,30.08942],[-97.41874,30.08932],[-97.41886,30.08988],[-97.41914,30.08999],[-97.42004,30.08966],[-97.42086,30.08821],[-97.42279,30.08623],[-97.42365,30.08418],[-97.42461,30.08425],[-97.4255,30.08525],[-97.42651,30.08569],[-97.42819,30.08494],[-97.42998,30.08531],[-97.43048,30.08489],[-97.43033,30.08413],[-97.43072,30.08385],[-97.43243,30.08363],[-97.43388,30.08419],[-97.43393,30.08318],[-97.43329,30.0817],[-97.43382,30.08083],[-97.43427,30.0803],[-97.43502,30.08034],[-97.43528,30.07945],[-97.43586,30.0788],[-97.43696,30.07951],[-97.43679,30.07999],[-97.43614,30.08002],[-97.43622,30.08051],[-97.43723,30.08192],[-97.4374,30.08353],[-97.43786,30.08477],[-97.43926,30.08602],[-97.43594,30.09457],[-97.43175,30.09481],[-97.4271,30.09649],[-97.42428,30.09684],[-97.42014,30.09698],[-97.42007,30.10209],[-97.41433,30.10209],[-97.41442,30.10571],[-97.41396,30.10582],[-97.41411,30.10922],[-97.4145,30.10933],[-97.4145,30.11029],[-97.41901,30.11037],[-97.41696,30.11107],[-97.41525,30.11239],[-97.41649,30.11304],[-97.42085,30.1117],[-97.42207,30.11336],[-97.42649,30.11632],[-97.42662,30.11792],[-97.42776,30.11756],[-97.43079,30.11912],[-97.43082,30.12105],[-97.43481,30.12367],[-97.43385,30.12583],[-97.43379,30.12709],[-97.43245,30.12713],[-97.43248,30.13121],[-97.4363,30.13121],[-97.4363,30.13514],[-97.43934,30.13523],[-97.43933,30.13114],[-97.43976,30.13135],[-97.44093,30.13296],[-97.44155,30.1343],[-97.44064,30.13998],[-97.43747,30.14271],[-97.43748,30.14326],[-97.44056,30.14205],[-97.44207,30.14188],[-97.4431,30.14205],[-97.4445,30.14267],[-97.44575,30.14343],[-97.45289,30.14928],[-97.45357,30.15009],[-97.4536,30.1513],[-97.45324,30.15237],[-97.4523,30.15365],[-97.44726,30.15757],[-97.44633,30.1594],[-97.4436,30.16352],[-97.44274,30.16381],[-97.44255,30.16441],[-97.44217,30.1647],[-97.44254,30.1643],[-97.44257,30.16371],[-97.44138,30.16449],[-97.43952,30.16661],[-97.43868,30.16856],[-97.43403,30.17512],[-97.43123,30.17767],[-97.4245,30.18212],[-97.42289,30.18502],[-97.42273,30.18663],[-97.42368,30.18817],[-97.42478,30.18916],[-97.42758,30.1905],[-97.42818,30.19076],[-97.43199,30.1908],[-97.43396,30.19034],[-97.43558,30.18911],[-97.44944,30.18524],[-97.45371,30.18344],[-97.45854,30.18209],[-97.46145,30.18207],[-97.463,30.18358],[-97.46501,30.18445],[-97.46658,30.18414],[-97.46846,30.1832],[-97.46974,30.18285],[-97.47234,30.18324],[-97.47311,30.18361],[-97.47396,30.18484],[-97.47532,30.18548],[-97.47993,30.18691],[-97.48401,30.1884],[-97.48458,30.18881],[-97.48541,30.19011],[-97.48547,30.1953],[-97.4866,30.19684],[-97.48829,30.19851],[-97.48894,30.19983],[-97.48895,30.20041],[-97.48844,30.20136],[-97.4853,30.20181],[-97.48424,30.20275],[-97.48364,30.20421],[-97.48361,30.20612],[-97.48477,30.20697],[-97.48569,30.20826],[-97.48701,30.20848],[-97.4905,30.21114],[-97.49125,30.21211],[-97.49224,30.21265],[-97.49508,30.21052],[-97.49595,30.20923],[-97.49729,30.20882],[-97.50064,30.2086],[-97.50143,30.20845],[-97.50188,30.20794],[-97.50396,30.20775],[-97.50941,30.20293],[-97.51318,30.19891],[-97.51563,30.19827],[-97.51904,30.1979],[-97.51901,30.19724],[-97.51827,30.19743],[-97.51811,30.19725],[-97.51921,30.19622],[-97.51854,30.19599],[-97.51833,30.19557],[-97.51862,30.1946],[-97.51632,30.19402],[-97.51851,30.1907],[-97.51948,30.19076],[-97.51946,30.1903],[-97.52128,30.19066],[-97.52165,30.19037],[-97.52193,30.18976],[-97.52246,30.18945],[-97.52217,30.18863],[-97.52244,30.18798],[-97.52286,30.18773],[-97.52273,30.18692],[-97.52455,30.18543],[-97.52592,30.185],[-97.52709,30.18539],[-97.52815,30.18518],[-97.52878,30.18544],[-97.52969,30.18522],[-97.53085,30.1841],[-97.53118,30.18345],[-97.5318,30.18326],[-97.5322,30.18259],[-97.53226,30.18195],[-97.53145,30.18214],[-97.5311,30.18195],[-97.53154,30.181],[-97.53224,30.18098],[-97.53274,30.18041],[-97.5332,30.18042],[-97.53514,30.17964],[-97.52923,30.17652],[-97.52946,30.17634],[-97.53535,30.17945],[-97.53584,30.17861],[-97.53583,30.17734],[-97.53542,30.17621],[-97.53583,30.1759],[-97.53591,30.17536],[-97.5353,30.17469],[-97.53486,30.17487],[-97.53418,30.17474],[-97.53431,30.17386],[-97.5346,30.17365],[-97.5365,30.1736],[-97.53707,30.17293],[-97.53666,30.17258],[-97.53565,30.17282],[-97.53549,30.1724],[-97.53568,30.172],[-97.53487,30.17155],[-97.568,30.14146],[-97.56684,30.14033],[-97.56551,30.13957],[-97.5672,30.13679],[-97.56424,30.13541],[-97.56237,30.13848],[-97.56172,30.13817],[-97.56144,30.13862],[-97.56097,30.13855],[-97.54642,30.13292],[-97.54211,30.13034],[-97.53325,30.12718],[-97.54086,30.11537],[-97.54567,30.11788],[-97.54943,30.11464],[-97.55003,30.11513],[-97.55121,30.11549],[-97.55238,30.11543],[-97.55432,30.1131],[-97.55467,30.11252],[-97.55428,30.11114],[-97.55471,30.10999],[-97.55669,30.10812],[-97.55655,30.10707],[-97.55772,30.1067],[-97.55783,30.10571],[-97.55777,30.10264],[-97.55675,30.10184],[-97.5552,30.09338],[-97.56448,30.08638],[-97.57885,30.08571],[-97.58383,30.08129]]]},"properties":{"zip_code":"78612","county":"Bastrop"}},{"type":"Feature","geometry":{"type":"Polygon","coordinates":[[[-97.88293,30.51554],[-97.88244,30.5149],[-97.88144,30.51212],[-97.87676,30.51366],[-97.87629,30.51295],[-97.87809,30.51214],[-97.87799,30.5115],[-97.87905,30.51118],[-97.87898,30.50989],[-97.8806,30.50981],[-97.88038,30.50801],[-97.87943,30.50812],[-97.87824,30.50722],[-97.87421,30.50957],[-97.87373,30.50783],[-97.87194,30.5081],[-97.87202,30.5088],[-97.87086,30.50993],[-97.87173,30.51111],[-97.86879,30.51377],[-97.86801,30.51238],[-97.8665,30.51375],[-97.86573,30.51299],[-97.865,30.51349],[-97.86264,30.51158],[-97.85839,30.50083],[-97.86225,30.49731],[-97.85922,30.49331],[-97.86026,30.49165],[-97.86022,30.49022],[-97.86126,30.48989],[-97.86353,30.48859],[-97.86316,30.4871],[-97.86411,30.48557],[-97.86194,30.48448],[-97.86146,30.48338],[-97.85964,30.4834],[-97.85966,30.47895],[-97.85695,30.47984],[-97.8569,30.47837],[-97.85754,30.47742],[-97.85742,30.47665],[-97.85775,30.47569],[-97.85693,30.47496],[-97.85741,30.47339],[-97.85732,30.47269],[-97.8568,30.47185],[-97.8565,30.47057],[-97.85604,30.47002],[-97.85503,30.46961],[-97.8548,30.46921],[-97.85485,30.46811],[-97.85569,30.46738],[-97.85588,30.46653],[-97.85574,30.46578],[-97.85734,30.46511],[-97.85783,30.46456],[-97.85777,30.46425],[-97.8583,30.46366],[-97.85832,30.46252],[-97.8609,30.46095],[-97.86215,30.45869],[-97.86255,30.45719],[-97.86243,30.45674],[-97.86157,30.45624],[-97.8614,30.45512],[-97.86204,30.45402],[-97.8615,30.45353],[-97.86164,30.45259],[-97.86112,30.45119],[-97.85936,30.45017],[-97.85804,30.4483],[-97.85593,30.44956],[-97.84872,30.45267],[-97.84762,30.45349],[-97.84677,30.45456],[-97.84584,30.45737],[-97.84409,30.45865],[-97.84218,30.45925],[-97.84109,30.45987],[-97.84394,30.46201],[-97.84253,30.46222],[-97.83602,30.4643],[-97.83201,30.46187],[-97.82656,30.45752],[-97.82629,30.45601],[-97.82606,30.45585],[-97.82562,30.456],[-97.82323,30.45817],[-97.82419,30.45887],[-97.82124,30.46173],[-97.82254,30.46281],[-97.82,30.46091],[-97.81603,30.46224],[-97.81623,30.46267],[-97.8156,30.46293],[-97.81585,30.46354],[-97.81371,30.46418],[-97.81433,30.46563],[-97.8117,30.46647],[-97.81062,30.46389],[-97.79702,30.46816],[-97.79895,30.47294],[-97.7961,30.47449],[-97.79389,30.47531],[-97.79429,30.47623],[-97.79439,30.4776],[-97.79548,30.48017],[-97.79634,30.47989],[-97.79871,30.48018],[-97.80137,30.48018],[-97.80253,30.47985],[-97.80428,30.48267],[-97.80488,30.48468],[-97.80493,30.48663],[-97.80712,30.48592],[-97.80819,30.48835],[-97.80673,30.4889],[-97.8065,30.4896],[-97.80701,30.49034],[-97.80851,30.49075],[-97.80876,30.49157],[-97.80904,30.49149],[-97.80905,30.49175],[-97.80891,30.49217],[-97.8085,30.49238],[-97.80752,30.49218],[-97.80696,30.49236],[-97.80652,30.49377],[-97.80601,30.49413],[-97.80624,30.49472],[-97.80598,30.49524],[-97.80465,30.49599],[-97.80334,30.49605],[-97.79978,30.49782],[-97.7975,30.49979],[-97.79588,30.50278],[-97.79116,30.50545],[-97.78969,30.5058],[-97.78891,30.50569],[-97.78806,30.5052],[-97.78608,30.50488],[-97.78269,30.50361],[-97.78032,30.50394],[-97.77732,30.50354],[-97.77565,30.50419],[-97.77492,30.50577],[-97.77399,30.50623],[-97.77321,30.50598],[-97.77253,30.50531],[-97.77167,30.50526],[-97.77066,30.50557],[-97.76421,30.50887],[-97.76203,30.50914],[-97.76064,30.50858],[-97.75838,30.50869],[-97.75774,30.50917],[-97.75589,30.51271],[-97.75526,30.51334],[-97.75334,30.51466],[-97.7488,30.51669],[-97.74544,30.51918],[-97.74789,30.5205],[-97.74853,30.52168],[-97.74851,30.52235],[-97.74942,30.52468],[-97.75142,30.52714],[-97.75243,30.52792],[-97.75677,30.52965],[-97.76068,30.53032],[-97.76315,30.53146],[-97.76283,30.53604],[-97.76491,30.54076],[-97.76387,30.5411],[-97.76392,30.54129],[-97.76334,30.54148],[-97.76345,30.54168],[-97.75996,30.54283],[-97.76276,30.54972],[-97.77104,30.54722],[-97.77166,30.54874],[-97.77768,30.54694],[-97.7767,30.54456],[-97.77784,30.54419],[-97.77761,30.5437],[-97.77863,30.54339],[-97.77814,30.54223],[-97.77866,30.54211],[-97.7788,30.53951],[-97.77912,30.53965],[-97.77954,30.54128],[-97.77927,30.54276],[-97.77955,30.5442],[-97.7813,30.54621],[-97.78213,30.54673],[-97.7823,30.54615],[-97.78209,30.54562],[-97.78169,30.54562],[-97.78596,30.5442],[-97.79899,30.54057],[-97.79874,30.53995],[-97.79893,30.5398],[-97.80258,30.539],[-97.80237,30.53777],[-97.80733,30.53676],[-97.81319,30.53595],[-97.81411,30.53608],[-97.8167,30.53705],[-97.81639,30.53837],[-97.81647,30.54008],[-97.81907,30.55054],[-97.81933,30.5505],[-97.81774,30.54419],[-97.83458,30.53891],[-97.83501,30.53979],[-97.83637,30.54006],[-97.83811,30.5395],[-97.84016,30.54416],[-97.84678,30.54215],[-97.84553,30.53905],[-97.84539,30.53795],[-97.84779,30.53622],[-97.8477,30.53599],[-97.86085,30.53201],[-97.86112,30.53277],[-97.86284,30.53233],[-97.86504,30.53339],[-97.86655,30.531],[-97.86766,30.53141],[-97.86994,30.52952],[-97.87053,30.52637],[-97.87086,30.52642],[-97.87114,30.52456],[-97.87169,30.524],[-97.87425,30.52619],[-97.87738,30.52337],[-97.8777,30.52354],[-97.87785,30.52292],[-97.88123,30.51992],[-97.88031,30.51915],[-97.88167,30.51835],[-97.88185,30.51616],[-97.88255,30.51597],[-97.88293,30.51554]]]},"properties":{"zip_code":"78613","county":"Williamson"}},{"type":"Feature","geometry":{"type":"Polygon","coordinates":[[[-97.52149,30.44063],[-97.52102,30.43992],[-97.52103,30.43929],[-97.52067,30.43918],[-97.52036,30.43837],[-97.52042,30.43759],[-97.51934,30.43695],[-97.52021,30.43559],[-97.52017,30.43473],[-97.51951,30.43363],[-97.51982,30.4328],[-97.51932,30.43237],[-97.51827,30.4302],[-97.51757,30.43014],[-97.51707,30.42968],[-97.5168,30.42969],[-97.51646,30.42919],[-97.51738,30.42797],[-97.51762,30.42675],[-97.51742,30.42574],[-97.51793,30.42454],[-97.51605,30.42387],[-97.51555,30.42415],[-97.5151,30.42411],[-97.51436,30.42353],[-97.51386,30.42282],[-97.51377,30.42214],[-97.51439,30.42132],[-97.5141,30.421],[-97.51376,30.42136],[-97.51351,30.42101],[-97.51355,30.4206],[-97.51388,30.42054],[-97.51419,30.41995],[-97.51241,30.4192],[-97.51131,30.41816],[-97.51098,30.41738],[-97.51147,30.41615],[-97.51035,30.41437],[-97.50981,30.41397],[-97.50713,30.41804],[-97.50405,30.42184],[-97.50176,30.42538],[-97.48346,30.41652],[-97.48316,30.41662],[-97.48207,30.41815],[-97.4775,30.41614],[-97.47396,30.42166],[-97.46035,30.41518],[-97.46123,30.41391],[-97.41076,30.41518],[-97.40316,30.42694],[-97.38845,30.42],[-97.39124,30.41563],[-97.37945,30.41591],[-97.38037,30.41727],[-97.38148,30.41981],[-97.38208,30.42219],[-97.38225,30.42408],[-97.37943,30.4239],[-97.37773,30.42237],[-97.37677,30.4192],[-97.37354,30.41772],[-97.36995,30.41944],[-97.37273,30.4208],[-97.37359,30.4227],[-97.3735,30.42297],[-97.36359,30.42608],[-97.36449,30.42823],[-97.36671,30.43633],[-97.36246,30.43767],[-97.35974,30.43883],[-97.35923,30.43924],[-97.35768,30.43833],[-97.35457,30.43882],[-97.35307,30.43928],[-97.35623,30.44693],[-97.35619,30.44913],[-97.36149,30.4621],[-97.35103,30.46531],[-97.34715,30.45557],[-97.34732,30.45542],[-97.34697,30.45503],[-97.34511,30.45039],[-97.34667,30.44697],[-97.3384,30.44966],[-97.33968,30.45281],[-97.33966,30.4533],[-97.32897,30.45671],[-97.32773,30.45476],[-97.32591,30.45353],[-97.32328,30.44792],[-97.32166,30.44304],[-97.3009,30.44956],[-97.29585,30.4514],[-97.30012,30.46143],[-97.30709,30.45927],[-97.30752,30.45939],[-97.31152,30.46907],[-97.31033,30.46945],[-97.30998,30.46982],[-97.31106,30.47035],[-97.31123,30.47132],[-97.31101,30.47149],[-97.30917,30.47138],[-97.30932,30.47193],[-97.30854,30.47264],[-97.30846,30.47349],[-97.30731,30.47305],[-97.30687,30.4733],[-97.30689,30.47392],[-97.30667,30.47408],[-97.30411,30.47392],[-97.30096,30.47645],[-97.30155,30.47777],[-97.30065,30.478],[-97.30004,30.47903],[-97.29903,30.4794],[-97.29934,30.48007],[-97.29869,30.48133],[-97.29982,30.48234],[-97.29871,30.48337],[-97.29829,30.48311],[-97.29726,30.48372],[-97.29721,30.48446],[-97.29668,30.48518],[-97.29663,30.48633],[-97.2959,30.4872],[-97.2944,30.48689],[-97.29352,30.48708],[-97.29307,30.48626],[-97.29261,30.48607],[-97.29194,30.48625],[-97.29211,30.48691],[-97.29173,30.48759],[-97.2911,30.48793],[-97.29077,30.48766],[-97.29056,30.48685],[-97.28982,30.4869],[-97.28924,30.48737],[-97.28857,30.48722],[-97.28845,30.48674],[-97.28894,30.48654],[-97.28904,30.48609],[-97.28889,30.48525],[-97.28871,30.48505],[-97.28738,30.48499],[-97.28702,30.48613],[-97.28716,30.48644],[-97.28679,30.48681],[-97.28605,30.48701],[-97.28578,30.48757],[-97.2869,30.48851],[-97.28648,30.48868],[-97.28637,30.48933],[-97.28543,30.48908],[-97.28514,30.48934],[-97.28516,30.48959],[-97.28659,30.49034],[-97.28655,30.49094],[-97.28555,30.49131],[-97.28448,30.49115],[-97.28465,30.49056],[-97.28365,30.48985],[-97.28356,30.48927],[-97.28324,30.48913],[-97.28285,30.48943],[-97.28178,30.48819],[-97.28108,30.48922],[-97.28108,30.49045],[-97.28006,30.4907],[-97.28178,30.49563],[-97.28349,30.49824],[-97.28522,30.49813],[-97.28512,30.49719],[-97.28853,30.49792],[-97.29115,30.49663],[-97.29355,30.5028],[-97.28934,30.50408],[-97.29217,30.51104],[-97.28952,30.51188],[-97.29234,30.51875],[-97.29146,30.51908],[-97.2911,30.51997],[-97.29181,30.5218],[-97.2861,30.52364],[-97.2878,30.52739],[-97.28922,30.5309],[-97.28973,30.53282],[-97.29179,30.5377],[-97.29265,30.53877],[-97.293,30.53992],[-97.29437,30.54018],[-97.2973,30.53943],[-97.29858,30.53862],[-97.30187,30.53755],[-97.30271,30.53751],[-97.30319,30.53658],[-97.30366,30.53622],[-97.30645,30.5358],[-97.30793,30.53464],[-97.30858,30.53454],[-97.30928,30.53401],[-97.31053,30.53374],[-97.31169,30.53277],[-97.31358,30.53204],[-97.31557,30.53223],[-97.31649,30.53291],[-97.31755,30.5328],[-97.31889,30.53316],[-97.31941,30.53281],[-97.32038,30.53324],[-97.32184,30.53269],[-97.32333,30.5327],[-97.32382,30.53191],[-97.32658,30.53097],[-97.32672,30.53044],[-97.32782,30.52951],[-97.32975,30.52935],[-97.33042,30.52906],[-97.33277,30.52611],[-97.3334,30.5246],[-97.33438,30.524],[-97.33427,30.52365],[-97.3336,30.52361],[-97.33309,30.52326],[-97.33344,30.52259],[-97.3348,30.52177],[-97.3358,30.52173],[-97.33848,30.51955],[-97.33915,30.52031],[-97.34094,30.51979],[-97.34144,30.51994],[-97.34373,30.52544],[-97.34415,30.52597],[-97.34738,30.52496],[-97.34772,30.52464],[-97.3477,30.52386],[-97.35422,30.52188],[-97.35398,30.52132],[-97.3612,30.51892],[-97.36482,30.51723],[-97.3649,30.51683],[-97.36116,30.50792],[-97.37315,30.50414],[-97.37533,30.49046],[-97.3756,30.48994],[-97.37684,30.48899],[-97.37796,30.48732],[-97.38123,30.47052],[-97.38179,30.46978],[-97.38221,30.47014],[-97.38323,30.47017],[-97.3831,30.47085],[-97.38338,30.47109],[-97.38527,30.47136],[-97.38786,30.47231],[-97.39017,30.47206],[-97.39147,30.47237],[-97.39304,30.47198],[-97.39354,30.4726],[-97.3942,30.47281],[-97.39435,30.47262],[-97.39395,30.47215],[-97.39408,30.47174],[-97.39462,30.47131],[-97.39595,30.47086],[-97.39621,30.47027],[-97.39721,30.47],[-97.39772,30.47036],[-97.39796,30.47094],[-97.39838,30.47091],[-97.39857,30.47066],[-97.39828,30.46924],[-97.39891,30.46848],[-97.40146,30.46833],[-97.40313,30.46789],[-97.40562,30.46841],[-97.40637,30.46887],[-97.4072,30.46843],[-97.40832,30.46836],[-97.40875,30.46844],[-97.40909,30.46881],[-97.41295,30.46873],[-97.41406,30.46831],[-97.41466,30.46852],[-97.41553,30.46827],[-97.41665,30.46849],[-97.41751,30.46798],[-97.42104,30.46748],[-97.42191,30.46768],[-97.4225,30.46738],[-97.42346,30.46768],[-97.42358,30.46818],[-97.42335,30.46857],[-97.42455,30.46914],[-97.42509,30.469],[-97.42528,30.4679],[-97.42701,30.46784],[-97.42739,30.4681],[-97.42751,30.4688],[-97.42809,30.46913],[-97.42932,30.46855],[-97.42978,30.4686],[-97.42991,30.46954],[-97.43045,30.47035],[-97.43147,30.47024],[-97.43227,30.46949],[-97.4333,30.46932],[-97.4341,30.4696],[-97.43444,30.47009],[-97.43552,30.46987],[-97.43549,30.47037],[-97.43493,30.47112],[-97.43493,30.47151],[-97.43522,30.47178],[-97.43568,30.47186],[-97.43766,30.47116],[-97.43825,30.47177],[-97.43903,30.47199],[-97.44005,30.4715],[-97.44039,30.47076],[-97.44185,30.47063],[-97.44233,30.47016],[-97.44291,30.47008],[-97.44472,30.47051],[-97.44475,30.47001],[-97.44376,30.46934],[-97.44369,30.46812],[-97.44488,30.46738],[-97.44651,30.46788],[-97.44717,30.46866],[-97.44747,30.46944],[-97.44792,30.46879],[-97.44839,30.46865],[-97.44943,30.46891],[-97.44974,30.46978],[-97.45061,30.46916],[-97.45097,30.46922],[-97.45159,30.46969],[-97.4516,30.47041],[-97.45215,30.47094],[-97.45308,30.47056],[-97.45335,30.47125],[-97.45445,30.47179],[-97.45545,30.47135],[-97.45604,30.47068],[-97.45705,30.47053],[-97.45738,30.47086],[-97.45724,30.4713],[-97.45768,30.47279],[-97.45877,30.47308],[-97.45942,30.47275],[-97.45955,30.47144],[-97.45757,30.47031],[-97.45741,30.47005],[-97.45763,30.46955],[-97.45889,30.46869],[-97.46124,30.46801],[-97.46218,30.4671],[-97.463,30.46684],[-97.46367,30.46702],[-97.46393,30.46751],[-97.46305,30.46906],[-97.46441,30.47008],[-97.46458,30.46857],[-97.46719,30.46838],[-97.46687,30.46926],[-97.46606,30.47005],[-97.46477,30.47055],[-97.46482,30.47097],[-97.46679,30.47127],[-97.46679,30.47037],[-97.46705,30.46986],[-97.46852,30.4696],[-97.46952,30.47052],[-97.46969,30.47153],[-97.4706,30.47191],[-97.47126,30.4727],[-97.47275,30.47263],[-97.47392,30.47203],[-97.47451,30.47108],[-97.47583,30.47082],[-97.47634,30.47091],[-97.47677,30.4715],[-97.47759,30.47189],[-97.47785,30.46954],[-97.48012,30.47043],[-97.48643,30.46947],[-97.4887,30.47313],[-97.48909,30.47329],[-97.48952,30.47104],[-97.49391,30.47194],[-97.49457,30.4719],[-97.49549,30.4664],[-97.49757,30.46663],[-97.49752,30.46696],[-97.49884,30.46712],[-97.50173,30.45436],[-97.50417,30.45471],[-97.51063,30.44452],[-97.50719,30.44262],[-97.50904,30.43996],[-97.51757,30.44384],[-97.51995,30.44018],[-97.52149,30.44063]]]},"properties":{"zip_code":"78615","county":"Williamson"}},{"type":"Feature","geometry":{"type":"Polygon","coordinates":[[[-97.67446,30.03052],[-97.6743,30.03036],[-97.67437,30.02888],[-97.6702,30.02452],[-97.65906,30.01504],[-97.66577,30.00903],[-97.66343,30.00677],[-97.66199,30.00765],[-97.65932,30.00514],[-97.65878,30.00572],[-97.65147,29.99948],[-97.6452,30.00506],[-97.64475,30.00497],[-97.63797,29.99929],[-97.64568,29.99209],[-97.64585,29.99159],[-97.64695,29.99082],[-97.64443,29.98833],[-97.64503,29.98731],[-97.64442,29.98656],[-97.64508,29.98579],[-97.64453,29.98478],[-97.64307,29.9852],[-97.64385,29.98167],[-97.64307,29.98082],[-97.6432,29.97965],[-97.63898,29.98339],[-97.63856,29.98303],[-97.63375,29.98718],[-97.63158,29.98533],[-97.62976,29.98624],[-97.62662,29.98959],[-97.62603,29.9918],[-97.62544,29.99284],[-97.6215,29.9904],[-97.62339,29.98758],[-97.61472,29.97985],[-97.60921,29.97586],[-97.61235,29.97295],[-97.61363,29.97138],[-97.60759,29.96639],[-97.61872,29.95604],[-97.60965,29.94898],[-97.60586,29.95218],[-97.6026,29.94931],[-97.6116,29.94124],[-97.59251,29.9251],[-97.59559,29.92437],[-97.59809,29.92303],[-97.6111,29.91183],[-97.61912,29.90671],[-97.62383,29.9024],[-97.62282,29.90293],[-97.61284,29.90444],[-97.61175,29.89863],[-97.59845,29.90059],[-97.59698,29.89629],[-97.59611,29.89616],[-97.59516,29.89558],[-97.59439,29.89143],[-97.59197,29.89176],[-97.5631,29.90519],[-97.55991,29.90205],[-97.55707,29.90325],[-97.5554,29.90358],[-97.55345,29.90211],[-97.55414,29.90091],[-97.55111,29.89857],[-97.54737,29.89429],[-97.54757,29.89202],[-97.54811,29.89093],[-97.54968,29.88981],[-97.55112,29.89031],[-97.55156,29.88975],[-97.53903,29.87906],[-97.5389,29.87948],[-97.53832,29.87926],[-97.5368,29.88011],[-97.53667,29.88053],[-97.5356,29.88106],[-97.53517,29.88172],[-97.53351,29.88272],[-97.52714,29.87863],[-97.52877,29.87655],[-97.52855,29.87632],[-97.529,29.87568],[-97.53258,29.87804],[-97.53389,29.87605],[-97.53394,29.87487],[-97.52642,29.86807],[-97.53131,29.86395],[-97.52519,29.85846],[-97.525,29.85392],[-97.52618,29.85259],[-97.52872,29.85215],[-97.5321,29.85105],[-97.53344,29.85086],[-97.53433,29.84276],[-97.57803,29.79177],[-97.57623,29.79083],[-97.57607,29.78986],[-97.57536,29.78945],[-97.57537,29.78912],[-97.57594,29.7888],[-97.57605,29.78703],[-97.57538,29.78679],[-97.57527,29.78569],[-97.57257,29.78289],[-97.57265,29.78244],[-97.57361,29.78128],[-97.57308,29.78008],[-97.57252,29.77958],[-97.57624,29.77579],[-97.57127,29.77585],[-97.57121,29.77312],[-97.57091,29.77213],[-97.57125,29.77142],[-97.57107,29.77059],[-97.57065,29.77002],[-97.57076,29.7685],[-97.55707,29.76856],[-97.557,29.76446],[-97.55395,29.76443],[-97.5504,29.76174],[-97.5395,29.76194],[-97.53959,29.77079],[-97.52678,29.77092],[-97.52681,29.77001],[-97.51654,29.76999],[-97.51641,29.76279],[-97.51771,29.76266],[-97.51792,29.76243],[-97.5179,29.76056],[-97.49629,29.76095],[-97.49613,29.7555],[-97.48513,29.75546],[-97.4799,29.7553],[-97.4798,29.75511],[-97.47966,29.76736],[-97.47674,29.77211],[-97.4817,29.77448],[-97.48144,29.77468],[-97.48223,29.77471],[-97.48308,29.77514],[-97.48291,29.78866],[-97.48248,29.79841],[-97.4658,29.7982],[-97.46562,29.79753],[-97.46103,29.79504],[-97.45486,29.79493],[-97.45442,29.79476],[-97.45423,29.79437],[-97.45421,29.79548],[-97.45491,29.79859],[-97.45584,29.79988],[-97.45714,29.80105],[-97.45662,29.80162],[-97.45667,29.80308],[-97.45615,29.80406],[-97.45684,29.80721],[-97.45784,29.80764],[-97.45953,29.80728],[-97.46131,29.8084],[-97.46576,29.80852],[-97.46767,29.81164],[-97.47036,29.81173],[-97.47033,29.82051],[-97.47605,29.8256],[-97.47774,29.82675],[-97.46441,29.84794],[-97.46082,29.8533],[-97.46022,29.85399],[-97.45972,29.85417],[-97.44829,29.87208],[-97.47538,29.88506],[-97.47996,29.87762],[-97.48496,29.87993],[-97.4853,29.87988],[-97.48735,29.87358],[-97.48852,29.87201],[-97.49175,29.8737],[-97.49124,29.87465],[-97.50316,29.88046],[-97.50018,29.88547],[-97.49897,29.88503],[-97.4969,29.8883],[-97.49911,29.89121],[-97.49794,29.89297],[-97.49983,29.894],[-97.49857,29.89598],[-97.4978,29.89802],[-97.49078,29.90902],[-97.48781,29.9125],[-97.48005,29.92479],[-97.49031,29.93344],[-97.51065,29.91922],[-97.51119,29.9184],[-97.51365,29.9171],[-97.51723,29.91456],[-97.5175,29.91499],[-97.51336,29.9205],[-97.51551,29.92172],[-97.50485,29.9376],[-97.50441,29.93878],[-97.50444,29.94095],[-97.50732,29.93976],[-97.50762,29.93995],[-97.51079,29.93779],[-97.51731,29.93462],[-97.52395,29.92968],[-97.51819,29.93846],[-97.5282,29.9418],[-97.5294,29.94568],[-97.52939,29.9492],[-97.52967,29.95065],[-97.53076,29.95303],[-97.53296,29.95607],[-97.52869,29.96288],[-97.5284,29.96289],[-97.52576,29.96062],[-97.52508,29.96061],[-97.50719,29.97648],[-97.51682,29.9805],[-97.53254,29.983],[-97.52705,29.99083],[-97.51537,30.00127],[-97.51679,30.00238],[-97.51851,30.00088],[-97.52216,30.00388],[-97.52453,30.00182],[-97.53315,30.00941],[-97.5385,30.00457],[-97.53592,30.00209],[-97.54152,29.9973],[-97.54835,30.00285],[-97.55092,30.00055],[-97.55307,30.00237],[-97.55582,30],[-97.56609,30.00895],[-97.5625,30.01203],[-97.55784,30.00804],[-97.55617,30.00969],[-97.55664,30.0098],[-97.56647,30.018],[-97.56628,30.0194],[-97.56256,30.02355],[-97.56304,30.02432],[-97.55681,30.03035],[-97.55577,30.02979],[-97.55541,30.03005],[-97.55439,30.03127],[-97.55498,30.03171],[-97.55224,30.03553],[-97.54853,30.03787],[-97.54788,30.03693],[-97.54662,30.03656],[-97.5441,30.03625],[-97.54351,30.03632],[-97.54232,30.03698],[-97.54147,30.03603],[-97.54114,30.03594],[-97.54045,30.0416],[-97.54079,30.04345],[-97.54172,30.04543],[-97.54318,30.04695],[-97.54591,30.04445],[-97.54861,30.0467],[-97.54575,30.04913],[-97.58383,30.08129],[-97.59028,30.0758],[-97.59842,30.08279],[-97.60418,30.07784],[-97.60668,30.07634],[-97.61199,30.07115],[-97.6163,30.07485],[-97.62333,30.06869],[-97.62482,30.06976],[-97.63379,30.06161],[-97.64426,30.07013],[-97.6481,30.06689],[-97.65369,30.07156],[-97.66266,30.06357],[-97.66442,30.065],[-97.66777,30.06501],[-97.66768,30.06399],[-97.6649,30.06156],[-97.66624,30.06027],[-97.66536,30.0596],[-97.66861,30.05669],[-97.65992,30.04963],[-97.67204,30.03889],[-97.66572,30.03327],[-97.66948,30.03163],[-97.67446,30.03052]]]},"properties":{"zip_code":"78616","county":"Caldwell"}},{"type":"Feature","geometry":{"type":"Polygon","coordinates":[[[-97.67393,30.22622],[-97.67264,30.22503],[-97.67337,30.22384],[-97.67287,30.22341],[-97.67223,30.22378],[-97.67118,30.22295],[-97.67108,30.22229],[-97.67031,30.22117],[-97.66878,30.22249],[-97.66658,30.22082],[-97.66892,30.21862],[-97.65865,30.21291],[-97.65353,30.21055],[-97.6419,30.20455],[-97.6444,30.20265],[-97.64565,30.20368],[-97.65162,30.19843],[-97.64669,30.19433],[-97.64748,30.19296],[-97.64766,30.1916],[-97.64596,30.18489],[-97.64576,30.18329],[-97.64591,30.18227],[-97.64762,30.17835],[-97.65172,30.173],[-97.65932,30.16736],[-97.66158,30.16947],[-97.66351,30.17034],[-97.66376,30.16792],[-97.66066,30.1663],[-97.66906,30.15351],[-97.67053,30.15287],[-97.67048,30.15175],[-97.6718,30.14933],[-97.66918,30.14821],[-97.67046,30.14586],[-97.67257,30.14426],[-97.66478,30.14042],[-97.66554,30.13913],[-97.66629,30.1371],[-97.66653,30.13547],[-97.66647,30.13356],[-97.66546,30.1304],[-97.66165,30.12446],[-97.66097,30.12306],[-97.66034,30.12067],[-97.66042,30.11789],[-97.65855,30.11657],[-97.654,30.1153],[-97.64966,30.11326],[-97.65049,30.11071],[-97.65674,30.10053],[-97.65573,30.09942],[-97.66032,30.09532],[-97.65567,30.09141],[-97.65127,30.09536],[-97.65083,30.09541],[-97.64472,30.09025],[-97.6452,30.08983],[-97.64544,30.08849],[-97.64647,30.08778],[-97.63873,30.08167],[-97.64087,30.07959],[-97.64061,30.07895],[-97.64139,30.07825],[-97.63921,30.07829],[-97.64937,30.06794],[-97.6481,30.06689],[-97.64426,30.07013],[-97.63379,30.06161],[-97.62482,30.06976],[-97.62333,30.06869],[-97.6163,30.07485],[-97.61199,30.07115],[-97.60668,30.07634],[-97.60418,30.07784],[-97.59842,30.08279],[-97.59028,30.0758],[-97.57885,30.08571],[-97.56448,30.08638],[-97.5552,30.09338],[-97.55675,30.10184],[-97.55777,30.10264],[-97.55783,30.10571],[-97.55772,30.1067],[-97.55655,30.10707],[-97.55669,30.10812],[-97.55471,30.10999],[-97.55428,30.11114],[-97.55467,30.11252],[-97.55432,30.1131],[-97.55238,30.11543],[-97.55121,30.11549],[-97.55003,30.11513],[-97.54943,30.11464],[-97.54567,30.11788],[-97.54086,30.11537],[-97.53325,30.12718],[-97.54211,30.13034],[-97.54642,30.13292],[-97.56097,30.13855],[-97.56144,30.13862],[-97.56172,30.13817],[-97.56237,30.13848],[-97.56424,30.13541],[-97.5672,30.13679],[-97.56551,30.13957],[-97.56684,30.14033],[-97.568,30.14146],[-97.53487,30.17155],[-97.53568,30.172],[-97.53549,30.1724],[-97.53565,30.17282],[-97.53666,30.17258],[-97.53707,30.17293],[-97.5365,30.1736],[-97.5346,30.17365],[-97.53431,30.17386],[-97.53418,30.17474],[-97.53486,30.17487],[-97.5353,30.17469],[-97.53591,30.17536],[-97.53583,30.1759],[-97.53542,30.17621],[-97.53583,30.17734],[-97.53584,30.17861],[-97.53535,30.17945],[-97.52946,30.17634],[-97.52923,30.17652],[-97.53514,30.17964],[-97.5332,30.18042],[-97.53274,30.18041],[-97.53224,30.18098],[-97.53154,30.181],[-97.5311,30.18195],[-97.53145,30.18214],[-97.53226,30.18195],[-97.5322,30.18259],[-97.5318,30.18326],[-97.53118,30.18345],[-97.53085,30.1841],[-97.52969,30.18522],[-97.52878,30.18544],[-97.52815,30.18518],[-97.52709,30.18539],[-97.52592,30.185],[-97.52455,30.18543],[-97.52273,30.18692],[-97.52286,30.18773],[-97.52244,30.18798],[-97.52217,30.18863],[-97.52246,30.18945],[-97.52193,30.18976],[-97.52165,30.19037],[-97.52128,30.19066],[-97.51946,30.1903],[-97.51948,30.19076],[-97.51851,30.1907],[-97.51632,30.19402],[-97.51862,30.1946],[-97.51833,30.19557],[-97.51854,30.19599],[-97.51921,30.19622],[-97.51811,30.19725],[-97.51827,30.19743],[-97.51901,30.19724],[-97.51904,30.1979],[-97.51563,30.19827],[-97.51318,30.19891],[-97.50941,30.20293],[-97.50481,30.20709],[-97.50396,30.20775],[-97.50188,30.20794],[-97.50143,30.20845],[-97.50376,30.2079],[-97.50506,30.20715],[-97.50938,30.20355],[-97.5127,30.19962],[-97.51554,30.19857],[-97.51801,30.1984],[-97.521,30.19779],[-97.52281,30.19793],[-97.52372,30.19836],[-97.52413,30.19913],[-97.52541,30.20014],[-97.52689,30.20229],[-97.52913,30.20362],[-97.52928,30.20464],[-97.52844,30.20572],[-97.52668,30.2066],[-97.52381,30.20738],[-97.52085,30.20715],[-97.51888,30.20621],[-97.51699,30.20617],[-97.51555,30.20668],[-97.51494,30.20713],[-97.51531,30.20867],[-97.51499,30.2096],[-97.51416,30.21023],[-97.51324,30.2105],[-97.51357,30.21188],[-97.51558,30.21699],[-97.51611,30.21906],[-97.51647,30.22179],[-97.51651,30.22492],[-97.51687,30.22698],[-97.51756,30.22857],[-97.51833,30.22916],[-97.51995,30.22934],[-97.5222,30.22893],[-97.52272,30.22854],[-97.52315,30.22812],[-97.52332,30.22718],[-97.52315,30.22301],[-97.52387,30.22122],[-97.5258,30.22017],[-97.52695,30.21889],[-97.52835,30.21853],[-97.5294,30.21868],[-97.53091,30.21959],[-97.53213,30.21997],[-97.53397,30.22011],[-97.53649,30.22085],[-97.53762,30.22193],[-97.53791,30.22443],[-97.53839,30.22528],[-97.53962,30.22598],[-97.54111,30.22558],[-97.54167,30.22525],[-97.54185,30.22426],[-97.54247,30.22335],[-97.54285,30.22202],[-97.54207,30.22035],[-97.54243,30.21963],[-97.54278,30.21929],[-97.54463,30.21873],[-97.5456,30.21802],[-97.54617,30.21798],[-97.5484,30.21638],[-97.55095,30.21381],[-97.55212,30.21202],[-97.55475,30.209],[-97.55675,30.20764],[-97.55949,30.20754],[-97.56121,30.20793],[-97.56239,30.20874],[-97.56289,30.21031],[-97.56358,30.21114],[-97.56509,30.21197],[-97.57449,30.21418],[-97.57621,30.2143],[-97.57813,30.21396],[-97.57952,30.21328],[-97.58125,30.21184],[-97.58171,30.21118],[-97.58177,30.21036],[-97.58409,30.20801],[-97.58888,30.20606],[-97.591,30.20634],[-97.59368,30.20721],[-97.59473,30.20791],[-97.59525,30.2087],[-97.59459,30.21167],[-97.59443,30.21388],[-97.59561,30.21749],[-97.59551,30.21989],[-97.59535,30.22054],[-97.59477,30.22134],[-97.59265,30.22262],[-97.59209,30.22427],[-97.59246,30.22643],[-97.59349,30.22763],[-97.59483,30.22833],[-97.59698,30.22847],[-97.59823,30.22769],[-97.60238,30.22699],[-97.60336,30.2264],[-97.60376,30.22535],[-97.60387,30.22353],[-97.6048,30.22128],[-97.6052,30.21848],[-97.60594,30.21699],[-97.60725,30.2157],[-97.60785,30.21547],[-97.61055,30.21558],[-97.61131,30.21527],[-97.61278,30.21407],[-97.61469,30.21378],[-97.61882,30.21133],[-97.62087,30.21057],[-97.62691,30.2095],[-97.63276,30.20747],[-97.63734,30.20825],[-97.63848,30.20806],[-97.6407,30.20865],[-97.64604,30.21073],[-97.65056,30.21357],[-97.65089,30.21438],[-97.65405,30.21823],[-97.655,30.2179],[-97.65743,30.22136],[-97.65878,30.22491],[-97.65918,30.22681],[-97.65845,30.22827],[-97.66169,30.22526],[-97.66355,30.22679],[-97.66355,30.22704],[-97.66588,30.22758],[-97.66627,30.22749],[-97.66637,30.22722],[-97.66585,30.22668],[-97.6659,30.22632],[-97.66686,30.22533],[-97.66852,30.22557],[-97.67003,30.22661],[-97.67109,30.22553],[-97.67191,30.22569],[-97.67322,30.22677],[-97.67393,30.22622]]]},"properties":{"zip_code":"78617","county":"Travis"}},{"type":"Feature","geometry":{"type":"Polygon","coordinates":[[[-98.10058,30.08669],[-98.10003,30.08351],[-98.09738,30.07904],[-98.09303,30.07505],[-98.09171,30.07407],[-98.0909,30.07412],[-98.09038,30.07302],[-98.09056,30.07254],[-98.08958,30.07016],[-98.08761,30.07017],[-98.08765,30.07114],[-98.08834,30.07266],[-98.08843,30.07387],[-98.08604,30.07389],[-98.08629,30.07886],[-98.08034,30.07901],[-98.08056,30.08382],[-98.08692,30.08368],[-98.08697,30.08667],[-98.08623,30.08689],[-98.08602,30.08721],[-98.08048,30.08653],[-98.08054,30.08974],[-98.0763,30.08925],[-98.07636,30.09071],[-98.05291,30.0915],[-98.05294,30.09179],[-98.0503,30.09179],[-98.05028,30.09081],[-98.04661,30.09078],[-98.04642,30.08352],[-98.04532,30.08354],[-98.04494,30.07878],[-98.04621,30.07889],[-98.04597,30.07051],[-98.03682,30.07026],[-98.03597,30.05685],[-98.02703,30.05207],[-98.02688,30.05138],[-98.0279,30.04978],[-98.02705,30.04939],[-98.02604,30.04807],[-98.02028,30.04805],[-98.01517,30.04656],[-98.01284,30.04634],[-98.005,30.04648],[-98.00399,30.04663],[-98.00035,30.04793],[-97.98717,30.04721],[-97.98806,30.04772],[-97.98874,30.04853],[-97.98915,30.05247],[-97.98685,30.05163],[-97.98457,30.05255],[-97.98403,30.05369],[-97.98301,30.05441],[-97.98198,30.05454],[-97.98152,30.05509],[-97.98128,30.05603],[-97.98134,30.0582],[-97.98094,30.05917],[-97.979,30.06062],[-97.98176,30.06224],[-97.98294,30.06387],[-97.98269,30.06485],[-97.98106,30.06712],[-97.97837,30.06932],[-97.97793,30.07012],[-97.97822,30.07263],[-97.97931,30.0745],[-97.97948,30.0761],[-97.97924,30.07733],[-97.9786,30.07834],[-97.97713,30.07923],[-97.9747,30.08134],[-97.97426,30.08305],[-97.9745,30.0841],[-97.9752,30.08501],[-97.97663,30.08613],[-97.97785,30.08797],[-97.9789,30.08895],[-97.98014,30.08951],[-97.98187,30.08928],[-97.98608,30.08737],[-97.9904,30.08625],[-97.99254,30.08416],[-97.99461,30.08023],[-97.99577,30.07975],[-97.99702,30.08018],[-97.99832,30.08273],[-97.99895,30.0835],[-98.00002,30.08398],[-98.00462,30.08443],[-98.00683,30.08396],[-98.00813,30.08308],[-98.01051,30.08452],[-98.01108,30.08473],[-98.0121,30.08462],[-98.01322,30.08496],[-98.01327,30.08551],[-98.0122,30.08809],[-98.0105,30.08923],[-98.00638,30.09049],[-98.00522,30.09166],[-98.00269,30.09585],[-98.00203,30.0965],[-98.00103,30.09686],[-97.99814,30.09936],[-97.99793,30.09991],[-97.99561,30.10271],[-97.99365,30.10461],[-97.99457,30.10461],[-97.99318,30.10668],[-97.99299,30.10745],[-97.99241,30.10834],[-97.99229,30.10968],[-97.99241,30.11034],[-97.99356,30.112],[-97.99467,30.11282],[-97.99587,30.11319],[-97.99627,30.11295],[-97.9964,30.11251],[-97.99565,30.11093],[-97.99606,30.11043],[-97.9964,30.11035],[-97.99691,30.11074],[-98.00092,30.11066],[-98.00144,30.11107],[-98.00247,30.11252],[-98.00307,30.11687],[-98.00331,30.11726],[-98.00579,30.11875],[-98.00813,30.12139],[-98.00829,30.12242],[-98.00765,30.12423],[-98.00756,30.12521],[-98.00821,30.12767],[-98.00861,30.12803],[-98.00929,30.12817],[-98.0123,30.1271],[-98.01315,30.12715],[-98.01503,30.12787],[-98.01624,30.12969],[-98.01637,30.13041],[-98.01582,30.13144],[-98.01264,30.13121],[-98.0114,30.13137],[-98.0104,30.13192],[-98.00182,30.12337],[-98.00017,30.1227],[-97.99507,30.12252],[-97.99275,30.12186],[-97.98781,30.11826],[-97.98636,30.1174],[-97.98533,30.11712],[-97.96118,30.11731],[-97.95768,30.11724],[-97.9567,30.11699],[-97.95654,30.12851],[-97.97204,30.12839],[-97.97222,30.1523],[-97.97422,30.15122],[-97.97747,30.1506],[-97.98278,30.14808],[-97.98599,30.14685],[-97.99057,30.1488],[-97.99246,30.14993],[-97.99348,30.15105],[-97.99405,30.15296],[-97.99527,30.15375],[-98.01918,30.15327],[-98.019,30.15432],[-98.01959,30.15557],[-98.01827,30.15672],[-98.01694,30.15661],[-98.01551,30.15595],[-98.01505,30.1562],[-98.01506,30.15775],[-98.01458,30.15899],[-98.01477,30.16044],[-98.01376,30.16131],[-98.01329,30.16252],[-98.01372,30.16367],[-98.01516,30.16601],[-98.03749,30.16565],[-98.03769,30.17075],[-98.04437,30.17071],[-98.0444,30.17013],[-98.05627,30.16998],[-98.05607,30.16961],[-98.05607,30.16835],[-98.05468,30.16684],[-98.05476,30.16588],[-98.0653,30.16677],[-98.06785,30.16602],[-98.07705,30.16608],[-98.08009,30.16142],[-98.08182,30.1623],[-98.08282,30.16323],[-98.08565,30.1672],[-98.08684,30.16808],[-98.08801,30.16617],[-98.09095,30.16319],[-98.09134,30.1617],[-98.09112,30.15739],[-98.09001,30.15438],[-98.09165,30.14952],[-98.08985,30.14561],[-98.08863,30.14131],[-98.08598,30.14045],[-98.08477,30.14075],[-98.08449,30.14183],[-98.08467,30.14273],[-98.08436,30.1435],[-98.083,30.14405],[-98.08237,30.14354],[-98.08062,30.14279],[-98.07915,30.1413],[-98.07845,30.14106],[-98.07764,30.14117],[-98.07678,30.14198],[-98.07904,30.14371],[-98.07909,30.14519],[-98.08047,30.14596],[-98.0787,30.14771],[-98.07808,30.14789],[-98.07714,30.14771],[-98.0765,30.14702],[-98.07617,30.14579],[-98.07585,30.14544],[-98.07526,30.14529],[-98.07336,30.14559],[-98.07106,30.14648],[-98.06748,30.14887],[-98.06555,30.1488],[-98.06347,30.14628],[-98.06332,30.14504],[-98.06219,30.14316],[-98.06055,30.13961],[-98.06006,30.13926],[-98.06001,30.13807],[-98.0605,30.13718],[-98.06021,30.1359],[-98.05922,30.13452],[-98.05749,30.13377],[-98.05616,30.13382],[-98.05443,30.13486],[-98.05391,30.13726],[-98.05297,30.13794],[-98.05118,30.13873],[-98.05001,30.14077],[-98.04834,30.14243],[-98.04743,30.14322],[-98.04447,30.14402],[-98.04436,30.12523],[-98.06553,30.1253],[-98.06554,30.12512],[-98.06664,30.12516],[-98.06662,30.12433],[-98.0732,30.12431],[-98.07324,30.12536],[-98.07275,30.12539],[-98.07267,30.12709],[-98.07494,30.12708],[-98.07488,30.13019],[-98.07412,30.13018],[-98.07271,30.13358],[-98.08137,30.13349],[-98.08138,30.13291],[-98.08646,30.13313],[-98.08656,30.13185],[-98.08732,30.13187],[-98.08736,30.13096],[-98.08994,30.13099],[-98.08999,30.12983],[-98.08952,30.12816],[-98.0896,30.12565],[-98.08921,30.12281],[-98.08844,30.12068],[-98.08835,30.11772],[-98.08947,30.11376],[-98.09231,30.10709],[-98.09593,30.1021],[-98.09665,30.09928],[-98.09607,30.09758],[-98.09609,30.09674],[-98.09853,30.09096],[-98.09968,30.08928],[-98.10058,30.08669]]]},"properties":{"zip_code":"78619","county":"Hays"}},{"type":"Feature","geometry":{"type":"Polygon","coordinates":[[[-98.278,30.14255],[-98.27802,30.142],[-98.27747,30.14151],[-98.27672,30.13821],[-98.27585,30.13747],[-98.27037,30.14046],[-98.26586,30.14108],[-98.26592,30.13471],[-98.2635,30.13475],[-98.26345,30.12614],[-98.25924,30.13654],[-98.25788,30.13674],[-98.25672,30.13552],[-98.25665,30.13496],[-98.24906,30.13642],[-98.24449,30.13187],[-98.23054,30.13173],[-98.22965,30.12469],[-98.22936,30.1249],[-98.2298,30.12422],[-98.22952,30.11833],[-98.21447,30.11854],[-98.21348,30.11829],[-98.21148,30.11634],[-98.20912,30.11978],[-98.20617,30.12284],[-98.19945,30.11835],[-98.20589,30.11154],[-98.20224,30.10856],[-98.20194,30.1089],[-98.20091,30.10892],[-98.19978,30.10733],[-98.19781,30.1086],[-98.19273,30.10979],[-98.19238,30.10949],[-98.19154,30.11007],[-98.18882,30.11071],[-98.18665,30.11344],[-98.18453,30.11146],[-98.18326,30.11294],[-98.18318,30.11364],[-98.17953,30.11487],[-98.17929,30.11549],[-98.17884,30.11572],[-98.17754,30.11551],[-98.1744,30.11219],[-98.1739,30.11355],[-98.17378,30.11478],[-98.174,30.11589],[-98.17382,30.11639],[-98.17173,30.1178],[-98.1702,30.11938],[-98.16974,30.12036],[-98.16847,30.12172],[-98.16798,30.12355],[-98.16683,30.12406],[-98.16475,30.12416],[-98.16366,30.12488],[-98.16319,30.12576],[-98.16327,30.12714],[-98.16148,30.12819],[-98.16073,30.12979],[-98.16042,30.12966],[-98.15989,30.12645],[-98.15851,30.1257],[-98.15816,30.12501],[-98.1582,30.12421],[-98.15742,30.12374],[-98.15718,30.12288],[-98.15751,30.12242],[-98.15745,30.12192],[-98.15833,30.12084],[-98.1581,30.1187],[-98.15711,30.11885],[-98.15637,30.11976],[-98.15536,30.12021],[-98.15358,30.11988],[-98.1506,30.12006],[-98.14906,30.12151],[-98.14749,30.12254],[-98.14515,30.12145],[-98.14221,30.12148],[-98.14179,30.12127],[-98.1413,30.12024],[-98.1427,30.1174],[-98.14239,30.1168],[-98.14057,30.11664],[-98.14018,30.11637],[-98.13982,30.11559],[-98.13839,30.11575],[-98.13785,30.11684],[-98.13763,30.11676],[-98.13705,30.11505],[-98.13541,30.11398],[-98.13476,30.11287],[-98.13396,30.11224],[-98.13372,30.11106],[-98.13239,30.10994],[-98.13164,30.10808],[-98.13073,30.10731],[-98.1279,30.10709],[-98.12505,30.10775],[-98.1236,30.10738],[-98.12092,30.10595],[-98.11976,30.10404],[-98.11922,30.10366],[-98.11548,30.10195],[-98.11301,30.10216],[-98.11,30.10196],[-98.10667,30.10106],[-98.10496,30.10109],[-98.1015,30.10066],[-98.10073,30.10075],[-98.0979,30.10222],[-98.09598,30.10195],[-98.09231,30.10709],[-98.08924,30.11437],[-98.08831,30.11798],[-98.08846,30.1208],[-98.08933,30.12344],[-98.08961,30.12604],[-98.08952,30.12816],[-98.08999,30.12983],[-98.08999,30.13082],[-98.08994,30.13099],[-98.08736,30.13096],[-98.08732,30.13187],[-98.08656,30.13185],[-98.08646,30.13313],[-98.08138,30.13291],[-98.08137,30.13349],[-98.07271,30.13358],[-98.07412,30.13018],[-98.07488,30.13019],[-98.07494,30.12708],[-98.07267,30.12709],[-98.07275,30.12539],[-98.07324,30.12536],[-98.0732,30.12431],[-98.06662,30.12433],[-98.06664,30.12516],[-98.06554,30.12512],[-98.06553,30.1253],[-98.04436,30.12523],[-98.04447,30.14402],[-98.04743,30.14322],[-98.04834,30.14243],[-98.05001,30.14077],[-98.05118,30.13873],[-98.05297,30.13794],[-98.05391,30.13726],[-98.05443,30.13486],[-98.05616,30.13382],[-98.05749,30.13377],[-98.05922,30.13452],[-98.06021,30.1359],[-98.0605,30.13718],[-98.06001,30.13807],[-98.06006,30.13926],[-98.06055,30.13961],[-98.06219,30.14316],[-98.06332,30.14504],[-98.06347,30.14628],[-98.06555,30.1488],[-98.06748,30.14887],[-98.07106,30.14648],[-98.07336,30.14559],[-98.07526,30.14529],[-98.07585,30.14544],[-98.07617,30.14579],[-98.0765,30.14702],[-98.07714,30.14771],[-98.07808,30.14789],[-98.0787,30.14771],[-98.08047,30.14596],[-98.07909,30.14519],[-98.07904,30.14371],[-98.07678,30.14198],[-98.07764,30.14117],[-98.07845,30.14106],[-98.07915,30.1413],[-98.08062,30.14279],[-98.08237,30.14354],[-98.083,30.14405],[-98.08436,30.1435],[-98.08467,30.14273],[-98.08449,30.14183],[-98.08477,30.14075],[-98.08598,30.14045],[-98.08863,30.14131],[-98.08985,30.14561],[-98.09165,30.14952],[-98.09001,30.15438],[-98.09112,30.15739],[-98.09134,30.1617],[-98.09095,30.16319],[-98.08801,30.16617],[-98.08684,30.16808],[-98.08565,30.1672],[-98.08282,30.16323],[-98.08182,30.1623],[-98.08009,30.16142],[-98.07705,30.16608],[-98.06785,30.16602],[-98.0653,30.16677],[-98.05476,30.16588],[-98.05468,30.16684],[-98.05607,30.16835],[-98.05607,30.16961],[-98.05627,30.16998],[-98.0444,30.17013],[-98.04437,30.17071],[-98.03769,30.17075],[-98.03749,30.16565],[-98.01516,30.16601],[-98.01372,30.16367],[-98.01329,30.16252],[-98.01376,30.16131],[-98.01477,30.16044],[-98.01458,30.15899],[-98.01506,30.15775],[-98.01505,30.1562],[-98.01551,30.15595],[-98.01694,30.15661],[-98.01827,30.15672],[-98.01959,30.15557],[-98.019,30.15432],[-98.01918,30.15327],[-98.00878,30.15347],[-98.00898,30.15507],[-98.00892,30.15756],[-98.00861,30.16041],[-98.00841,30.16692],[-98.00781,30.16859],[-98.005,30.17224],[-98.00448,30.17404],[-98.00298,30.17664],[-98.00229,30.17886],[-98.00188,30.18185],[-98.00073,30.18599],[-98.00064,30.18846],[-98.00035,30.18943],[-97.99991,30.1903],[-97.99753,30.19186],[-97.99723,30.19241],[-97.99788,30.19434],[-97.99733,30.19661],[-97.99739,30.19684],[-98.00027,30.19637],[-98.00675,30.19631],[-98.01277,30.19683],[-98.0142,30.20154],[-98.01522,30.20359],[-98.0155,30.20536],[-98.01634,30.20713],[-98.01727,30.2067],[-98.01781,30.20791],[-98.01949,30.20837],[-98.02132,30.21011],[-98.02252,30.21065],[-98.02262,30.21164],[-98.02296,30.21181],[-98.02371,30.21448],[-98.02247,30.21504],[-98.02286,30.21561],[-98.02432,30.21496],[-98.02489,30.21579],[-98.02655,30.22096],[-98.02696,30.221],[-98.02696,30.22226],[-98.03013,30.22222],[-98.03064,30.2238],[-98.03089,30.22397],[-98.03066,30.22447],[-98.0299,30.22477],[-98.0307,30.22546],[-98.0302,30.22598],[-98.03026,30.2262],[-98.03158,30.22632],[-98.03442,30.22756],[-98.03484,30.22717],[-98.03613,30.22739],[-98.03668,30.22705],[-98.03749,30.22854],[-98.03734,30.22971],[-98.03601,30.23129],[-98.03513,30.23175],[-98.03408,30.23168],[-98.03266,30.23245],[-98.03241,30.23333],[-98.03336,30.23583],[-98.03316,30.23652],[-98.03256,30.23704],[-98.0284,30.23782],[-98.02797,30.2378],[-98.02735,30.23715],[-98.02636,30.23665],[-98.02499,30.23672],[-98.02633,30.2375],[-98.0264,30.23865],[-98.02692,30.23979],[-98.02893,30.2413],[-98.02973,30.24266],[-98.02911,30.24491],[-98.02758,30.24592],[-98.02856,30.24605],[-98.02853,30.24743],[-98.02671,30.25169],[-98.03067,30.25451],[-98.02657,30.26074],[-98.04025,30.28432],[-98.03887,30.28492],[-98.03897,30.2852],[-98.03835,30.2853],[-98.03801,30.28575],[-98.03711,30.28559],[-98.03642,30.28577],[-98.0367,30.28651],[-98.03725,30.28706],[-98.03835,30.28749],[-98.03984,30.2873],[-98.04101,30.28786],[-98.04209,30.28994],[-98.04437,30.28977],[-98.0462,30.28871],[-98.04791,30.28905],[-98.04946,30.28807],[-98.04973,30.28863],[-98.05171,30.28763],[-98.05285,30.28739],[-98.05513,30.28724],[-98.06131,30.28592],[-98.06288,30.28582],[-98.06482,30.2865],[-98.07383,30.29075],[-98.07475,30.29092],[-98.07453,30.29259],[-98.07368,30.29307],[-98.07379,30.29336],[-98.07297,30.29458],[-98.07305,30.29537],[-98.07232,30.29573],[-98.07186,30.29654],[-98.07131,30.29666],[-98.07053,30.29727],[-98.06975,30.29713],[-98.06898,30.2976],[-98.06741,30.29754],[-98.06622,30.29799],[-98.06477,30.29801],[-98.06428,30.29837],[-98.06388,30.29934],[-98.06036,30.30044],[-98.05809,30.30073],[-98.05845,30.3018],[-98.05711,30.30284],[-98.05726,30.30431],[-98.05657,30.30551],[-98.05699,30.30631],[-98.05825,30.30699],[-98.05865,30.30865],[-98.05734,30.31022],[-98.0563,30.31083],[-98.05659,30.31257],[-98.0562,30.31282],[-98.05624,30.31381],[-98.0558,30.31427],[-98.05576,30.31592],[-98.05547,30.31626],[-98.05375,30.31683],[-98.05291,30.31805],[-98.05119,30.31918],[-98.05011,30.32022],[-98.04841,30.32081],[-98.04683,30.3226],[-98.04593,30.3228],[-98.04424,30.32239],[-98.04356,30.3225],[-98.04354,30.3228],[-98.04508,30.32489],[-98.04528,30.3255],[-98.04521,30.3259],[-98.04485,30.32602],[-98.04353,30.3255],[-98.04348,30.32579],[-98.04408,30.32655],[-98.04314,30.32666],[-98.04277,30.3271],[-98.04295,30.32846],[-98.0437,30.3296],[-98.04385,30.33031],[-98.04357,30.33368],[-98.04314,30.33466],[-98.0427,30.33504],[-98.04111,30.33484],[-98.04063,30.33501],[-98.04044,30.33562],[-98.0406,30.33627],[-98.04018,30.33692],[-98.04198,30.33782],[-98.04262,30.33869],[-98.04388,30.33961],[-98.04558,30.33939],[-98.04689,30.33867],[-98.04764,30.33877],[-98.04864,30.33932],[-98.05133,30.34172],[-98.0522,30.34159],[-98.0544,30.34],[-98.05507,30.34007],[-98.05521,30.34065],[-98.05873,30.34197],[-98.05975,30.3447],[-98.06141,30.3471],[-98.06251,30.34779],[-98.06935,30.34422],[-98.07411,30.34639],[-98.07676,30.3452],[-98.07697,30.34252],[-98.07655,30.34076],[-98.07711,30.33856],[-98.07658,30.33724],[-98.07772,30.33554],[-98.07869,30.33351],[-98.07911,30.33155],[-98.08188,30.32818],[-98.08199,30.32697],[-98.08255,30.32581],[-98.08314,30.32307],[-98.08346,30.32041],[-98.08489,30.31943],[-98.08508,30.31821],[-98.08585,30.31646],[-98.08709,30.31577],[-98.0875,30.31467],[-98.08897,30.31429],[-98.0896,30.31295],[-98.09055,30.31214],[-98.10342,30.32071],[-98.10761,30.32417],[-98.1089,30.32599],[-98.11205,30.32775],[-98.09972,30.33432],[-98.10773,30.34652],[-98.09583,30.35251],[-98.09501,30.35355],[-98.10206,30.35705],[-98.10131,30.35829],[-98.11141,30.36321],[-98.1141,30.35923],[-98.11442,30.35908],[-98.11637,30.35997],[-98.11859,30.37203],[-98.11898,30.37476],[-98.11902,30.37741],[-98.12593,30.375],[-98.12896,30.37259],[-98.12937,30.37262],[-98.13012,30.37204],[-98.13168,30.37048],[-98.13229,30.36948],[-98.1321,30.3678],[-98.13163,30.36684],[-98.13076,30.36567],[-98.12904,30.3645],[-98.12901,30.36384],[-98.12769,30.36338],[-98.12711,30.3628],[-98.12703,30.36166],[-98.12769,30.36058],[-98.12909,30.35925],[-98.13213,30.35767],[-98.13525,30.35511],[-98.13771,30.35086],[-98.13855,30.34715],[-98.13829,30.34426],[-98.13879,30.34151],[-98.13931,30.34062],[-98.13946,30.33709],[-98.13929,30.33518],[-98.13967,30.33429],[-98.14016,30.33396],[-98.14327,30.33395],[-98.15182,30.33483],[-98.15538,30.33451],[-98.16323,30.33226],[-98.17262,30.32877],[-98.17506,30.32757],[-98.17592,30.32753],[-98.17709,30.32821],[-98.17919,30.33035],[-98.18078,30.333],[-98.18288,30.33485],[-98.18484,30.34067],[-98.18502,30.34434],[-98.18534,30.34611],[-98.18642,30.34802],[-98.19277,30.35033],[-98.19507,30.35008],[-98.19661,30.34941],[-98.1985,30.34597],[-98.19828,30.34481],[-98.19734,30.34387],[-98.19654,30.34],[-98.19631,30.338],[-98.19676,30.33636],[-98.19752,30.33552],[-98.19866,30.3348],[-98.20118,30.33395],[-98.20115,30.33375],[-98.20307,30.33335],[-98.20661,30.33103],[-98.20781,30.32987],[-98.21114,30.32556],[-98.21112,30.32257],[-98.20983,30.31995],[-98.20781,30.31857],[-98.20655,30.31815],[-98.20359,30.31567],[-98.20339,30.31467],[-98.20419,30.31246],[-98.20539,30.31128],[-98.20654,30.31065],[-98.20842,30.3106],[-98.21015,30.31149],[-98.21094,30.30986],[-98.21318,30.30922],[-98.21363,30.30843],[-98.21248,30.30409],[-98.2119,30.30318],[-98.21099,30.30238],[-98.20996,30.30192],[-98.20943,30.30125],[-98.21092,30.2999],[-98.21111,30.29884],[-98.21041,30.29429],[-98.20888,30.29245],[-98.20882,30.29205],[-98.20934,30.29078],[-98.20908,30.28989],[-98.20807,30.28864],[-98.20765,30.28719],[-98.20711,30.28635],[-98.20439,30.28548],[-98.20333,30.28484],[-98.2028,30.28396],[-98.20264,30.28239],[-98.20372,30.28058],[-98.20768,30.28135],[-98.20866,30.2813],[-98.20895,30.28101],[-98.20893,30.28048],[-98.20833,30.27939],[-98.20833,30.27866],[-98.20546,30.27803],[-98.20477,30.27741],[-98.20449,30.27678],[-98.20771,30.26808],[-98.21797,30.2426],[-98.22197,30.23134],[-98.24018,30.18472],[-98.27202,30.18436],[-98.27196,30.17327],[-98.27096,30.16334],[-98.26736,30.16353],[-98.26834,30.15814],[-98.26922,30.14963],[-98.27079,30.14896],[-98.27101,30.14976],[-98.27193,30.15013],[-98.27379,30.14947],[-98.27425,30.14897],[-98.27576,30.14896],[-98.2762,30.14915],[-98.27667,30.14807],[-98.27635,30.14798],[-98.27626,30.14606],[-98.278,30.14255]]]},"properties":{"zip_code":"78620","county":"Hays"}},{"type":"Feature","geometry":{"type":"Polygon","coordinates":[[[-97.50169,30.21502],[-97.50047,30.21421],[-97.49873,30.21708],[-97.49669,30.21593],[-97.49635,30.21611],[-97.49561,30.21739],[-97.49531,30.21728],[-97.49963,30.2105],[-97.50143,30.20845],[-97.49729,30.20882],[-97.49595,30.20923],[-97.49508,30.21052],[-97.49224,30.21265],[-97.49125,30.21211],[-97.4905,30.21114],[-97.48701,30.20848],[-97.48569,30.20826],[-97.48477,30.20697],[-97.48361,30.20612],[-97.48364,30.20421],[-97.48424,30.20275],[-97.4853,30.20181],[-97.48844,30.20136],[-97.48895,30.20041],[-97.48894,30.19983],[-97.48829,30.19851],[-97.4866,30.19684],[-97.48547,30.1953],[-97.48541,30.19011],[-97.48458,30.18881],[-97.48401,30.1884],[-97.47532,30.18548],[-97.47396,30.18484],[-97.47311,30.18361],[-97.47143,30.183],[-97.46974,30.18285],[-97.46846,30.1832],[-97.46658,30.18414],[-97.46501,30.18445],[-97.463,30.18358],[-97.46145,30.18207],[-97.45942,30.18196],[-97.45514,30.183],[-97.44944,30.18524],[-97.43558,30.18911],[-97.43396,30.19034],[-97.43283,30.1907],[-97.42977,30.19076],[-97.42707,30.19578],[-97.4223,30.20312],[-97.41823,30.20416],[-97.41234,30.20473],[-97.41176,30.2046],[-97.40179,30.22032],[-97.38182,30.21094],[-97.37803,30.21713],[-97.37738,30.21687],[-97.36645,30.23358],[-97.36698,30.23385],[-97.36449,30.23747],[-97.35934,30.23338],[-97.35658,30.23795],[-97.35288,30.24332],[-97.3504,30.24655],[-97.34982,30.24717],[-97.34907,30.24747],[-97.348,30.2476],[-97.34768,30.24638],[-97.34643,30.24381],[-97.34516,30.24314],[-97.33953,30.23838],[-97.33953,30.2381],[-97.34067,30.23706],[-97.34077,30.23633],[-97.34058,30.23581],[-97.33684,30.23269],[-97.3352,30.23409],[-97.33475,30.23418],[-97.33069,30.2308],[-97.32992,30.2329],[-97.32953,30.2332],[-97.32989,30.23373],[-97.33236,30.2349],[-97.33276,30.23581],[-97.33411,30.23614],[-97.33571,30.23619],[-97.33881,30.23825],[-97.33839,30.23891],[-97.33641,30.24044],[-97.33661,30.24123],[-97.33612,30.24198],[-97.33536,30.24223],[-97.33257,30.24122],[-97.33154,30.24107],[-97.33111,30.24115],[-97.33065,30.24169],[-97.32876,30.24627],[-97.32862,30.24726],[-97.32812,30.24757],[-97.3288,30.24867],[-97.32876,30.24905],[-97.32694,30.25237],[-97.32671,30.25329],[-97.3271,30.25391],[-97.32653,30.2543],[-97.32672,30.25492],[-97.32804,30.25567],[-97.32878,30.25585],[-97.33005,30.25569],[-97.3316,30.25617],[-97.33225,30.25579],[-97.33324,30.25647],[-97.33314,30.25698],[-97.3322,30.25752],[-97.33258,30.26078],[-97.33225,30.26185],[-97.33139,30.26286],[-97.32896,30.26431],[-97.32797,30.26551],[-97.3308,30.27038],[-97.33592,30.2804],[-97.3334,30.28143],[-97.32333,30.29035],[-97.31887,30.28658],[-97.30927,30.29496],[-97.30892,30.29646],[-97.30889,30.29915],[-97.30924,30.30292],[-97.30545,30.30656],[-97.30539,30.30725],[-97.30628,30.3086],[-97.30514,30.31076],[-97.29957,30.30637],[-97.28956,30.30015],[-97.28778,30.29868],[-97.28776,30.29836],[-97.27419,30.28687],[-97.27132,30.28473],[-97.27123,30.28437],[-97.26924,30.28272],[-97.26746,30.2818],[-97.26728,30.28196],[-97.26735,30.2835],[-97.26665,30.28369],[-97.2661,30.28432],[-97.26632,30.28528],[-97.26568,30.28606],[-97.26561,30.28727],[-97.26482,30.28863],[-97.26505,30.28982],[-97.26448,30.29049],[-97.26353,30.29089],[-97.2626,30.29266],[-97.262,30.29313],[-97.26141,30.29424],[-97.26147,30.29507],[-97.26711,30.2963],[-97.27009,30.29665],[-97.26994,30.29697],[-97.26939,30.29702],[-97.26377,30.30243],[-97.26422,30.30362],[-97.26762,30.30679],[-97.26836,30.30722],[-97.26838,30.30745],[-97.27082,30.30923],[-97.27208,30.31057],[-97.27234,30.31198],[-97.27231,30.31303],[-97.27166,30.31441],[-97.26591,30.32266],[-97.26601,30.32338],[-97.26566,30.32617],[-97.26786,30.32767],[-97.26788,30.32823],[-97.25873,30.32409],[-97.25457,30.32385],[-97.25358,30.32543],[-97.25681,30.32848],[-97.25583,30.32913],[-97.25535,30.3303],[-97.25465,30.33119],[-97.25359,30.33151],[-97.25342,30.33236],[-97.25294,30.33289],[-97.25149,30.33275],[-97.25002,30.33354],[-97.24872,30.33379],[-97.24491,30.3367],[-97.2439,30.33657],[-97.24169,30.34012],[-97.2418,30.34039],[-97.24871,30.3438],[-97.24203,30.35418],[-97.23864,30.35652],[-97.26306,30.36827],[-97.25967,30.37355],[-97.25821,30.37494],[-97.25707,30.37565],[-97.24105,30.38095],[-97.23784,30.38088],[-97.23587,30.38028],[-97.22593,30.37512],[-97.22597,30.37574],[-97.22689,30.37684],[-97.22777,30.37871],[-97.2277,30.37955],[-97.22674,30.38149],[-97.22685,30.38239],[-97.22758,30.38393],[-97.22816,30.38447],[-97.22916,30.38477],[-97.23027,30.38458],[-97.23486,30.39504],[-97.23537,30.39672],[-97.23527,30.3978],[-97.23552,30.3984],[-97.23548,30.39928],[-97.23503,30.4],[-97.23671,30.40394],[-97.23696,30.40529],[-97.23067,30.40734],[-97.23043,30.40771],[-97.23123,30.40954],[-97.23088,30.41013],[-97.23668,30.42374],[-97.23618,30.42412],[-97.2357,30.42626],[-97.2343,30.42644],[-97.23377,30.42582],[-97.23322,30.42566],[-97.23176,30.42571],[-97.23099,30.425],[-97.22988,30.42324],[-97.23237,30.42211],[-97.23387,30.42213],[-97.23416,30.4219],[-97.23419,30.42145],[-97.23339,30.42016],[-97.23125,30.41989],[-97.23083,30.41939],[-97.23003,30.41744],[-97.22974,30.41728],[-97.22937,30.41744],[-97.22882,30.41865],[-97.22811,30.41948],[-97.22647,30.41982],[-97.22388,30.41893],[-97.22213,30.41788],[-97.22191,30.41725],[-97.22109,30.41751],[-97.22369,30.42356],[-97.21823,30.42538],[-97.21946,30.42835],[-97.2196,30.42936],[-97.22035,30.43036],[-97.22302,30.43657],[-97.23599,30.43254],[-97.23713,30.43265],[-97.24031,30.43198],[-97.24245,30.43421],[-97.24364,30.43589],[-97.24459,30.4412],[-97.24472,30.44353],[-97.24517,30.44427],[-97.24605,30.44477],[-97.24564,30.44581],[-97.24597,30.44752],[-97.2485,30.45346],[-97.24833,30.45374],[-97.24595,30.45451],[-97.2458,30.45481],[-97.24862,30.46166],[-97.23621,30.46543],[-97.23539,30.46736],[-97.23376,30.46939],[-97.23293,30.47139],[-97.2331,30.47176],[-97.23888,30.47581],[-97.23934,30.47655],[-97.2396,30.47781],[-97.24152,30.48037],[-97.2482,30.48236],[-97.25062,30.48103],[-97.2515,30.47931],[-97.27475,30.47168],[-97.28147,30.48764],[-97.28285,30.48943],[-97.28341,30.48917],[-97.28365,30.48985],[-97.28458,30.49044],[-97.28469,30.49079],[-97.2844,30.49097],[-97.28448,30.49115],[-97.28565,30.49129],[-97.28661,30.49086],[-97.28659,30.49034],[-97.28516,30.48959],[-97.28514,30.48934],[-97.28543,30.48908],[-97.28637,30.48933],[-97.28648,30.48868],[-97.2869,30.48851],[-97.28578,30.48757],[-97.28605,30.48701],[-97.28679,30.48681],[-97.28716,30.48644],[-97.28702,30.48613],[-97.28738,30.4854],[-97.28733,30.485],[-97.28871,30.48505],[-97.28889,30.48525],[-97.28904,30.48609],[-97.28894,30.48654],[-97.28845,30.48674],[-97.28857,30.48722],[-97.28924,30.48737],[-97.28982,30.4869],[-97.29056,30.48685],[-97.29077,30.48766],[-97.2911,30.48793],[-97.29173,30.48759],[-97.29211,30.48691],[-97.29194,30.48625],[-97.29261,30.48607],[-97.29307,30.48626],[-97.29352,30.48708],[-97.2944,30.48689],[-97.2959,30.4872],[-97.29663,30.48633],[-97.29668,30.48518],[-97.29721,30.48446],[-97.29726,30.48372],[-97.29829,30.48311],[-97.29871,30.48337],[-97.29982,30.48234],[-97.29869,30.48133],[-97.29934,30.48007],[-97.29903,30.4794],[-97.30004,30.47903],[-97.30065,30.478],[-97.30155,30.47777],[-97.30096,30.47645],[-97.30411,30.47392],[-97.30667,30.47408],[-97.30689,30.47392],[-97.30687,30.4733],[-97.30731,30.47305],[-97.30846,30.47349],[-97.30854,30.47264],[-97.30932,30.47193],[-97.30911,30.47142],[-97.30955,30.47126],[-97.31101,30.47149],[-97.31123,30.47132],[-97.31106,30.47035],[-97.30998,30.46982],[-97.31033,30.46945],[-97.31152,30.46907],[-97.30736,30.45925],[-97.30012,30.46143],[-97.29585,30.4514],[-97.3009,30.44956],[-97.32166,30.44304],[-97.32328,30.44792],[-97.32591,30.45353],[-97.32773,30.45476],[-97.32897,30.45671],[-97.33966,30.4533],[-97.33968,30.45281],[-97.3384,30.44966],[-97.34667,30.44697],[-97.34511,30.45039],[-97.34697,30.45503],[-97.34732,30.45542],[-97.34715,30.45557],[-97.35103,30.46531],[-97.36149,30.4621],[-97.35619,30.44913],[-97.35623,30.44693],[-97.35307,30.43928],[-97.35457,30.43882],[-97.35768,30.43833],[-97.35923,30.43924],[-97.35974,30.43883],[-97.36246,30.43767],[-97.36671,30.43633],[-97.36449,30.42823],[-97.36359,30.42608],[-97.3735,30.42297],[-97.37359,30.4227],[-97.37273,30.4208],[-97.36995,30.41944],[-97.37354,30.41772],[-97.37677,30.4192],[-97.37773,30.42237],[-97.37943,30.4239],[-97.38225,30.42408],[-97.38208,30.42219],[-97.38148,30.41981],[-97.38037,30.41727],[-97.37945,30.41591],[-97.39124,30.41563],[-97.38845,30.42],[-97.40323,30.42693],[-97.41076,30.41518],[-97.41936,30.41484],[-97.43782,30.38519],[-97.45478,30.39349],[-97.46064,30.38431],[-97.46089,30.38247],[-97.46071,30.38177],[-97.45948,30.38141],[-97.4485,30.37631],[-97.44678,30.37624],[-97.44245,30.37724],[-97.44036,30.37707],[-97.42855,30.37165],[-97.43737,30.35839],[-97.43221,30.35544],[-97.43139,30.35668],[-97.42321,30.35292],[-97.42332,30.35277],[-97.42475,30.35346],[-97.42562,30.35241],[-97.4442,30.35161],[-97.46603,30.35161],[-97.46416,30.35461],[-97.46537,30.35518],[-97.46746,30.3516],[-97.47688,30.3514],[-97.47547,30.35074],[-97.47914,30.34491],[-97.47805,30.34435],[-97.48138,30.33908],[-97.48177,30.33927],[-97.48203,30.33762],[-97.48111,30.33503],[-97.48008,30.33093],[-97.47729,30.33022],[-97.47552,30.32813],[-97.47456,30.32441],[-97.47183,30.32424],[-97.47143,30.32381],[-97.47006,30.32368],[-97.46581,30.3241],[-97.45819,30.3222],[-97.45241,30.31996],[-97.44932,30.32001],[-97.44926,30.32097],[-97.44834,30.32095],[-97.44833,30.32],[-97.44785,30.31992],[-97.44769,30.31941],[-97.44397,30.31926],[-97.44974,30.31053],[-97.45027,30.31038],[-97.45152,30.31066],[-97.45257,30.30964],[-97.4643,30.29128],[-97.45997,30.28929],[-97.45941,30.28876],[-97.46637,30.2779],[-97.46865,30.27891],[-97.46977,30.27819],[-97.47078,30.27898],[-97.47125,30.2805],[-97.46894,30.28375],[-97.47074,30.28403],[-97.47453,30.28566],[-97.47695,30.28183],[-97.48228,30.28418],[-97.48521,30.27968],[-97.48331,30.27883],[-97.48229,30.27809],[-97.48327,30.2772],[-97.4833,30.27673],[-97.47404,30.27246],[-97.47695,30.26784],[-97.47654,30.2674],[-97.47493,30.26672],[-97.47283,30.26541],[-97.47126,30.26419],[-97.46976,30.26437],[-97.4692,30.26526],[-97.46883,30.26523],[-97.46762,30.26487],[-97.46189,30.26212],[-97.4616,30.26314],[-97.46045,30.26518],[-97.45374,30.26181],[-97.45292,30.26321],[-97.44975,30.26196],[-97.4476,30.265],[-97.44542,30.26316],[-97.4476,30.25992],[-97.44709,30.2597],[-97.44994,30.25653],[-97.44954,30.25594],[-97.45112,30.25333],[-97.45177,30.25352],[-97.45287,30.25135],[-97.45593,30.25293],[-97.46454,30.23981],[-97.47288,30.24371],[-97.46995,30.2489],[-97.47076,30.24826],[-97.47129,30.24744],[-97.47277,30.24677],[-97.4735,30.24566],[-97.47379,30.24558],[-97.47317,30.24519],[-97.47383,30.24426],[-97.48348,30.24916],[-97.48422,30.24855],[-97.48426,30.24787],[-97.48468,30.24768],[-97.4857,30.24618],[-97.48638,30.24564],[-97.48629,30.24527],[-97.48649,30.24502],[-97.48766,30.24548],[-97.48843,30.24649],[-97.48985,30.24451],[-97.49196,30.23218],[-97.49257,30.23265],[-97.49201,30.23179],[-97.49168,30.23055],[-97.49338,30.22119],[-97.49652,30.21614],[-97.49967,30.21795],[-97.50169,30.21502]]]},"properties":{"zip_code":"78621","county":"Bastrop"}},{"type":"Feature","geometry":{"type":"Polygon","coordinates":[[[-97.80562,29.76777],[-97.8049,29.76724],[-97.80294,29.76669],[-97.80195,29.76658],[-97.80121,29.76703],[-97.80028,29.76621],[-97.80007,29.76552],[-97.80026,29.76466],[-97.79974,29.76322],[-97.80049,29.75996],[-97.80115,29.75899],[-97.80298,29.75865],[-97.80382,29.75743],[-97.80378,29.75706],[-97.80303,29.75672],[-97.80303,29.75635],[-97.80396,29.75527],[-97.8036,29.75373],[-97.80317,29.75363],[-97.80203,29.75417],[-97.80136,29.75419],[-97.80104,29.75388],[-97.80124,29.75346],[-97.80112,29.75318],[-97.7994,29.75226],[-97.79593,29.75233],[-97.79422,29.75277],[-97.79292,29.75419],[-97.79293,29.7564],[-97.79327,29.75786],[-97.79307,29.75881],[-97.79268,29.75939],[-97.79092,29.75959],[-97.78896,29.76042],[-97.78667,29.76099],[-97.78162,29.75972],[-97.78077,29.75912],[-97.78046,29.75848],[-97.78068,29.75809],[-97.78153,29.75827],[-97.78172,29.75783],[-97.78038,29.75679],[-97.78014,29.75627],[-97.78016,29.75606],[-97.78079,29.75572],[-97.78023,29.75476],[-97.78044,29.75385],[-97.78124,29.75271],[-97.78106,29.7516],[-97.78085,29.75094],[-97.78003,29.7502],[-97.77997,29.74938],[-97.77944,29.74842],[-97.7798,29.74777],[-97.78027,29.7477],[-97.78113,29.74862],[-97.78149,29.74865],[-97.78211,29.74834],[-97.78219,29.74786],[-97.78066,29.7473],[-97.77802,29.74721],[-97.77711,29.74669],[-97.77512,29.7444],[-97.774,29.74394],[-97.77385,29.74321],[-97.77437,29.74194],[-97.77406,29.74158],[-97.77355,29.74164],[-97.773,29.74234],[-97.77073,29.74243],[-97.77046,29.74267],[-97.77147,29.74303],[-97.77178,29.74348],[-97.77171,29.74396],[-97.76502,29.7473],[-97.77769,29.76154],[-97.77849,29.76288],[-97.78183,29.7705],[-97.7609,29.78612],[-97.77694,29.80228],[-97.79068,29.77908],[-97.79256,29.77706],[-97.79372,29.77617],[-97.80562,29.76777]]]},"properties":{"zip_code":"78622","county":"Caldwell"}},{"type":"Feature","geometry":{"type":"Polygon","coordinates":[[[-98.29158,29.99157],[-98.29167,29.9863],[-98.28088,29.98081],[-98.27748,29.97855],[-98.27588,29.97775],[-98.25965,29.97396],[-98.25881,29.96851],[-98.25753,29.96499],[-98.25734,29.96304],[-98.25538,29.96314],[-98.25541,29.96047],[-98.25591,29.95706],[-98.2557,29.94836],[-98.25155,29.94844],[-98.24996,29.9449],[-98.23272,29.9449],[-98.23268,29.94803],[-98.21963,29.94794],[-98.2195,29.94456],[-98.2206,29.94454],[-98.21938,29.94287],[-98.2197,29.94275],[-98.21945,29.94241],[-98.21555,29.93942],[-98.21538,29.94068],[-98.20963,29.94062],[-98.20815,29.94119],[-98.20575,29.93936],[-98.20614,29.92869],[-98.2061,29.9284],[-98.20543,29.92819],[-98.20545,29.92726],[-98.2061,29.92693],[-98.20592,29.92269],[-98.20554,29.9227],[-98.20557,29.91916],[-98.20576,29.91892],[-98.20548,29.91857],[-98.20538,29.91418],[-98.20336,29.91415],[-98.20335,29.91328],[-98.20436,29.91329],[-98.2044,29.91136],[-98.18982,29.91135],[-98.18916,29.91223],[-98.18437,29.91036],[-98.18218,29.91032],[-98.18234,29.91473],[-98.17575,29.91488],[-98.17285,29.91472],[-98.17235,29.91531],[-98.17067,29.91514],[-98.1704,29.91473],[-98.16987,29.91468],[-98.16179,29.91457],[-98.16169,29.9335],[-98.16017,29.93386],[-98.15706,29.9335],[-98.15159,29.93432],[-98.17143,29.94845],[-98.1709,29.94872],[-98.1699,29.95047],[-98.16971,29.95156],[-98.17006,29.95243],[-98.16999,29.95371],[-98.16923,29.95497],[-98.16944,29.95533],[-98.16892,29.95591],[-98.17124,29.95727],[-98.17639,29.9623],[-98.17892,29.96368],[-98.18107,29.964],[-98.18347,29.96397],[-98.18476,29.96418],[-98.186,29.9648],[-98.19106,29.96861],[-98.19614,29.97099],[-98.1968,29.97152],[-98.19852,29.9739],[-98.20147,29.97603],[-98.20256,29.97585],[-98.20368,29.97444],[-98.2049,29.97446],[-98.2054,29.97478],[-98.206,29.97604],[-98.20611,29.97762],[-98.20617,29.9802],[-98.20567,29.98576],[-98.20603,29.98625],[-98.206,29.98978],[-98.21756,29.98957],[-98.22426,29.98605],[-98.21739,29.98115],[-98.23328,29.98103],[-98.23474,29.9848],[-98.23484,29.99361],[-98.2463,30.00177],[-98.25443,30.00178],[-98.25478,29.99973],[-98.27285,30.0005],[-98.27306,30.00619],[-98.28032,30.00591],[-98.28812,30.00596],[-98.28778,29.99133],[-98.29157,29.99201],[-98.29158,29.99157]]]},"properties":{"zip_code":"78623","county":"Hays"}},{"type":"Feature","geometry":{"type":"Polygon","coordinates":[[[-97.693,30.58297],[-97.69285,30.57122],[-97.69227,30.57251],[-97.69224,30.57077],[-97.69109,30.57105],[-97.69138,30.57171],[-97.69092,30.57186],[-97.69069,30.57147],[-97.68527,30.57283],[-97.68543,30.57347],[-97.68454,30.57144],[-97.6758,30.57404],[-97.67516,30.57439],[-97.67528,30.57502],[-97.6684,30.57669],[-97.66989,30.58047],[-97.66236,30.58161],[-97.65647,30.58343],[-97.6543,30.58235],[-97.65415,30.58193],[-97.65361,30.58199],[-97.65461,30.58438],[-97.64387,30.58766],[-97.6461,30.59147],[-97.63858,30.59393],[-97.63739,30.58961],[-97.63593,30.59013],[-97.63428,30.58619],[-97.63468,30.58379],[-97.63372,30.58161],[-97.63395,30.58161],[-97.63385,30.58065],[-97.63289,30.5792],[-97.63215,30.57731],[-97.63051,30.57802],[-97.6265,30.58037],[-97.59996,30.58867],[-97.60186,30.59308],[-97.60477,30.59216],[-97.60576,30.59455],[-97.60595,30.59742],[-97.60831,30.59673],[-97.61225,30.60572],[-97.62236,30.6025],[-97.62611,30.61126],[-97.62608,30.6116],[-97.6074,30.6175],[-97.60557,30.61633],[-97.60381,30.61467],[-97.60244,30.61286],[-97.60162,30.61117],[-97.59349,30.61371],[-97.58132,30.61755],[-97.58192,30.61898],[-97.57146,30.62188],[-97.57101,30.62112],[-97.56857,30.62207],[-97.56936,30.62392],[-97.56527,30.62545],[-97.56492,30.62472],[-97.56443,30.62493],[-97.56043,30.62716],[-97.56084,30.6282],[-97.55429,30.62995],[-97.55385,30.62891],[-97.55261,30.62908],[-97.55217,30.62884],[-97.55199,30.62931],[-97.55259,30.62971],[-97.55219,30.62984],[-97.5523,30.6303],[-97.55194,30.6313],[-97.54988,30.63288],[-97.54796,30.63336],[-97.54735,30.63629],[-97.54558,30.6362],[-97.54305,30.6355],[-97.54211,30.63569],[-97.54087,30.63538],[-97.53785,30.63377],[-97.53523,30.63309],[-97.53285,30.63177],[-97.532,30.63092],[-97.52908,30.63082],[-97.5271,30.62936],[-97.52581,30.62906],[-97.52469,30.62906],[-97.52062,30.62993],[-97.52001,30.63036],[-97.51945,30.63122],[-97.51793,30.63104],[-97.51529,30.63228],[-97.51302,30.63255],[-97.51117,30.63232],[-97.5097,30.6316],[-97.50833,30.63055],[-97.50576,30.62993],[-97.50329,30.62738],[-97.50104,30.62676],[-97.50011,30.62687],[-97.49828,30.62808],[-97.49679,30.628],[-97.49538,30.62838],[-97.48958,30.62679],[-97.48539,30.62688],[-97.48326,30.62804],[-97.47906,30.62749],[-97.47652,30.6288],[-97.4757,30.62888],[-97.47489,30.62863],[-97.47317,30.62933],[-97.47173,30.63028],[-97.47086,30.63143],[-97.47069,30.63215],[-97.46963,30.63297],[-97.468,30.63286],[-97.46633,30.63231],[-97.46564,30.63204],[-97.4649,30.63128],[-97.46272,30.63109],[-97.46174,30.63162],[-97.46097,30.63256],[-97.46177,30.63303],[-97.463,30.6345],[-97.46427,30.63443],[-97.46485,30.63512],[-97.46592,30.63551],[-97.46619,30.63665],[-97.46535,30.63768],[-97.46853,30.6367],[-97.47129,30.63622],[-97.4825,30.66272],[-97.48338,30.66315],[-97.49615,30.66697],[-97.4918,30.67798],[-97.49029,30.67994],[-97.49356,30.68787],[-97.50151,30.68476],[-97.50329,30.6846],[-97.52646,30.69147],[-97.53196,30.67797],[-97.54513,30.68201],[-97.54618,30.68428],[-97.5495,30.6831],[-97.54996,30.68346],[-97.55298,30.68435],[-97.55452,30.68821],[-97.55384,30.69135],[-97.55669,30.69047],[-97.55916,30.69622],[-97.55508,30.6976],[-97.55752,30.70443],[-97.55561,30.70504],[-97.55596,30.70619],[-97.55374,30.71172],[-97.55272,30.71312],[-97.55169,30.71578],[-97.55134,30.71602],[-97.54949,30.71613],[-97.54784,30.71877],[-97.54919,30.72055],[-97.54979,30.72391],[-97.55289,30.72486],[-97.55429,30.72492],[-97.55618,30.72449],[-97.55752,30.72385],[-97.55849,30.72409],[-97.56044,30.72672],[-97.5622,30.72734],[-97.5629,30.72819],[-97.56458,30.73256],[-97.56515,30.73348],[-97.56527,30.73464],[-97.56572,30.73554],[-97.56723,30.73661],[-97.56915,30.73756],[-97.57112,30.73944],[-97.57519,30.73959],[-97.57577,30.73994],[-97.57607,30.74045],[-97.57283,30.74161],[-97.56996,30.74396],[-97.55882,30.74739],[-97.55792,30.74784],[-97.55687,30.74881],[-97.56761,30.77494],[-97.58019,30.7709],[-97.57904,30.76822],[-97.58088,30.7675],[-97.57892,30.76296],[-97.58363,30.7614],[-97.58176,30.75634],[-97.58798,30.75436],[-97.58836,30.75467],[-97.58954,30.75473],[-97.59039,30.75569],[-97.59137,30.75599],[-97.59155,30.75834],[-97.59348,30.76006],[-97.59566,30.76081],[-97.59606,30.76143],[-97.59567,30.7624],[-97.59578,30.76291],[-97.6036,30.7603],[-97.61163,30.75793],[-97.61221,30.75802],[-97.61273,30.75862],[-97.61904,30.77353],[-97.62428,30.77192],[-97.62496,30.77338],[-97.62606,30.77372],[-97.62543,30.77621],[-97.62593,30.77605],[-97.62926,30.76525],[-97.63433,30.75291],[-97.63713,30.74368],[-97.644,30.72371],[-97.64349,30.72358],[-97.65017,30.70466],[-97.6505,30.70505],[-97.65175,30.70159],[-97.65226,30.70188],[-97.65733,30.68914],[-97.65768,30.68723],[-97.66043,30.68072],[-97.66441,30.67409],[-97.66685,30.67087],[-97.67601,30.65608],[-97.67876,30.65093],[-97.68095,30.64835],[-97.68729,30.6426],[-97.68894,30.64027],[-97.68988,30.63836],[-97.69175,30.63234],[-97.6919,30.62906],[-97.68684,30.6107],[-97.6865,30.60886],[-97.68645,30.60688],[-97.68711,30.60314],[-97.69045,30.59504],[-97.692,30.58983],[-97.69279,30.58594],[-97.693,30.58297]],[[-97.61018,30.67205],[-97.60986,30.67279],[-97.60641,30.67274],[-97.59191,30.67387],[-97.59257,30.6759],[-97.5924,30.67717],[-97.59343,30.68028],[-97.59188,30.68079],[-97.59169,30.68077],[-97.59051,30.67735],[-97.59077,30.67537],[-97.59135,30.67515],[-97.5911,30.67392],[-97.58993,30.67409],[-97.59015,30.67495],[-97.58644,30.67579],[-97.58595,30.67446],[-97.5867,30.67428],[-97.58647,30.67339],[-97.59169,30.67228],[-97.59388,30.67127],[-97.59452,30.67119],[-97.59369,30.66732],[-97.59586,30.66707],[-97.59552,30.66403],[-97.59581,30.66325],[-97.59622,30.66523],[-97.59725,30.66683],[-97.60176,30.66994],[-97.60426,30.67077],[-97.61009,30.67169],[-97.61018,30.67205]]]},"properties":{"zip_code":"78626","county":"Williamson"}},{"type":"Feature","geometry":{"type":"Polygon","coordinates":[[[-97.84755,30.63601],[-97.84491,30.6298],[-97.84437,30.62994],[-97.84417,30.6294],[-97.84354,30.62957],[-97.84391,30.63107],[-97.84356,30.63142],[-97.83869,30.63098],[-97.83875,30.62663],[-97.84081,30.62663],[-97.8408,30.62687],[-97.84201,30.62687],[-97.84243,30.62654],[-97.84349,30.62646],[-97.84285,30.62502],[-97.8442,30.62456],[-97.84491,30.62492],[-97.84602,30.62382],[-97.84431,30.62249],[-97.84491,30.62188],[-97.8458,30.62227],[-97.8461,30.62195],[-97.84637,30.61899],[-97.8458,30.61697],[-97.84637,30.61671],[-97.8454,30.61625],[-97.84152,30.61565],[-97.83751,30.61438],[-97.83595,30.61339],[-97.83377,30.61081],[-97.83102,30.6096],[-97.8296,30.60928],[-97.82797,30.6093],[-97.82744,30.60956],[-97.82695,30.61033],[-97.8256,30.61069],[-97.82691,30.61393],[-97.82486,30.61457],[-97.82417,30.61564],[-97.82388,30.6157],[-97.8246,30.61706],[-97.83006,30.63143],[-97.82742,30.63162],[-97.82387,30.62214],[-97.8236,30.6222],[-97.82199,30.61816],[-97.81906,30.6119],[-97.81651,30.61182],[-97.81339,30.61207],[-97.81217,30.61174],[-97.8116,30.61128],[-97.80954,30.60832],[-97.80819,30.60743],[-97.80711,30.60717],[-97.80635,30.60735],[-97.80602,30.60656],[-97.80054,30.60822],[-97.79703,30.59981],[-97.79978,30.59637],[-97.79937,30.59554],[-97.80109,30.5946],[-97.80432,30.59058],[-97.79635,30.58963],[-97.79747,30.58827],[-97.79522,30.58581],[-97.79391,30.58745],[-97.79395,30.58791],[-97.79345,30.58731],[-97.79492,30.58547],[-97.7948,30.58534],[-97.79428,30.58556],[-97.79429,30.58597],[-97.79292,30.58774],[-97.79346,30.58857],[-97.7937,30.58855],[-97.79324,30.5896],[-97.79339,30.59009],[-97.79319,30.5901],[-97.79239,30.58834],[-97.78869,30.58839],[-97.78894,30.58897],[-97.78655,30.58971],[-97.78611,30.58866],[-97.78323,30.58956],[-97.78365,30.59058],[-97.78017,30.59168],[-97.77847,30.58776],[-97.78705,30.58489],[-97.78651,30.58332],[-97.79189,30.58512],[-97.7923,30.58339],[-97.79263,30.58293],[-97.78958,30.58018],[-97.78718,30.57934],[-97.78629,30.57764],[-97.78489,30.57646],[-97.78452,30.57629],[-97.78134,30.57716],[-97.78077,30.577],[-97.78115,30.57385],[-97.78022,30.57182],[-97.77804,30.56943],[-97.77058,30.57178],[-97.76833,30.56624],[-97.77382,30.56447],[-97.77284,30.56281],[-97.77296,30.56269],[-97.77182,30.56134],[-97.76862,30.55595],[-97.76498,30.55274],[-97.75958,30.55582],[-97.75871,30.55368],[-97.75815,30.55464],[-97.75773,30.55679],[-97.75723,30.55786],[-97.75619,30.55895],[-97.75466,30.55964],[-97.75448,30.56097],[-97.75499,30.56219],[-97.75127,30.5634],[-97.75616,30.57625],[-97.74586,30.57936],[-97.74789,30.58448],[-97.74663,30.58535],[-97.74563,30.58489],[-97.74415,30.58568],[-97.74313,30.58586],[-97.74272,30.58632],[-97.74185,30.5864],[-97.74049,30.58784],[-97.73934,30.58861],[-97.73858,30.58854],[-97.73644,30.58749],[-97.73294,30.58864],[-97.73229,30.58865],[-97.73072,30.58713],[-97.72794,30.58678],[-97.72762,30.58654],[-97.72733,30.58487],[-97.72713,30.58476],[-97.72686,30.58477],[-97.72655,30.58524],[-97.72605,30.58646],[-97.72501,30.58672],[-97.72454,30.58639],[-97.72403,30.58641],[-97.72199,30.58524],[-97.72152,30.58471],[-97.72107,30.58358],[-97.72101,30.58265],[-97.72047,30.58172],[-97.72051,30.58106],[-97.72013,30.58066],[-97.71911,30.58021],[-97.71766,30.58035],[-97.71691,30.58014],[-97.71594,30.57947],[-97.71422,30.57766],[-97.7134,30.57744],[-97.71148,30.57746],[-97.71053,30.57692],[-97.70843,30.57492],[-97.70649,30.57428],[-97.70575,30.57377],[-97.70468,30.57417],[-97.70387,30.57166],[-97.69807,30.57331],[-97.69796,30.57399],[-97.69346,30.57515],[-97.6944,30.57653],[-97.69459,30.57742],[-97.69339,30.57995],[-97.69334,30.58401],[-97.69279,30.5882],[-97.691,30.59464],[-97.68744,30.60343],[-97.68742,30.60653],[-97.68646,30.60765],[-97.6865,30.60886],[-97.68717,30.61198],[-97.6919,30.62906],[-97.69175,30.63234],[-97.68988,30.63836],[-97.68894,30.64027],[-97.68729,30.6426],[-97.68095,30.64835],[-97.67876,30.65093],[-97.67601,30.65608],[-97.67379,30.65968],[-97.66685,30.67087],[-97.66441,30.67409],[-97.66082,30.67993],[-97.65768,30.68723],[-97.65733,30.68914],[-97.65226,30.70188],[-97.65303,30.70237],[-97.65433,30.70411],[-97.65495,30.70395],[-97.65661,30.70704],[-97.6659,30.71974],[-97.66813,30.72171],[-97.67422,30.72547],[-97.69285,30.71963],[-97.69213,30.7186],[-97.69174,30.71718],[-97.6919,30.71474],[-97.69225,30.71399],[-97.69206,30.71332],[-97.69044,30.71307],[-97.68885,30.71368],[-97.68736,30.71388],[-97.68588,30.71452],[-97.68451,30.71385],[-97.68718,30.71087],[-97.69024,30.70865],[-97.70482,30.70259],[-97.70636,30.70148],[-97.70721,30.7001],[-97.70857,30.69528],[-97.70971,30.69288],[-97.71138,30.69117],[-97.71537,30.68867],[-97.71624,30.68765],[-97.71698,30.68411],[-97.71972,30.67943],[-97.72114,30.671],[-97.72152,30.67006],[-97.72256,30.66902],[-97.72672,30.66655],[-97.72769,30.66772],[-97.72875,30.67232],[-97.73064,30.67498],[-97.73268,30.67597],[-97.73633,30.67726],[-97.74241,30.67709],[-97.74433,30.67768],[-97.74935,30.6768],[-97.75072,30.67577],[-97.75117,30.67423],[-97.75137,30.67092],[-97.75181,30.66939],[-97.75242,30.66908],[-97.75354,30.66897],[-97.75792,30.66914],[-97.76119,30.66996],[-97.76618,30.67282],[-97.77085,30.67697],[-97.77521,30.67921],[-97.7806,30.68095],[-97.7823,30.68006],[-97.78431,30.68022],[-97.78558,30.68076],[-97.79268,30.68451],[-97.79384,30.68524],[-97.79572,30.6875],[-97.80019,30.68952],[-97.80149,30.69047],[-97.80214,30.6907],[-97.8037,30.69073],[-97.80554,30.69004],[-97.8069,30.68989],[-97.80919,30.68829],[-97.81698,30.69339],[-97.81937,30.69659],[-97.82029,30.69737],[-97.82347,30.69805],[-97.82681,30.69732],[-97.82882,30.69625],[-97.82824,30.69592],[-97.82864,30.69474],[-97.83137,30.69278],[-97.83225,30.68939],[-97.83267,30.68868],[-97.83522,30.68674],[-97.83416,30.68448],[-97.83356,30.68376],[-97.8326,30.68319],[-97.82801,30.68173],[-97.82755,30.68134],[-97.82499,30.68065],[-97.82459,30.68021],[-97.82462,30.6792],[-97.82379,30.67907],[-97.82305,30.67845],[-97.82186,30.67822],[-97.82106,30.67758],[-97.81984,30.67735],[-97.81862,30.67796],[-97.81791,30.67776],[-97.81735,30.6768],[-97.81656,30.67611],[-97.81653,30.67579],[-97.81799,30.67453],[-97.81799,30.67425],[-97.81754,30.67416],[-97.81764,30.67331],[-97.81693,30.67244],[-97.81605,30.67196],[-97.81597,30.67118],[-97.81518,30.66994],[-97.81388,30.67004],[-97.81242,30.67063],[-97.81189,30.67038],[-97.81165,30.66871],[-97.81067,30.66754],[-97.81008,30.66737],[-97.80714,30.66077],[-97.81125,30.65942],[-97.81188,30.65877],[-97.81718,30.65722],[-97.81745,30.65728],[-97.81791,30.65829],[-97.81819,30.65836],[-97.82414,30.65654],[-97.82459,30.65681],[-97.83672,30.65314],[-97.83003,30.64508],[-97.8289,30.6424],[-97.8278,30.63769],[-97.83045,30.63781],[-97.83218,30.63817],[-97.83777,30.641],[-97.83958,30.63856],[-97.83847,30.63793],[-97.83918,30.63714],[-97.83964,30.63837],[-97.84755,30.63601]]]},"properties":{"zip_code":"78628","county":"Williamson"}},{"type":"Feature","geometry":{"type":"Polygon","coordinates":[[[-97.55772,29.65293],[-97.55407,29.65251],[-97.5523,29.65031],[-97.53332,29.64111],[-97.54231,29.63411],[-97.5448,29.63505],[-97.5577,29.61473],[-97.52313,29.58809],[-97.52204,29.58938],[-97.51794,29.58645],[-97.5169,29.58684],[-97.50499,29.59933],[-97.50703,29.60317],[-97.50746,29.60516],[-97.50501,29.60656],[-97.50385,29.60755],[-97.49151,29.61174],[-97.49528,29.62565],[-97.49775,29.62377],[-97.50452,29.63105],[-97.50019,29.63463],[-97.5005,29.6352],[-97.50638,29.64083],[-97.50164,29.6444],[-97.50395,29.64687],[-97.50449,29.65021],[-97.48822,29.64924],[-97.4841,29.64967],[-97.47998,29.64185],[-97.47409,29.63496],[-97.47222,29.63049],[-97.46927,29.62664],[-97.46734,29.62117],[-97.46393,29.61728],[-97.473,29.60738],[-97.47335,29.60733],[-97.47583,29.60898],[-97.47574,29.60575],[-97.47677,29.6016],[-97.47754,29.59641],[-97.47726,29.59512],[-97.47477,29.5891],[-97.4588,29.59451],[-97.46341,29.60415],[-97.46391,29.60562],[-97.46095,29.60823],[-97.43602,29.61324],[-97.43601,29.60797],[-97.43206,29.60785],[-97.43133,29.60758],[-97.43105,29.60684],[-97.42995,29.60689],[-97.42977,29.60641],[-97.42946,29.60627],[-97.42801,29.60625],[-97.4271,29.60666],[-97.42515,29.60703],[-97.42479,29.60769],[-97.42466,29.60964],[-97.424,29.61],[-97.42253,29.61005],[-97.42219,29.61035],[-97.42245,29.61246],[-97.42279,29.6128],[-97.42279,29.61326],[-97.42222,29.61356],[-97.4218,29.61443],[-97.42057,29.61469],[-97.42012,29.61506],[-97.42021,29.61778],[-97.40517,29.61796],[-97.3983,29.63281],[-97.3976,29.63517],[-97.39419,29.64307],[-97.39285,29.64719],[-97.39275,29.65051],[-97.39012,29.6561],[-97.3888,29.66182],[-97.40029,29.66013],[-97.40015,29.68734],[-97.39205,29.69002],[-97.3914,29.69107],[-97.39198,29.69213],[-97.37811,29.69598],[-97.38118,29.70142],[-97.38184,29.70316],[-97.38277,29.70326],[-97.38501,29.7041],[-97.38663,29.70431],[-97.38781,29.70481],[-97.38838,29.70533],[-97.38909,29.70737],[-97.39005,29.70921],[-97.3927,29.71119],[-97.3987,29.71436],[-97.40064,29.71487],[-97.40665,29.71727],[-97.40898,29.71938],[-97.40994,29.71983],[-97.40946,29.75929],[-97.41933,29.76773],[-97.41654,29.77309],[-97.41732,29.77393],[-97.41831,29.7741],[-97.42146,29.77551],[-97.42574,29.77813],[-97.42935,29.78002],[-97.42984,29.78052],[-97.43099,29.78281],[-97.43257,29.78499],[-97.43838,29.79086],[-97.43843,29.79156],[-97.43722,29.79365],[-97.43717,29.7942],[-97.44694,29.79753],[-97.44711,29.79798],[-97.44958,29.79375],[-97.45114,29.79372],[-97.45423,29.79378],[-97.45432,29.79464],[-97.45486,29.79493],[-97.46103,29.79504],[-97.46562,29.79753],[-97.4658,29.7982],[-97.48248,29.79841],[-97.48291,29.78866],[-97.48308,29.77514],[-97.48223,29.77471],[-97.48144,29.77468],[-97.4817,29.77448],[-97.47674,29.77211],[-97.47966,29.76736],[-97.4798,29.75511],[-97.4799,29.7553],[-97.48513,29.75546],[-97.49613,29.7555],[-97.49629,29.76095],[-97.5179,29.76056],[-97.51765,29.7589],[-97.51799,29.75843],[-97.51799,29.74532],[-97.51853,29.74512],[-97.52489,29.7452],[-97.52508,29.74307],[-97.52547,29.74281],[-97.52684,29.74261],[-97.52666,29.73492],[-97.52677,29.7195],[-97.52531,29.71426],[-97.52438,29.71223],[-97.52045,29.70791],[-97.51941,29.70646],[-97.51808,29.70355],[-97.5175,29.70132],[-97.52134,29.70157],[-97.5292,29.70391],[-97.53446,29.70426],[-97.53459,29.69954],[-97.54944,29.68825],[-97.5452,29.68383],[-97.55729,29.67484],[-97.53045,29.66792],[-97.55772,29.65293]]]},"properties":{"zip_code":"78632","county":"Caldwell"}},{"type":"Feature","geometry":{"type":"Polygon","coordinates":[[[-97.87706,30.77489],[-97.87685,30.77309],[-97.87652,30.74647],[-97.87545,30.74388],[-97.87148,30.74517],[-97.86406,30.72762],[-97.85961,30.72878],[-97.85718,30.72259],[-97.85651,30.72023],[-97.85646,30.71995],[-97.86006,30.71864],[-97.85975,30.71193],[-97.861,30.71125],[-97.86085,30.70789],[-97.85956,30.70784],[-97.85854,30.7075],[-97.85654,30.7058],[-97.85519,30.70523],[-97.84091,30.70266],[-97.83624,30.69092],[-97.83574,30.69069],[-97.83465,30.69066],[-97.83336,30.69183],[-97.83215,30.69366],[-97.82931,30.69616],[-97.82681,30.69732],[-97.82439,30.6979],[-97.82347,30.69805],[-97.82148,30.69774],[-97.81974,30.69701],[-97.81698,30.69339],[-97.81104,30.68965],[-97.80943,30.68838],[-97.80861,30.68854],[-97.8069,30.68989],[-97.80554,30.69004],[-97.8037,30.69073],[-97.80214,30.6907],[-97.80149,30.69047],[-97.80019,30.68952],[-97.79572,30.6875],[-97.79384,30.68524],[-97.79268,30.68451],[-97.78558,30.68076],[-97.78431,30.68022],[-97.7823,30.68006],[-97.7806,30.68095],[-97.77638,30.67965],[-97.77292,30.67804],[-97.77085,30.67697],[-97.76618,30.67282],[-97.76119,30.66996],[-97.75792,30.66914],[-97.75242,30.66908],[-97.75181,30.66939],[-97.75137,30.67092],[-97.75117,30.67423],[-97.75072,30.67577],[-97.74935,30.6768],[-97.74433,30.67768],[-97.74241,30.67709],[-97.73633,30.67726],[-97.73268,30.67597],[-97.73064,30.67498],[-97.72875,30.67232],[-97.72769,30.66772],[-97.72672,30.66655],[-97.72256,30.66902],[-97.72152,30.67006],[-97.72114,30.671],[-97.71972,30.67943],[-97.71698,30.68411],[-97.71624,30.68765],[-97.71537,30.68867],[-97.71138,30.69117],[-97.70971,30.69288],[-97.70857,30.69528],[-97.70721,30.7001],[-97.70636,30.70148],[-97.70482,30.70259],[-97.69024,30.70865],[-97.68718,30.71087],[-97.68451,30.71385],[-97.68588,30.71452],[-97.68736,30.71388],[-97.68885,30.71368],[-97.69044,30.71307],[-97.69206,30.71332],[-97.69225,30.71399],[-97.6919,30.71474],[-97.69174,30.71718],[-97.69213,30.7186],[-97.69285,30.71963],[-97.67422,30.72547],[-97.66813,30.72171],[-97.6659,30.71974],[-97.65661,30.70704],[-97.65495,30.70395],[-97.65433,30.70411],[-97.65303,30.70237],[-97.65175,30.70159],[-97.6505,30.70505],[-97.65017,30.70466],[-97.64349,30.72358],[-97.644,30.72371],[-97.63713,30.74368],[-97.63433,30.75291],[-97.62926,30.76525],[-97.62593,30.77605],[-97.6267,30.7758],[-97.6273,30.774],[-97.62848,30.77418],[-97.63358,30.77262],[-97.64334,30.79578],[-97.6537,30.79248],[-97.6522,30.78881],[-97.6523,30.78858],[-97.66543,30.7844],[-97.67014,30.79572],[-97.68038,30.79146],[-97.68384,30.7897],[-97.69106,30.80709],[-97.70207,30.8035],[-97.70372,30.80821],[-97.71707,30.8037],[-97.70414,30.77255],[-97.70205,30.76655],[-97.70665,30.76485],[-97.71041,30.76112],[-97.71184,30.76041],[-97.71759,30.7586],[-97.72025,30.75675],[-97.71244,30.74976],[-97.72068,30.75441],[-97.73199,30.75093],[-97.73432,30.75668],[-97.73587,30.75622],[-97.73609,30.75683],[-97.73584,30.75794],[-97.73414,30.75913],[-97.74461,30.76293],[-97.74585,30.7636],[-97.7533,30.77286],[-97.75797,30.76997],[-97.75587,30.76481],[-97.7558,30.76454],[-97.75621,30.76435],[-97.75731,30.76451],[-97.75954,30.76536],[-97.76063,30.76612],[-97.76092,30.76697],[-97.76068,30.76769],[-97.76088,30.76801],[-97.76143,30.7684],[-97.76157,30.76902],[-97.76273,30.76965],[-97.76274,30.77024],[-97.76364,30.7706],[-97.76421,30.77057],[-97.76525,30.76966],[-97.76664,30.76922],[-97.7676,30.76927],[-97.76808,30.76955],[-97.76901,30.76941],[-97.76948,30.76898],[-97.77062,30.76872],[-97.77151,30.76756],[-97.77275,30.76744],[-97.77434,30.76762],[-97.77486,30.76877],[-97.77593,30.76895],[-97.77769,30.7688],[-97.77896,30.76949],[-97.7799,30.7695],[-97.78105,30.76997],[-97.78341,30.7681],[-97.78373,30.76743],[-97.78357,30.76699],[-97.78419,30.76625],[-97.78475,30.76615],[-97.78476,30.76592],[-97.78644,30.76511],[-97.7847,30.76107],[-97.79836,30.75666],[-97.79702,30.75371],[-97.79711,30.75345],[-97.80612,30.75059],[-97.81467,30.77064],[-97.81547,30.77147],[-97.81677,30.77208],[-97.81822,30.77223],[-97.81957,30.77192],[-97.82371,30.77914],[-97.81369,30.78178],[-97.81922,30.79484],[-97.82407,30.79335],[-97.82799,30.79996],[-97.83804,30.79732],[-97.84185,30.80665],[-97.84818,30.80486],[-97.84926,30.80402],[-97.84996,30.80255],[-97.84978,30.80105],[-97.84415,30.78755],[-97.8442,30.78614],[-97.84499,30.78502],[-97.846,30.78445],[-97.84821,30.78374],[-97.85528,30.78159],[-97.85772,30.78124],[-97.85996,30.7801],[-97.87706,30.77489]]]},"properties":{"zip_code":"78633","county":"Williamson"}},{"type":"Feature","geometry":{"type":"Polygon","coordinates":[[[-97.62615,30.61149],[-97.62236,30.6025],[-97.61225,30.60572],[-97.60831,30.59673],[-97.60595,30.59742],[-97.60576,30.59455],[-97.60477,30.59216],[-97.60186,30.59308],[-97.59985,30.58842],[-97.59553,30.58978],[-97.59406,30.58863],[-97.59356,30.588],[-97.58789,30.57488],[-97.58818,30.57388],[-97.5877,30.57267],[-97.58874,30.57204],[-97.5892,30.57096],[-97.589,30.56875],[-97.5874,30.56427],[-97.58648,30.56292],[-97.5863,30.56213],[-97.59385,30.56206],[-97.59377,30.55564],[-97.59158,30.5556],[-97.59136,30.54478],[-97.59571,30.54466],[-97.59565,30.53995],[-97.60118,30.53969],[-97.60135,30.53986],[-97.60125,30.53353],[-97.59408,30.53493],[-97.59245,30.53518],[-97.59242,30.5348],[-97.58872,30.53545],[-97.58856,30.53147],[-97.58907,30.53106],[-97.58987,30.53093],[-97.58854,30.53073],[-97.58682,30.52945],[-97.58596,30.5273],[-97.58446,30.52583],[-97.58524,30.52574],[-97.58671,30.52642],[-97.58685,30.52576],[-97.58728,30.52564],[-97.58784,30.52623],[-97.58872,30.52655],[-97.58964,30.52555],[-97.59116,30.52492],[-97.59167,30.52412],[-97.59151,30.52377],[-97.59193,30.52255],[-97.59109,30.52079],[-97.59036,30.51988],[-97.59049,30.51928],[-97.5902,30.5184],[-97.59053,30.51699],[-97.59022,30.51672],[-97.59036,30.51642],[-97.58967,30.51578],[-97.58968,30.51526],[-97.58947,30.5153],[-97.58952,30.51468],[-97.59015,30.51428],[-97.58984,30.49879],[-97.58884,30.49881],[-97.58877,30.49831],[-97.58879,30.49792],[-97.59031,30.49718],[-97.59089,30.49729],[-97.59111,30.49848],[-97.59293,30.4975],[-97.59251,30.49386],[-97.58439,30.49386],[-97.58393,30.49404],[-97.58252,30.49921],[-97.5819,30.50046],[-97.5809,30.50086],[-97.58005,30.50039],[-97.57208,30.50026],[-97.56826,30.49972],[-97.56889,30.49616],[-97.56377,30.49556],[-97.56346,30.49183],[-97.55296,30.49029],[-97.55198,30.48745],[-97.55233,30.4875],[-97.55362,30.48077],[-97.54949,30.48025],[-97.55007,30.47648],[-97.54608,30.47542],[-97.54314,30.47916],[-97.54431,30.47939],[-97.54412,30.4796],[-97.52815,30.47543],[-97.52712,30.47465],[-97.52621,30.48023],[-97.52317,30.48012],[-97.52035,30.49496],[-97.52182,30.49479],[-97.52013,30.50392],[-97.52119,30.50452],[-97.52122,30.50516],[-97.52414,30.50556],[-97.5233,30.51037],[-97.5221,30.50921],[-97.52133,30.50662],[-97.52053,30.50565],[-97.51703,30.50304],[-97.51321,30.5008],[-97.51194,30.50037],[-97.50692,30.49952],[-97.50006,30.49574],[-97.49385,30.49374],[-97.48305,30.55372],[-97.48317,30.55405],[-97.49548,30.55191],[-97.49645,30.55614],[-97.48581,30.55707],[-97.48833,30.56288],[-97.49312,30.56128],[-97.49334,30.56163],[-97.49587,30.56084],[-97.50025,30.57097],[-97.5028,30.57051],[-97.50333,30.57489],[-97.50477,30.58092],[-97.5164,30.57751],[-97.51942,30.5846],[-97.51167,30.58726],[-97.51233,30.5885],[-97.50598,30.59064],[-97.50803,30.59535],[-97.50314,30.59694],[-97.50379,30.59841],[-97.51048,30.59646],[-97.50374,30.59856],[-97.50566,30.60275],[-97.50331,30.60353],[-97.50013,30.60513],[-97.49111,30.60796],[-97.48697,30.60847],[-97.48449,30.60831],[-97.48248,30.6079],[-97.49034,30.62695],[-97.49538,30.62838],[-97.49679,30.628],[-97.49828,30.62808],[-97.50011,30.62687],[-97.50158,30.62679],[-97.50329,30.62738],[-97.50576,30.62993],[-97.50833,30.63055],[-97.5097,30.6316],[-97.51117,30.63232],[-97.51302,30.63255],[-97.51529,30.63228],[-97.51793,30.63104],[-97.51945,30.63122],[-97.52036,30.63006],[-97.52225,30.62949],[-97.52469,30.62906],[-97.52673,30.6292],[-97.52908,30.63082],[-97.532,30.63092],[-97.53285,30.63177],[-97.53523,30.63309],[-97.53785,30.63377],[-97.54087,30.63538],[-97.54211,30.63569],[-97.54305,30.6355],[-97.54558,30.6362],[-97.54735,30.63629],[-97.54796,30.63336],[-97.54988,30.63288],[-97.55194,30.6313],[-97.5523,30.6303],[-97.55219,30.62984],[-97.55259,30.62971],[-97.55199,30.62931],[-97.55217,30.62884],[-97.55261,30.62908],[-97.55385,30.62891],[-97.55429,30.62995],[-97.56084,30.6282],[-97.56043,30.62716],[-97.56443,30.62493],[-97.56492,30.62472],[-97.56527,30.62545],[-97.56936,30.62392],[-97.56857,30.62207],[-97.57101,30.62112],[-97.57146,30.62188],[-97.58192,30.61898],[-97.58132,30.61755],[-97.59349,30.61371],[-97.60162,30.61117],[-97.60244,30.61286],[-97.60381,30.61467],[-97.60557,30.61633],[-97.6074,30.6175],[-97.62324,30.61258],[-97.62615,30.61149]]]},"properties":{"zip_code":"78634","county":"Williamson"}},{"type":"Feature","geometry":{"type":"Polygon","coordinates":[[[-97.98915,30.05247],[-97.98874,30.04853],[-97.98806,30.04772],[-97.98717,30.04721],[-97.97615,30.04585],[-97.96298,30.04366],[-97.96287,30.03496],[-97.96278,30.03424],[-97.96223,30.03327],[-97.96226,30.03224],[-97.96294,30.03045],[-97.96297,30.0288],[-97.96199,30.02697],[-97.96125,30.02638],[-97.96044,30.02599],[-97.95972,30.02599],[-97.95875,30.02665],[-97.9582,30.02791],[-97.95807,30.02929],[-97.95635,30.03208],[-97.95472,30.03591],[-97.95409,30.03637],[-97.95251,30.03653],[-97.94993,30.03543],[-97.94911,30.03437],[-97.94866,30.03321],[-97.94861,30.03002],[-97.94806,30.02894],[-97.94729,30.02816],[-97.94563,30.02711],[-97.9411,30.02693],[-97.93976,30.02633],[-97.9396,30.0248],[-97.93994,30.02354],[-97.93926,30.02244],[-97.93931,30.02133],[-97.94002,30.02019],[-97.94002,30.01971],[-97.93813,30.01836],[-97.93813,30.01797],[-97.93826,30.01764],[-97.94139,30.01547],[-97.94163,30.0143],[-97.94131,30.01347],[-97.94068,30.01272],[-97.93826,30.01343],[-97.9371,30.01276],[-97.93565,30.00777],[-97.93294,30.00273],[-97.93078,29.99783],[-97.92965,29.99588],[-97.92804,29.99469],[-97.92656,29.99187],[-97.92514,29.99029],[-97.92412,29.98957],[-97.92096,29.98914],[-97.91893,29.98815],[-97.91851,29.98769],[-97.91777,29.98547],[-97.9178,29.98428],[-97.91851,29.98135],[-97.91862,29.97924],[-97.91959,29.97548],[-97.91907,29.97394],[-97.9181,29.97337],[-97.91663,29.97323],[-97.91569,29.97289],[-97.91488,29.97286],[-97.91425,29.97314],[-97.91253,29.97492],[-97.9123,29.97531],[-97.91228,29.9763],[-97.9097,29.97914],[-97.90933,29.98047],[-97.90759,29.98144],[-97.9069,29.98153],[-97.90603,29.98123],[-97.9055,29.97985],[-97.90432,29.97811],[-97.90397,29.97687],[-97.90413,29.97474],[-97.90396,29.97227],[-97.90338,29.9711],[-97.90332,29.96945],[-97.90375,29.96821],[-97.90591,29.96681],[-97.90754,29.96509],[-97.90812,29.96358],[-97.90801,29.96273],[-97.90751,29.96193],[-97.90762,29.96074],[-97.90528,29.95641],[-97.90478,29.95609],[-97.90393,29.95599],[-97.90282,29.95457],[-97.9024,29.95349],[-97.90229,29.95214],[-97.90355,29.94776],[-97.90581,29.94614],[-97.90678,29.9449],[-97.90691,29.94371],[-97.90656,29.94311],[-97.90379,29.94176],[-97.90132,29.94008],[-97.89952,29.93825],[-97.89569,29.93708],[-97.89509,29.93782],[-97.8965,29.93878],[-97.89707,29.94082],[-97.90184,29.94467],[-97.90242,29.94526],[-97.90255,29.94585],[-97.90309,29.94582],[-97.90121,29.94806],[-97.90022,29.95089],[-97.90032,29.95333],[-97.90188,29.95645],[-97.90201,29.95748],[-97.90158,29.95827],[-97.89988,29.95977],[-97.89976,29.96071],[-97.89289,29.95795],[-97.89411,29.9556],[-97.89296,29.95443],[-97.89119,29.95609],[-97.8875,29.95292],[-97.8863,29.95417],[-97.88369,29.95334],[-97.88305,29.95288],[-97.8845,29.95111],[-97.88357,29.95051],[-97.88134,29.94784],[-97.87553,29.94288],[-97.8781,29.94043],[-97.87816,29.94003],[-97.86314,29.92744],[-97.86066,29.92582],[-97.84918,29.916],[-97.83671,29.92222],[-97.82736,29.92909],[-97.82125,29.93257],[-97.81271,29.93687],[-97.81238,29.93627],[-97.81185,29.93651],[-97.81212,29.93697],[-97.80988,29.93791],[-97.80861,29.93618],[-97.8094,29.93576],[-97.80744,29.93257],[-97.80545,29.9334],[-97.80258,29.92872],[-97.79959,29.93114],[-97.80745,29.93934],[-97.80345,29.94124],[-97.80313,29.94108],[-97.79243,29.94518],[-97.79192,29.94465],[-97.78978,29.94661],[-97.78785,29.94593],[-97.78597,29.94463],[-97.784,29.94587],[-97.78749,29.94903],[-97.78488,29.94951],[-97.77828,29.95006],[-97.77979,29.95206],[-97.77092,29.95402],[-97.76952,29.9469],[-97.75769,29.94866],[-97.75884,29.95447],[-97.75274,29.95553],[-97.75235,29.95358],[-97.7472,29.9543],[-97.74777,29.95707],[-97.74739,29.95684],[-97.7466,29.95744],[-97.74633,29.95726],[-97.74562,29.95738],[-97.74505,29.95859],[-97.74564,29.95924],[-97.74771,29.95925],[-97.74814,29.95997],[-97.74821,29.96111],[-97.74004,29.96234],[-97.74223,29.973],[-97.72878,29.97504],[-97.72897,29.97751],[-97.72864,29.97764],[-97.71189,29.98035],[-97.71068,29.97434],[-97.7001,29.98276],[-97.68512,29.9952],[-97.68644,30.00187],[-97.68783,30.01475],[-97.70002,30.02503],[-97.70311,30.03067],[-97.70474,30.03266],[-97.7212,30.04649],[-97.72375,30.04416],[-97.72463,30.04456],[-97.72517,30.04534],[-97.72642,30.04554],[-97.72797,30.04456],[-97.73044,30.04417],[-97.73131,30.04355],[-97.73234,30.04329],[-97.73288,30.04281],[-97.73379,30.04282],[-97.7348,30.0424],[-97.75148,30.05435],[-97.75627,30.05005],[-97.75616,30.04971],[-97.7544,30.04884],[-97.75414,30.04847],[-97.76942,30.03464],[-97.76911,30.03329],[-97.77467,30.03279],[-97.77662,30.03297],[-97.77763,30.03333],[-97.78246,30.03614],[-97.78933,30.04176],[-97.79597,30.036],[-97.79849,30.03797],[-97.79962,30.03789],[-97.8025,30.0354],[-97.80397,30.03658],[-97.80432,30.03634],[-97.80485,30.03672],[-97.81113,30.03121],[-97.81239,30.0306],[-97.82464,30.0304],[-97.82562,30.03063],[-97.82774,30.03178],[-97.82906,30.03196],[-97.8281,30.03268],[-97.82812,30.03499],[-97.83148,30.03497],[-97.8315,30.03771],[-97.84164,30.0377],[-97.84286,30.03532],[-97.85053,30.03591],[-97.85056,30.04145],[-97.84741,30.04145],[-97.84456,30.04199],[-97.84462,30.04248],[-97.8518,30.04257],[-97.85177,30.04137],[-97.85276,30.04139],[-97.85272,30.0398],[-97.8563,30.03972],[-97.85632,30.04079],[-97.86337,30.04052],[-97.86686,30.0282],[-97.87247,30.02816],[-97.87212,30.03733],[-97.8747,30.04408],[-97.87471,30.04971],[-97.87528,30.05021],[-97.87843,30.05014],[-97.87991,30.04969],[-97.88337,30.04652],[-97.88719,30.03714],[-97.8879,30.03452],[-97.9017,30.03421],[-97.90239,30.03323],[-97.90329,30.02843],[-97.90646,30.02853],[-97.90646,30.0363],[-97.91439,30.03582],[-97.9146,30.04473],[-97.91263,30.04533],[-97.90985,30.04446],[-97.90871,30.04445],[-97.90819,30.04475],[-97.90694,30.04682],[-97.90649,30.04823],[-97.90444,30.05],[-97.90335,30.05198],[-97.92764,30.05171],[-97.92783,30.05989],[-97.92618,30.06023],[-97.92614,30.06084],[-97.92591,30.0608],[-97.9259,30.06228],[-97.92992,30.05984],[-97.93107,30.05879],[-97.93239,30.05681],[-97.93407,30.05512],[-97.9372,30.05254],[-97.93769,30.05156],[-97.93778,30.05027],[-97.93888,30.0498],[-97.94014,30.04977],[-97.94179,30.05032],[-97.94284,30.05096],[-97.94511,30.05324],[-97.9465,30.05378],[-97.95564,30.05157],[-97.96304,30.05205],[-97.96743,30.05282],[-97.96934,30.05373],[-97.97245,30.05661],[-97.97511,30.05794],[-97.97625,30.05894],[-97.97719,30.06042],[-97.97833,30.06069],[-97.979,30.06062],[-97.98094,30.05917],[-97.98134,30.0582],[-97.98128,30.05603],[-97.98175,30.05468],[-97.98301,30.05441],[-97.98403,30.05369],[-97.98457,30.05255],[-97.98685,30.05163],[-97.98915,30.05247]]]},"properties":{"zip_code":"78640","county":"Hays"}},{"type":"Feature","geometry":{"type":"Polygon","coordinates":[[[-98.06656,30.5931],[-98.0667,30.59284],[-98.06592,30.59153],[-98.06474,30.59102],[-98.06441,30.59039],[-98.06308,30.58972],[-98.06245,30.58813],[-98.06268,30.58637],[-98.06401,30.58256],[-98.06198,30.58087],[-98.05967,30.57749],[-98.05753,30.57579],[-98.05584,30.57557],[-98.05425,30.57436],[-98.05335,30.57302],[-98.0537,30.57214],[-98.01184,30.55178],[-98.01948,30.54008],[-97.9821,30.52236],[-97.9931,30.50571],[-97.99168,30.50525],[-97.99065,30.50402],[-97.98921,30.50301],[-97.98875,30.5022],[-97.98862,30.50037],[-97.98638,30.49772],[-97.98585,30.49736],[-97.98454,30.49711],[-97.98366,30.49725],[-97.9825,30.49798],[-97.98111,30.498],[-97.97942,30.49689],[-97.97902,30.49589],[-97.97741,30.497],[-97.97737,30.49866],[-97.97853,30.50024],[-97.97954,30.50607],[-97.97848,30.50612],[-97.97724,30.50575],[-97.97605,30.50641],[-97.97365,30.50595],[-97.97328,30.50563],[-97.97323,30.50502],[-97.97291,30.50463],[-97.97212,30.50408],[-97.97106,30.50422],[-97.97058,30.50353],[-97.96746,30.50459],[-97.96725,30.50443],[-97.96727,30.50379],[-97.96848,30.50152],[-97.96811,30.5012],[-97.96546,30.50179],[-97.9641,30.50243],[-97.95285,30.50308],[-97.95104,30.50264],[-97.94611,30.5097],[-97.94185,30.50771],[-97.93769,30.5143],[-97.92946,30.51065],[-97.92645,30.50965],[-97.92532,30.50901],[-97.92449,30.50901],[-97.92022,30.51547],[-97.92008,30.51336],[-97.91829,30.51286],[-97.91616,30.51101],[-97.91755,30.50983],[-97.91589,30.50907],[-97.91546,30.5063],[-97.91482,30.50534],[-97.91363,30.50678],[-97.91232,30.51142],[-97.91168,30.51115],[-97.91058,30.51346],[-97.91184,30.51012],[-97.9127,30.50638],[-97.91064,30.50563],[-97.91069,30.50527],[-97.91257,30.50231],[-97.91174,30.50153],[-97.91065,30.50108],[-97.90589,30.50206],[-97.90565,30.50192],[-97.90557,30.50135],[-97.90501,30.50132],[-97.90516,30.50058],[-97.90608,30.49913],[-97.90846,30.49748],[-97.90855,30.49865],[-97.90953,30.49812],[-97.91289,30.49784],[-97.91466,30.49726],[-97.91783,30.48747],[-97.91777,30.48712],[-97.91886,30.48694],[-97.91961,30.48595],[-97.91905,30.48551],[-97.91931,30.48485],[-97.91934,30.48361],[-97.91844,30.48222],[-97.9175,30.47956],[-97.9167,30.47594],[-97.91478,30.47326],[-97.91183,30.47016],[-97.91142,30.46915],[-97.91001,30.4692],[-97.90968,30.46726],[-97.90851,30.46636],[-97.90921,30.46513],[-97.9101,30.46451],[-97.91167,30.46412],[-97.91339,30.46425],[-97.91371,30.46457],[-97.92226,30.4602],[-97.92394,30.45865],[-97.92476,30.45743],[-97.92528,30.45624],[-97.92577,30.45327],[-97.92551,30.44975],[-97.92467,30.4468],[-97.92335,30.44382],[-97.91994,30.43764],[-97.91998,30.43297],[-97.91546,30.42951],[-97.91302,30.42631],[-97.91109,30.42221],[-97.89516,30.4248],[-97.88487,30.42682],[-97.88232,30.42835],[-97.88007,30.4307],[-97.88001,30.43113],[-97.87916,30.43112],[-97.87918,30.43136],[-97.876,30.43202],[-97.87552,30.43263],[-97.87483,30.43451],[-97.8749,30.43714],[-97.87447,30.43774],[-97.87315,30.43826],[-97.87371,30.43986],[-97.87134,30.44124],[-97.86881,30.44111],[-97.86566,30.44247],[-97.86319,30.44413],[-97.86184,30.44537],[-97.85891,30.44679],[-97.85804,30.4483],[-97.85936,30.45017],[-97.86112,30.45119],[-97.86164,30.45259],[-97.8615,30.45353],[-97.86204,30.45402],[-97.8614,30.45512],[-97.86157,30.45624],[-97.86243,30.45674],[-97.86255,30.45719],[-97.86215,30.45869],[-97.8609,30.46095],[-97.85832,30.46252],[-97.8583,30.46366],[-97.85777,30.46425],[-97.85783,30.46456],[-97.85734,30.46511],[-97.85574,30.46578],[-97.85588,30.46653],[-97.85569,30.46738],[-97.85485,30.46811],[-97.8548,30.46921],[-97.85503,30.46961],[-97.85604,30.47002],[-97.8565,30.47057],[-97.8568,30.47185],[-97.85732,30.47269],[-97.85741,30.47339],[-97.85693,30.47496],[-97.85775,30.47569],[-97.85742,30.47665],[-97.85754,30.47742],[-97.8569,30.47837],[-97.85695,30.47984],[-97.85966,30.47895],[-97.85964,30.4834],[-97.86146,30.48338],[-97.86194,30.48448],[-97.86411,30.48557],[-97.86316,30.4871],[-97.86353,30.48859],[-97.86126,30.48989],[-97.86022,30.49022],[-97.86026,30.49165],[-97.85922,30.49331],[-97.86225,30.49731],[-97.85839,30.50083],[-97.86264,30.51158],[-97.865,30.51349],[-97.86573,30.51299],[-97.8665,30.51375],[-97.86801,30.51238],[-97.86879,30.51377],[-97.87173,30.51111],[-97.87086,30.50993],[-97.87202,30.5088],[-97.87194,30.5081],[-97.87373,30.50783],[-97.87421,30.50957],[-97.87824,30.50722],[-97.87943,30.50812],[-97.88038,30.50801],[-97.8806,30.50981],[-97.87898,30.50989],[-97.87905,30.51118],[-97.87799,30.5115],[-97.87809,30.51214],[-97.87629,30.51295],[-97.87676,30.51366],[-97.88144,30.51212],[-97.88244,30.5149],[-97.88293,30.51554],[-97.88255,30.51597],[-97.88185,30.51616],[-97.88167,30.51835],[-97.88031,30.51915],[-97.88123,30.51992],[-97.87785,30.52292],[-97.8777,30.52354],[-97.87738,30.52337],[-97.87425,30.52619],[-97.87169,30.524],[-97.87114,30.52456],[-97.87086,30.52642],[-97.87053,30.52637],[-97.86994,30.52952],[-97.86766,30.53141],[-97.86655,30.531],[-97.86504,30.53339],[-97.86284,30.53233],[-97.86112,30.53277],[-97.86085,30.53201],[-97.8477,30.53599],[-97.84779,30.53622],[-97.84539,30.53795],[-97.84553,30.53905],[-97.84678,30.54215],[-97.84016,30.54416],[-97.83811,30.5395],[-97.83637,30.54006],[-97.83501,30.53979],[-97.83458,30.53891],[-97.81774,30.54419],[-97.81933,30.5505],[-97.81907,30.55054],[-97.81647,30.54008],[-97.81639,30.53837],[-97.8167,30.53705],[-97.81411,30.53608],[-97.81319,30.53595],[-97.80733,30.53676],[-97.80237,30.53777],[-97.80258,30.539],[-97.79893,30.5398],[-97.79874,30.53995],[-97.79899,30.54057],[-97.78596,30.5442],[-97.78169,30.54562],[-97.78209,30.54562],[-97.7823,30.54615],[-97.78213,30.54673],[-97.7813,30.54621],[-97.77955,30.5442],[-97.77927,30.54276],[-97.77954,30.54128],[-97.77912,30.53965],[-97.7788,30.53951],[-97.77866,30.54211],[-97.77814,30.54223],[-97.77863,30.54339],[-97.77761,30.5437],[-97.77784,30.54419],[-97.7767,30.54456],[-97.77768,30.54694],[-97.77166,30.54874],[-97.77104,30.54722],[-97.76276,30.54972],[-97.76378,30.55167],[-97.76862,30.55595],[-97.77182,30.56134],[-97.77296,30.56269],[-97.77284,30.56281],[-97.77382,30.56447],[-97.76833,30.56624],[-97.77058,30.57178],[-97.77804,30.56943],[-97.78022,30.57182],[-97.78115,30.57385],[-97.78077,30.577],[-97.78134,30.57716],[-97.78452,30.57629],[-97.78489,30.57646],[-97.78629,30.57764],[-97.78718,30.57934],[-97.78958,30.58018],[-97.79263,30.58293],[-97.7923,30.58339],[-97.79189,30.58512],[-97.78651,30.58332],[-97.78705,30.58489],[-97.77847,30.58776],[-97.78017,30.59168],[-97.78365,30.59058],[-97.78323,30.58956],[-97.78611,30.58866],[-97.78655,30.58971],[-97.78894,30.58897],[-97.78869,30.58839],[-97.79239,30.58834],[-97.79319,30.5901],[-97.79339,30.59009],[-97.79324,30.5896],[-97.7937,30.58855],[-97.79346,30.58857],[-97.79292,30.58774],[-97.79429,30.58597],[-97.79428,30.58556],[-97.7948,30.58534],[-97.79492,30.58547],[-97.79345,30.58731],[-97.79395,30.58791],[-97.79391,30.58745],[-97.79522,30.58581],[-97.79747,30.58827],[-97.79635,30.58963],[-97.80432,30.59058],[-97.80109,30.5946],[-97.79937,30.59554],[-97.79978,30.59637],[-97.79703,30.59981],[-97.80054,30.60822],[-97.80602,30.60656],[-97.80635,30.60735],[-97.80711,30.60717],[-97.80819,30.60743],[-97.80954,30.60832],[-97.8116,30.61128],[-97.81217,30.61174],[-97.81339,30.61207],[-97.81651,30.61182],[-97.81906,30.6119],[-97.82199,30.61816],[-97.8236,30.6222],[-97.82387,30.62214],[-97.82742,30.63162],[-97.83006,30.63143],[-97.8246,30.61706],[-97.82388,30.6157],[-97.82417,30.61564],[-97.82486,30.61457],[-97.82691,30.61393],[-97.8256,30.61069],[-97.82695,30.61033],[-97.82744,30.60956],[-97.82797,30.6093],[-97.8296,30.60928],[-97.83102,30.6096],[-97.83377,30.61081],[-97.83595,30.61339],[-97.83751,30.61438],[-97.84152,30.61565],[-97.8454,30.61625],[-97.84637,30.61671],[-97.8458,30.61697],[-97.84637,30.61899],[-97.8461,30.62195],[-97.8458,30.62227],[-97.84491,30.62188],[-97.84431,30.62249],[-97.84602,30.62382],[-97.84491,30.62492],[-97.8442,30.62456],[-97.84285,30.62502],[-97.84349,30.62646],[-97.84243,30.62654],[-97.84201,30.62687],[-97.8408,30.62687],[-97.84081,30.62663],[-97.83875,30.62663],[-97.83869,30.63098],[-97.84356,30.63142],[-97.84391,30.63107],[-97.84354,30.62957],[-97.84417,30.6294],[-97.84437,30.62994],[-97.84491,30.6298],[-97.84755,30.63601],[-97.85635,30.63315],[-97.85726,30.63818],[-97.85809,30.64011],[-97.86189,30.63885],[-97.86369,30.64343],[-97.86439,30.64323],[-97.8648,30.64433],[-97.86419,30.6445],[-97.86478,30.64607],[-97.8635,30.64658],[-97.86611,30.64575],[-97.86613,30.64606],[-97.86994,30.64484],[-97.87161,30.64403],[-97.87134,30.64338],[-97.88154,30.64009],[-97.88021,30.63803],[-97.87682,30.62745],[-97.8765,30.62405],[-97.87825,30.6248],[-97.88169,30.62523],[-97.88342,30.62591],[-97.88437,30.62687],[-97.88523,30.62704],[-97.88733,30.62851],[-97.89085,30.62997],[-97.89112,30.63071],[-97.89157,30.63103],[-97.89215,30.63095],[-97.89212,30.63054],[-97.89393,30.62901],[-97.89498,30.62851],[-97.89562,30.62849],[-97.89589,30.6288],[-97.89626,30.63124],[-97.89813,30.63124],[-97.898,30.63299],[-97.90015,30.63748],[-97.90566,30.63576],[-97.90574,30.63726],[-97.91983,30.63273],[-97.91847,30.62964],[-97.92161,30.62857],[-97.92289,30.63195],[-97.92563,30.63121],[-97.92778,30.63617],[-97.92908,30.63596],[-97.92979,30.63513],[-97.92992,30.63369],[-97.93048,30.63309],[-97.93135,30.63302],[-97.9326,30.63394],[-97.93329,30.63371],[-97.93366,30.63295],[-97.93506,30.63268],[-97.93663,30.63348],[-97.93838,30.63295],[-97.93907,30.63213],[-97.94023,30.63215],[-97.94034,30.63149],[-97.94013,30.63057],[-97.93928,30.62968],[-97.93824,30.62931],[-97.93745,30.62828],[-97.93639,30.62789],[-97.93628,30.62752],[-97.93679,30.62716],[-97.93709,30.62606],[-97.94367,30.62731],[-97.94504,30.63085],[-97.94502,30.63127],[-97.9425,30.63284],[-97.93926,30.6369],[-97.93936,30.63764],[-97.94146,30.64263],[-97.95261,30.63914],[-97.95092,30.63524],[-97.95417,30.63336],[-97.95529,30.63197],[-97.95563,30.63056],[-97.95514,30.62846],[-97.95469,30.62788],[-97.9547,30.62717],[-97.95673,30.62825],[-97.96259,30.62519],[-97.96631,30.62368],[-97.97787,30.62211],[-97.99101,30.60985],[-97.9924,30.60949],[-97.99799,30.61302],[-98.00195,30.62142],[-98.00366,30.62381],[-98.0043,30.62519],[-98.00628,30.62752],[-98.01274,30.61677],[-98.01773,30.61645],[-98.0297,30.61472],[-98.0365,30.61173],[-98.03959,30.61855],[-98.04029,30.6182],[-98.04989,30.62416],[-98.06656,30.5931]]]},"properties":{"zip_code":"78641","county":"Travis"}},{"type":"Feature","geometry":{"type":"Polygon","coordinates":[[[-98.07514,30.66438],[-98.07501,30.66313],[-98.07114,30.65386],[-98.05973,30.65732],[-98.05538,30.65911],[-98.05007,30.66083],[-98.04283,30.66295],[-98.03442,30.66316],[-98.03328,30.6627],[-98.03034,30.66045],[-98.04989,30.62416],[-98.04029,30.6182],[-98.03959,30.61855],[-98.0365,30.61173],[-98.0297,30.61472],[-98.01773,30.61645],[-98.01274,30.61677],[-98.00628,30.62752],[-98.0043,30.62519],[-98.00366,30.62381],[-98.00195,30.62142],[-97.99799,30.61302],[-97.9924,30.60949],[-97.99101,30.60985],[-97.97787,30.62211],[-97.96631,30.62368],[-97.96259,30.62519],[-97.95673,30.62825],[-97.9547,30.62717],[-97.95469,30.62788],[-97.95514,30.62846],[-97.95563,30.63056],[-97.95529,30.63197],[-97.95417,30.63336],[-97.95092,30.63524],[-97.95261,30.63914],[-97.94146,30.64263],[-97.93936,30.63764],[-97.93926,30.6369],[-97.9425,30.63284],[-97.94502,30.63127],[-97.94504,30.63085],[-97.94367,30.62731],[-97.93709,30.62606],[-97.93679,30.62716],[-97.93628,30.62752],[-97.93639,30.62789],[-97.93745,30.62828],[-97.93824,30.62931],[-97.93928,30.62968],[-97.94013,30.63057],[-97.94034,30.63149],[-97.94023,30.63215],[-97.93907,30.63213],[-97.93838,30.63295],[-97.93663,30.63348],[-97.93506,30.63268],[-97.93366,30.63295],[-97.93329,30.63371],[-97.9326,30.63394],[-97.93135,30.63302],[-97.93048,30.63309],[-97.92992,30.63369],[-97.92979,30.63513],[-97.92908,30.63596],[-97.92778,30.63617],[-97.92563,30.63121],[-97.92289,30.63195],[-97.92161,30.62857],[-97.91847,30.62964],[-97.91983,30.63273],[-97.90574,30.63726],[-97.90566,30.63576],[-97.90015,30.63748],[-97.898,30.63299],[-97.89813,30.63124],[-97.89626,30.63124],[-97.89589,30.6288],[-97.89562,30.62849],[-97.89498,30.62851],[-97.89393,30.62901],[-97.89212,30.63054],[-97.89215,30.63095],[-97.89157,30.63103],[-97.89112,30.63071],[-97.89085,30.62997],[-97.88733,30.62851],[-97.88523,30.62704],[-97.88437,30.62687],[-97.88342,30.62591],[-97.88169,30.62523],[-97.87825,30.6248],[-97.8765,30.62405],[-97.87682,30.62745],[-97.88021,30.63803],[-97.88154,30.64009],[-97.87134,30.64338],[-97.87161,30.64403],[-97.86994,30.64484],[-97.86613,30.64606],[-97.86611,30.64575],[-97.8635,30.64658],[-97.86478,30.64607],[-97.86419,30.6445],[-97.8648,30.64433],[-97.86439,30.64323],[-97.86369,30.64343],[-97.86189,30.63885],[-97.85809,30.64011],[-97.85726,30.63818],[-97.85635,30.63315],[-97.83964,30.63837],[-97.83918,30.63714],[-97.83847,30.63793],[-97.83958,30.63856],[-97.83777,30.641],[-97.83218,30.63817],[-97.83045,30.63781],[-97.8278,30.63769],[-97.8289,30.6424],[-97.83003,30.64508],[-97.83672,30.65314],[-97.82459,30.65681],[-97.82414,30.65654],[-97.81819,30.65836],[-97.81791,30.65829],[-97.81745,30.65728],[-97.81718,30.65722],[-97.81188,30.65877],[-97.81125,30.65942],[-97.80714,30.66077],[-97.81008,30.66737],[-97.81067,30.66754],[-97.81165,30.66871],[-97.81189,30.67038],[-97.81242,30.67063],[-97.81388,30.67004],[-97.81518,30.66994],[-97.81597,30.67118],[-97.81605,30.67196],[-97.81693,30.67244],[-97.81764,30.67331],[-97.81754,30.67416],[-97.81799,30.67425],[-97.81799,30.67453],[-97.81653,30.67579],[-97.81656,30.67611],[-97.81735,30.6768],[-97.81791,30.67776],[-97.81862,30.67796],[-97.81984,30.67735],[-97.82106,30.67758],[-97.82186,30.67822],[-97.82305,30.67845],[-97.82379,30.67907],[-97.82462,30.6792],[-97.82459,30.68021],[-97.82499,30.68065],[-97.82755,30.68134],[-97.82801,30.68173],[-97.8326,30.68319],[-97.83356,30.68376],[-97.83416,30.68448],[-97.83522,30.68674],[-97.83267,30.68868],[-97.83225,30.68939],[-97.83137,30.69278],[-97.82864,30.69474],[-97.82827,30.69596],[-97.82891,30.69635],[-97.82947,30.69607],[-97.83215,30.69366],[-97.83336,30.69183],[-97.83465,30.69066],[-97.83574,30.69069],[-97.83624,30.69092],[-97.84091,30.70266],[-97.85519,30.70523],[-97.85654,30.7058],[-97.85854,30.7075],[-97.85956,30.70784],[-97.86085,30.70789],[-97.861,30.71125],[-97.85975,30.71193],[-97.86006,30.71864],[-97.85646,30.71995],[-97.85651,30.72023],[-97.85718,30.72259],[-97.85961,30.72878],[-97.86406,30.72762],[-97.87148,30.74517],[-97.87545,30.74388],[-97.87652,30.74647],[-97.87685,30.77309],[-97.87706,30.77489],[-97.88822,30.77148],[-97.88871,30.77169],[-97.89028,30.77435],[-97.89072,30.77889],[-97.89102,30.77976],[-97.89599,30.78299],[-97.8974,30.7845],[-97.89776,30.79027],[-97.8987,30.79253],[-97.9135,30.78785],[-97.91828,30.79943],[-97.92929,30.79606],[-97.92983,30.79644],[-97.93151,30.79657],[-97.93173,30.79715],[-97.93087,30.79781],[-97.93017,30.79876],[-97.92894,30.79911],[-97.92826,30.80052],[-97.9265,30.80161],[-97.92603,30.80341],[-97.9266,30.80368],[-97.92681,30.8045],[-97.92631,30.80525],[-97.9282,30.80685],[-97.93155,30.80648],[-97.9319,30.80586],[-97.93272,30.80536],[-97.93391,30.8055],[-97.93455,30.80467],[-97.93746,30.80359],[-97.93974,30.80556],[-97.93985,30.80605],[-97.93955,30.80654],[-97.96286,30.78564],[-97.98231,30.75018],[-98.00437,30.70837],[-98.01718,30.71329],[-98.02098,30.71336],[-98.02772,30.71179],[-98.03206,30.71135],[-98.03411,30.71143],[-98.03387,30.70874],[-98.03407,30.70753],[-98.03381,30.70578],[-98.03216,30.70309],[-98.03449,30.70405],[-98.03619,30.70337],[-98.03752,30.70042],[-98.03799,30.70005],[-98.04271,30.69919],[-98.04333,30.69932],[-98.04384,30.69981],[-98.04469,30.70149],[-98.04631,30.7023],[-98.04777,30.70193],[-98.04795,30.70127],[-98.04853,30.70071],[-98.05057,30.69936],[-98.05205,30.69957],[-98.05328,30.70034],[-98.05474,30.70075],[-98.05562,30.70038],[-98.05693,30.70046],[-98.05772,30.70063],[-98.05862,30.7014],[-98.05969,30.70124],[-98.06103,30.6996],[-98.06134,30.69764],[-98.06198,30.69777],[-98.05992,30.69257],[-98.05902,30.68687],[-98.059,30.68551],[-98.05927,30.6845],[-98.06683,30.67353],[-98.07443,30.66593],[-98.07503,30.665],[-98.07514,30.66438]]]},"properties":{"zip_code":"78642","county":"Williamson"}},{"type":"Feature","geometry":{"type":"Polygon","coordinates":[[[-97.8151,29.78073],[-97.81293,29.77832],[-97.81249,29.77813],[-97.81213,29.77816],[-97.8109,29.77925],[-97.81099,29.77951],[-97.81155,29.7795],[-97.81184,29.77975],[-97.8119,29.77994],[-97.81137,29.78029],[-97.81057,29.78022],[-97.80975,29.77978],[-97.80845,29.77977],[-97.80695,29.77829],[-97.80648,29.77809],[-97.80623,29.77738],[-97.80565,29.77706],[-97.80646,29.77534],[-97.80611,29.77429],[-97.80523,29.77376],[-97.80554,29.77316],[-97.8064,29.77325],[-97.80797,29.77464],[-97.80988,29.77431],[-97.81117,29.7745],[-97.81126,29.77424],[-97.81045,29.7729],[-97.80902,29.77212],[-97.80845,29.77122],[-97.80841,29.7707],[-97.80706,29.76899],[-97.80573,29.76818],[-97.80562,29.76777],[-97.79372,29.77617],[-97.79256,29.77706],[-97.79068,29.77908],[-97.77694,29.80228],[-97.7609,29.78612],[-97.78183,29.7705],[-97.77813,29.76219],[-97.77431,29.75772],[-97.74807,29.77767],[-97.74664,29.77847],[-97.74416,29.77593],[-97.73109,29.78568],[-97.72123,29.77578],[-97.72137,29.77544],[-97.72514,29.77261],[-97.72352,29.77081],[-97.72558,29.76908],[-97.71978,29.76302],[-97.71571,29.76608],[-97.71572,29.76637],[-97.71672,29.76738],[-97.71671,29.76762],[-97.7089,29.77378],[-97.70233,29.76745],[-97.70004,29.76911],[-97.6992,29.76844],[-97.69747,29.76972],[-97.69823,29.77055],[-97.69205,29.78181],[-97.68952,29.77907],[-97.68904,29.77771],[-97.68825,29.7768],[-97.68691,29.77661],[-97.68504,29.77489],[-97.68238,29.77525],[-97.68055,29.77614],[-97.67746,29.77689],[-97.67208,29.77565],[-97.67118,29.77596],[-97.6709,29.77528],[-97.6696,29.77443],[-97.66905,29.77283],[-97.66827,29.77227],[-97.66772,29.77293],[-97.66717,29.77277],[-97.66685,29.77204],[-97.66679,29.77042],[-97.66529,29.76768],[-97.66267,29.7668],[-97.66202,29.76595],[-97.66186,29.76604],[-97.66098,29.76451],[-97.65636,29.76789],[-97.65593,29.76521],[-97.65407,29.76172],[-97.65357,29.7616],[-97.65235,29.76179],[-97.65194,29.76208],[-97.65176,29.7625],[-97.65089,29.76302],[-97.65003,29.76457],[-97.64901,29.76499],[-97.64926,29.76582],[-97.64927,29.7687],[-97.64671,29.77052],[-97.64419,29.76867],[-97.64309,29.7672],[-97.63821,29.77106],[-97.63135,29.76458],[-97.61659,29.7825],[-97.61457,29.78065],[-97.61327,29.77869],[-97.61184,29.77852],[-97.61163,29.77808],[-97.61208,29.77777],[-97.61196,29.77709],[-97.61118,29.7763],[-97.61205,29.77538],[-97.61123,29.77461],[-97.61082,29.77376],[-97.61098,29.7718],[-97.60999,29.77122],[-97.60877,29.771],[-97.60857,29.77077],[-97.60876,29.77039],[-97.60856,29.76982],[-97.60794,29.76902],[-97.60718,29.7688],[-97.60677,29.76831],[-97.60601,29.76847],[-97.60589,29.76743],[-97.60504,29.76598],[-97.59503,29.77292],[-97.59266,29.77495],[-97.58592,29.78252],[-97.57628,29.79398],[-97.53767,29.83871],[-97.53433,29.84276],[-97.53344,29.85086],[-97.5321,29.85105],[-97.52872,29.85215],[-97.52618,29.85259],[-97.525,29.85392],[-97.52519,29.85846],[-97.53131,29.86395],[-97.52642,29.86807],[-97.53394,29.87487],[-97.53389,29.87605],[-97.53258,29.87804],[-97.529,29.87568],[-97.52855,29.87632],[-97.52877,29.87655],[-97.52714,29.87863],[-97.53351,29.88272],[-97.53517,29.88172],[-97.5356,29.88106],[-97.53667,29.88053],[-97.5368,29.88011],[-97.53832,29.87926],[-97.5389,29.87948],[-97.53903,29.87906],[-97.55156,29.88975],[-97.55112,29.89031],[-97.54968,29.88981],[-97.54811,29.89093],[-97.54757,29.89202],[-97.54737,29.89429],[-97.55111,29.89857],[-97.55414,29.90091],[-97.55345,29.90211],[-97.5554,29.90358],[-97.55707,29.90325],[-97.55991,29.90205],[-97.5631,29.90519],[-97.59197,29.89176],[-97.59439,29.89143],[-97.59516,29.89558],[-97.59611,29.89616],[-97.59698,29.89629],[-97.59845,29.90059],[-97.61175,29.89863],[-97.61284,29.90444],[-97.62282,29.90293],[-97.62383,29.9024],[-97.61912,29.90671],[-97.6111,29.91183],[-97.59809,29.92303],[-97.59559,29.92437],[-97.59251,29.9251],[-97.6116,29.94124],[-97.6026,29.94931],[-97.60586,29.95218],[-97.60965,29.94898],[-97.61872,29.95604],[-97.60759,29.96639],[-97.61363,29.97138],[-97.61235,29.97295],[-97.60921,29.97586],[-97.61472,29.97985],[-97.62339,29.98758],[-97.6215,29.9904],[-97.62544,29.99284],[-97.62603,29.9918],[-97.62662,29.98959],[-97.62976,29.98624],[-97.63158,29.98533],[-97.63375,29.98718],[-97.63856,29.98303],[-97.63898,29.98339],[-97.6432,29.97965],[-97.64307,29.98082],[-97.64385,29.98167],[-97.64307,29.9852],[-97.64453,29.98478],[-97.64508,29.98579],[-97.64442,29.98656],[-97.64503,29.98731],[-97.64443,29.98833],[-97.64695,29.99082],[-97.64585,29.99159],[-97.64568,29.99209],[-97.63797,29.99929],[-97.64475,30.00497],[-97.6452,30.00506],[-97.65147,29.99948],[-97.65878,30.00572],[-97.65932,30.00514],[-97.66199,30.00765],[-97.66343,30.00677],[-97.66577,30.00903],[-97.65906,30.01504],[-97.6702,30.02452],[-97.67437,30.02888],[-97.6743,30.03036],[-97.67446,30.03052],[-97.69425,30.02655],[-97.6946,30.02722],[-97.70051,30.02595],[-97.70007,30.02509],[-97.69931,30.02436],[-97.68783,30.01475],[-97.68644,30.00187],[-97.68512,29.9952],[-97.7001,29.98276],[-97.71068,29.97434],[-97.71189,29.98035],[-97.72864,29.97764],[-97.72897,29.97751],[-97.72878,29.97504],[-97.74223,29.973],[-97.74004,29.96234],[-97.74823,29.96103],[-97.74814,29.95997],[-97.74771,29.95925],[-97.74564,29.95924],[-97.74505,29.95864],[-97.74562,29.95738],[-97.74633,29.95726],[-97.7466,29.95744],[-97.74739,29.95684],[-97.74779,29.95703],[-97.7472,29.9543],[-97.74677,29.95436],[-97.74534,29.94693],[-97.75225,29.94137],[-97.7622,29.93229],[-97.78716,29.91382],[-97.78326,29.90926],[-97.78195,29.90712],[-97.78081,29.90434],[-97.77968,29.90347],[-97.77782,29.9029],[-97.77701,29.90206],[-97.77673,29.90125],[-97.77636,29.90107],[-97.77577,29.90123],[-97.77415,29.90216],[-97.77363,29.90192],[-97.77258,29.90199],[-97.77217,29.90248],[-97.77044,29.90293],[-97.76977,29.90268],[-97.76884,29.9014],[-97.76836,29.90141],[-97.76728,29.90216],[-97.76659,29.90202],[-97.76605,29.90141],[-97.76531,29.90132],[-97.76446,29.90048],[-97.76399,29.89882],[-97.76359,29.89837],[-97.76151,29.89778],[-97.7609,29.89796],[-97.75979,29.89762],[-97.75899,29.8961],[-97.75732,29.89475],[-97.75707,29.89422],[-97.75565,29.89312],[-97.75523,29.89246],[-97.75029,29.88956],[-97.74859,29.88913],[-97.74679,29.88597],[-97.74563,29.8858],[-97.74426,29.88424],[-97.74315,29.88417],[-97.74463,29.8835],[-97.74873,29.88269],[-97.74038,29.87057],[-97.76187,29.87172],[-97.76248,29.87214],[-97.76278,29.87185],[-97.76337,29.87205],[-97.78969,29.87287],[-97.80699,29.85987],[-97.81325,29.86616],[-97.81367,29.86587],[-97.81158,29.86297],[-97.80975,29.86167],[-97.80913,29.86152],[-97.80706,29.85945],[-97.80349,29.85834],[-97.80203,29.85866],[-97.80111,29.85933],[-97.79966,29.85921],[-97.79879,29.85791],[-97.79853,29.85727],[-97.79853,29.85635],[-97.79734,29.85472],[-97.79719,29.85401],[-97.79629,29.85339],[-97.79521,29.85211],[-97.79372,29.84957],[-97.79211,29.84469],[-97.7922,29.84432],[-97.78682,29.83878],[-97.78667,29.83838],[-97.78668,29.83818],[-97.78754,29.83832],[-97.78802,29.83746],[-97.78969,29.83684],[-97.79147,29.83518],[-97.79254,29.83501],[-97.79372,29.83445],[-97.79587,29.83408],[-97.79637,29.83384],[-97.79657,29.83343],[-97.79568,29.83065],[-97.79594,29.82996],[-97.7958,29.82915],[-97.79546,29.82874],[-97.79468,29.82871],[-97.79418,29.82827],[-97.79382,29.82712],[-97.79423,29.82654],[-97.79625,29.82549],[-97.79644,29.82445],[-97.79629,29.82283],[-97.79598,29.82221],[-97.79796,29.82027],[-97.79827,29.81881],[-97.79746,29.81735],[-97.79753,29.8159],[-97.79677,29.8148],[-97.79673,29.81412],[-97.79763,29.813],[-97.79863,29.81229],[-97.79877,29.81126],[-97.7986,29.81021],[-97.79984,29.80756],[-97.79939,29.80695],[-97.79945,29.80636],[-97.7956,29.79929],[-97.81452,29.7851],[-97.81373,29.78425],[-97.81283,29.78392],[-97.812,29.784],[-97.81184,29.78369],[-97.81387,29.78215],[-97.81449,29.78094],[-97.81476,29.78103],[-97.8151,29.78073]]]},"properties":{"zip_code":"78644","county":"Caldwell"}},{"type":"Feature","geometry":{"type":"Polygon","coordinates":[[[-98.03709,30.42049],[-98.03667,30.41842],[-98.03318,30.41667],[-98.0305,30.41585],[-98.0195,30.41494],[-98.01105,30.41474],[-98.00429,30.41429],[-97.99689,30.41422],[-97.98881,30.41489],[-97.98677,30.41462],[-97.98469,30.41297],[-97.98425,30.4113],[-97.98411,30.40791],[-97.98451,30.40609],[-97.98548,30.40419],[-97.98703,30.40301],[-97.98832,30.40155],[-97.99293,30.39884],[-97.99941,30.39523],[-98.00171,30.39467],[-98.01479,30.38212],[-98.01581,30.37969],[-98.01608,30.37687],[-98.01443,30.37377],[-98.01335,30.37244],[-98.01248,30.37166],[-98.01066,30.37095],[-98.00911,30.37116],[-98.00739,30.37188],[-97.99863,30.37447],[-97.99864,30.37468],[-97.99259,30.37691],[-97.99059,30.37749],[-97.98959,30.37747],[-97.98248,30.38338],[-97.97805,30.38842],[-97.97619,30.3901],[-97.97268,30.39246],[-97.97166,30.39289],[-97.96894,30.39366],[-97.96629,30.39401],[-97.94747,30.3937],[-97.94515,30.39406],[-97.944,30.39466],[-97.94303,30.39575],[-97.94126,30.3987],[-97.94056,30.4009],[-97.94053,30.40255],[-97.94083,30.40417],[-97.94234,30.40804],[-97.94611,30.41306],[-97.94869,30.41605],[-97.95125,30.41978],[-97.95195,30.42164],[-97.95216,30.42396],[-97.95187,30.42671],[-97.95122,30.429],[-97.94994,30.43124],[-97.94888,30.43249],[-97.94677,30.43418],[-97.93866,30.43732],[-97.93459,30.43746],[-97.93139,30.43724],[-97.92923,30.43682],[-97.92669,30.43618],[-97.92336,30.43487],[-97.91998,30.43297],[-97.91994,30.43764],[-97.92335,30.44382],[-97.92467,30.4468],[-97.92551,30.44975],[-97.92577,30.45327],[-97.92528,30.45624],[-97.92476,30.45743],[-97.92394,30.45865],[-97.92226,30.4602],[-97.91371,30.46457],[-97.91339,30.46425],[-97.91167,30.46412],[-97.9101,30.46451],[-97.90921,30.46513],[-97.90851,30.46636],[-97.90968,30.46726],[-97.91001,30.4692],[-97.91142,30.46915],[-97.91183,30.47016],[-97.91478,30.47326],[-97.9167,30.47594],[-97.9175,30.47956],[-97.91844,30.48222],[-97.91934,30.48361],[-97.91931,30.48485],[-97.91905,30.48551],[-97.91961,30.48595],[-97.91886,30.48694],[-97.91777,30.48712],[-97.91783,30.48747],[-97.91466,30.49726],[-97.91289,30.49784],[-97.90953,30.49812],[-97.90855,30.49865],[-97.90846,30.49748],[-97.90608,30.49913],[-97.90516,30.50058],[-97.90501,30.50132],[-97.90557,30.50135],[-97.90565,30.50192],[-97.90589,30.50206],[-97.91065,30.50108],[-97.91174,30.50153],[-97.91257,30.50231],[-97.91069,30.50527],[-97.91064,30.50563],[-97.9127,30.50638],[-97.91184,30.51012],[-97.91058,30.51346],[-97.91168,30.51115],[-97.91232,30.51142],[-97.91363,30.50678],[-97.91482,30.50534],[-97.91546,30.5063],[-97.91589,30.50907],[-97.91755,30.50983],[-97.91616,30.51101],[-97.91829,30.51286],[-97.92008,30.51336],[-97.92022,30.51547],[-97.92449,30.50901],[-97.92532,30.50901],[-97.92645,30.50965],[-97.92946,30.51065],[-97.93769,30.5143],[-97.94185,30.50771],[-97.94611,30.5097],[-97.95104,30.50264],[-97.95285,30.50308],[-97.9641,30.50243],[-97.96546,30.50179],[-97.96811,30.5012],[-97.96848,30.50152],[-97.96727,30.50379],[-97.96725,30.50443],[-97.96746,30.50459],[-97.97058,30.50353],[-97.97106,30.50422],[-97.97212,30.50408],[-97.97291,30.50463],[-97.97323,30.50502],[-97.97328,30.50563],[-97.97365,30.50595],[-97.97605,30.50641],[-97.97724,30.50575],[-97.97848,30.50612],[-97.97954,30.50607],[-97.97853,30.50024],[-97.97735,30.49854],[-97.97741,30.497],[-97.97902,30.49589],[-97.97942,30.49689],[-97.98111,30.498],[-97.9825,30.49798],[-97.98366,30.49725],[-97.98454,30.49711],[-97.98585,30.49736],[-97.98638,30.49772],[-97.98862,30.50037],[-97.98875,30.5022],[-97.98921,30.50301],[-97.99065,30.50402],[-97.99168,30.50525],[-97.99361,30.50588],[-97.99611,30.50721],[-97.99727,30.50726],[-97.9986,30.50684],[-97.99978,30.50476],[-98.00052,30.50413],[-98.00154,30.50396],[-98.00247,30.50425],[-97.99957,30.49895],[-97.99953,30.49789],[-97.99988,30.49678],[-97.99952,30.49384],[-98.00284,30.48838],[-98.00552,30.4849],[-98.0064,30.48395],[-98.00723,30.4835],[-98.00743,30.48324],[-98.00732,30.48266],[-98.00826,30.48309],[-98.01019,30.48032],[-98.00784,30.47936],[-98.006,30.47812],[-98.00468,30.47663],[-98.00285,30.47364],[-98.00189,30.47045],[-97.99912,30.46423],[-97.99863,30.46103],[-97.99874,30.45879],[-97.9994,30.45706],[-98.00028,30.45589],[-98.00248,30.45399],[-98.00525,30.45203],[-98.00593,30.45037],[-98.00765,30.4503],[-98.01189,30.44918],[-98.02594,30.43764],[-98.03185,30.43224],[-98.03464,30.42865],[-98.03588,30.42601],[-98.03703,30.42183],[-98.03709,30.42049]]]},"properties":{"zip_code":"78645","county":"Travis"}},{"type":"Feature","geometry":{"type":"MultiPolygon","coordinates":[[[[-97.77431,29.75772],[-97.76074,29.74245],[-97.75164,29.72959],[-97.75013,29.72838],[-97.74487,29.72596],[-97.72589,29.74026],[-97.72539,29.74026],[-97.72454,29.73945],[-97.72331,29.73966],[-97.71732,29.74421],[-97.7168,29.74379],[-97.7166,29.74392],[-97.71565,29.74594],[-97.71089,29.75235],[-97.70563,29.74688],[-97.70607,29.74593],[-97.71021,29.74291],[-97.71129,29.74181],[-97.7118,29.74043],[-97.71169,29.73764],[-97.71191,29.73694],[-97.7157,29.73356],[-97.71649,29.7319],[-97.71699,29.72977],[-97.7175,29.72909],[-97.72229,29.7257],[-97.72575,29.7292],[-97.7252,29.72448],[-97.72593,29.72387],[-97.72659,29.72207],[-97.72735,29.72257],[-97.72811,29.7226],[-97.72984,29.72383],[-97.73076,29.72358],[-97.73142,29.7237],[-97.73231,29.72347],[-97.73297,29.72278],[-97.73382,29.72092],[-97.74054,29.72399],[-97.73779,29.72095],[-97.73574,29.71908],[-97.73416,29.71863],[-97.73008,29.71801],[-97.72852,29.71744],[-97.7348,29.71276],[-97.73606,29.71239],[-97.73685,29.71312],[-97.73742,29.71327],[-97.73831,29.71274],[-97.73795,29.7119],[-97.73719,29.71148],[-97.73658,29.71073],[-97.73659,29.7092],[-97.73594,29.70563],[-97.7368,29.70222],[-97.73982,29.70037],[-97.74199,29.69975],[-97.74335,29.69884],[-97.74365,29.69764],[-97.74329,29.69697],[-97.7427,29.69667],[-97.74034,29.69678],[-97.73947,29.6965],[-97.7387,29.69659],[-97.73766,29.69599],[-97.73623,29.6948],[-97.73541,29.69362],[-97.73543,29.69266],[-97.73601,29.69134],[-97.73459,29.69108],[-97.73198,29.69013],[-97.72758,29.68789],[-97.72715,29.68755],[-97.7267,29.68638],[-97.72563,29.68567],[-97.72335,29.68577],[-97.7221,29.68552],[-97.72138,29.68445],[-97.72285,29.68256],[-97.72274,29.68215],[-97.72185,29.68209],[-97.72075,29.68248],[-97.71967,29.68289],[-97.71939,29.68333],[-97.71812,29.68397],[-97.7172,29.68415],[-97.71676,29.68374],[-97.71695,29.68307],[-97.71779,29.68248],[-97.71769,29.68213],[-97.71721,29.6818],[-97.71463,29.68209],[-97.7117,29.6815],[-97.71072,29.68247],[-97.709,29.68326],[-97.70869,29.68373],[-97.7076,29.68345],[-97.70638,29.68271],[-97.70456,29.68261],[-97.70426,29.68242],[-97.7038,29.68184],[-97.70385,29.68127],[-97.70564,29.68022],[-97.70576,29.67986],[-97.70549,29.67943],[-97.70478,29.67911],[-97.70537,29.67829],[-97.70533,29.67749],[-97.70586,29.67715],[-97.70656,29.67735],[-97.70518,29.67558],[-97.70607,29.67455],[-97.70552,29.674],[-97.70385,29.67425],[-97.7033,29.67307],[-97.70342,29.67048],[-97.7022,29.6701],[-97.70252,29.66918],[-97.70223,29.66859],[-97.70098,29.66867],[-97.70054,29.66841],[-97.70616,29.664],[-97.70931,29.66219],[-97.71263,29.66093],[-97.71716,29.65974],[-97.72021,29.65921],[-97.72041,29.65881],[-97.74035,29.64406],[-97.74081,29.64149],[-97.73975,29.6402],[-97.73469,29.63538],[-97.72166,29.63889],[-97.71907,29.64069],[-97.70956,29.63114],[-97.70993,29.62813],[-97.71155,29.62583],[-97.71267,29.62477],[-97.72668,29.6142],[-97.72865,29.6105],[-97.72765,29.61084],[-97.7265,29.61089],[-97.72091,29.6099],[-97.71965,29.60947],[-97.71849,29.60862],[-97.71232,29.60205],[-97.71112,29.60137],[-97.70971,29.60125],[-97.70284,29.60211],[-97.70116,29.60042],[-97.70192,29.59984],[-97.6913,29.58891],[-97.69039,29.58916],[-97.68982,29.58899],[-97.68392,29.58274],[-97.66184,29.61186],[-97.66125,29.6123],[-97.66051,29.6126],[-97.65619,29.6125],[-97.6551,29.61217],[-97.65406,29.61147],[-97.65291,29.61145],[-97.64951,29.61296],[-97.64619,29.60963],[-97.64583,29.60951],[-97.64124,29.61303],[-97.63829,29.61775],[-97.63467,29.61811],[-97.63034,29.62153],[-97.62786,29.62237],[-97.62614,29.62361],[-97.62515,29.62163],[-97.62269,29.61929],[-97.62135,29.61857],[-97.61951,29.61559],[-97.61523,29.61385],[-97.61067,29.61107],[-97.60817,29.60872],[-97.60589,29.60615],[-97.60214,29.60384],[-97.60161,29.60178],[-97.60146,29.59767],[-97.59449,29.59641],[-97.59383,29.59488],[-97.5929,29.59396],[-97.59062,29.59276],[-97.58881,29.59122],[-97.58788,29.59255],[-97.58952,29.59302],[-97.59017,29.59362],[-97.59084,29.59526],[-97.59122,29.59547],[-97.59216,29.59537],[-97.59292,29.59465],[-97.59328,29.59476],[-97.5938,29.5966],[-97.59379,29.59754],[-97.59299,29.59834],[-97.59048,29.59985],[-97.58751,29.6001],[-97.58695,29.60041],[-97.58602,29.6019],[-97.58608,29.60232],[-97.5867,29.60307],[-97.58611,29.60583],[-97.58658,29.60712],[-97.58763,29.60826],[-97.58968,29.60927],[-97.59069,29.61003],[-97.59343,29.61069],[-97.59368,29.61098],[-97.593,29.61162],[-97.59134,29.61169],[-97.58999,29.61265],[-97.5866,29.61375],[-97.58655,29.6152],[-97.5868,29.61635],[-97.58891,29.61755],[-97.58962,29.61865],[-97.58891,29.61838],[-97.58839,29.6187],[-97.58852,29.6214],[-97.58785,29.62259],[-97.58764,29.62391],[-97.58827,29.62414],[-97.58877,29.62296],[-97.58931,29.62306],[-97.59018,29.6242],[-97.59141,29.625],[-97.5912,29.62588],[-97.59142,29.62638],[-97.59485,29.62921],[-97.59635,29.62991],[-97.59757,29.63082],[-97.5657,29.64854],[-97.56662,29.64731],[-97.56651,29.64658],[-97.56685,29.64589],[-97.56719,29.6432],[-97.56697,29.64284],[-97.56712,29.64217],[-97.56681,29.64142],[-97.56684,29.64043],[-97.56605,29.6396],[-97.56627,29.63627],[-97.56806,29.63445],[-97.5685,29.63429],[-97.56847,29.63372],[-97.56803,29.63283],[-97.56936,29.63186],[-97.56973,29.63119],[-97.56991,29.62953],[-97.56972,29.62791],[-97.57063,29.62428],[-97.57068,29.62072],[-97.57131,29.62021],[-97.5705,29.61801],[-97.56943,29.61643],[-97.56695,29.61411],[-97.56115,29.6097],[-97.5575,29.61499],[-97.55663,29.61665],[-97.5448,29.63505],[-97.54231,29.63411],[-97.53332,29.64111],[-97.5523,29.65031],[-97.55407,29.65251],[-97.55772,29.65293],[-97.53045,29.66792],[-97.55729,29.67484],[-97.5452,29.68383],[-97.54944,29.68825],[-97.53459,29.69954],[-97.53446,29.70426],[-97.5292,29.70391],[-97.52134,29.70157],[-97.5175,29.70132],[-97.51808,29.70355],[-97.51941,29.70646],[-97.52045,29.70791],[-97.52438,29.71223],[-97.52531,29.71426],[-97.52596,29.71709],[-97.52675,29.71925],[-97.52666,29.73556],[-97.5269,29.74086],[-97.52679,29.74271],[-97.52547,29.74281],[-97.52501,29.74316],[-97.52489,29.7452],[-97.51853,29.74512],[-97.51799,29.74532],[-97.51799,29.75843],[-97.51765,29.7589],[-97.51792,29.76243],[-97.51771,29.76266],[-97.51641,29.76279],[-97.51654,29.76999],[-97.52681,29.77001],[-97.52678,29.77092],[-97.53959,29.77079],[-97.5395,29.76194],[-97.55051,29.76177],[-97.55395,29.76443],[-97.557,29.76446],[-97.55707,29.76856],[-97.57076,29.7685],[-97.57065,29.77002],[-97.57107,29.77059],[-97.57125,29.77142],[-97.57091,29.77213],[-97.57121,29.77312],[-97.57127,29.77585],[-97.57624,29.77579],[-97.57252,29.77958],[-97.57308,29.78008],[-97.57361,29.78128],[-97.57265,29.78244],[-97.57257,29.78289],[-97.57527,29.78569],[-97.57538,29.78679],[-97.57605,29.78703],[-97.57594,29.7888],[-97.57537,29.78912],[-97.57536,29.78945],[-97.57607,29.78986],[-97.57623,29.79083],[-97.57803,29.79177],[-97.59303,29.77457],[-97.59503,29.77292],[-97.60504,29.76598],[-97.60589,29.76743],[-97.60601,29.76847],[-97.60677,29.76831],[-97.60718,29.7688],[-97.60794,29.76902],[-97.60856,29.76982],[-97.60876,29.77039],[-97.60857,29.77077],[-97.60877,29.771],[-97.60999,29.77122],[-97.61098,29.7718],[-97.61082,29.77376],[-97.61123,29.77461],[-97.61205,29.77538],[-97.61118,29.7763],[-97.61196,29.77709],[-97.61208,29.77777],[-97.61163,29.77808],[-97.61184,29.77852],[-97.61327,29.77869],[-97.61457,29.78065],[-97.61659,29.7825],[-97.63135,29.76458],[-97.63821,29.77106],[-97.64309,29.7672],[-97.64419,29.76867],[-97.64671,29.77052],[-97.64927,29.7687],[-97.64926,29.76582],[-97.64901,29.76499],[-97.65003,29.76457],[-97.65089,29.76302],[-97.65176,29.7625],[-97.65194,29.76208],[-97.65235,29.76179],[-97.65357,29.7616],[-97.65407,29.76172],[-97.65593,29.76521],[-97.65636,29.76789],[-97.66098,29.76451],[-97.66186,29.76604],[-97.66202,29.76595],[-97.66267,29.7668],[-97.66529,29.76768],[-97.66679,29.77042],[-97.66685,29.77204],[-97.66717,29.77277],[-97.66772,29.77293],[-97.66827,29.77227],[-97.66905,29.77283],[-97.6696,29.77443],[-97.6709,29.77528],[-97.67118,29.77596],[-97.67208,29.77565],[-97.67746,29.77689],[-97.68055,29.77614],[-97.68238,29.77525],[-97.68504,29.77489],[-97.68691,29.77661],[-97.68825,29.7768],[-97.68904,29.77771],[-97.68952,29.77907],[-97.69205,29.78181],[-97.69823,29.77055],[-97.69747,29.76972],[-97.6992,29.76844],[-97.70004,29.76911],[-97.70233,29.76745],[-97.7089,29.77378],[-97.71671,29.76762],[-97.71672,29.76738],[-97.71572,29.76637],[-97.71571,29.76608],[-97.71978,29.76302],[-97.72558,29.76908],[-97.72352,29.77081],[-97.72514,29.77261],[-97.72137,29.77544],[-97.72123,29.77578],[-97.73109,29.78568],[-97.74416,29.77593],[-97.74664,29.77847],[-97.74807,29.77767],[-97.77431,29.75772]]],[[[-97.66395,29.6069],[-97.66463,29.60698],[-97.65487,29.58653],[-97.65355,29.58596],[-97.6509,29.58312],[-97.64922,29.57894],[-97.64765,29.57692],[-97.64712,29.57295],[-97.64106,29.57724],[-97.64013,29.57781],[-97.63948,29.57787],[-97.63967,29.58095],[-97.64202,29.58334],[-97.63817,29.58603],[-97.6393,29.58746],[-97.64562,29.59398],[-97.64625,29.59422],[-97.64869,29.5944],[-97.64911,29.59712],[-97.65105,29.59948],[-97.65385,29.60145],[-97.65583,29.60245],[-97.65765,29.60454],[-97.66127,29.60616],[-97.66395,29.6069]]]]},"properties":{"zip_code":"78648","county":"Caldwell"}},{"type":"Feature","geometry":{"type":"Polygon","coordinates":[[[-97.27382,30.23212],[-97.274,30.23192],[-97.27078,30.22912],[-97.26325,30.22306],[-97.25554,30.21627],[-97.23103,30.19675],[-97.23117,30.19762],[-97.2309,30.19833],[-97.22879,30.19954],[-97.22592,30.19918],[-97.22506,30.19941],[-97.22373,30.20057],[-97.2195,30.20334],[-97.21617,30.20489],[-97.21481,30.20633],[-97.21288,30.20762],[-97.21368,30.20948],[-97.21329,30.2111],[-97.21242,30.21306],[-97.21295,30.21408],[-97.21296,30.21621],[-97.21339,30.21659],[-97.2131,30.21757],[-97.21465,30.2186],[-97.21515,30.21954],[-97.21571,30.22214],[-97.21707,30.22352],[-97.2172,30.22397],[-97.21881,30.22509],[-97.21984,30.22764],[-97.21965,30.22861],[-97.22039,30.23123],[-97.21946,30.23349],[-97.21743,30.23558],[-97.216,30.23822],[-97.21406,30.23644],[-97.21369,30.23341],[-97.21235,30.23076],[-97.21144,30.22826],[-97.20718,30.2245],[-97.20334,30.22826],[-97.20308,30.23008],[-97.20204,30.23188],[-97.20246,30.23223],[-97.20307,30.23342],[-97.20355,30.23528],[-97.20156,30.2372],[-97.18496,30.23125],[-97.17958,30.22891],[-97.16994,30.23777],[-97.16729,30.23632],[-97.16579,30.23493],[-97.16462,30.23246],[-97.16431,30.23056],[-97.16096,30.22462],[-97.16447,30.2223],[-97.14848,30.21531],[-97.14639,30.21656],[-97.14142,30.21456],[-97.14292,30.21816],[-97.14413,30.21768],[-97.14581,30.21741],[-97.1485,30.21785],[-97.15932,30.22368],[-97.16056,30.22463],[-97.1607,30.22479],[-97.16048,30.22493],[-97.15739,30.22587],[-97.15688,30.22581],[-97.14749,30.22882],[-97.1477,30.22936],[-97.16992,30.24811],[-97.17256,30.25008],[-97.19543,30.26922],[-97.19486,30.26942],[-97.18679,30.2769],[-97.18625,30.27673],[-97.18537,30.27539],[-97.18457,30.27504],[-97.1817,30.27643],[-97.17312,30.27905],[-97.17205,30.27824],[-97.17166,30.27755],[-97.17181,30.27726],[-97.17375,30.27664],[-97.17273,30.27426],[-97.17071,30.27443],[-97.16829,30.2766],[-97.16796,30.27737],[-97.16841,30.27825],[-97.1713,30.27741],[-97.17341,30.28197],[-97.17731,30.29148],[-97.16188,30.2965],[-97.17167,30.31928],[-97.19168,30.33262],[-97.19296,30.33787],[-97.1849,30.34063],[-97.18455,30.34027],[-97.17774,30.34236],[-97.17566,30.33878],[-97.16563,30.34173],[-97.16708,30.34562],[-97.16119,30.34753],[-97.16427,30.35421],[-97.1685,30.35295],[-97.16962,30.3561],[-97.16724,30.35677],[-97.16944,30.36168],[-97.16995,30.36205],[-97.15727,30.36605],[-97.16123,30.37534],[-97.15852,30.37672],[-97.1608,30.38226],[-97.1594,30.38337],[-97.15972,30.38408],[-97.15994,30.38725],[-97.16667,30.38527],[-97.17461,30.3839],[-97.17661,30.38424],[-97.17908,30.38609],[-97.18064,30.3867],[-97.18223,30.38665],[-97.18539,30.38567],[-97.1884,30.39265],[-97.18934,30.39813],[-97.19151,30.40318],[-97.19293,30.40209],[-97.19531,30.4014],[-97.19605,30.40094],[-97.19753,30.4011],[-97.19901,30.40268],[-97.20002,30.40458],[-97.20021,30.40738],[-97.20074,30.40822],[-97.20071,30.40955],[-97.20134,30.40994],[-97.2032,30.40985],[-97.20753,30.40691],[-97.2102,30.40616],[-97.21192,30.40638],[-97.21662,30.40844],[-97.21702,30.40881],[-97.21721,30.40982],[-97.21805,30.41064],[-97.21991,30.41227],[-97.22138,30.41284],[-97.2221,30.41369],[-97.23116,30.41081],[-97.23086,30.41007],[-97.23123,30.40954],[-97.23043,30.40774],[-97.23058,30.40741],[-97.23693,30.40535],[-97.23671,30.40394],[-97.23503,30.4],[-97.23549,30.39912],[-97.23529,30.39636],[-97.23229,30.38908],[-97.23027,30.38458],[-97.22916,30.38477],[-97.22816,30.38447],[-97.22758,30.38393],[-97.22674,30.38208],[-97.22674,30.38149],[-97.2277,30.37955],[-97.22777,30.37871],[-97.22689,30.37684],[-97.22597,30.37574],[-97.22593,30.37512],[-97.23587,30.38028],[-97.23784,30.38088],[-97.24105,30.38095],[-97.25707,30.37565],[-97.25821,30.37494],[-97.25967,30.37355],[-97.26306,30.36827],[-97.23864,30.35652],[-97.24203,30.35418],[-97.24871,30.3438],[-97.24172,30.34033],[-97.2439,30.33657],[-97.24491,30.3367],[-97.24872,30.33379],[-97.25002,30.33354],[-97.25149,30.33275],[-97.25294,30.33289],[-97.25342,30.33236],[-97.25359,30.33151],[-97.25465,30.33119],[-97.25535,30.3303],[-97.25583,30.32913],[-97.25681,30.32848],[-97.25358,30.32543],[-97.25457,30.32385],[-97.25873,30.32409],[-97.26788,30.32823],[-97.26786,30.32767],[-97.26566,30.32617],[-97.26601,30.32338],[-97.26591,30.32266],[-97.27018,30.31665],[-97.27231,30.31303],[-97.27208,30.31057],[-97.27082,30.30923],[-97.26838,30.30745],[-97.26836,30.30722],[-97.26762,30.30679],[-97.26422,30.30362],[-97.26379,30.3028],[-97.26395,30.30208],[-97.26939,30.29702],[-97.26994,30.29697],[-97.27009,30.29665],[-97.26711,30.2963],[-97.26147,30.29507],[-97.26145,30.29409],[-97.262,30.29313],[-97.2626,30.29266],[-97.26348,30.29094],[-97.26453,30.29046],[-97.26505,30.28982],[-97.26482,30.28863],[-97.26561,30.28727],[-97.26568,30.28606],[-97.26632,30.28528],[-97.2661,30.28432],[-97.26665,30.28369],[-97.26736,30.28347],[-97.26724,30.28293],[-97.26745,30.28242],[-97.26723,30.28208],[-97.26746,30.2818],[-97.26514,30.28061],[-97.26029,30.2764],[-97.2633,30.27375],[-97.26095,30.27153],[-97.25623,30.26807],[-97.24935,30.27422],[-97.24736,30.27262],[-97.24834,30.27142],[-97.24892,30.27021],[-97.25123,30.26062],[-97.25192,30.2612],[-97.26001,30.24957],[-97.2598,30.24942],[-97.26641,30.24101],[-97.27382,30.23212]]]},"properties":{"zip_code":"78650","county":"Bastrop"}},{"type":"Feature","geometry":{"type":"Polygon","coordinates":[[[-97.91551,30.15487],[-97.91537,30.14254],[-97.91519,30.14179],[-97.91285,30.14185],[-97.91273,30.13259],[-97.90399,30.13253],[-97.9039,30.13394],[-97.89412,30.13416],[-97.89444,30.13352],[-97.90026,30.13142],[-97.90138,30.13048],[-97.90179,30.12982],[-97.90566,30.129],[-97.90668,30.12837],[-97.90698,30.12749],[-97.90716,30.12431],[-97.87942,30.12465],[-97.87988,30.12837],[-97.87502,30.12797],[-97.86851,30.12815],[-97.86847,30.13337],[-97.86745,30.13338],[-97.86736,30.13679],[-97.86656,30.13688],[-97.82095,30.10414],[-97.81931,30.10382],[-97.81869,30.10392],[-97.81768,30.10515],[-97.81763,30.10377],[-97.81828,30.10352],[-97.81775,30.1024],[-97.81616,30.10243],[-97.8146,30.10191],[-97.81345,30.10402],[-97.8114,30.10631],[-97.81174,30.12544],[-97.81249,30.12761],[-97.81187,30.13066],[-97.81093,30.13198],[-97.81041,30.13325],[-97.80772,30.13259],[-97.80708,30.13285],[-97.80659,30.13516],[-97.8038,30.13882],[-97.80356,30.13961],[-97.80156,30.14283],[-97.80966,30.14487],[-97.81042,30.1448],[-97.81118,30.14437],[-97.81334,30.14206],[-97.81889,30.14188],[-97.82364,30.14066],[-97.8303,30.14056],[-97.83063,30.13955],[-97.83161,30.13981],[-97.8314,30.14058],[-97.83779,30.14045],[-97.84067,30.14148],[-97.84265,30.1427],[-97.84378,30.1427],[-97.84367,30.14323],[-97.84391,30.14359],[-97.84542,30.14338],[-97.84627,30.14362],[-97.84699,30.14444],[-97.84694,30.14258],[-97.84749,30.14204],[-97.84661,30.14103],[-97.84725,30.14045],[-97.84814,30.14071],[-97.84931,30.14068],[-97.84962,30.14037],[-97.84969,30.13979],[-97.85072,30.13959],[-97.85337,30.14026],[-97.85544,30.14142],[-97.8574,30.14122],[-97.85859,30.14169],[-97.85973,30.14262],[-97.86095,30.14316],[-97.86172,30.144],[-97.86161,30.14473],[-97.86099,30.14566],[-97.86181,30.14613],[-97.86685,30.14347],[-97.86833,30.14623],[-97.87032,30.14878],[-97.87027,30.14935],[-97.87077,30.14926],[-97.87395,30.15234],[-97.87934,30.15205],[-97.87989,30.15226],[-97.88154,30.15394],[-97.88352,30.15147],[-97.88352,30.14907],[-97.90466,30.1643],[-97.9049,30.1643],[-97.90455,30.16409],[-97.91551,30.15487]]]},"properties":{"zip_code":"78652","county":"Travis"}},{"type":"Feature","geometry":{"type":"MultiPolygon","coordinates":[[[[-97.63717,30.39871],[-97.63708,30.39841],[-97.63376,30.39652],[-97.63268,30.39509],[-97.6317,30.39225],[-97.63056,30.39096],[-97.63007,30.39064],[-97.62826,30.39023],[-97.62828,30.38914],[-97.6275,30.38838],[-97.62723,30.38778],[-97.62667,30.38766],[-97.62676,30.38743],[-97.6259,30.38689],[-97.62646,30.38659],[-97.62688,30.38682],[-97.62686,30.38624],[-97.62649,30.38564],[-97.62615,30.38597],[-97.62545,30.38577],[-97.6254,30.38525],[-97.62567,30.38495],[-97.62552,30.38464],[-97.62482,30.38439],[-97.62479,30.38337],[-97.62394,30.38301],[-97.62309,30.38313],[-97.62171,30.38282],[-97.62227,30.38129],[-97.62158,30.38058],[-97.62115,30.38087],[-97.62086,30.38053],[-97.62098,30.38017],[-97.62049,30.37967],[-97.6219,30.3806],[-97.6261,30.37452],[-97.62432,30.3736],[-97.6272,30.36953],[-97.63078,30.36015],[-97.63556,30.35584],[-97.63379,30.35436],[-97.63354,30.35334],[-97.63278,30.35271],[-97.63326,30.35179],[-97.63298,30.35133],[-97.6338,30.35124],[-97.63089,30.35046],[-97.63012,30.34984],[-97.62358,30.3468],[-97.61911,30.35367],[-97.62287,30.35544],[-97.61866,30.36204],[-97.61882,30.3627],[-97.62119,30.36501],[-97.6199,30.36521],[-97.62009,30.3655],[-97.62048,30.36579],[-97.62086,30.36566],[-97.62111,30.36626],[-97.62193,30.36683],[-97.62266,30.36804],[-97.62372,30.36818],[-97.61778,30.37583],[-97.61445,30.37429],[-97.61416,30.37472],[-97.61442,30.3757],[-97.61356,30.37702],[-97.61092,30.3758],[-97.60927,30.37838],[-97.60848,30.37801],[-97.61205,30.37212],[-97.61304,30.36859],[-97.60785,30.36747],[-97.60647,30.3668],[-97.60498,30.36565],[-97.60313,30.36848],[-97.59778,30.36593],[-97.59327,30.37287],[-97.58849,30.37059],[-97.58365,30.36977],[-97.58479,30.36466],[-97.58538,30.36337],[-97.58806,30.3593],[-97.59042,30.36071],[-97.59158,30.36014],[-97.59224,30.36012],[-97.59478,30.3611],[-97.59523,30.36098],[-97.59626,30.3599],[-97.59667,30.35976],[-97.59897,30.36059],[-97.60115,30.36069],[-97.60225,30.36035],[-97.60158,30.35873],[-97.5999,30.35669],[-97.60037,30.35624],[-97.59802,30.35496],[-97.60226,30.34837],[-97.59777,30.34616],[-97.59343,30.35265],[-97.59476,30.34959],[-97.595,30.34781],[-97.5948,30.34594],[-97.59539,30.345],[-97.59383,30.34424],[-97.59174,30.34041],[-97.59939,30.3375],[-97.59939,30.33725],[-97.59129,30.34032],[-97.58613,30.33048],[-97.57449,30.31604],[-97.57208,30.31273],[-97.57046,30.30903],[-97.5699,30.30713],[-97.56951,30.30447],[-97.56903,30.30517],[-97.5687,30.30213],[-97.56948,30.29739],[-97.57048,30.29462],[-97.57015,30.29447],[-97.57113,30.29073],[-97.5717,30.28965],[-97.57278,30.28869],[-97.57481,30.28795],[-97.57793,30.28845],[-97.58358,30.28856],[-97.58008,30.28682],[-97.57864,30.28534],[-97.579,30.28469],[-97.57889,30.28421],[-97.58126,30.28183],[-97.58871,30.27581],[-97.58724,30.27517],[-97.58573,30.27548],[-97.5852,30.27494],[-97.58499,30.27399],[-97.58533,30.27332],[-97.58617,30.27265],[-97.58684,30.27072],[-97.58625,30.26979],[-97.58534,30.26943],[-97.5848,30.26954],[-97.58415,30.27028],[-97.5785,30.27043],[-97.57808,30.26998],[-97.57751,30.26987],[-97.57746,30.26918],[-97.57717,30.2692],[-97.57678,30.26879],[-97.57598,30.26873],[-97.57383,30.26654],[-97.57297,30.26518],[-97.57357,30.26455],[-97.57352,30.26419],[-97.57175,30.26383],[-97.57043,30.26296],[-97.57031,30.26151],[-97.5695,30.26079],[-97.56891,30.26103],[-97.56837,30.25961],[-97.56742,30.259],[-97.56691,30.25957],[-97.56517,30.25951],[-97.56445,30.25885],[-97.56398,30.25808],[-97.56427,30.25717],[-97.56368,30.25644],[-97.56495,30.25505],[-97.56397,30.25148],[-97.56304,30.25123],[-97.56228,30.25026],[-97.56238,30.24932],[-97.55989,30.24883],[-97.5588,30.24908],[-97.55877,30.24849],[-97.55831,30.24806],[-97.55806,30.24811],[-97.5582,30.24757],[-97.55783,30.24716],[-97.55789,30.24683],[-97.55891,30.24689],[-97.55887,30.24731],[-97.56024,30.24701],[-97.56083,30.24559],[-97.56038,30.24498],[-97.55982,30.24469],[-97.55917,30.24537],[-97.55878,30.24531],[-97.55855,30.24411],[-97.55883,30.24403],[-97.55896,30.24364],[-97.55844,30.24298],[-97.55811,30.24145],[-97.55732,30.24131],[-97.55642,30.24065],[-97.55604,30.24104],[-97.55608,30.24199],[-97.55572,30.24253],[-97.55436,30.24288],[-97.55334,30.24275],[-97.55263,30.24302],[-97.55056,30.24226],[-97.55126,30.24125],[-97.55116,30.24059],[-97.54988,30.24039],[-97.54922,30.2412],[-97.54865,30.24135],[-97.54695,30.24081],[-97.54491,30.24087],[-97.54417,30.24031],[-97.54365,30.23903],[-97.5442,30.23691],[-97.5446,30.23629],[-97.54562,30.23583],[-97.54655,30.23587],[-97.54761,30.23556],[-97.54792,30.23505],[-97.54743,30.23449],[-97.54638,30.23437],[-97.54595,30.23272],[-97.54506,30.23208],[-97.54386,30.22975],[-97.54331,30.22773],[-97.54268,30.22702],[-97.54207,30.22674],[-97.54164,30.22611],[-97.54167,30.22525],[-97.53992,30.22599],[-97.53907,30.22579],[-97.53839,30.22528],[-97.53791,30.22443],[-97.53762,30.22193],[-97.53691,30.22111],[-97.53604,30.22063],[-97.53397,30.22011],[-97.53129,30.21973],[-97.52915,30.2186],[-97.52835,30.21853],[-97.52714,30.21879],[-97.5258,30.22017],[-97.52387,30.22122],[-97.52343,30.22208],[-97.52306,30.22365],[-97.52332,30.22718],[-97.52315,30.22812],[-97.5222,30.22893],[-97.52063,30.22928],[-97.51833,30.22916],[-97.51756,30.22857],[-97.51687,30.22698],[-97.51651,30.22492],[-97.51647,30.22179],[-97.51611,30.21906],[-97.51558,30.21699],[-97.51357,30.21188],[-97.51324,30.2105],[-97.51416,30.21023],[-97.51499,30.2096],[-97.51531,30.20867],[-97.51499,30.20703],[-97.51674,30.20621],[-97.51888,30.20621],[-97.52046,30.20704],[-97.52327,30.20744],[-97.52668,30.2066],[-97.52878,30.20543],[-97.52935,30.20439],[-97.52913,30.20362],[-97.52678,30.2022],[-97.52558,30.20031],[-97.52413,30.19913],[-97.52372,30.19836],[-97.52253,30.19785],[-97.521,30.19779],[-97.51801,30.1984],[-97.51554,30.19857],[-97.51334,30.19923],[-97.5127,30.19962],[-97.50938,30.20355],[-97.50653,30.20599],[-97.5041,30.20777],[-97.50143,30.20845],[-97.49963,30.2105],[-97.49531,30.21728],[-97.49561,30.21739],[-97.49635,30.21611],[-97.49669,30.21593],[-97.49873,30.21708],[-97.50047,30.21421],[-97.50169,30.21502],[-97.49967,30.21795],[-97.49652,30.21614],[-97.49338,30.22119],[-97.49168,30.23055],[-97.49201,30.23179],[-97.49257,30.23265],[-97.49196,30.23218],[-97.48985,30.24451],[-97.48843,30.24649],[-97.48766,30.24548],[-97.48649,30.24502],[-97.48629,30.24527],[-97.48638,30.24564],[-97.4857,30.24618],[-97.48468,30.24768],[-97.48426,30.24787],[-97.48422,30.24855],[-97.48348,30.24916],[-97.47383,30.24426],[-97.47317,30.24519],[-97.47379,30.24558],[-97.4735,30.24566],[-97.47277,30.24677],[-97.47129,30.24744],[-97.47076,30.24826],[-97.46995,30.2489],[-97.47288,30.24371],[-97.46454,30.23981],[-97.45593,30.25293],[-97.45287,30.25135],[-97.45177,30.25352],[-97.45112,30.25333],[-97.44954,30.25594],[-97.44994,30.25653],[-97.44709,30.2597],[-97.4476,30.25992],[-97.44542,30.26316],[-97.4476,30.265],[-97.44975,30.26196],[-97.45292,30.26321],[-97.45374,30.26181],[-97.46045,30.26518],[-97.4616,30.26314],[-97.46189,30.26212],[-97.46762,30.26487],[-97.46883,30.26523],[-97.4692,30.26526],[-97.46976,30.26437],[-97.47126,30.26419],[-97.47283,30.26541],[-97.47493,30.26672],[-97.47654,30.2674],[-97.47695,30.26784],[-97.47404,30.27246],[-97.4833,30.27673],[-97.48327,30.2772],[-97.48229,30.27809],[-97.48331,30.27883],[-97.48521,30.27968],[-97.48228,30.28418],[-97.47695,30.28183],[-97.47453,30.28566],[-97.47074,30.28403],[-97.46894,30.28375],[-97.47125,30.2805],[-97.47078,30.27898],[-97.46977,30.27819],[-97.46865,30.27891],[-97.46637,30.2779],[-97.45941,30.28876],[-97.45997,30.28929],[-97.4643,30.29128],[-97.45257,30.30964],[-97.45152,30.31066],[-97.45027,30.31038],[-97.44974,30.31053],[-97.44397,30.31926],[-97.44769,30.31941],[-97.44785,30.31992],[-97.44833,30.32],[-97.44834,30.32095],[-97.44926,30.32097],[-97.44932,30.32001],[-97.45241,30.31996],[-97.45819,30.3222],[-97.46581,30.3241],[-97.47006,30.32368],[-97.47143,30.32381],[-97.47183,30.32424],[-97.47456,30.32441],[-97.47552,30.32813],[-97.47729,30.33022],[-97.48008,30.33093],[-97.48111,30.33503],[-97.48203,30.33762],[-97.48177,30.33927],[-97.48138,30.33908],[-97.47805,30.34435],[-97.47914,30.34491],[-97.47547,30.35074],[-97.47688,30.3514],[-97.46746,30.3516],[-97.46537,30.35518],[-97.46416,30.35461],[-97.46603,30.35161],[-97.44474,30.35159],[-97.42562,30.35241],[-97.42475,30.35346],[-97.42332,30.35277],[-97.42321,30.35292],[-97.43139,30.35668],[-97.43221,30.35544],[-97.43737,30.35839],[-97.42855,30.37165],[-97.44095,30.37724],[-97.44245,30.37724],[-97.44718,30.3762],[-97.44888,30.37644],[-97.45948,30.38141],[-97.46071,30.38177],[-97.46086,30.38311],[-97.46064,30.38431],[-97.45478,30.39349],[-97.43782,30.38519],[-97.41936,30.41484],[-97.46123,30.41391],[-97.46035,30.41518],[-97.47396,30.42166],[-97.4775,30.41614],[-97.48207,30.41815],[-97.48316,30.41662],[-97.48346,30.41652],[-97.50176,30.42538],[-97.50405,30.42184],[-97.50713,30.41804],[-97.50981,30.41397],[-97.5103,30.41433],[-97.51149,30.41619],[-97.51098,30.41738],[-97.51131,30.41816],[-97.51241,30.4192],[-97.51419,30.41995],[-97.51388,30.42054],[-97.51355,30.4206],[-97.51351,30.42101],[-97.51376,30.42136],[-97.5141,30.421],[-97.51439,30.42132],[-97.51377,30.42214],[-97.51386,30.42282],[-97.51436,30.42353],[-97.5151,30.42411],[-97.51555,30.42415],[-97.51605,30.42387],[-97.51793,30.42454],[-97.51742,30.42574],[-97.51762,30.42675],[-97.51738,30.42797],[-97.51646,30.42919],[-97.5168,30.42969],[-97.51707,30.42968],[-97.51757,30.43014],[-97.51827,30.4302],[-97.51932,30.43237],[-97.51982,30.4328],[-97.51951,30.43363],[-97.52017,30.43473],[-97.52021,30.43559],[-97.51934,30.43695],[-97.52042,30.43759],[-97.52036,30.43837],[-97.52067,30.43918],[-97.52103,30.43929],[-97.52102,30.43992],[-97.52149,30.44063],[-97.51995,30.44018],[-97.51757,30.44384],[-97.50904,30.43996],[-97.50719,30.44262],[-97.51063,30.44452],[-97.50417,30.45471],[-97.50173,30.45436],[-97.49823,30.46983],[-97.49963,30.47007],[-97.49877,30.47357],[-97.49833,30.47662],[-97.50135,30.47729],[-97.50137,30.47792],[-97.50255,30.48057],[-97.50479,30.4811],[-97.51086,30.48526],[-97.52236,30.47638],[-97.52397,30.47218],[-97.52712,30.47465],[-97.52828,30.46874],[-97.52437,30.46797],[-97.52543,30.46173],[-97.52646,30.45991],[-97.53297,30.44979],[-97.53575,30.45119],[-97.54352,30.43927],[-97.54651,30.44083],[-97.54676,30.44043],[-97.54607,30.43986],[-97.54674,30.43865],[-97.5466,30.4383],[-97.54699,30.43801],[-97.54706,30.43696],[-97.54736,30.43624],[-97.54822,30.43579],[-97.54825,30.43531],[-97.54888,30.43502],[-97.54954,30.43531],[-97.54955,30.43577],[-97.55032,30.43591],[-97.55071,30.43567],[-97.55089,30.4352],[-97.55151,30.43518],[-97.55228,30.43427],[-97.55274,30.43407],[-97.55284,30.43359],[-97.55227,30.4329],[-97.55087,30.43277],[-97.5505,30.43246],[-97.55069,30.43212],[-97.55041,30.43198],[-97.55055,30.43159],[-97.55097,30.43167],[-97.55068,30.43117],[-97.55087,30.43094],[-97.55153,30.43072],[-97.55192,30.43103],[-97.55233,30.4308],[-97.55247,30.43018],[-97.55224,30.4296],[-97.55059,30.42912],[-97.5418,30.42504],[-97.54079,30.42524],[-97.53917,30.42777],[-97.53865,30.42808],[-97.53804,30.42801],[-97.53286,30.42552],[-97.53196,30.42695],[-97.53179,30.42687],[-97.53204,30.42575],[-97.53171,30.42369],[-97.53108,30.42326],[-97.53125,30.423],[-97.53102,30.42227],[-97.53118,30.42212],[-97.53067,30.42144],[-97.53099,30.42121],[-97.53068,30.42084],[-97.53002,30.42079],[-97.53004,30.42055],[-97.53028,30.42051],[-97.53006,30.4202],[-97.52932,30.4199],[-97.52873,30.41899],[-97.52832,30.41909],[-97.52795,30.41873],[-97.52802,30.41837],[-97.52724,30.41833],[-97.52686,30.41804],[-97.52684,30.41766],[-97.5265,30.41739],[-97.52752,30.41681],[-97.52776,30.41626],[-97.52717,30.41624],[-97.52676,30.41566],[-97.52673,30.41468],[-97.52635,30.41439],[-97.5257,30.41466],[-97.52453,30.41419],[-97.52395,30.41428],[-97.52364,30.41379],[-97.52325,30.41403],[-97.52305,30.4139],[-97.5266,30.40873],[-97.53688,30.41357],[-97.53857,30.41083],[-97.53825,30.41065],[-97.5404,30.407],[-97.54141,30.40748],[-97.55104,30.39202],[-97.56843,30.40045],[-97.56921,30.399],[-97.57617,30.40222],[-97.57772,30.39976],[-97.57844,30.40005],[-97.58188,30.40183],[-97.58316,30.40629],[-97.58567,30.40236],[-97.59391,30.40626],[-97.58951,30.41309],[-97.59496,30.41575],[-97.59544,30.41724],[-97.59319,30.42065],[-97.59373,30.42092],[-97.59662,30.41655],[-97.6005,30.41829],[-97.6015,30.41672],[-97.60427,30.41805],[-97.60468,30.41783],[-97.60446,30.41619],[-97.60198,30.41638],[-97.60221,30.41408],[-97.6019,30.41302],[-97.60112,30.4128],[-97.59985,30.41293],[-97.59995,30.41204],[-97.60058,30.41081],[-97.60019,30.41001],[-97.60078,30.40963],[-97.60199,30.40986],[-97.60218,30.40955],[-97.60207,30.40886],[-97.60153,30.40834],[-97.60089,30.40833],[-97.59935,30.40758],[-97.59862,30.40765],[-97.59835,30.40746],[-97.59823,30.40627],[-97.59893,30.40549],[-97.59941,30.40528],[-97.60071,30.4059],[-97.60116,30.40562],[-97.60091,30.40548],[-97.60098,30.4038],[-97.60035,30.40382],[-97.59979,30.40309],[-97.59952,30.40352],[-97.59882,30.4032],[-97.59945,30.40197],[-97.59997,30.40209],[-97.60028,30.40135],[-97.6005,30.4015],[-97.60073,30.40134],[-97.60073,30.40076],[-97.59951,30.40037],[-97.59926,30.40055],[-97.598,30.39995],[-97.59885,30.39785],[-97.59799,30.39762],[-97.59737,30.39794],[-97.59647,30.39762],[-97.59644,30.39697],[-97.59713,30.39667],[-97.59724,30.39625],[-97.596,30.39581],[-97.59561,30.39596],[-97.59562,30.39636],[-97.59527,30.39646],[-97.5949,30.39619],[-97.59415,30.3969],[-97.59371,30.39688],[-97.5935,30.39657],[-97.59429,30.39599],[-97.60159,30.38419],[-97.60243,30.38334],[-97.60298,30.3842],[-97.60414,30.38414],[-97.60509,30.3846],[-97.60597,30.38571],[-97.60612,30.38637],[-97.60757,30.38783],[-97.60765,30.38821],[-97.60713,30.38904],[-97.60724,30.38965],[-97.6092,30.39132],[-97.60948,30.39191],[-97.61387,30.3944],[-97.61414,30.39397],[-97.61193,30.39295],[-97.61616,30.38633],[-97.62735,30.3918],[-97.62779,30.39234],[-97.62822,30.39362],[-97.62884,30.39434],[-97.63203,30.396],[-97.63291,30.3969],[-97.63328,30.39785],[-97.63356,30.4005],[-97.63401,30.4013],[-97.63464,30.40183],[-97.63506,30.40203],[-97.63717,30.39871]]],[[[-97.61061,30.34263],[-97.60714,30.34089],[-97.60231,30.34827],[-97.60586,30.35008],[-97.61061,30.34263]]]]},"properties":{"zip_code":"78653","county":"Travis"}},{"type":"Feature","geometry":{"type":"Polygon","coordinates":[[[-98.41375,30.58553],[-98.41371,30.58378],[-98.41335,30.58224],[-98.41243,30.58007],[-98.41216,30.57784],[-98.41115,30.57464],[-98.4106,30.57359],[-98.40817,30.56967],[-98.40536,30.56616],[-98.40338,30.56426],[-98.40227,30.56377],[-98.39991,30.5636],[-98.39754,30.56408],[-98.3902,30.56779],[-98.3863,30.56883],[-98.38239,30.57049],[-98.37595,30.57389],[-98.3732,30.5745],[-98.37031,30.57444],[-98.36733,30.57355],[-98.36606,30.57292],[-98.36429,30.57159],[-98.35198,30.55839],[-98.35198,30.55808],[-98.34253,30.55573],[-98.33926,30.55554],[-98.3377,30.55589],[-98.33616,30.55719],[-98.33276,30.55944],[-98.32775,30.56457],[-98.32586,30.56609],[-98.32388,30.56691],[-98.32273,30.56695],[-98.32109,30.56665],[-98.31686,30.56477],[-98.31502,30.5629],[-98.30933,30.55893],[-98.3004,30.5547],[-98.29482,30.55326],[-98.2915,30.55293],[-98.28905,30.55306],[-98.28602,30.55561],[-98.28479,30.55713],[-98.28407,30.55605],[-98.28872,30.55085],[-98.29094,30.54956],[-98.29091,30.54526],[-98.30042,30.54517],[-98.30063,30.54563],[-98.30267,30.54515],[-98.30238,30.52656],[-98.30504,30.52656],[-98.30506,30.51896],[-98.30547,30.51765],[-98.3078,30.51533],[-98.31107,30.5152],[-98.31222,30.51339],[-98.3118,30.51328],[-98.31188,30.51312],[-98.31233,30.51324],[-98.31286,30.51242],[-98.31202,30.51204],[-98.31307,30.51041],[-98.31561,30.50936],[-98.31559,30.50733],[-98.31828,30.50596],[-98.31846,30.50526],[-98.31824,30.50472],[-98.32191,30.50461],[-98.32149,30.49747],[-98.32127,30.48531],[-98.32299,30.4852],[-98.32307,30.48239],[-98.32118,30.48211],[-98.32088,30.47801],[-98.26768,30.46375],[-98.2503,30.45945],[-98.24946,30.45889],[-98.22616,30.45275],[-98.22606,30.45657],[-98.23069,30.45816],[-98.23065,30.46772],[-98.24385,30.46776],[-98.24391,30.47418],[-98.24615,30.47452],[-98.24698,30.47427],[-98.24681,30.47559],[-98.24711,30.47682],[-98.24774,30.47807],[-98.24924,30.4793],[-98.25003,30.48029],[-98.25104,30.48264],[-98.25063,30.48346],[-98.25321,30.48765],[-98.25267,30.48859],[-98.25135,30.48983],[-98.25008,30.49047],[-98.24719,30.4915],[-98.24398,30.49169],[-98.24098,30.49232],[-98.24014,30.49311],[-98.25038,30.49424],[-98.26144,30.49752],[-98.26375,30.4984],[-98.26344,30.49867],[-98.26226,30.49892],[-98.26118,30.49839],[-98.2597,30.4981],[-98.25812,30.49699],[-98.25738,30.49675],[-98.25584,30.497],[-98.25439,30.4968],[-98.25207,30.4977],[-98.25083,30.49743],[-98.2496,30.49754],[-98.2485,30.49708],[-98.24562,30.49911],[-98.24509,30.49986],[-98.24371,30.49925],[-98.2431,30.49928],[-98.24272,30.49992],[-98.24264,30.5011],[-98.24227,30.50157],[-98.24153,30.50205],[-98.24016,30.50196],[-98.23978,30.50326],[-98.23621,30.50675],[-98.23516,30.50882],[-98.23479,30.51017],[-98.23481,30.51302],[-98.23538,30.51561],[-98.23539,30.51675],[-98.23714,30.51953],[-98.23713,30.52094],[-98.23662,30.52139],[-98.23455,30.5218],[-98.23378,30.52153],[-98.2327,30.52042],[-98.23179,30.5199],[-98.23091,30.51997],[-98.22995,30.52068],[-98.2293,30.52214],[-98.22939,30.52515],[-98.22844,30.52815],[-98.22835,30.52964],[-98.22894,30.53114],[-98.22874,30.53222],[-98.22827,30.53251],[-98.22632,30.5324],[-98.22383,30.53269],[-98.2224,30.53324],[-98.22236,30.53409],[-98.22381,30.537],[-98.22308,30.53891],[-98.22286,30.53893],[-98.22031,30.53641],[-98.2186,30.53518],[-98.2175,30.53472],[-98.21658,30.53482],[-98.21276,30.53335],[-98.21131,30.53364],[-98.21045,30.53492],[-98.20854,30.53483],[-98.20628,30.53538],[-98.20005,30.53494],[-98.19543,30.53493],[-98.19614,30.53438],[-98.19579,30.53279],[-98.19588,30.53249],[-98.19636,30.53265],[-98.19601,30.5323],[-98.19564,30.53239],[-98.19548,30.53286],[-98.19533,30.53374],[-98.19573,30.53416],[-98.19534,30.53462],[-98.19443,30.5342],[-98.19212,30.53743],[-98.19027,30.53863],[-98.18907,30.53901],[-98.18868,30.53885],[-98.18774,30.53669],[-98.18633,30.53526],[-98.18575,30.53553],[-98.18521,30.53492],[-98.18314,30.53381],[-98.18143,30.53327],[-98.18131,30.53301],[-98.17966,30.53277],[-98.17904,30.53241],[-98.17869,30.53247],[-98.17793,30.53332],[-98.17598,30.5359],[-98.17394,30.53662],[-98.17261,30.53646],[-98.17097,30.53555],[-98.17036,30.53452],[-98.17099,30.53342],[-98.17134,30.53222],[-98.17119,30.53027],[-98.17081,30.52945],[-98.17002,30.52933],[-98.16757,30.52629],[-98.16677,30.5257],[-98.16393,30.52455],[-98.16121,30.5241],[-98.15944,30.52322],[-98.16044,30.52247],[-98.15959,30.52267],[-98.15913,30.52193],[-98.15909,30.52284],[-98.15848,30.52268],[-98.15487,30.52303],[-98.15402,30.52274],[-98.15399,30.52246],[-98.15455,30.52189],[-98.15428,30.52168],[-98.15376,30.522],[-98.15423,30.52176],[-98.15434,30.52195],[-98.15377,30.52244],[-98.15413,30.52316],[-98.15397,30.52323],[-98.14939,30.52443],[-98.14636,30.52439],[-98.14497,30.52402],[-98.14481,30.52366],[-98.14429,30.5237],[-98.14376,30.52312],[-98.14311,30.52312],[-98.143,30.5227],[-98.14337,30.52203],[-98.14387,30.5217],[-98.14299,30.52185],[-98.14251,30.52155],[-98.1425,30.52116],[-98.14224,30.52192],[-98.14262,30.52231],[-98.14253,30.52275],[-98.1407,30.52284],[-98.13916,30.52486],[-98.13748,30.52622],[-98.13553,30.52868],[-98.13462,30.52937],[-98.13383,30.53077],[-98.13322,30.5306],[-98.13338,30.53173],[-98.13183,30.53365],[-98.13159,30.53372],[-98.13165,30.53345],[-98.13116,30.53306],[-98.13153,30.53347],[-98.13137,30.5344],[-98.13003,30.53586],[-98.12919,30.53638],[-98.12755,30.53674],[-98.12576,30.53642],[-98.12597,30.53603],[-98.1251,30.53434],[-98.12493,30.53272],[-98.12423,30.53141],[-98.12423,30.53034],[-98.1249,30.5299],[-98.12419,30.52991],[-98.12391,30.52947],[-98.12161,30.52331],[-98.12258,30.52156],[-98.12315,30.52113],[-98.12336,30.52113],[-98.12323,30.5223],[-98.12378,30.52219],[-98.12394,30.52275],[-98.12427,30.52257],[-98.12528,30.52126],[-98.12529,30.51922],[-98.131,30.5168],[-98.13223,30.51589],[-98.13321,30.51473],[-98.13373,30.51335],[-98.13348,30.51029],[-98.1312,30.50225],[-98.13089,30.49758],[-98.1304,30.49609],[-98.12951,30.49486],[-98.12764,30.49037],[-98.12588,30.48799],[-98.12541,30.48851],[-98.12313,30.48704],[-98.12342,30.48648],[-98.12311,30.48472],[-98.12089,30.48502],[-98.11817,30.48479],[-98.11372,30.48558],[-98.11056,30.49091],[-98.10828,30.49358],[-98.10592,30.49534],[-98.10318,30.49669],[-98.10086,30.49746],[-98.09778,30.49806],[-98.09779,30.49744],[-98.09253,30.49803],[-98.08815,30.49757],[-98.08325,30.49642],[-98.08242,30.49613],[-98.08081,30.49506],[-98.07991,30.49389],[-98.07943,30.49261],[-98.07965,30.48957],[-98.08034,30.48824],[-98.08258,30.48535],[-98.09108,30.47597],[-98.09149,30.47498],[-98.09109,30.47239],[-98.08967,30.46925],[-98.08812,30.4672],[-98.08564,30.46544],[-98.08242,30.46408],[-98.07537,30.46301],[-98.0656,30.46285],[-98.06252,30.46245],[-98.05999,30.46103],[-98.05717,30.45879],[-98.05528,30.45652],[-98.05425,30.45325],[-98.05399,30.45182],[-98.05419,30.45091],[-98.05605,30.44888],[-98.061,30.44533],[-98.06219,30.44403],[-98.06328,30.44199],[-98.06199,30.43741],[-98.06087,30.43527],[-98.05936,30.43392],[-98.05778,30.43317],[-98.05589,30.433],[-98.054,30.43332],[-98.05064,30.43511],[-98.04069,30.44292],[-98.03629,30.44768],[-98.03157,30.45504],[-98.02904,30.45965],[-98.02791,30.46314],[-98.02698,30.46735],[-98.02641,30.4684],[-98.02474,30.47399],[-98.02378,30.47626],[-98.02223,30.47808],[-98.02072,30.47941],[-98.0177,30.48061],[-98.01216,30.48058],[-98.00955,30.48001],[-98.01019,30.48032],[-98.00826,30.48309],[-98.00732,30.48266],[-98.00743,30.48324],[-98.00552,30.4849],[-98.00284,30.48838],[-97.99952,30.49384],[-97.99988,30.49678],[-97.99953,30.49789],[-97.99957,30.49895],[-98.00247,30.50425],[-98.00154,30.50396],[-98.00033,30.50422],[-97.99978,30.50476],[-97.99878,30.50669],[-97.99727,30.50726],[-97.99611,30.50721],[-97.9931,30.50571],[-97.9821,30.52236],[-98.01948,30.54008],[-98.01184,30.55178],[-98.0537,30.57214],[-98.05335,30.57302],[-98.05425,30.57436],[-98.05584,30.57557],[-98.05753,30.57579],[-98.05967,30.57749],[-98.06198,30.58087],[-98.06391,30.58242],[-98.06404,30.58282],[-98.06347,30.58379],[-98.06268,30.58637],[-98.06245,30.58813],[-98.06308,30.58972],[-98.06441,30.59039],[-98.06474,30.59102],[-98.06592,30.59153],[-98.0667,30.59284],[-98.05479,30.61502],[-98.05549,30.61473],[-98.05565,30.61401],[-98.05683,30.61212],[-98.06048,30.61263],[-98.06317,30.61398],[-98.06308,30.617],[-98.06356,30.61744],[-98.06485,30.61689],[-98.06668,30.6187],[-98.0675,30.61868],[-98.06922,30.61925],[-98.07282,30.61873],[-98.0732,30.61896],[-98.07338,30.61988],[-98.07404,30.62049],[-98.07687,30.61816],[-98.08333,30.6091],[-98.08504,30.60483],[-98.08582,30.60376],[-98.08705,30.60302],[-98.09093,30.60223],[-98.09437,30.60025],[-98.09589,30.59971],[-98.0963,30.59971],[-98.09846,30.60204],[-98.09986,30.60286],[-98.10062,30.60446],[-98.10172,30.60546],[-98.10237,30.60562],[-98.10497,30.60492],[-98.10778,30.60798],[-98.1184,30.61317],[-98.12802,30.60671],[-98.12977,30.60764],[-98.13097,30.61054],[-98.12907,30.61443],[-98.1581,30.6283],[-98.15898,30.62698],[-98.15952,30.62797],[-98.16083,30.62923],[-98.16298,30.63034],[-98.16329,30.63124],[-98.16355,30.6341],[-98.16312,30.63507],[-98.16234,30.63594],[-98.16023,30.63637],[-98.15999,30.63745],[-98.16028,30.63807],[-98.16194,30.63956],[-98.16331,30.64141],[-98.16323,30.64232],[-98.16215,30.64335],[-98.16328,30.64422],[-98.16416,30.64472],[-98.16679,30.64516],[-98.16775,30.64585],[-98.16943,30.64657],[-98.17089,30.64779],[-98.17429,30.64901],[-98.17831,30.65101],[-98.17892,30.65102],[-98.18117,30.65005],[-98.18247,30.65006],[-98.18387,30.65073],[-98.18622,30.65129],[-98.18776,30.65204],[-98.18873,30.65293],[-98.19489,30.64344],[-98.19899,30.64477],[-98.19816,30.64998],[-98.19596,30.64917],[-98.19801,30.65737],[-98.20153,30.65818],[-98.20776,30.65661],[-98.20941,30.66273],[-98.21691,30.66109],[-98.21503,30.65456],[-98.22161,30.65755],[-98.22279,30.65567],[-98.22682,30.65478],[-98.2259,30.65236],[-98.22646,30.65116],[-98.22866,30.64862],[-98.23176,30.64168],[-98.23336,30.63889],[-98.23374,30.63734],[-98.23362,30.63671],[-98.22961,30.63275],[-98.22963,30.63231],[-98.23446,30.63564],[-98.23653,30.63901],[-98.23754,30.642],[-98.23744,30.64509],[-98.2371,30.6457],[-98.23661,30.64612],[-98.23218,30.64766],[-98.23118,30.6482],[-98.2304,30.64904],[-98.23004,30.65011],[-98.22929,30.65622],[-98.22946,30.66016],[-98.22888,30.66405],[-98.22917,30.66496],[-98.23213,30.66907],[-98.23284,30.66929],[-98.23659,30.66923],[-98.24028,30.67139],[-98.24221,30.67355],[-98.24365,30.67677],[-98.24447,30.6773],[-98.24575,30.67752],[-98.24659,30.67814],[-98.24934,30.68304],[-98.25259,30.68424],[-98.255,30.68404],[-98.2548,30.67945],[-98.25662,30.65406],[-98.2586,30.65337],[-98.26013,30.65318],[-98.26273,30.65335],[-98.26623,30.65414],[-98.27036,30.65333],[-98.2856,30.66357],[-98.28661,30.66393],[-98.28695,30.66441],[-98.28671,30.66599],[-98.28765,30.66706],[-98.29063,30.66696],[-98.2977,30.67171],[-98.29721,30.67243],[-98.29716,30.67303],[-98.29765,30.67339],[-98.29651,30.67486],[-98.29672,30.6752],[-98.29813,30.67586],[-98.29881,30.677],[-98.29999,30.67752],[-98.30047,30.67927],[-98.30507,30.67158],[-98.30665,30.67151],[-98.3079,30.67274],[-98.30966,30.67229],[-98.31155,30.67269],[-98.31294,30.67328],[-98.31375,30.67408],[-98.31534,30.67426],[-98.31785,30.67619],[-98.31892,30.67769],[-98.31643,30.67071],[-98.32469,30.67469],[-98.32459,30.67519],[-98.3426,30.68362],[-98.34606,30.68347],[-98.34922,30.68454],[-98.351,30.68575],[-98.35133,30.68652],[-98.35272,30.68835],[-98.35694,30.69032],[-98.35731,30.68766],[-98.35685,30.68432],[-98.37556,30.68436],[-98.37589,30.67857],[-98.38197,30.679],[-98.3834,30.67606],[-98.38278,30.67555],[-98.38174,30.67547],[-98.38184,30.67518],[-98.38394,30.6729],[-98.38523,30.67096],[-98.38643,30.66987],[-98.38636,30.66647],[-98.38605,30.6651],[-98.38633,30.66409],[-98.38017,30.66163],[-98.37874,30.6605],[-98.37837,30.65968],[-98.37747,30.65906],[-98.37571,30.65956],[-98.37367,30.65924],[-98.37232,30.66005],[-98.37148,30.66103],[-98.37049,30.66103],[-98.36861,30.66009],[-98.36834,30.65939],[-98.36781,30.65883],[-98.36778,30.65826],[-98.36796,30.65785],[-98.36863,30.65748],[-98.36892,30.65664],[-98.37016,30.65544],[-98.3709,30.65517],[-98.37114,30.65485],[-98.37117,30.65407],[-98.37043,30.65345],[-98.36771,30.65299],[-98.36887,30.64969],[-98.36918,30.64814],[-98.36905,30.64745],[-98.37015,30.64606],[-98.37101,30.64565],[-98.37205,30.64553],[-98.37312,30.64581],[-98.37423,30.6452],[-98.37643,30.6463],[-98.37741,30.6456],[-98.37894,30.64556],[-98.37892,30.6431],[-98.37995,30.64239],[-98.38006,30.64218],[-98.37983,30.64186],[-98.37999,30.64168],[-98.38109,30.64174],[-98.38156,30.64123],[-98.38141,30.64083],[-98.38189,30.64058],[-98.38146,30.63988],[-98.38077,30.63978],[-98.40633,30.63736],[-98.40854,30.63753],[-98.40833,30.6362],[-98.40847,30.63518],[-98.40957,30.63307],[-98.40987,30.63199],[-98.40966,30.63031],[-98.40843,30.62849],[-98.40449,30.62592],[-98.40593,30.62486],[-98.40681,30.62385],[-98.40774,30.62371],[-98.41074,30.62421],[-98.41127,30.6239],[-98.41176,30.62282],[-98.4114,30.62249],[-98.41104,30.62072],[-98.41042,30.62006],[-98.41078,30.61957],[-98.41042,30.61922],[-98.41053,30.6184],[-98.41015,30.61696],[-98.4097,30.61674],[-98.40953,30.61819],[-98.40881,30.61808],[-98.40832,30.6186],[-98.40806,30.61836],[-98.40826,30.61815],[-98.40775,30.61803],[-98.40866,30.6177],[-98.40841,30.6176],[-98.40865,30.61725],[-98.40806,30.61627],[-98.40917,30.61597],[-98.40916,30.61547],[-98.40849,30.61477],[-98.4078,30.61476],[-98.40686,30.61527],[-98.40601,30.61446],[-98.40697,30.61447],[-98.40815,30.61387],[-98.40698,30.61315],[-98.40703,30.6126],[-98.40633,30.61163],[-98.40597,30.61159],[-98.40594,30.611],[-98.40541,30.61044],[-98.40528,30.60978],[-98.40243,30.60597],[-98.40164,30.6068],[-98.40119,30.60624],[-98.40131,30.60533],[-98.40092,30.60556],[-98.40051,30.60542],[-98.40141,30.60375],[-98.4,30.5973],[-98.40013,30.59618],[-98.4007,30.59464],[-98.40158,30.59384],[-98.40252,30.5931],[-98.40794,30.5905],[-98.41183,30.58818],[-98.4132,30.58691],[-98.41375,30.58553]]]},"properties":{"zip_code":"78654","county":"Travis"}},{"type":"Feature","geometry":{"type":"Polygon","coordinates":[[[-97.88606,29.82888],[-97.88394,29.82681],[-97.88504,29.82576],[-97.87948,29.82011],[-97.87902,29.82039],[-97.87636,29.81804],[-97.87944,29.81556],[-97.87607,29.81185],[-97.87746,29.81061],[-97.87666,29.80967],[-97.87847,29.80848],[-97.8779,29.80813],[-97.87689,29.80807],[-97.87704,29.80756],[-97.87746,29.80721],[-97.87697,29.80658],[-97.87669,29.80672],[-97.87518,29.80482],[-97.87542,29.80464],[-97.87444,29.8034],[-97.87768,29.80108],[-97.8752,29.7985],[-97.87194,29.80075],[-97.86903,29.79785],[-97.86797,29.79865],[-97.86547,29.79589],[-97.86848,29.79319],[-97.86203,29.78668],[-97.86044,29.78794],[-97.85831,29.78577],[-97.86023,29.78413],[-97.85827,29.78209],[-97.86643,29.77583],[-97.86305,29.77241],[-97.84486,29.78599],[-97.83843,29.78186],[-97.8389,29.78153],[-97.83811,29.78086],[-97.84624,29.77446],[-97.84537,29.77341],[-97.83567,29.78064],[-97.83687,29.78228],[-97.83833,29.7835],[-97.83739,29.78329],[-97.83615,29.78256],[-97.83547,29.78285],[-97.83375,29.7815],[-97.83265,29.782],[-97.8314,29.78301],[-97.8312,29.78248],[-97.83056,29.7821],[-97.83052,29.78134],[-97.83015,29.78087],[-97.83317,29.77893],[-97.8288,29.7721],[-97.82587,29.76881],[-97.8268,29.76813],[-97.82324,29.76449],[-97.82248,29.76342],[-97.82067,29.7573],[-97.80562,29.76777],[-97.80573,29.76818],[-97.80706,29.76899],[-97.80841,29.7707],[-97.80845,29.77122],[-97.80902,29.77212],[-97.81045,29.7729],[-97.81126,29.77424],[-97.81117,29.7745],[-97.80988,29.77431],[-97.80797,29.77464],[-97.8064,29.77325],[-97.80554,29.77316],[-97.80523,29.77376],[-97.80611,29.77429],[-97.80646,29.77534],[-97.80565,29.77706],[-97.80623,29.77738],[-97.80648,29.77809],[-97.80695,29.77829],[-97.80821,29.77964],[-97.80975,29.77978],[-97.81057,29.78022],[-97.81137,29.78029],[-97.8119,29.77994],[-97.81155,29.7795],[-97.81092,29.77942],[-97.81117,29.77885],[-97.81213,29.77816],[-97.81293,29.77832],[-97.8151,29.78073],[-97.81476,29.78103],[-97.81449,29.78094],[-97.81387,29.78215],[-97.81195,29.78347],[-97.81188,29.78391],[-97.81347,29.78413],[-97.81404,29.78442],[-97.81452,29.7851],[-97.7956,29.79929],[-97.79945,29.80636],[-97.79939,29.80695],[-97.79984,29.80756],[-97.7986,29.81021],[-97.79877,29.81126],[-97.79863,29.81229],[-97.79763,29.813],[-97.79673,29.81412],[-97.79677,29.8148],[-97.79753,29.8159],[-97.79746,29.81735],[-97.79827,29.81881],[-97.79796,29.82027],[-97.79598,29.82221],[-97.79629,29.82283],[-97.79644,29.82445],[-97.79625,29.82549],[-97.79423,29.82654],[-97.79382,29.82712],[-97.79418,29.82827],[-97.79468,29.82871],[-97.79546,29.82874],[-97.7958,29.82915],[-97.79594,29.82996],[-97.79568,29.83065],[-97.79657,29.83343],[-97.79637,29.83384],[-97.79587,29.83408],[-97.79372,29.83445],[-97.79254,29.83501],[-97.79147,29.83518],[-97.78969,29.83684],[-97.78802,29.83746],[-97.78754,29.83832],[-97.78668,29.83818],[-97.78682,29.83878],[-97.7922,29.84432],[-97.79211,29.84469],[-97.79372,29.84957],[-97.79521,29.85211],[-97.79629,29.85339],[-97.79719,29.85401],[-97.79734,29.85472],[-97.79853,29.85635],[-97.79853,29.85727],[-97.79879,29.85791],[-97.79966,29.85921],[-97.80111,29.85933],[-97.80203,29.85866],[-97.80349,29.85834],[-97.80706,29.85945],[-97.80913,29.86152],[-97.80975,29.86167],[-97.81158,29.86297],[-97.81367,29.86587],[-97.80267,29.87315],[-97.80283,29.87332],[-97.8144,29.87369],[-97.81555,29.87293],[-97.81662,29.87385],[-97.83613,29.87453],[-97.84276,29.86943],[-97.84213,29.86733],[-97.84695,29.86374],[-97.84808,29.86485],[-97.85355,29.85937],[-97.85592,29.86169],[-97.8552,29.8626],[-97.86001,29.86756],[-97.86536,29.86331],[-97.86735,29.86418],[-97.86884,29.8631],[-97.88052,29.86532],[-97.87965,29.8636],[-97.8798,29.86309],[-97.8791,29.86074],[-97.87601,29.86055],[-97.87463,29.8599],[-97.87456,29.8595],[-97.87541,29.85854],[-97.8749,29.85759],[-97.87344,29.85637],[-97.87429,29.85575],[-97.87321,29.85318],[-97.87432,29.85197],[-97.86823,29.84555],[-97.88606,29.82888]]]},"properties":{"zip_code":"78655","county":"Caldwell"}},{"type":"Feature","geometry":{"type":"Polygon","coordinates":[[[-97.89016,29.88632],[-97.88867,29.88502],[-97.88908,29.88471],[-97.88736,29.88267],[-97.88704,29.88379],[-97.88391,29.88414],[-97.88325,29.88389],[-97.87979,29.88689],[-97.8793,29.88637],[-97.87781,29.88742],[-97.87795,29.88758],[-97.87638,29.88846],[-97.87551,29.88807],[-97.87323,29.88806],[-97.87285,29.88787],[-97.86624,29.88803],[-97.86484,29.88699],[-97.86434,29.88741],[-97.86238,29.88585],[-97.86205,29.88615],[-97.86172,29.88588],[-97.86079,29.88674],[-97.85943,29.88564],[-97.85937,29.88428],[-97.85692,29.88229],[-97.85682,29.88013],[-97.85314,29.87998],[-97.85163,29.88115],[-97.84859,29.87812],[-97.85267,29.87509],[-97.85905,29.8752],[-97.85626,29.87243],[-97.86735,29.86418],[-97.86536,29.86331],[-97.86001,29.86756],[-97.8552,29.8626],[-97.85592,29.86169],[-97.85355,29.85937],[-97.84808,29.86485],[-97.84695,29.86374],[-97.84213,29.86733],[-97.84276,29.86943],[-97.83613,29.87453],[-97.81662,29.87385],[-97.81555,29.87293],[-97.8144,29.87369],[-97.80283,29.87332],[-97.80267,29.87315],[-97.81325,29.86616],[-97.80699,29.85987],[-97.78969,29.87287],[-97.76337,29.87205],[-97.76278,29.87185],[-97.76248,29.87214],[-97.76187,29.87172],[-97.74038,29.87057],[-97.74873,29.88269],[-97.74463,29.8835],[-97.74315,29.88417],[-97.74426,29.88424],[-97.74563,29.8858],[-97.74679,29.88597],[-97.74859,29.88913],[-97.75029,29.88956],[-97.75523,29.89246],[-97.75565,29.89312],[-97.75707,29.89422],[-97.75732,29.89475],[-97.75899,29.8961],[-97.75979,29.89762],[-97.7609,29.89796],[-97.76151,29.89778],[-97.76359,29.89837],[-97.76399,29.89882],[-97.76446,29.90048],[-97.76531,29.90132],[-97.76605,29.90141],[-97.76659,29.90202],[-97.76728,29.90216],[-97.76836,29.90141],[-97.76884,29.9014],[-97.76977,29.90268],[-97.77044,29.90293],[-97.77217,29.90248],[-97.77258,29.90199],[-97.77363,29.90192],[-97.77415,29.90216],[-97.77577,29.90123],[-97.77636,29.90107],[-97.77673,29.90125],[-97.77701,29.90206],[-97.77782,29.9029],[-97.77968,29.90347],[-97.78081,29.90434],[-97.78195,29.90712],[-97.78326,29.90926],[-97.78716,29.91382],[-97.7622,29.93229],[-97.75225,29.94137],[-97.74534,29.94693],[-97.74677,29.95436],[-97.75235,29.95358],[-97.75274,29.95553],[-97.75884,29.95447],[-97.75769,29.94866],[-97.76952,29.9469],[-97.77092,29.95402],[-97.77979,29.95206],[-97.77828,29.95006],[-97.78488,29.94951],[-97.78749,29.94903],[-97.784,29.94587],[-97.78597,29.94463],[-97.78785,29.94593],[-97.78978,29.94661],[-97.79192,29.94465],[-97.79243,29.94518],[-97.80313,29.94108],[-97.80345,29.94124],[-97.80745,29.93934],[-97.79959,29.93114],[-97.80258,29.92872],[-97.80545,29.9334],[-97.80744,29.93257],[-97.8094,29.93576],[-97.80861,29.93618],[-97.80988,29.93791],[-97.81212,29.93697],[-97.81185,29.93651],[-97.81238,29.93627],[-97.81271,29.93687],[-97.82125,29.93257],[-97.82736,29.92909],[-97.83671,29.92222],[-97.85073,29.91508],[-97.85176,29.91605],[-97.85375,29.91489],[-97.85675,29.91726],[-97.8588,29.91569],[-97.86325,29.91944],[-97.86426,29.91846],[-97.86608,29.91879],[-97.86807,29.91685],[-97.86616,29.91517],[-97.86714,29.91426],[-97.86665,29.91384],[-97.86706,29.90904],[-97.86363,29.90598],[-97.86959,29.90177],[-97.87684,29.90808],[-97.88462,29.90109],[-97.88191,29.89877],[-97.88131,29.89928],[-97.87778,29.89616],[-97.88126,29.89363],[-97.88112,29.89341],[-97.89016,29.88632]]]},"properties":{"zip_code":"78656","county":"Caldwell"}},{"type":"Feature","geometry":{"type":"Polygon","coordinates":[[[-97.23348,30.1702],[-97.23349,30.16984],[-97.23186,30.16842],[-97.2319,30.1686],[-97.22515,30.1747],[-97.22468,30.17443],[-97.22522,30.17361],[-97.22494,30.17275],[-97.22437,30.17228],[-97.22374,30.17266],[-97.22157,30.17085],[-97.22815,30.16532],[-97.21775,30.15648],[-97.22574,30.15174],[-97.22269,30.14885],[-97.22134,30.1487],[-97.22038,30.14938],[-97.21916,30.14947],[-97.21519,30.14727],[-97.21332,30.14663],[-97.21265,30.14516],[-97.21268,30.14198],[-97.21371,30.13706],[-97.21315,30.13471],[-97.21455,30.13458],[-97.21484,30.13416],[-97.21654,30.13354],[-97.21682,30.13309],[-97.21686,30.13234],[-97.21746,30.13232],[-97.2196,30.13105],[-97.22067,30.12897],[-97.22147,30.1288],[-97.2215,30.12857],[-97.22113,30.12826],[-97.22119,30.1275],[-97.22201,30.1261],[-97.22336,30.12279],[-97.22321,30.1206],[-97.22433,30.11925],[-97.22516,30.11696],[-97.22503,30.11618],[-97.22453,30.11579],[-97.22442,30.11531],[-97.22393,30.11515],[-97.22437,30.11452],[-97.22392,30.11393],[-97.22347,30.11382],[-97.22336,30.11294],[-97.22273,30.11201],[-97.2037,30.10779],[-97.19926,30.1228],[-97.19476,30.12288],[-97.19473,30.12125],[-97.18448,30.12151],[-97.18441,30.11338],[-97.18318,30.11347],[-97.17929,30.11441],[-97.17707,30.11534],[-97.17364,30.11701],[-97.16997,30.11984],[-97.16261,30.12291],[-97.15742,30.12347],[-97.15623,30.12417],[-97.15098,30.12592],[-97.1454,30.12656],[-97.13093,30.13138],[-97.12523,30.1276],[-97.12398,30.12809],[-97.12298,30.12818],[-97.11665,30.12733],[-97.11534,30.12743],[-97.11473,30.12778],[-97.11449,30.12932],[-97.11422,30.12964],[-97.11353,30.12993],[-97.10838,30.13071],[-97.10608,30.13139],[-97.10338,30.1326],[-97.10084,30.13263],[-97.10085,30.13308],[-97.08577,30.13342],[-97.08557,30.13369],[-97.08562,30.13731],[-97.08527,30.13754],[-97.0746,30.13776],[-97.06369,30.1217],[-97.06265,30.12046],[-97.06321,30.13802],[-97.05904,30.1381],[-97.0549,30.13783],[-97.04821,30.13795],[-97.05419,30.1598],[-97.04768,30.16049],[-97.04884,30.16235],[-97.04959,30.16231],[-97.05162,30.17094],[-97.04402,30.17223],[-97.04443,30.17357],[-97.04416,30.17428],[-97.04478,30.17598],[-97.04471,30.17647],[-97.04197,30.17753],[-97.04095,30.17695],[-97.03932,30.17726],[-97.03881,30.17763],[-97.03864,30.17839],[-97.03819,30.17899],[-97.035,30.18195],[-97.03375,30.18268],[-97.03357,30.18318],[-97.03208,30.18289],[-97.03193,30.18354],[-97.02842,30.18288],[-97.0212,30.18296],[-97.01172,30.18397],[-97.00906,30.18481],[-97.00836,30.18516],[-97.0075,30.19204],[-97.01592,30.19331],[-97.01502,30.19871],[-97.01864,30.19935],[-97.01907,30.20289],[-97.01813,30.20871],[-97.02674,30.21004],[-97.02847,30.21079],[-97.02788,30.2127],[-97.02563,30.21548],[-97.02356,30.21549],[-97.01949,30.22518],[-97.02074,30.2259],[-97.02171,30.22681],[-97.02492,30.23176],[-97.02925,30.2308],[-97.03148,30.23056],[-97.0351,30.23869],[-97.04047,30.24086],[-97.04324,30.24716],[-97.04521,30.24882],[-97.04778,30.25031],[-97.05033,30.25238],[-97.05287,30.25788],[-97.05343,30.25803],[-97.05687,30.25699],[-97.05772,30.25737],[-97.05822,30.25796],[-97.05884,30.26051],[-97.05836,30.26172],[-97.05918,30.26259],[-97.05923,30.26433],[-97.05817,30.26575],[-97.05699,30.26587],[-97.05662,30.26674],[-97.05429,30.26777],[-97.05363,30.26935],[-97.05366,30.26992],[-97.05463,30.27088],[-97.05463,30.27118],[-97.05355,30.27205],[-97.05437,30.27299],[-97.05445,30.27352],[-97.05402,30.27382],[-97.05358,30.27379],[-97.05207,30.27313],[-97.05096,30.27313],[-97.0503,30.27366],[-97.0499,30.27492],[-97.05043,30.27542],[-97.05302,30.2759],[-97.05413,30.27638],[-97.05458,30.27684],[-97.05492,30.27799],[-97.05576,30.27856],[-97.05531,30.27923],[-97.05544,30.27959],[-97.05708,30.27989],[-97.05708,30.27948],[-97.0575,30.27948],[-97.05843,30.27996],[-97.05864,30.28033],[-97.05856,30.28143],[-97.05959,30.28218],[-97.05919,30.28257],[-97.05837,30.28271],[-97.05813,30.28347],[-97.05827,30.28408],[-97.05956,30.28459],[-97.05951,30.28484],[-97.05832,30.28528],[-97.05834,30.2866],[-97.05908,30.288],[-97.06767,30.28989],[-97.071,30.29126],[-97.07202,30.29218],[-97.07408,30.29554],[-97.07505,30.29624],[-97.07917,30.298],[-97.07974,30.29897],[-97.08176,30.30119],[-97.08258,30.30405],[-97.08331,30.30518],[-97.08479,30.30442],[-97.08666,30.30387],[-97.08659,30.30334],[-97.08601,30.30279],[-97.08759,30.30215],[-97.09313,30.30362],[-97.09406,30.30408],[-97.09688,30.30355],[-97.09778,30.30383],[-97.09807,30.30415],[-97.09841,30.30607],[-97.09915,30.30701],[-97.09992,30.30901],[-97.10071,30.30969],[-97.10541,30.30848],[-97.1084,30.30626],[-97.11022,30.30532],[-97.11165,30.30534],[-97.11531,30.30461],[-97.11568,30.30479],[-97.11613,30.30578],[-97.11759,30.30603],[-97.11822,30.30603],[-97.11893,30.30566],[-97.12171,30.30582],[-97.12469,30.30541],[-97.12466,30.30486],[-97.12551,30.30426],[-97.12566,30.30354],[-97.12541,30.30331],[-97.12571,30.30291],[-97.12527,30.30225],[-97.12604,30.30174],[-97.12696,30.30151],[-97.12739,30.30157],[-97.12844,30.30242],[-97.12872,30.30333],[-97.13138,30.30343],[-97.13229,30.30265],[-97.13215,30.30211],[-97.13284,30.30112],[-97.13395,30.30044],[-97.13493,30.30026],[-97.1355,30.2995],[-97.13532,30.29915],[-97.1359,30.29879],[-97.13584,30.29786],[-97.13648,30.29739],[-97.13626,30.29677],[-97.137,30.29667],[-97.13723,30.29629],[-97.17167,30.31928],[-97.16188,30.2965],[-97.17731,30.29148],[-97.17341,30.28197],[-97.1713,30.27741],[-97.16841,30.27825],[-97.16796,30.27737],[-97.16804,30.27701],[-97.17071,30.27443],[-97.17126,30.27425],[-97.17273,30.27426],[-97.17375,30.27664],[-97.17169,30.27737],[-97.17197,30.27816],[-97.17312,30.27905],[-97.1817,30.27643],[-97.18457,30.27504],[-97.18537,30.27539],[-97.18625,30.27673],[-97.18679,30.2769],[-97.19486,30.26942],[-97.19543,30.26922],[-97.17256,30.25008],[-97.16992,30.24811],[-97.1477,30.22936],[-97.14749,30.22882],[-97.15688,30.22581],[-97.15739,30.22587],[-97.16048,30.22493],[-97.1607,30.22479],[-97.16056,30.22463],[-97.15932,30.22368],[-97.1485,30.21785],[-97.14581,30.21741],[-97.14413,30.21768],[-97.14292,30.21816],[-97.14142,30.21456],[-97.14639,30.21656],[-97.14848,30.21531],[-97.16447,30.2223],[-97.16096,30.22462],[-97.16431,30.23056],[-97.16462,30.23246],[-97.16579,30.23493],[-97.16729,30.23632],[-97.16994,30.23777],[-97.17958,30.22891],[-97.18496,30.23125],[-97.20156,30.2372],[-97.20355,30.23528],[-97.20307,30.23342],[-97.20246,30.23223],[-97.20204,30.23188],[-97.20308,30.23008],[-97.20334,30.22826],[-97.20718,30.2245],[-97.21144,30.22826],[-97.21235,30.23076],[-97.21369,30.23341],[-97.21406,30.23644],[-97.216,30.23822],[-97.21743,30.23558],[-97.21946,30.23349],[-97.22039,30.23123],[-97.21965,30.22861],[-97.21984,30.22764],[-97.21881,30.22509],[-97.2172,30.22397],[-97.21707,30.22352],[-97.21571,30.22214],[-97.21515,30.21954],[-97.21465,30.2186],[-97.2131,30.21757],[-97.21339,30.21659],[-97.21296,30.21621],[-97.21295,30.21408],[-97.21242,30.21306],[-97.21329,30.2111],[-97.21368,30.20948],[-97.21288,30.20762],[-97.21481,30.20633],[-97.21617,30.20489],[-97.2195,30.20334],[-97.22373,30.20057],[-97.22506,30.19941],[-97.22592,30.19918],[-97.22879,30.19954],[-97.2309,30.19833],[-97.23117,30.19762],[-97.23084,30.19414],[-97.23251,30.19211],[-97.23251,30.18616],[-97.23198,30.17224],[-97.23225,30.17112],[-97.23348,30.1702]]]},"properties":{"zip_code":"78659","county":"Bastrop"}},{"type":"Feature","geometry":{"type":"Polygon","coordinates":[[[-97.67159,30.42442],[-97.67118,30.42431],[-97.67006,30.43019],[-97.66682,30.4297],[-97.66578,30.42926],[-97.66524,30.42885],[-97.66873,30.42334],[-97.66577,30.42182],[-97.66512,30.42295],[-97.66492,30.42496],[-97.66501,30.42145],[-97.65877,30.4184],[-97.65639,30.41653],[-97.65456,30.41436],[-97.65391,30.41511],[-97.65395,30.41626],[-97.65368,30.41674],[-97.65107,30.42028],[-97.65669,30.42341],[-97.65737,30.42438],[-97.65706,30.42575],[-97.65699,30.42937],[-97.6567,30.43021],[-97.65658,30.43041],[-97.65099,30.4277],[-97.64999,30.42928],[-97.64807,30.42858],[-97.6467,30.42854],[-97.64683,30.42631],[-97.64788,30.42474],[-97.64671,30.42371],[-97.64553,30.42313],[-97.64719,30.42038],[-97.64565,30.41929],[-97.64755,30.41874],[-97.64787,30.4184],[-97.64833,30.41877],[-97.65199,30.41296],[-97.65074,30.41218],[-97.64959,30.41046],[-97.64858,30.4096],[-97.64624,30.41333],[-97.64609,30.41424],[-97.64544,30.41417],[-97.64781,30.41055],[-97.64701,30.40967],[-97.64225,30.40886],[-97.64202,30.40799],[-97.64101,30.40687],[-97.6417,30.4065],[-97.63786,30.40473],[-97.63832,30.40366],[-97.63549,30.4023],[-97.63401,30.4013],[-97.63356,30.4005],[-97.63328,30.39785],[-97.63291,30.3969],[-97.63203,30.396],[-97.62884,30.39434],[-97.62822,30.39362],[-97.62779,30.39234],[-97.62708,30.39159],[-97.61616,30.38633],[-97.61193,30.39295],[-97.61414,30.39397],[-97.61387,30.3944],[-97.60948,30.39191],[-97.6092,30.39132],[-97.60724,30.38965],[-97.60713,30.38904],[-97.60765,30.38821],[-97.60757,30.38783],[-97.60612,30.38637],[-97.60597,30.38571],[-97.60509,30.3846],[-97.60414,30.38414],[-97.60298,30.3842],[-97.60243,30.38334],[-97.60159,30.38419],[-97.59429,30.39599],[-97.5935,30.39657],[-97.59371,30.39688],[-97.59415,30.3969],[-97.5949,30.39619],[-97.59527,30.39646],[-97.59562,30.39636],[-97.59561,30.39596],[-97.596,30.39581],[-97.59724,30.39625],[-97.59713,30.39667],[-97.59644,30.39697],[-97.59647,30.39762],[-97.59737,30.39794],[-97.59799,30.39762],[-97.59885,30.39785],[-97.598,30.39995],[-97.59926,30.40055],[-97.59951,30.40037],[-97.60073,30.40076],[-97.60073,30.40134],[-97.6005,30.4015],[-97.60028,30.40135],[-97.59997,30.40209],[-97.59945,30.40197],[-97.59882,30.4032],[-97.59952,30.40352],[-97.59979,30.40309],[-97.60035,30.40382],[-97.60098,30.4038],[-97.60091,30.40548],[-97.60116,30.40562],[-97.60071,30.4059],[-97.59941,30.40528],[-97.59893,30.40549],[-97.59823,30.40627],[-97.59835,30.40746],[-97.59862,30.40765],[-97.59935,30.40758],[-97.60089,30.40833],[-97.60153,30.40834],[-97.60202,30.40878],[-97.60218,30.40955],[-97.60199,30.40986],[-97.60078,30.40963],[-97.60019,30.41001],[-97.60058,30.41081],[-97.59995,30.41204],[-97.59985,30.41293],[-97.60112,30.4128],[-97.6019,30.41302],[-97.60221,30.41408],[-97.60198,30.41638],[-97.6044,30.41616],[-97.60468,30.41747],[-97.60466,30.41786],[-97.60427,30.41805],[-97.6015,30.41672],[-97.6005,30.41829],[-97.59662,30.41655],[-97.59373,30.42092],[-97.59319,30.42065],[-97.59544,30.41724],[-97.59496,30.41575],[-97.58951,30.41309],[-97.59391,30.40626],[-97.58567,30.40236],[-97.58316,30.40629],[-97.58188,30.40183],[-97.57844,30.40005],[-97.57772,30.39976],[-97.57617,30.40222],[-97.56921,30.399],[-97.56843,30.40045],[-97.55104,30.39202],[-97.54141,30.40748],[-97.5404,30.407],[-97.53825,30.41065],[-97.53857,30.41083],[-97.53688,30.41357],[-97.5266,30.40873],[-97.52305,30.4139],[-97.52325,30.41403],[-97.52364,30.41379],[-97.52395,30.41428],[-97.52453,30.41419],[-97.5257,30.41466],[-97.52635,30.41439],[-97.52673,30.41468],[-97.52676,30.41566],[-97.52717,30.41624],[-97.52776,30.41626],[-97.52752,30.41681],[-97.5265,30.41739],[-97.52684,30.41766],[-97.52686,30.41804],[-97.52724,30.41833],[-97.52802,30.41837],[-97.52795,30.41873],[-97.52832,30.41909],[-97.52873,30.41899],[-97.52932,30.4199],[-97.53006,30.4202],[-97.53028,30.42051],[-97.53004,30.42055],[-97.53002,30.42079],[-97.53068,30.42084],[-97.53099,30.42121],[-97.53067,30.42144],[-97.53118,30.42212],[-97.53102,30.42227],[-97.53125,30.423],[-97.53108,30.42326],[-97.53171,30.42369],[-97.53204,30.42575],[-97.53182,30.42689],[-97.53286,30.42552],[-97.53804,30.42801],[-97.53865,30.42808],[-97.53917,30.42777],[-97.54079,30.42524],[-97.5418,30.42504],[-97.55059,30.42912],[-97.55224,30.4296],[-97.55247,30.43018],[-97.55233,30.4308],[-97.55192,30.43103],[-97.55153,30.43072],[-97.55087,30.43094],[-97.55068,30.43117],[-97.55097,30.43167],[-97.55055,30.43159],[-97.55041,30.43198],[-97.55069,30.43212],[-97.5505,30.43246],[-97.55087,30.43277],[-97.55227,30.4329],[-97.55284,30.4336],[-97.55271,30.4341],[-97.55228,30.43427],[-97.55151,30.43518],[-97.55089,30.4352],[-97.55039,30.43588],[-97.54955,30.43577],[-97.54954,30.43531],[-97.54888,30.43502],[-97.54825,30.43531],[-97.54822,30.43579],[-97.54736,30.43624],[-97.54706,30.43696],[-97.54699,30.43801],[-97.5466,30.4383],[-97.54674,30.43865],[-97.54607,30.43986],[-97.54676,30.44043],[-97.54651,30.44083],[-97.54352,30.43927],[-97.54312,30.43969],[-97.53575,30.45119],[-97.53297,30.44979],[-97.52543,30.46173],[-97.52437,30.46797],[-97.52828,30.46874],[-97.52712,30.47465],[-97.52815,30.47543],[-97.54412,30.4796],[-97.54431,30.47939],[-97.54314,30.47916],[-97.54608,30.47542],[-97.55007,30.47648],[-97.54949,30.48025],[-97.55362,30.48077],[-97.55233,30.4875],[-97.55198,30.48745],[-97.55296,30.49029],[-97.56346,30.49183],[-97.56377,30.49556],[-97.56889,30.49616],[-97.56826,30.49972],[-97.57208,30.50026],[-97.58005,30.50039],[-97.5809,30.50086],[-97.5819,30.50046],[-97.58218,30.49992],[-97.58312,30.49759],[-97.58393,30.49404],[-97.58439,30.49386],[-97.59212,30.49373],[-97.59268,30.49413],[-97.59293,30.4975],[-97.59494,30.49723],[-97.59536,30.49483],[-97.59536,30.49417],[-97.595,30.49398],[-97.5952,30.49363],[-97.60016,30.4936],[-97.59957,30.4927],[-97.6001,30.49184],[-97.60012,30.48809],[-97.60954,30.48796],[-97.60958,30.48911],[-97.61017,30.48913],[-97.61019,30.49],[-97.61527,30.48955],[-97.61524,30.48792],[-97.62307,30.48786],[-97.62308,30.48715],[-97.62452,30.48714],[-97.62787,30.48527],[-97.63363,30.48401],[-97.6356,30.48089],[-97.64032,30.48183],[-97.64152,30.48183],[-97.64313,30.47983],[-97.6435,30.47815],[-97.64137,30.47309],[-97.64123,30.47233],[-97.64425,30.47245],[-97.646,30.47214],[-97.64583,30.47124],[-97.64409,30.47143],[-97.64282,30.47086],[-97.64376,30.46927],[-97.64281,30.46878],[-97.64421,30.46655],[-97.64609,30.46745],[-97.64748,30.46766],[-97.64763,30.46608],[-97.64708,30.46402],[-97.64631,30.46314],[-97.64754,30.46136],[-97.64902,30.45995],[-97.65082,30.45709],[-97.6506,30.45758],[-97.65951,30.46189],[-97.65979,30.46039],[-97.66238,30.46137],[-97.66317,30.46132],[-97.66458,30.4608],[-97.66472,30.46132],[-97.66531,30.46134],[-97.66568,30.46205],[-97.6659,30.46169],[-97.66806,30.46856],[-97.66773,30.46908],[-97.66921,30.46981],[-97.67071,30.46987],[-97.66659,30.45664],[-97.66628,30.45341],[-97.66663,30.45044],[-97.66813,30.44274],[-97.66875,30.44304],[-97.66882,30.44267],[-97.66861,30.44254],[-97.66931,30.44033],[-97.66851,30.44059],[-97.67159,30.42442]]]},"properties":{"zip_code":"78660","county":"Travis"}},{"type":"Feature","geometry":{"type":"Polygon","coordinates":[[[-97.7733,29.74193],[-97.77286,29.74224],[-97.77253,29.74199],[-97.77113,29.74198],[-97.77094,29.74175],[-97.7696,29.74191],[-97.76887,29.74178],[-97.76825,29.74125],[-97.7702,29.73925],[-97.7707,29.73782],[-97.77067,29.73632],[-97.77018,29.73482],[-97.7705,29.73347],[-97.77127,29.73284],[-97.77145,29.73371],[-97.77193,29.73419],[-97.77231,29.73404],[-97.77129,29.73263],[-97.76563,29.72903],[-97.76528,29.72848],[-97.76374,29.7279],[-97.763,29.72791],[-97.76187,29.72839],[-97.76128,29.7283],[-97.76069,29.72776],[-97.76059,29.72708],[-97.76112,29.72591],[-97.76104,29.72555],[-97.76021,29.72549],[-97.75982,29.72505],[-97.75934,29.72523],[-97.75922,29.72594],[-97.7587,29.72552],[-97.7586,29.72505],[-97.75922,29.72384],[-97.76057,29.72358],[-97.76354,29.72177],[-97.7652,29.72159],[-97.76647,29.72176],[-97.76847,29.72005],[-97.76832,29.71888],[-97.76566,29.71713],[-97.76374,29.71342],[-97.76279,29.71285],[-97.76147,29.71372],[-97.75904,29.71459],[-97.75869,29.71489],[-97.7585,29.71602],[-97.75731,29.717],[-97.75683,29.71775],[-97.75566,29.71773],[-97.75294,29.71663],[-97.74998,29.71463],[-97.74739,29.71427],[-97.74653,29.71344],[-97.74641,29.71301],[-97.74665,29.71256],[-97.74724,29.71212],[-97.7477,29.71227],[-97.74956,29.71203],[-97.74985,29.71181],[-97.74982,29.71156],[-97.74899,29.7111],[-97.74692,29.7111],[-97.74593,29.71141],[-97.74493,29.71269],[-97.74394,29.71186],[-97.74136,29.71259],[-97.73978,29.71252],[-97.73854,29.713],[-97.73831,29.71274],[-97.73742,29.71327],[-97.73685,29.71312],[-97.73606,29.71239],[-97.73502,29.71266],[-97.72869,29.71724],[-97.72852,29.71744],[-97.72979,29.71793],[-97.73416,29.71863],[-97.73589,29.71917],[-97.74054,29.72399],[-97.73382,29.72092],[-97.73297,29.72278],[-97.73231,29.72347],[-97.73142,29.7237],[-97.73076,29.72358],[-97.72984,29.72383],[-97.72811,29.7226],[-97.72735,29.72257],[-97.72659,29.72207],[-97.72593,29.72387],[-97.7252,29.72448],[-97.72575,29.7292],[-97.72229,29.7257],[-97.7175,29.72909],[-97.71699,29.72977],[-97.71649,29.7319],[-97.7157,29.73356],[-97.71191,29.73694],[-97.71169,29.73764],[-97.7118,29.74043],[-97.71129,29.74181],[-97.71021,29.74291],[-97.70607,29.74593],[-97.70563,29.74688],[-97.71089,29.75235],[-97.71565,29.74594],[-97.7166,29.74392],[-97.7168,29.74379],[-97.71732,29.74421],[-97.72331,29.73966],[-97.72454,29.73945],[-97.72539,29.74026],[-97.72589,29.74026],[-97.74487,29.72596],[-97.75013,29.72838],[-97.75144,29.72937],[-97.76074,29.74245],[-97.76502,29.7473],[-97.77171,29.74396],[-97.77178,29.74348],[-97.77147,29.74303],[-97.77046,29.74267],[-97.77073,29.74243],[-97.773,29.74234],[-97.7733,29.74193]]]},"properties":{"zip_code":"78661","county":"Caldwell"}},{"type":"Feature","geometry":{"type":"Polygon","coordinates":[[[-97.53296,29.95607],[-97.53076,29.95303],[-97.52967,29.95065],[-97.52939,29.9492],[-97.5294,29.94568],[-97.5282,29.9418],[-97.51819,29.93846],[-97.52395,29.92968],[-97.51731,29.93462],[-97.51079,29.93779],[-97.50762,29.93995],[-97.50732,29.93976],[-97.50444,29.94095],[-97.50441,29.93878],[-97.50485,29.9376],[-97.51551,29.92172],[-97.51336,29.9205],[-97.5175,29.91499],[-97.51723,29.91456],[-97.51365,29.9171],[-97.51119,29.9184],[-97.51065,29.91922],[-97.49031,29.93344],[-97.48005,29.92479],[-97.48781,29.9125],[-97.49078,29.90902],[-97.4978,29.89802],[-97.49857,29.89598],[-97.49983,29.894],[-97.49794,29.89297],[-97.49911,29.89121],[-97.4969,29.8883],[-97.49897,29.88503],[-97.50018,29.88547],[-97.50316,29.88046],[-97.49124,29.87465],[-97.49175,29.8737],[-97.48852,29.87201],[-97.48735,29.87358],[-97.4853,29.87988],[-97.48496,29.87993],[-97.47996,29.87762],[-97.47538,29.88506],[-97.44834,29.87215],[-97.45159,29.86674],[-97.44611,29.86318],[-97.43675,29.85878],[-97.43219,29.8563],[-97.42068,29.87476],[-97.42594,29.87922],[-97.41992,29.88541],[-97.42009,29.88583],[-97.41984,29.88809],[-97.41941,29.8896],[-97.41803,29.89023],[-97.417,29.89125],[-97.41595,29.89188],[-97.41509,29.89159],[-97.4117,29.89197],[-97.4113,29.8932],[-97.41082,29.89371],[-97.41046,29.89362],[-97.40948,29.89445],[-97.40785,29.89521],[-97.40565,29.89511],[-97.40478,29.89617],[-97.40367,29.89694],[-97.40301,29.89826],[-97.40095,29.90064],[-97.39914,29.901],[-97.39896,29.90236],[-97.39945,29.90298],[-97.39863,29.90343],[-97.39838,29.90416],[-97.3985,29.90528],[-97.39744,29.90632],[-97.39685,29.90738],[-97.39689,29.90767],[-97.39753,29.9074],[-97.39783,29.90901],[-97.3971,29.91205],[-97.39667,29.91225],[-97.39621,29.91168],[-97.3948,29.91198],[-97.39133,29.91362],[-97.3912,29.91533],[-97.39177,29.91622],[-97.39198,29.91713],[-97.39116,29.91927],[-97.38989,29.91972],[-97.38741,29.92127],[-97.38451,29.92215],[-97.38471,29.92343],[-97.38362,29.92382],[-97.38303,29.92483],[-97.38319,29.92518],[-97.38407,29.92577],[-97.38357,29.92703],[-97.37344,29.9221],[-97.37344,29.92185],[-97.37014,29.921],[-97.37054,29.91976],[-97.36705,29.91812],[-97.36164,29.92678],[-97.36012,29.92785],[-97.35982,29.92863],[-97.36122,29.93027],[-97.36336,29.93087],[-97.36409,29.93207],[-97.36648,29.9341],[-97.36691,29.93497],[-97.36261,29.93616],[-97.36178,29.93663],[-97.35945,29.93623],[-97.35908,29.93663],[-97.35807,29.93696],[-97.35691,29.93699],[-97.35396,29.93936],[-97.35112,29.94069],[-97.35134,29.94236],[-97.35063,29.94651],[-97.35198,29.94721],[-97.35306,29.94821],[-97.35315,29.94862],[-97.35247,29.9501],[-97.35272,29.95111],[-97.35432,29.95131],[-97.35511,29.95112],[-97.35561,29.95133],[-97.35579,29.95174],[-97.35489,29.95303],[-97.35352,29.9539],[-97.35298,29.95493],[-97.35284,29.9564],[-97.35196,29.95816],[-97.35211,29.95878],[-97.35251,29.95907],[-97.34333,29.95452],[-97.34281,29.95542],[-97.34293,29.95573],[-97.34043,29.95518],[-97.34142,29.95717],[-97.34278,29.95905],[-97.34514,29.96492],[-97.34673,29.9673],[-97.34822,29.96853],[-97.34733,29.96839],[-97.34555,29.96736],[-97.34501,29.96735],[-97.34443,29.96789],[-97.3439,29.96785],[-97.34281,29.97151],[-97.35112,29.97549],[-97.35292,29.97194],[-97.35424,29.97255],[-97.35512,29.97244],[-97.35569,29.97326],[-97.36169,29.97624],[-97.36279,29.97461],[-97.37478,29.98032],[-97.37301,29.98273],[-97.37558,29.9841],[-97.37402,29.98663],[-97.38502,29.99187],[-97.38574,29.9907],[-97.38642,29.99009],[-97.3921,29.99314],[-97.39108,29.99502],[-97.39506,29.99712],[-97.39948,29.99858],[-97.40526,30.00185],[-97.40704,29.99753],[-97.40815,29.99794],[-97.40958,29.99613],[-97.41064,29.99318],[-97.41404,29.98807],[-97.41872,29.99043],[-97.41938,29.98957],[-97.42004,29.98989],[-97.41992,29.9901],[-97.42206,29.99115],[-97.42279,29.99009],[-97.42406,29.99073],[-97.42857,29.98731],[-97.42649,29.9906],[-97.42761,29.99119],[-97.42868,29.98959],[-97.43028,29.99064],[-97.42907,29.99264],[-97.42936,29.99283],[-97.42911,29.9932],[-97.43014,29.99386],[-97.43031,29.99366],[-97.43158,29.9944],[-97.43174,29.9942],[-97.43259,29.99471],[-97.43241,29.99488],[-97.45586,30.00616],[-97.45547,30.00856],[-97.45815,30.00974],[-97.46012,30.00831],[-97.46102,30.00698],[-97.4629,30.00628],[-97.46282,30.00481],[-97.4686,29.99937],[-97.47067,30.00248],[-97.47231,30.00386],[-97.48181,29.996],[-97.47818,29.99264],[-97.48302,29.98841],[-97.48913,29.99407],[-97.48844,29.99455],[-97.49293,29.9973],[-97.49455,29.99577],[-97.49479,29.9952],[-97.49595,29.99485],[-97.49709,29.99574],[-97.49926,29.99403],[-97.50182,29.99606],[-97.50285,29.9951],[-97.50436,29.99728],[-97.50619,29.99759],[-97.50733,29.99656],[-97.50865,29.99761],[-97.50931,29.99702],[-97.51486,30.00173],[-97.52705,29.99083],[-97.53254,29.983],[-97.51682,29.9805],[-97.50719,29.97648],[-97.52508,29.96061],[-97.52576,29.96062],[-97.5284,29.96289],[-97.52869,29.96288],[-97.53296,29.95607]]]},"properties":{"zip_code":"78662","county":"Bastrop"}},{"type":"Feature","geometry":{"type":"Polygon","coordinates":[[[-98.55616,30.48542],[-98.55588,30.48375],[-98.55528,30.48285],[-98.55389,30.48165],[-98.5529,30.48021],[-98.55225,30.47785],[-98.54839,30.47954],[-98.54215,30.48147],[-98.54057,30.48218],[-98.53424,30.48641],[-98.52764,30.49003],[-98.52688,30.49081],[-98.52568,30.49302],[-98.52499,30.49382],[-98.52386,30.4945],[-98.52194,30.49499],[-98.52179,30.4948],[-98.52225,30.49185],[-98.52183,30.49108],[-98.51792,30.48918],[-98.51726,30.4885],[-98.51491,30.48787],[-98.51445,30.48752],[-98.51787,30.48135],[-98.51493,30.48129],[-98.51571,30.48089],[-98.50738,30.47736],[-98.50722,30.47698],[-98.50547,30.4757],[-98.50509,30.47498],[-98.50505,30.47417],[-98.50473,30.47388],[-98.50161,30.4732],[-98.50001,30.47235],[-98.49763,30.47246],[-98.49613,30.47189],[-98.49551,30.47192],[-98.4946,30.47029],[-98.49357,30.4676],[-98.4921,30.46804],[-98.49178,30.4689],[-98.49048,30.46934],[-98.48954,30.47233],[-98.48824,30.47291],[-98.48808,30.47363],[-98.48517,30.4765],[-98.4851,30.47681],[-98.48467,30.47669],[-98.48446,30.47603],[-98.48393,30.47545],[-98.48388,30.47465],[-98.48441,30.47245],[-98.48427,30.47157],[-98.48393,30.47202],[-98.48345,30.47196],[-98.48365,30.47123],[-98.48331,30.47081],[-98.48319,30.4689],[-98.48264,30.46788],[-98.48288,30.46758],[-98.48257,30.46678],[-98.48345,30.46587],[-98.47912,30.46117],[-98.47791,30.45806],[-98.47763,30.45589],[-98.4772,30.45542],[-98.47565,30.45617],[-98.46706,30.45866],[-98.4596,30.45958],[-98.45125,30.4621],[-98.45132,30.45089],[-98.45013,30.44967],[-98.45098,30.44827],[-98.45085,30.44683],[-98.45053,30.44582],[-98.44966,30.44481],[-98.44976,30.44367],[-98.44902,30.44236],[-98.44878,30.43996],[-98.44858,30.43997],[-98.44819,30.44081],[-98.44849,30.44119],[-98.44848,30.44163],[-98.4478,30.44239],[-98.44634,30.44309],[-98.44512,30.44309],[-98.4449,30.44329],[-98.44499,30.44397],[-98.44435,30.44521],[-98.44529,30.44599],[-98.44537,30.44647],[-98.44436,30.44677],[-98.44375,30.44738],[-98.44387,30.44777],[-98.44457,30.44788],[-98.44465,30.44843],[-98.4445,30.44883],[-98.44379,30.4494],[-98.4441,30.45142],[-98.44337,30.45182],[-98.44292,30.45263],[-98.44295,30.45407],[-98.44248,30.45531],[-98.44279,30.4579],[-98.4418,30.45818],[-98.43759,30.45822],[-98.43675,30.4585],[-98.43399,30.45786],[-98.43378,30.45756],[-98.43272,30.4505],[-98.43275,30.4472],[-98.43317,30.44617],[-98.4341,30.44516],[-98.43399,30.4441],[-98.43418,30.44362],[-98.43529,30.44316],[-98.43561,30.44229],[-98.43608,30.44188],[-98.43653,30.44002],[-98.43513,30.4381],[-98.4337,30.43755],[-98.43254,30.43755],[-98.43169,30.43716],[-98.43114,30.4374],[-98.42922,30.43497],[-98.39051,30.43572],[-98.38599,30.43221],[-98.3785,30.43262],[-98.377,30.43335],[-98.37677,30.43468],[-98.37513,30.43593],[-98.37484,30.43844],[-98.37485,30.43806],[-98.37446,30.43771],[-98.37262,30.4373],[-98.37192,30.43729],[-98.37135,30.43794],[-98.37078,30.4379],[-98.37073,30.43701],[-98.36904,30.43659],[-98.36892,30.43621],[-98.36841,30.43584],[-98.3666,30.43629],[-98.36513,30.43619],[-98.36423,30.4365],[-98.36038,30.43671],[-98.35995,30.4366],[-98.35906,30.43578],[-98.35633,30.43508],[-98.35171,30.4342],[-98.35057,30.43452],[-98.34836,30.43293],[-98.34846,30.43176],[-98.35598,30.41683],[-98.35967,30.40881],[-98.36058,30.40894],[-98.3696,30.40857],[-98.36927,30.4049],[-98.36844,30.40506],[-98.36782,30.40483],[-98.365,30.40051],[-98.36382,30.39976],[-98.36944,30.38814],[-98.36647,30.38811],[-98.36572,30.38782],[-98.35608,30.40517],[-98.35417,30.40394],[-98.35303,30.40353],[-98.35202,30.40439],[-98.35262,30.40462],[-98.353,30.4042],[-98.35516,30.40522],[-98.35148,30.41231],[-98.34953,30.41754],[-98.34786,30.41682],[-98.34774,30.41634],[-98.34689,30.41617],[-98.347,30.41581],[-98.34618,30.41555],[-98.34607,30.41579],[-98.34598,30.41701],[-98.34724,30.41707],[-98.3472,30.41747],[-98.34852,30.41803],[-98.34921,30.4187],[-98.34526,30.42889],[-98.34424,30.42896],[-98.34421,30.42865],[-98.34372,30.42869],[-98.34368,30.42899],[-98.34247,30.42897],[-98.34243,30.42748],[-98.34168,30.42751],[-98.3417,30.42781],[-98.34205,30.42783],[-98.34198,30.42901],[-98.34141,30.42899],[-98.34151,30.42789],[-98.34127,30.42785],[-98.34073,30.42794],[-98.34079,30.42825],[-98.34118,30.42826],[-98.34124,30.42909],[-98.34093,30.42913],[-98.34084,30.42843],[-98.34025,30.42845],[-98.34057,30.42906],[-98.33994,30.42904],[-98.34001,30.42779],[-98.34028,30.42751],[-98.3394,30.42752],[-98.33946,30.42686],[-98.34006,30.42576],[-98.34005,30.42461],[-98.34027,30.42415],[-98.33967,30.42357],[-98.33987,30.42148],[-98.33884,30.42058],[-98.33765,30.41831],[-98.33712,30.4179],[-98.33509,30.41518],[-98.33462,30.41511],[-98.33239,30.41564],[-98.32876,30.41578],[-98.32695,30.41535],[-98.3227,30.41335],[-98.31878,30.41189],[-98.3157,30.41152],[-98.31413,30.41101],[-98.3125,30.4096],[-98.31112,30.40675],[-98.30722,30.40259],[-98.30294,30.39989],[-98.2986,30.39863],[-98.2971,30.39796],[-98.29546,30.39675],[-98.29349,30.39469],[-98.29136,30.39383],[-98.28995,30.39361],[-98.28831,30.3924],[-98.28737,30.39217],[-98.28829,30.39178],[-98.29067,30.39216],[-98.29158,30.39256],[-98.29307,30.392],[-98.29387,30.39128],[-98.29206,30.39074],[-98.29175,30.39043],[-98.29169,30.38981],[-98.29366,30.38877],[-98.29462,30.38772],[-98.29668,30.38635],[-98.29718,30.38457],[-98.29694,30.38308],[-98.2971,30.38179],[-98.2985,30.3805],[-98.29882,30.37953],[-98.29854,30.37768],[-98.2976,30.37459],[-98.29771,30.37389],[-98.29731,30.37346],[-98.29569,30.37269],[-98.29302,30.37317],[-98.29178,30.37383],[-98.29115,30.37379],[-98.28573,30.37175],[-98.28446,30.3717],[-98.28258,30.3723],[-98.28079,30.37381],[-98.2796,30.37443],[-98.27846,30.37466],[-98.27475,30.37447],[-98.2716,30.37487],[-98.27088,30.375],[-98.26877,30.37627],[-98.26473,30.37677],[-98.2651,30.37653],[-98.26954,30.36963],[-98.27068,30.36833],[-98.2727,30.36689],[-98.27525,30.36559],[-98.27602,30.36485],[-98.27721,30.36252],[-98.27782,30.35817],[-98.2844,30.35455],[-98.29062,30.35326],[-98.29367,30.35195],[-98.29439,30.35127],[-98.29543,30.3496],[-98.29703,30.34844],[-98.29345,30.33841],[-98.29257,30.3368],[-98.29731,30.33316],[-98.30001,30.33169],[-98.30154,30.33027],[-98.30154,30.32945],[-98.30117,30.32874],[-98.30038,30.32796],[-98.29906,30.32587],[-98.29821,30.32507],[-98.29729,30.32369],[-98.29819,30.32374],[-98.29977,30.32592],[-98.30164,30.32782],[-98.30349,30.3289],[-98.30898,30.3275],[-98.31055,30.3278],[-98.31333,30.3291],[-98.31615,30.32861],[-98.31476,30.30164],[-98.31128,30.30306],[-98.30897,30.30344],[-98.30282,30.30287],[-98.30093,30.30245],[-98.29994,30.303],[-98.29876,30.30416],[-98.29752,30.30455],[-98.29561,30.30634],[-98.29451,30.30685],[-98.29253,30.30912],[-98.28739,30.31264],[-98.2862,30.31323],[-98.28242,30.31412],[-98.2805,30.3135],[-98.2765,30.31826],[-98.27265,30.32209],[-98.27192,30.32358],[-98.27215,30.32463],[-98.27159,30.32644],[-98.26588,30.33298],[-98.26338,30.33649],[-98.2627,30.33707],[-98.25885,30.33913],[-98.25774,30.33954],[-98.25617,30.33966],[-98.25414,30.3393],[-98.25004,30.33742],[-98.24966,30.33707],[-98.24905,30.33551],[-98.24572,30.33243],[-98.24551,30.32966],[-98.24625,30.32414],[-98.24597,30.32355],[-98.24545,30.32314],[-98.24345,30.32236],[-98.24114,30.32251],[-98.2376,30.32392],[-98.2357,30.32427],[-98.23475,30.32415],[-98.23348,30.32342],[-98.23262,30.32221],[-98.23271,30.32079],[-98.235,30.31556],[-98.23631,30.31324],[-98.23729,30.31218],[-98.23867,30.31132],[-98.24315,30.3102],[-98.24524,30.30925],[-98.24576,30.30879],[-98.24613,30.308],[-98.24603,30.30726],[-98.24544,30.30616],[-98.24416,30.30504],[-98.24047,30.30074],[-98.2363,30.2979],[-98.23513,30.29756],[-98.23265,30.29748],[-98.22873,30.29783],[-98.226,30.29842],[-98.22492,30.29894],[-98.2239,30.30062],[-98.22339,30.30341],[-98.22391,30.30427],[-98.22327,30.3063],[-98.22227,30.30744],[-98.21664,30.31192],[-98.21505,30.31262],[-98.21341,30.31281],[-98.21227,30.31259],[-98.20801,30.31066],[-98.20621,30.31092],[-98.20437,30.31241],[-98.20357,30.3145],[-98.20354,30.31522],[-98.2056,30.31735],[-98.20688,30.31821],[-98.20799,30.31855],[-98.21005,30.32008],[-98.2113,30.32255],[-98.21133,30.32559],[-98.21057,30.32686],[-98.20833,30.32955],[-98.20638,30.33141],[-98.20313,30.33345],[-98.19866,30.3348],[-98.19752,30.33552],[-98.19676,30.33636],[-98.19631,30.338],[-98.19654,30.34],[-98.19734,30.34387],[-98.19828,30.34481],[-98.1985,30.34597],[-98.19705,30.3488],[-98.19634,30.34958],[-98.19507,30.35008],[-98.19277,30.35033],[-98.18642,30.34802],[-98.18534,30.34611],[-98.18502,30.34434],[-98.18484,30.34067],[-98.18288,30.33485],[-98.18078,30.333],[-98.17919,30.33035],[-98.17709,30.32821],[-98.17638,30.32766],[-98.1752,30.32753],[-98.17262,30.32877],[-98.16597,30.33129],[-98.15853,30.33374],[-98.15538,30.33451],[-98.15182,30.33483],[-98.14144,30.33386],[-98.14016,30.33396],[-98.13967,30.33429],[-98.13929,30.33518],[-98.13946,30.33709],[-98.13931,30.34062],[-98.13879,30.34151],[-98.13829,30.34426],[-98.13855,30.34715],[-98.13771,30.35086],[-98.13525,30.35511],[-98.13213,30.35767],[-98.12909,30.35925],[-98.12769,30.36058],[-98.12703,30.36166],[-98.12711,30.3628],[-98.12769,30.36338],[-98.12901,30.36384],[-98.12904,30.3645],[-98.13076,30.36567],[-98.13163,30.36684],[-98.1323,30.36859],[-98.13229,30.36948],[-98.13168,30.37048],[-98.12937,30.37262],[-98.13001,30.37268],[-98.13184,30.37196],[-98.13754,30.37322],[-98.14522,30.36528],[-98.14955,30.36992],[-98.15215,30.37317],[-98.15892,30.37321],[-98.15887,30.37665],[-98.15927,30.37665],[-98.16167,30.3729],[-98.16168,30.37369],[-98.16102,30.37424],[-98.16044,30.3759],[-98.16066,30.37653],[-98.16179,30.37771],[-98.16518,30.37918],[-98.16975,30.3789],[-98.17104,30.37998],[-98.17248,30.38215],[-98.17368,30.38348],[-98.17558,30.38387],[-98.1792,30.38403],[-98.18059,30.38511],[-98.18163,30.38721],[-98.18223,30.38745],[-98.18301,30.38739],[-98.18595,30.38601],[-98.18789,30.38569],[-98.18862,30.38527],[-98.18906,30.38535],[-98.19036,30.38742],[-98.19153,30.38786],[-98.19343,30.38943],[-98.1946,30.39003],[-98.19657,30.3931],[-98.19834,30.39381],[-98.19837,30.39466],[-98.19859,30.3951],[-98.19902,30.39515],[-98.19901,30.39567],[-98.20001,30.39613],[-98.20047,30.39717],[-98.20249,30.39919],[-98.20253,30.39995],[-98.20345,30.40028],[-98.20374,30.40107],[-98.20477,30.40175],[-98.20562,30.40331],[-98.2063,30.40381],[-98.20725,30.40515],[-98.20765,30.40513],[-98.20962,30.40612],[-98.21007,30.407],[-98.21025,30.40809],[-98.21004,30.40838],[-98.20869,30.4086],[-98.20829,30.40917],[-98.20776,30.41108],[-98.20747,30.41121],[-98.20723,30.41222],[-98.20652,30.41316],[-98.20649,30.41456],[-98.20689,30.41504],[-98.20662,30.41582],[-98.20668,30.42034],[-98.20747,30.42061],[-98.20863,30.42183],[-98.21056,30.42176],[-98.21096,30.42219],[-98.21136,30.42341],[-98.21194,30.42368],[-98.21556,30.42412],[-98.21609,30.42373],[-98.21665,30.42366],[-98.21763,30.42409],[-98.21776,30.42473],[-98.2181,30.42496],[-98.21921,30.42494],[-98.22851,30.41577],[-98.22963,30.41411],[-98.23539,30.41324],[-98.23607,30.41353],[-98.23675,30.41338],[-98.23827,30.41388],[-98.23976,30.414],[-98.24133,30.41466],[-98.2435,30.41462],[-98.24749,30.41388],[-98.24789,30.41371],[-98.24838,30.41304],[-98.24875,30.41297],[-98.25204,30.41422],[-98.25372,30.41434],[-98.25381,30.41564],[-98.26281,30.43484],[-98.2652,30.43599],[-98.26653,30.43809],[-98.26522,30.44113],[-98.26311,30.44793],[-98.25993,30.4518],[-98.26,30.45966],[-98.26042,30.4604],[-98.26062,30.46194],[-98.32088,30.47801],[-98.32118,30.48211],[-98.32307,30.48239],[-98.32299,30.4852],[-98.32317,30.48539],[-98.32811,30.4853],[-98.32849,30.49667],[-98.33337,30.49643],[-98.33332,30.49605],[-98.34257,30.49579],[-98.34364,30.48411],[-98.40096,30.49959],[-98.41146,30.5021],[-98.5223,30.501],[-98.52201,30.50032],[-98.52061,30.49895],[-98.52054,30.49783],[-98.52287,30.49704],[-98.52315,30.49619],[-98.52392,30.49603],[-98.52549,30.49629],[-98.52558,30.49573],[-98.52605,30.49559],[-98.52638,30.49503],[-98.52653,30.49431],[-98.52938,30.49442],[-98.53265,30.49489],[-98.53755,30.49459],[-98.54535,30.49096],[-98.55465,30.488],[-98.55595,30.48718],[-98.55616,30.48542]]]},"properties":{"zip_code":"78663","county":"Travis"}},{"type":"Feature","geometry":{"type":"Polygon","coordinates":[[[-97.69261,30.55371],[-97.69236,30.53802],[-97.6921,30.53445],[-97.68639,30.51034],[-97.68404,30.50422],[-97.68013,30.4975],[-97.67857,30.49428],[-97.67071,30.46987],[-97.66921,30.46981],[-97.66773,30.46908],[-97.66806,30.46856],[-97.6659,30.46169],[-97.66568,30.46205],[-97.66531,30.46134],[-97.66472,30.46132],[-97.66458,30.4608],[-97.66317,30.46132],[-97.66238,30.46137],[-97.65979,30.46039],[-97.65951,30.46189],[-97.6506,30.45758],[-97.65082,30.45709],[-97.64902,30.45995],[-97.64754,30.46136],[-97.64631,30.46314],[-97.64708,30.46402],[-97.64763,30.46608],[-97.64748,30.46766],[-97.64609,30.46745],[-97.64421,30.46655],[-97.64281,30.46878],[-97.64376,30.46927],[-97.64282,30.47086],[-97.64409,30.47143],[-97.64583,30.47124],[-97.646,30.47214],[-97.64425,30.47245],[-97.64123,30.47233],[-97.64137,30.47309],[-97.6435,30.47815],[-97.64313,30.47983],[-97.64152,30.48183],[-97.64032,30.48183],[-97.6356,30.48089],[-97.63363,30.48401],[-97.62787,30.48527],[-97.62452,30.48714],[-97.62308,30.48715],[-97.62307,30.48786],[-97.61524,30.48792],[-97.61527,30.48955],[-97.61019,30.49],[-97.61017,30.48913],[-97.60958,30.48911],[-97.60954,30.48796],[-97.60012,30.48809],[-97.6001,30.49184],[-97.59957,30.4927],[-97.60016,30.4936],[-97.59697,30.49377],[-97.59524,30.49361],[-97.59499,30.49393],[-97.59537,30.49441],[-97.59494,30.49723],[-97.59338,30.49734],[-97.59111,30.49848],[-97.59106,30.49756],[-97.5906,30.49718],[-97.58879,30.49792],[-97.58884,30.49881],[-97.58984,30.49879],[-97.59015,30.51428],[-97.58952,30.51468],[-97.58947,30.5153],[-97.58968,30.51526],[-97.58967,30.51578],[-97.59036,30.51642],[-97.59022,30.51672],[-97.59053,30.51699],[-97.5902,30.5184],[-97.59049,30.51928],[-97.59036,30.51988],[-97.59109,30.52079],[-97.59193,30.52255],[-97.59151,30.52377],[-97.59167,30.52412],[-97.59116,30.52492],[-97.58964,30.52555],[-97.58898,30.52645],[-97.58848,30.52655],[-97.58728,30.52564],[-97.58685,30.52576],[-97.58671,30.52642],[-97.58524,30.52574],[-97.58446,30.52583],[-97.58596,30.5273],[-97.58682,30.52945],[-97.58854,30.53073],[-97.58987,30.53093],[-97.58907,30.53106],[-97.58856,30.53147],[-97.58872,30.53545],[-97.59242,30.5348],[-97.59245,30.53518],[-97.60125,30.53353],[-97.60997,30.5326],[-97.61453,30.53167],[-97.61393,30.52917],[-97.61379,30.52283],[-97.61384,30.51887],[-97.61462,30.5188],[-97.61467,30.51754],[-97.61383,30.51701],[-97.61377,30.51539],[-97.61651,30.51539],[-97.61642,30.51056],[-97.61354,30.51063],[-97.6134,30.50427],[-97.61625,30.50427],[-97.61618,30.50149],[-97.61336,30.50153],[-97.61334,30.50069],[-97.61481,30.50067],[-97.61483,30.50011],[-97.61617,30.50009],[-97.6161,30.49739],[-97.6184,30.49736],[-97.62225,30.49663],[-97.64526,30.49631],[-97.64534,30.50188],[-97.64455,30.5044],[-97.64444,30.50711],[-97.64493,30.51001],[-97.64426,30.50956],[-97.64606,30.51169],[-97.64685,30.51325],[-97.64725,30.51544],[-97.65117,30.51419],[-97.65301,30.51387],[-97.65522,30.5139],[-97.656,30.51415],[-97.65504,30.51474],[-97.65523,30.51494],[-97.65456,30.51533],[-97.65411,30.51611],[-97.65394,30.51808],[-97.65551,30.51785],[-97.65569,30.52114],[-97.65225,30.52869],[-97.65213,30.53364],[-97.65123,30.53938],[-97.65022,30.54329],[-97.65081,30.54335],[-97.6509,30.54315],[-97.65052,30.54287],[-97.65165,30.53831],[-97.65289,30.53827],[-97.6523,30.54092],[-97.65398,30.54071],[-97.65399,30.54117],[-97.65576,30.54096],[-97.65597,30.54166],[-97.6596,30.54053],[-97.65959,30.54001],[-97.67361,30.53827],[-97.67401,30.53865],[-97.67377,30.53953],[-97.67439,30.5407],[-97.6748,30.54115],[-97.67545,30.54109],[-97.676,30.54145],[-97.67851,30.54127],[-97.68045,30.53868],[-97.68005,30.53756],[-97.68179,30.53626],[-97.68247,30.53673],[-97.68458,30.53719],[-97.68817,30.53602],[-97.68824,30.53732],[-97.6888,30.53879],[-97.68866,30.54],[-97.68888,30.54087],[-97.69193,30.54015],[-97.69164,30.55082],[-97.69199,30.5534],[-97.69261,30.55371]]]},"properties":{"zip_code":"78664","county":"Williamson"}},{"type":"Feature","geometry":{"type":"Polygon","coordinates":[[[-97.69285,30.57122],[-97.69261,30.55371],[-97.69199,30.5534],[-97.69163,30.55042],[-97.69193,30.54015],[-97.68888,30.54087],[-97.68866,30.54],[-97.6888,30.53879],[-97.68824,30.53732],[-97.68817,30.53602],[-97.68458,30.53719],[-97.68247,30.53673],[-97.68179,30.53626],[-97.68005,30.53756],[-97.68045,30.53868],[-97.67851,30.54127],[-97.676,30.54145],[-97.67545,30.54109],[-97.6748,30.54115],[-97.67439,30.5407],[-97.67377,30.53953],[-97.67401,30.53865],[-97.67361,30.53827],[-97.65959,30.54001],[-97.6596,30.54053],[-97.65597,30.54166],[-97.65576,30.54096],[-97.65399,30.54117],[-97.65398,30.54071],[-97.6523,30.54092],[-97.65289,30.53827],[-97.65165,30.53831],[-97.65052,30.54287],[-97.6509,30.54315],[-97.65081,30.54335],[-97.65022,30.54329],[-97.65123,30.53938],[-97.65213,30.53364],[-97.65225,30.52869],[-97.65569,30.52114],[-97.65551,30.51785],[-97.65394,30.51808],[-97.65411,30.51611],[-97.65456,30.51533],[-97.65523,30.51494],[-97.65504,30.51474],[-97.656,30.51415],[-97.65522,30.5139],[-97.65301,30.51387],[-97.65117,30.51419],[-97.64725,30.51544],[-97.64685,30.51325],[-97.64606,30.51169],[-97.64426,30.50956],[-97.64493,30.51001],[-97.64444,30.50711],[-97.64455,30.5044],[-97.64534,30.50188],[-97.64526,30.49631],[-97.62225,30.49663],[-97.6184,30.49736],[-97.6161,30.49739],[-97.61617,30.50009],[-97.61483,30.50011],[-97.61481,30.50067],[-97.61334,30.50069],[-97.61336,30.50153],[-97.61618,30.50149],[-97.61625,30.50427],[-97.6134,30.50427],[-97.61354,30.51063],[-97.61642,30.51056],[-97.61651,30.51539],[-97.61377,30.51539],[-97.61383,30.51701],[-97.61467,30.51754],[-97.61462,30.5188],[-97.61384,30.51887],[-97.61379,30.52283],[-97.61393,30.52917],[-97.61453,30.53167],[-97.60997,30.5326],[-97.60125,30.53353],[-97.60135,30.53986],[-97.60118,30.53969],[-97.59565,30.53995],[-97.59571,30.54466],[-97.59136,30.54478],[-97.59158,30.5556],[-97.59377,30.55564],[-97.59385,30.56206],[-97.5863,30.56213],[-97.58648,30.56292],[-97.5874,30.56427],[-97.589,30.56875],[-97.5892,30.57096],[-97.58874,30.57204],[-97.5877,30.57267],[-97.58818,30.57388],[-97.58789,30.57488],[-97.59356,30.588],[-97.59553,30.58978],[-97.59985,30.58842],[-97.59996,30.58867],[-97.6257,30.58065],[-97.62748,30.57993],[-97.63051,30.57802],[-97.63215,30.57731],[-97.63289,30.5792],[-97.63385,30.58065],[-97.63395,30.58161],[-97.63372,30.58161],[-97.63468,30.58379],[-97.63428,30.58619],[-97.63593,30.59013],[-97.63739,30.58961],[-97.63858,30.59393],[-97.6461,30.59147],[-97.64387,30.58766],[-97.65461,30.58438],[-97.65361,30.58199],[-97.65415,30.58193],[-97.6543,30.58235],[-97.65647,30.58343],[-97.66236,30.58161],[-97.66989,30.58047],[-97.6684,30.57669],[-97.67528,30.57502],[-97.67516,30.57439],[-97.6758,30.57404],[-97.68454,30.57144],[-97.68543,30.57347],[-97.68527,30.57283],[-97.69069,30.57147],[-97.69092,30.57186],[-97.69138,30.57171],[-97.69109,30.57105],[-97.69224,30.57077],[-97.69227,30.57251],[-97.69285,30.57122]]]},"properties":{"zip_code":"78665","county":"Williamson"}},{"type":"Feature","geometry":{"type":"Polygon","coordinates":[[[-98.17129,29.94852],[-98.17143,29.94845],[-98.15159,29.93432],[-98.15706,29.9335],[-98.16017,29.93386],[-98.16169,29.9335],[-98.16179,29.91457],[-98.15799,29.91443],[-98.14792,29.90843],[-98.14529,29.90857],[-98.14557,29.92375],[-98.14536,29.92748],[-98.14315,29.92829],[-98.04475,29.85871],[-98.04971,29.85471],[-98.05495,29.85106],[-98.05621,29.85235],[-98.05686,29.85185],[-98.07614,29.83452],[-98.07687,29.83329],[-98.07681,29.83282],[-98.07345,29.83133],[-98.07308,29.8307],[-98.07304,29.82934],[-98.07167,29.82853],[-98.07078,29.82732],[-98.06884,29.82696],[-98.06559,29.82554],[-98.06511,29.82559],[-98.06322,29.82683],[-98.06143,29.82738],[-98.05972,29.82908],[-98.05877,29.82875],[-98.05777,29.82787],[-98.05692,29.82628],[-98.05659,29.82473],[-98.05615,29.82399],[-98.05524,29.82379],[-98.05283,29.82544],[-98.05132,29.82526],[-98.05034,29.82101],[-98.05044,29.82036],[-98.05099,29.81979],[-98.05102,29.81909],[-98.04976,29.81617],[-98.04862,29.81464],[-98.04723,29.81343],[-98.04097,29.81243],[-98.03961,29.81196],[-98.03808,29.81074],[-98.03626,29.80771],[-98.03545,29.80732],[-98.03207,29.80812],[-98.0316,29.80781],[-98.02961,29.80738],[-98.02529,29.8074],[-98.02453,29.80707],[-98.02444,29.80681],[-98.0234,29.80769],[-98.02203,29.80955],[-98.01868,29.81225],[-98.01511,29.80126],[-98.02047,29.79641],[-98.0228,29.79396],[-98.0221,29.79306],[-98.02269,29.79188],[-98.02162,29.79114],[-98.02183,29.79076],[-98.02176,29.78994],[-98.02043,29.78885],[-98.01815,29.78997],[-98.01082,29.78816],[-98.00717,29.777],[-98.00294,29.77201],[-98.00277,29.77153],[-98.00294,29.77036],[-98.00275,29.7701],[-98.00152,29.76945],[-97.99731,29.76875],[-97.995,29.76787],[-97.99485,29.76763],[-97.99399,29.76504],[-97.9942,29.76188],[-97.99365,29.76076],[-98.00014,29.75515],[-97.99927,29.75244],[-97.98587,29.76546],[-97.9844,29.76411],[-97.98305,29.76213],[-97.98062,29.76196],[-97.9807,29.75982],[-97.97845,29.75999],[-97.97867,29.75843],[-97.97803,29.75837],[-97.97831,29.75751],[-97.97942,29.7572],[-97.97937,29.75074],[-97.95188,29.75002],[-97.95023,29.75045],[-97.94922,29.75023],[-97.94859,29.75091],[-97.94829,29.75262],[-97.94807,29.75281],[-97.94889,29.74805],[-97.94748,29.74846],[-97.94732,29.7487],[-97.94779,29.74873],[-97.94785,29.74892],[-97.94607,29.74959],[-97.9444,29.74922],[-97.94427,29.74892],[-97.94453,29.74849],[-97.94358,29.74711],[-97.94287,29.74641],[-97.94186,29.74594],[-97.94133,29.74527],[-97.94148,29.74415],[-97.94195,29.74328],[-97.9414,29.74272],[-97.9406,29.74271],[-97.94064,29.7431],[-97.94034,29.74325],[-97.93914,29.74314],[-97.93897,29.74355],[-97.9386,29.74349],[-97.93853,29.74373],[-97.93787,29.74347],[-97.93726,29.74382],[-97.93737,29.74416],[-97.93716,29.74435],[-97.9363,29.74455],[-97.9359,29.74398],[-97.93595,29.74366],[-97.93542,29.74354],[-97.93171,29.74425],[-97.93019,29.74431],[-97.92911,29.74346],[-97.92899,29.74279],[-97.92834,29.7425],[-97.92554,29.74527],[-97.91063,29.75117],[-97.90972,29.7493],[-97.90895,29.7493],[-97.9072,29.74706],[-97.90648,29.74571],[-97.90548,29.74463],[-97.89806,29.75003],[-97.88732,29.7533],[-97.88565,29.75412],[-97.87523,29.76201],[-97.87854,29.76537],[-97.87338,29.76911],[-97.87098,29.76646],[-97.86305,29.77241],[-97.86643,29.77583],[-97.85827,29.78209],[-97.86023,29.78413],[-97.85831,29.78577],[-97.86044,29.78794],[-97.86203,29.78668],[-97.86848,29.79319],[-97.86547,29.79589],[-97.86797,29.79865],[-97.86903,29.79785],[-97.87194,29.80075],[-97.8752,29.7985],[-97.87768,29.80108],[-97.87444,29.8034],[-97.87542,29.80464],[-97.87518,29.80482],[-97.87669,29.80672],[-97.87697,29.80658],[-97.87746,29.80721],[-97.87704,29.80756],[-97.87689,29.80807],[-97.8779,29.80813],[-97.87847,29.80848],[-97.87666,29.80967],[-97.87746,29.81061],[-97.87607,29.81185],[-97.87944,29.81556],[-97.87636,29.81804],[-97.87902,29.82039],[-97.87948,29.82011],[-97.88504,29.82576],[-97.88394,29.82681],[-97.88606,29.82888],[-97.86823,29.84555],[-97.87432,29.85197],[-97.87321,29.85318],[-97.87429,29.85575],[-97.87344,29.85637],[-97.8749,29.85759],[-97.87541,29.85854],[-97.87456,29.8595],[-97.87463,29.8599],[-97.87601,29.86055],[-97.8791,29.86074],[-97.8798,29.86309],[-97.87965,29.8636],[-97.88052,29.86532],[-97.86884,29.8631],[-97.85626,29.87243],[-97.85905,29.8752],[-97.85267,29.87509],[-97.84859,29.87812],[-97.85163,29.88115],[-97.85314,29.87998],[-97.85682,29.88013],[-97.85692,29.88229],[-97.85937,29.88428],[-97.85943,29.88564],[-97.86079,29.88674],[-97.86172,29.88588],[-97.86205,29.88615],[-97.86238,29.88585],[-97.86434,29.88741],[-97.86484,29.88699],[-97.86624,29.88803],[-97.87285,29.88787],[-97.87323,29.88806],[-97.87551,29.88807],[-97.87638,29.88846],[-97.87795,29.88758],[-97.87781,29.88742],[-97.8793,29.88637],[-97.87979,29.88689],[-97.88325,29.88389],[-97.88391,29.88414],[-97.88704,29.88379],[-97.88736,29.88267],[-97.88908,29.88471],[-97.88867,29.88502],[-97.89021,29.88624],[-97.88112,29.89341],[-97.88126,29.89363],[-97.87778,29.89616],[-97.88131,29.89928],[-97.88191,29.89877],[-97.88462,29.90109],[-97.87684,29.90808],[-97.86959,29.90177],[-97.86363,29.90598],[-97.86706,29.90904],[-97.86665,29.91384],[-97.86714,29.91426],[-97.86616,29.91517],[-97.86807,29.91685],[-97.86608,29.91879],[-97.86426,29.91846],[-97.86325,29.91944],[-97.8588,29.91569],[-97.85675,29.91726],[-97.85375,29.91489],[-97.85176,29.91605],[-97.85073,29.91508],[-97.84918,29.916],[-97.86066,29.92582],[-97.86314,29.92744],[-97.87816,29.94003],[-97.8781,29.94043],[-97.87553,29.94288],[-97.88134,29.94784],[-97.88357,29.95051],[-97.8845,29.95111],[-97.88305,29.95288],[-97.88369,29.95334],[-97.8863,29.95417],[-97.8875,29.95292],[-97.89119,29.95609],[-97.89296,29.95443],[-97.89411,29.9556],[-97.89289,29.95795],[-97.89976,29.96071],[-97.89988,29.95977],[-97.90158,29.95827],[-97.90201,29.95748],[-97.90188,29.95645],[-97.90032,29.95333],[-97.90022,29.95089],[-97.90121,29.94806],[-97.90309,29.94582],[-97.90255,29.94585],[-97.90242,29.94526],[-97.90184,29.94467],[-97.89707,29.94082],[-97.8965,29.93878],[-97.89509,29.93782],[-97.89569,29.93708],[-97.89952,29.93825],[-97.90132,29.94008],[-97.90379,29.94176],[-97.90656,29.94311],[-97.90691,29.94371],[-97.90678,29.9449],[-97.90581,29.94614],[-97.90355,29.94776],[-97.90229,29.95214],[-97.9024,29.95349],[-97.90282,29.95457],[-97.90393,29.95599],[-97.90478,29.95609],[-97.90528,29.95641],[-97.90762,29.96074],[-97.90751,29.96193],[-97.90801,29.96273],[-97.90812,29.96358],[-97.90754,29.96509],[-97.90591,29.96681],[-97.90375,29.96821],[-97.90332,29.96945],[-97.90338,29.9711],[-97.90396,29.97227],[-97.90413,29.97474],[-97.90397,29.97687],[-97.90432,29.97811],[-97.9055,29.97985],[-97.90603,29.98123],[-97.9069,29.98153],[-97.90759,29.98144],[-97.90933,29.98047],[-97.9097,29.97914],[-97.91228,29.9763],[-97.9123,29.97531],[-97.91253,29.97492],[-97.91425,29.97314],[-97.91488,29.97286],[-97.91569,29.97289],[-97.91663,29.97323],[-97.9181,29.97337],[-97.91907,29.97394],[-97.91959,29.97548],[-97.91862,29.97924],[-97.91851,29.98135],[-97.9178,29.98428],[-97.91777,29.98547],[-97.91851,29.98769],[-97.91893,29.98815],[-97.92096,29.98914],[-97.92412,29.98957],[-97.92514,29.99029],[-97.92656,29.99187],[-97.92804,29.99469],[-97.92965,29.99588],[-97.93565,30.00777],[-97.93639,30.0099],[-97.93689,30.0124],[-97.93747,30.01313],[-97.93826,30.01343],[-97.94068,30.01272],[-97.94289,30.00983],[-97.9446,30.00836],[-97.9505,30.00628],[-97.95414,30.0043],[-97.95545,30.00444],[-97.95656,30.00531],[-97.95775,30.00859],[-97.95867,30.01022],[-97.9598,30.01122],[-97.96191,30.01196],[-97.9657,30.01198],[-97.96678,30.01166],[-97.97123,30.00797],[-97.97212,30.00749],[-97.97289,30.00721],[-97.97605,30.00694],[-97.98355,30.00519],[-97.98637,30.00478],[-97.98916,30.00381],[-97.99111,30.00274],[-97.9943,30.00021],[-97.99479,29.99811],[-97.99461,29.9975],[-97.99408,29.9969],[-97.99408,29.99651],[-97.99487,29.99472],[-97.99563,29.99415],[-97.99639,29.99406],[-97.99801,29.99468],[-97.99887,29.99586],[-97.99987,29.99683],[-98.00065,29.9971],[-98.00172,29.99855],[-98.00275,29.99937],[-98.00393,29.99965],[-98.00483,29.99946],[-98.00543,29.99917],[-98.00651,29.99807],[-98.00693,29.99674],[-98.00687,29.99468],[-98.00615,29.99057],[-98.00657,29.98899],[-98.00741,29.98789],[-98.00947,29.98636],[-98.01428,29.98375],[-98.01621,29.98372],[-98.01876,29.98544],[-98.01991,29.98597],[-98.02066,29.98595],[-98.02394,29.9845],[-98.02666,29.98292],[-98.0278,29.98265],[-98.02855,29.98215],[-98.02918,29.98123],[-98.03005,29.98098],[-98.03092,29.98178],[-98.03115,29.98314],[-98.03183,29.98322],[-98.0323,29.98364],[-98.033,29.98524],[-98.03452,29.98739],[-98.03572,29.98766],[-98.03701,29.98716],[-98.03832,29.98572],[-98.03907,29.98427],[-98.03849,29.98361],[-98.03852,29.98243],[-98.03898,29.98208],[-98.0396,29.98083],[-98.03821,29.98003],[-98.03869,29.98009],[-98.03973,29.97944],[-98.03989,29.97962],[-98.0403,29.97951],[-98.04064,29.97857],[-98.04037,29.97729],[-98.0408,29.97408],[-98.04414,29.96654],[-98.04435,29.96106],[-98.04487,29.95907],[-98.04349,29.95588],[-98.04109,29.95213],[-98.03506,29.95061],[-98.0307,29.94784],[-98.02933,29.9465],[-98.02839,29.94495],[-98.03116,29.94237],[-98.03393,29.94521],[-98.03518,29.94685],[-98.03622,29.94752],[-98.03716,29.94765],[-98.04142,29.94688],[-98.04215,29.94687],[-98.044,29.94752],[-98.04666,29.94726],[-98.06039,29.95291],[-98.06037,29.94873],[-98.06248,29.94864],[-98.06244,29.94836],[-98.07639,29.94793],[-98.07919,29.94807],[-98.0792,29.94832],[-98.08002,29.94778],[-98.07964,29.9394],[-98.08313,29.93944],[-98.08546,29.94026],[-98.09028,29.94119],[-98.09158,29.94208],[-98.09255,29.9436],[-98.09355,29.9476],[-98.09355,29.95071],[-98.09448,29.95335],[-98.09449,29.95641],[-98.09527,29.95873],[-98.09514,29.95987],[-98.0948,29.96056],[-98.09197,29.96404],[-98.09163,29.96501],[-98.09168,29.96616],[-98.09273,29.97045],[-98.09279,29.97239],[-98.09452,29.97411],[-98.09997,29.97485],[-98.10122,29.97488],[-98.10143,29.9745],[-98.10253,29.97448],[-98.10394,29.97332],[-98.10385,29.97237],[-98.10268,29.9714],[-98.10305,29.97085],[-98.1038,29.97059],[-98.10751,29.97028],[-98.1098,29.9719],[-98.11049,29.97158],[-98.11021,29.97136],[-98.11056,29.97106],[-98.1127,29.97243],[-98.1146,29.97269],[-98.11472,29.97239],[-98.11432,29.97182],[-98.11506,29.97144],[-98.11415,29.96959],[-98.11484,29.96954],[-98.11451,29.96818],[-98.1157,29.96778],[-98.11593,29.96701],[-98.11713,29.96946],[-98.1168,29.97026],[-98.11741,29.97174],[-98.11917,29.97039],[-98.12162,29.96964],[-98.12352,29.96953],[-98.13108,29.96994],[-98.13998,29.96766],[-98.14169,29.96786],[-98.14275,29.96876],[-98.14422,29.96922],[-98.14627,29.9691],[-98.14764,29.96864],[-98.14822,29.96837],[-98.1487,29.96764],[-98.1482,29.96523],[-98.14738,29.96303],[-98.14738,29.96202],[-98.14783,29.96103],[-98.14944,29.96003],[-98.15299,29.95975],[-98.15554,29.96067],[-98.15857,29.96076],[-98.16108,29.95905],[-98.16152,29.95858],[-98.16236,29.95667],[-98.16367,29.95556],[-98.16636,29.95485],[-98.16808,29.95517],[-98.16892,29.95591],[-98.16944,29.95533],[-98.16923,29.95497],[-98.16999,29.95371],[-98.17006,29.95243],[-98.16971,29.95156],[-98.1699,29.95047],[-98.1709,29.94872],[-98.17129,29.94852]]]},"properties":{"zip_code":"78666","county":"Hays"}},{"type":"Feature","geometry":{"type":"Polygon","coordinates":[[[-98.26654,30.43826],[-98.2652,30.43599],[-98.26278,30.4348],[-98.25381,30.41564],[-98.25372,30.41434],[-98.25204,30.41422],[-98.24875,30.41297],[-98.24838,30.41304],[-98.24789,30.41371],[-98.24749,30.41388],[-98.2435,30.41462],[-98.24133,30.41466],[-98.23976,30.414],[-98.23827,30.41388],[-98.23675,30.41338],[-98.23607,30.41353],[-98.23539,30.41324],[-98.22963,30.41411],[-98.22851,30.41577],[-98.21887,30.42508],[-98.2181,30.42496],[-98.21776,30.42473],[-98.21763,30.42409],[-98.21665,30.42366],[-98.21609,30.42373],[-98.21556,30.42412],[-98.21194,30.42368],[-98.21136,30.42341],[-98.21096,30.42219],[-98.21056,30.42176],[-98.2093,30.42187],[-98.20829,30.42167],[-98.20747,30.42061],[-98.20668,30.42034],[-98.20662,30.41582],[-98.20689,30.41504],[-98.20649,30.41456],[-98.20652,30.41316],[-98.20723,30.41222],[-98.20747,30.41121],[-98.20776,30.41108],[-98.20829,30.40917],[-98.20869,30.4086],[-98.21004,30.40838],[-98.21025,30.40809],[-98.21007,30.407],[-98.20962,30.40612],[-98.20894,30.40566],[-98.20725,30.40515],[-98.2063,30.40381],[-98.20562,30.40331],[-98.20477,30.40175],[-98.20374,30.40107],[-98.20345,30.40028],[-98.20253,30.39995],[-98.20249,30.39919],[-98.20047,30.39717],[-98.20001,30.39613],[-98.19901,30.39567],[-98.19902,30.39515],[-98.19859,30.3951],[-98.19837,30.39466],[-98.19834,30.39381],[-98.19646,30.39298],[-98.1946,30.39003],[-98.19343,30.38943],[-98.19153,30.38786],[-98.19036,30.38742],[-98.18906,30.38535],[-98.18862,30.38527],[-98.18789,30.38569],[-98.18595,30.38601],[-98.18335,30.38727],[-98.18213,30.38743],[-98.18138,30.38688],[-98.18059,30.38511],[-98.1792,30.38403],[-98.17558,30.38387],[-98.17368,30.38348],[-98.17248,30.38215],[-98.17104,30.37998],[-98.16975,30.3789],[-98.16518,30.37918],[-98.16193,30.37779],[-98.16082,30.37674],[-98.16044,30.3759],[-98.16102,30.37424],[-98.16168,30.37369],[-98.16167,30.3729],[-98.15927,30.37665],[-98.15887,30.37665],[-98.15892,30.37321],[-98.15215,30.37317],[-98.14955,30.36992],[-98.14522,30.36528],[-98.13754,30.37322],[-98.13184,30.37196],[-98.13001,30.37268],[-98.12896,30.37259],[-98.12529,30.37534],[-98.12525,30.37511],[-98.11902,30.37741],[-98.11898,30.37476],[-98.11859,30.37203],[-98.11637,30.35997],[-98.11442,30.35908],[-98.1141,30.35923],[-98.11141,30.36321],[-98.10131,30.35829],[-98.10206,30.35705],[-98.09501,30.35355],[-98.09583,30.35251],[-98.10773,30.34652],[-98.09972,30.33432],[-98.11205,30.32775],[-98.1089,30.32599],[-98.10761,30.32417],[-98.10342,30.32071],[-98.09055,30.31214],[-98.0896,30.31295],[-98.08897,30.31429],[-98.0875,30.31467],[-98.08709,30.31577],[-98.08585,30.31646],[-98.08508,30.31821],[-98.08489,30.31943],[-98.08346,30.32041],[-98.08314,30.32307],[-98.08255,30.32581],[-98.08199,30.32697],[-98.08188,30.32818],[-98.07911,30.33155],[-98.07869,30.33351],[-98.07772,30.33554],[-98.07658,30.33724],[-98.07711,30.33856],[-98.07655,30.34076],[-98.07697,30.34252],[-98.07676,30.3452],[-98.07411,30.34639],[-98.06935,30.34422],[-98.06251,30.34779],[-98.06141,30.3471],[-98.05975,30.3447],[-98.05873,30.34197],[-98.05521,30.34065],[-98.05507,30.34007],[-98.0544,30.34],[-98.0522,30.34159],[-98.05133,30.34172],[-98.04864,30.33932],[-98.04752,30.33872],[-98.04689,30.33867],[-98.04537,30.33945],[-98.04388,30.33961],[-98.04262,30.33869],[-98.04198,30.33782],[-98.04012,30.33691],[-98.03742,30.33723],[-98.03568,30.33883],[-98.03281,30.33664],[-98.02982,30.33501],[-98.02747,30.33322],[-98.02557,30.33235],[-98.02452,30.3315],[-98.02438,30.33162],[-98.02371,30.33323],[-98.02387,30.33454],[-98.02353,30.33614],[-98.0243,30.33733],[-98.02611,30.3379],[-98.02688,30.33869],[-98.02697,30.33948],[-98.02595,30.34291],[-98.02621,30.34294],[-98.02739,30.34458],[-98.02818,30.34986],[-98.02831,30.35302],[-98.03004,30.35444],[-98.02842,30.35551],[-98.02636,30.3546],[-98.02624,30.3559],[-98.02657,30.35618],[-98.02517,30.35611],[-98.02467,30.3557],[-98.02342,30.35592],[-98.02148,30.35586],[-98.02191,30.3538],[-98.02566,30.35407],[-98.02583,30.3537],[-98.02559,30.35392],[-98.02355,30.35319],[-98.0225,30.3525],[-98.0233,30.35125],[-98.02376,30.35097],[-98.02454,30.35094],[-98.02406,30.35075],[-98.02213,30.35084],[-98.022,30.35161],[-98.02035,30.35381],[-98.02061,30.35483],[-98.02012,30.35555],[-98.01898,30.35869],[-98.01929,30.36033],[-98.01985,30.36141],[-98.01911,30.3623],[-98.01868,30.36217],[-98.01913,30.36298],[-98.01902,30.36375],[-98.01812,30.36497],[-98.0182,30.36584],[-98.01858,30.36631],[-98.01759,30.3669],[-98.01755,30.36768],[-98.01711,30.36804],[-98.01635,30.36775],[-98.01563,30.36798],[-98.0148,30.36652],[-98.0142,30.36611],[-98.01325,30.36714],[-98.01355,30.36738],[-98.01345,30.36766],[-98.0137,30.36776],[-98.01481,30.37048],[-98.01182,30.37048],[-98.00911,30.37116],[-98.01066,30.37095],[-98.01248,30.37166],[-98.01443,30.37377],[-98.01555,30.37569],[-98.01608,30.37687],[-98.01581,30.37969],[-98.01479,30.38212],[-98.00171,30.39467],[-97.99941,30.39523],[-97.98832,30.40155],[-97.98503,30.40481],[-97.98411,30.40791],[-97.98425,30.4113],[-97.98455,30.4127],[-97.98553,30.41383],[-97.98677,30.41462],[-97.99013,30.41484],[-97.99737,30.41422],[-98.00429,30.41429],[-98.01105,30.41474],[-98.0195,30.41494],[-98.0305,30.41585],[-98.03318,30.41667],[-98.03667,30.41842],[-98.0371,30.42025],[-98.03703,30.42183],[-98.03588,30.42601],[-98.03464,30.42865],[-98.03185,30.43224],[-98.02594,30.43764],[-98.01189,30.44918],[-98.00765,30.4503],[-98.00593,30.45037],[-98.00525,30.45203],[-98.00248,30.45399],[-98.00028,30.45589],[-97.9994,30.45706],[-97.99874,30.45879],[-97.99863,30.46103],[-97.99912,30.46423],[-98.00189,30.47045],[-98.00285,30.47364],[-98.00468,30.47663],[-98.006,30.47812],[-98.00861,30.4797],[-98.01216,30.48058],[-98.0177,30.48061],[-98.02072,30.47941],[-98.02223,30.47808],[-98.02378,30.47626],[-98.02541,30.47204],[-98.02641,30.4684],[-98.02698,30.46735],[-98.02791,30.46314],[-98.02904,30.45965],[-98.03157,30.45504],[-98.03629,30.44768],[-98.04069,30.44292],[-98.05064,30.43511],[-98.054,30.43332],[-98.05589,30.433],[-98.05778,30.43317],[-98.05936,30.43392],[-98.06087,30.43527],[-98.06199,30.43741],[-98.06328,30.44199],[-98.06219,30.44403],[-98.061,30.44533],[-98.05605,30.44888],[-98.05419,30.45091],[-98.05399,30.45182],[-98.05425,30.45325],[-98.05535,30.45666],[-98.05805,30.45954],[-98.05999,30.46103],[-98.06252,30.46245],[-98.0656,30.46285],[-98.07281,30.46282],[-98.07783,30.46325],[-98.08242,30.46408],[-98.08564,30.46544],[-98.08812,30.4672],[-98.089,30.46826],[-98.09013,30.47015],[-98.09109,30.47239],[-98.09149,30.47498],[-98.09108,30.47597],[-98.08258,30.48535],[-98.08034,30.48824],[-98.07965,30.48957],[-98.07943,30.49261],[-98.07991,30.49389],[-98.08081,30.49506],[-98.08242,30.49613],[-98.08325,30.49642],[-98.08815,30.49757],[-98.09253,30.49803],[-98.09779,30.49744],[-98.09778,30.49806],[-98.10086,30.49746],[-98.10318,30.49669],[-98.10592,30.49534],[-98.10828,30.49358],[-98.11056,30.49091],[-98.11372,30.48558],[-98.11817,30.48479],[-98.12089,30.48502],[-98.12311,30.48472],[-98.12342,30.48648],[-98.12313,30.48704],[-98.12541,30.48851],[-98.12588,30.48799],[-98.12764,30.49037],[-98.12951,30.49486],[-98.1304,30.49609],[-98.13089,30.49758],[-98.1312,30.50225],[-98.13348,30.51029],[-98.13373,30.51335],[-98.13321,30.51473],[-98.13223,30.51589],[-98.131,30.5168],[-98.12529,30.51922],[-98.12528,30.52126],[-98.12427,30.52257],[-98.12394,30.52275],[-98.12378,30.52219],[-98.12323,30.5223],[-98.12336,30.52113],[-98.12315,30.52113],[-98.12258,30.52156],[-98.12161,30.52331],[-98.12391,30.52947],[-98.12419,30.52991],[-98.1249,30.5299],[-98.12423,30.53034],[-98.12423,30.53141],[-98.12493,30.53272],[-98.1251,30.53434],[-98.12597,30.53603],[-98.12576,30.53642],[-98.12695,30.53669],[-98.12919,30.53638],[-98.1311,30.53484],[-98.13153,30.53389],[-98.13153,30.53347],[-98.13116,30.53306],[-98.13165,30.53345],[-98.13159,30.53372],[-98.13214,30.53339],[-98.13338,30.53173],[-98.13322,30.5306],[-98.13383,30.53077],[-98.13462,30.52937],[-98.13553,30.52868],[-98.13748,30.52622],[-98.13916,30.52486],[-98.1407,30.52284],[-98.14253,30.52275],[-98.14262,30.52231],[-98.14224,30.52192],[-98.1425,30.52116],[-98.14251,30.52155],[-98.14299,30.52185],[-98.14387,30.5217],[-98.14337,30.52203],[-98.143,30.5227],[-98.14311,30.52312],[-98.14376,30.52312],[-98.14429,30.5237],[-98.14481,30.52366],[-98.14497,30.52402],[-98.14636,30.52439],[-98.14939,30.52443],[-98.15397,30.52323],[-98.15413,30.52316],[-98.15377,30.52244],[-98.15434,30.52195],[-98.15423,30.52176],[-98.15376,30.522],[-98.15428,30.52168],[-98.15455,30.52189],[-98.15399,30.52246],[-98.15402,30.52274],[-98.15487,30.52303],[-98.15848,30.52268],[-98.15909,30.52284],[-98.15913,30.52193],[-98.15959,30.52267],[-98.16044,30.52247],[-98.15944,30.52322],[-98.16121,30.5241],[-98.16393,30.52455],[-98.16677,30.5257],[-98.16757,30.52629],[-98.17002,30.52933],[-98.17081,30.52945],[-98.17119,30.53027],[-98.17134,30.53222],[-98.17099,30.53342],[-98.17036,30.53452],[-98.17097,30.53555],[-98.17261,30.53646],[-98.17394,30.53662],[-98.17598,30.5359],[-98.17793,30.53332],[-98.17869,30.53247],[-98.17904,30.53241],[-98.17966,30.53277],[-98.18131,30.53301],[-98.18143,30.53327],[-98.18314,30.53381],[-98.18521,30.53492],[-98.18575,30.53553],[-98.18633,30.53526],[-98.18774,30.53669],[-98.18868,30.53885],[-98.18907,30.53901],[-98.19027,30.53863],[-98.19212,30.53743],[-98.19443,30.5342],[-98.19534,30.53462],[-98.19573,30.53416],[-98.19533,30.53374],[-98.19548,30.53286],[-98.19564,30.53239],[-98.19601,30.5323],[-98.19636,30.53265],[-98.19588,30.53249],[-98.19579,30.53279],[-98.19614,30.53438],[-98.19543,30.53493],[-98.20005,30.53494],[-98.20628,30.53538],[-98.20854,30.53483],[-98.21045,30.53492],[-98.21131,30.53364],[-98.21276,30.53335],[-98.21658,30.53482],[-98.2175,30.53472],[-98.2186,30.53518],[-98.22031,30.53641],[-98.22286,30.53893],[-98.22308,30.53891],[-98.22381,30.537],[-98.22236,30.53409],[-98.2224,30.53324],[-98.22383,30.53269],[-98.22632,30.5324],[-98.22827,30.53251],[-98.22874,30.53222],[-98.22894,30.53114],[-98.22835,30.52964],[-98.22844,30.52815],[-98.22939,30.52515],[-98.2293,30.52214],[-98.22995,30.52068],[-98.23091,30.51997],[-98.23179,30.5199],[-98.2327,30.52042],[-98.23378,30.52153],[-98.23455,30.5218],[-98.23662,30.52139],[-98.23713,30.52094],[-98.23714,30.51953],[-98.23539,30.51675],[-98.23538,30.51561],[-98.23481,30.51302],[-98.23479,30.51017],[-98.23516,30.50882],[-98.23621,30.50675],[-98.23978,30.50326],[-98.24016,30.50196],[-98.24153,30.50205],[-98.24227,30.50157],[-98.24264,30.5011],[-98.24272,30.49992],[-98.2431,30.49928],[-98.24371,30.49925],[-98.24509,30.49986],[-98.24562,30.49911],[-98.2485,30.49708],[-98.2496,30.49754],[-98.25083,30.49743],[-98.25207,30.4977],[-98.25439,30.4968],[-98.25584,30.497],[-98.25738,30.49675],[-98.25812,30.49699],[-98.2597,30.4981],[-98.26118,30.49839],[-98.26226,30.49892],[-98.26344,30.49867],[-98.26375,30.4984],[-98.26144,30.49752],[-98.25038,30.49424],[-98.24014,30.49311],[-98.24098,30.49232],[-98.24398,30.49169],[-98.24719,30.4915],[-98.25008,30.49047],[-98.25135,30.48983],[-98.25267,30.48859],[-98.25321,30.48765],[-98.25063,30.48346],[-98.25104,30.48264],[-98.25003,30.48029],[-98.24924,30.4793],[-98.24774,30.47807],[-98.24711,30.47682],[-98.24681,30.47559],[-98.24698,30.47427],[-98.24615,30.47452],[-98.24391,30.47418],[-98.24385,30.46776],[-98.23065,30.46772],[-98.23069,30.45816],[-98.22606,30.45657],[-98.22616,30.45275],[-98.24946,30.45889],[-98.2503,30.45945],[-98.26062,30.46194],[-98.26042,30.4604],[-98.26,30.45966],[-98.25993,30.4518],[-98.26311,30.44793],[-98.26522,30.44113],[-98.26654,30.43826]]]},"properties":{"zip_code":"78669","county":"Travis"}},{"type":"Feature","geometry":{"type":"Polygon","coordinates":[[[-97.61017,30.67216],[-97.61009,30.67169],[-97.60426,30.67077],[-97.60176,30.66994],[-97.5993,30.66842],[-97.59725,30.66683],[-97.5967,30.66611],[-97.59615,30.66499],[-97.59581,30.66325],[-97.59552,30.66403],[-97.59586,30.66707],[-97.59369,30.66732],[-97.59452,30.67119],[-97.59388,30.67127],[-97.59169,30.67228],[-97.58647,30.67339],[-97.5867,30.67428],[-97.58595,30.67446],[-97.58644,30.67579],[-97.59015,30.67495],[-97.58993,30.67409],[-97.5911,30.67392],[-97.59135,30.67515],[-97.59077,30.67537],[-97.59051,30.67735],[-97.59169,30.68077],[-97.59188,30.68079],[-97.59343,30.68028],[-97.5924,30.67717],[-97.59257,30.6759],[-97.59191,30.67387],[-97.60641,30.67274],[-97.60986,30.67279],[-97.61017,30.67216]]]},"properties":{"zip_code":"78674","county":"Williamson"}},{"type":"Feature","geometry":{"type":"Polygon","coordinates":[[[-98.32806,30.07042],[-98.32796,30.06983],[-98.32729,30.06903],[-98.32598,30.06813],[-98.32398,30.06847],[-98.32233,30.06918],[-98.32112,30.06813],[-98.32073,30.0675],[-98.3202,30.06769],[-98.31886,30.06716],[-98.31834,30.06747],[-98.31721,30.06889],[-98.31659,30.07037],[-98.31449,30.06986],[-98.31356,30.06939],[-98.31296,30.06877],[-98.31017,30.06903],[-98.30843,30.06979],[-98.3064,30.06842],[-98.3056,30.06722],[-98.30562,30.06619],[-98.30622,30.06504],[-98.30716,30.0647],[-98.30878,30.06463],[-98.31095,30.06525],[-98.31412,30.06373],[-98.31542,30.06254],[-98.31564,30.06183],[-98.31509,30.05993],[-98.31429,30.0587],[-98.31431,30.05768],[-98.31618,30.05532],[-98.3165,30.05459],[-98.31643,30.05383],[-98.31594,30.05325],[-98.31285,30.05127],[-98.31066,30.05037],[-98.30586,30.04766],[-98.30452,30.0472],[-98.30265,30.0469],[-98.29895,30.04715],[-98.29417,30.0468],[-98.2976,30.03799],[-98.27301,30.02068],[-98.27285,30.01329],[-98.272,30.01238],[-98.27123,30.00971],[-98.27313,30.00802],[-98.27285,30.0005],[-98.25478,29.99973],[-98.25443,30.00178],[-98.2463,30.00177],[-98.23484,29.99361],[-98.23474,29.9848],[-98.23328,29.98103],[-98.21739,29.98115],[-98.22426,29.98605],[-98.21756,29.98957],[-98.206,29.98978],[-98.20603,29.98625],[-98.20567,29.98576],[-98.20617,29.9802],[-98.20611,29.97762],[-98.206,29.97604],[-98.2054,29.97478],[-98.2049,29.97446],[-98.20389,29.97437],[-98.20339,29.97461],[-98.20235,29.97599],[-98.20131,29.97596],[-98.19852,29.9739],[-98.1968,29.97152],[-98.19614,29.97099],[-98.19106,29.96861],[-98.186,29.9648],[-98.18476,29.96418],[-98.18107,29.964],[-98.17892,29.96368],[-98.17802,29.96331],[-98.17639,29.9623],[-98.17124,29.95727],[-98.16808,29.95517],[-98.16717,29.95492],[-98.16541,29.95497],[-98.16367,29.95556],[-98.16236,29.95667],[-98.16152,29.95858],[-98.16108,29.95905],[-98.15857,29.96076],[-98.15554,29.96067],[-98.15299,29.95975],[-98.15023,29.95987],[-98.14865,29.96042],[-98.14762,29.96131],[-98.14738,29.96303],[-98.1482,29.96523],[-98.1487,29.96764],[-98.14822,29.96837],[-98.14627,29.9691],[-98.14351,29.96908],[-98.14275,29.96876],[-98.14169,29.96786],[-98.13998,29.96766],[-98.13108,29.96994],[-98.12352,29.96953],[-98.12162,29.96964],[-98.11917,29.97039],[-98.11741,29.97174],[-98.1168,29.97026],[-98.11713,29.96946],[-98.11596,29.96701],[-98.1157,29.96778],[-98.11451,29.96818],[-98.11484,29.96954],[-98.11415,29.96959],[-98.11506,29.97144],[-98.11432,29.97182],[-98.11472,29.97239],[-98.1146,29.97269],[-98.1127,29.97243],[-98.11056,29.97106],[-98.11021,29.97136],[-98.11049,29.97158],[-98.1098,29.9719],[-98.10751,29.97028],[-98.10527,29.97039],[-98.1038,29.97059],[-98.10275,29.97113],[-98.10281,29.97165],[-98.10385,29.97237],[-98.10405,29.973],[-98.10376,29.97352],[-98.10253,29.97448],[-98.10143,29.9745],[-98.10122,29.97488],[-98.09997,29.97485],[-98.09452,29.97411],[-98.09279,29.97239],[-98.09273,29.97045],[-98.09159,29.9657],[-98.09197,29.96404],[-98.0948,29.96056],[-98.09527,29.95899],[-98.09449,29.95641],[-98.09448,29.95335],[-98.09355,29.95071],[-98.09355,29.9476],[-98.09255,29.9436],[-98.09158,29.94208],[-98.09028,29.94119],[-98.08546,29.94026],[-98.08313,29.93944],[-98.07964,29.9394],[-98.08002,29.94778],[-98.0792,29.94832],[-98.07919,29.94807],[-98.07639,29.94793],[-98.06244,29.94836],[-98.06248,29.94864],[-98.06037,29.94873],[-98.06039,29.95291],[-98.04666,29.94726],[-98.044,29.94752],[-98.04215,29.94687],[-98.04142,29.94688],[-98.03716,29.94765],[-98.03622,29.94752],[-98.03518,29.94685],[-98.03393,29.94521],[-98.03116,29.94237],[-98.02839,29.94495],[-98.02933,29.9465],[-98.0307,29.94784],[-98.03506,29.95061],[-98.04109,29.95213],[-98.0434,29.95571],[-98.04485,29.9589],[-98.04435,29.96106],[-98.04414,29.96654],[-98.0408,29.97408],[-98.04037,29.97729],[-98.04064,29.97857],[-98.0403,29.97951],[-98.03989,29.97962],[-98.03973,29.97944],[-98.03869,29.98009],[-98.03821,29.98003],[-98.0396,29.98083],[-98.03898,29.98208],[-98.03852,29.98243],[-98.03849,29.98361],[-98.03907,29.98427],[-98.03747,29.9868],[-98.03588,29.98763],[-98.03462,29.98748],[-98.033,29.98524],[-98.0323,29.98364],[-98.03183,29.98322],[-98.03115,29.98314],[-98.03092,29.98178],[-98.03005,29.98098],[-98.02918,29.98123],[-98.02855,29.98215],[-98.0278,29.98265],[-98.02666,29.98292],[-98.02394,29.9845],[-98.02066,29.98595],[-98.01991,29.98597],[-98.01876,29.98544],[-98.01621,29.98372],[-98.01428,29.98375],[-98.00947,29.98636],[-98.00741,29.98789],[-98.00657,29.98899],[-98.00615,29.99057],[-98.00687,29.99468],[-98.00693,29.99674],[-98.00651,29.99807],[-98.00543,29.99917],[-98.00483,29.99946],[-98.00393,29.99965],[-98.00275,29.99937],[-98.00172,29.99855],[-98.00065,29.9971],[-97.99987,29.99683],[-97.99887,29.99586],[-97.99801,29.99468],[-97.99639,29.99406],[-97.99563,29.99415],[-97.99487,29.99472],[-97.99408,29.99651],[-97.99408,29.9969],[-97.99461,29.9975],[-97.99479,29.99811],[-97.9943,30.00021],[-97.99111,30.00274],[-97.98916,30.00381],[-97.98637,30.00478],[-97.98355,30.00519],[-97.97605,30.00694],[-97.97289,30.00721],[-97.97212,30.00749],[-97.97123,30.00797],[-97.96741,30.01129],[-97.9657,30.01198],[-97.96191,30.01196],[-97.9598,30.01122],[-97.95867,30.01022],[-97.95775,30.00859],[-97.95656,30.00531],[-97.95545,30.00444],[-97.95414,30.0043],[-97.9505,30.00628],[-97.9456,30.00786],[-97.9436,30.00905],[-97.94068,30.01272],[-97.94131,30.01347],[-97.94163,30.0143],[-97.94139,30.01547],[-97.93826,30.01764],[-97.93813,30.01797],[-97.93813,30.01836],[-97.94002,30.01971],[-97.94002,30.02019],[-97.93931,30.02133],[-97.93926,30.02244],[-97.93994,30.02354],[-97.9396,30.0248],[-97.93976,30.02633],[-97.9411,30.02693],[-97.94563,30.02711],[-97.94729,30.02816],[-97.94806,30.02894],[-97.94861,30.03002],[-97.94866,30.03321],[-97.9489,30.03399],[-97.94993,30.03543],[-97.9514,30.03621],[-97.9533,30.03651],[-97.95409,30.03637],[-97.95472,30.03591],[-97.95635,30.03208],[-97.95807,30.02929],[-97.95841,30.02725],[-97.95922,30.02617],[-97.96044,30.02599],[-97.96199,30.02697],[-97.96297,30.0288],[-97.96294,30.03045],[-97.96226,30.03224],[-97.96223,30.03327],[-97.96278,30.03424],[-97.96287,30.03496],[-97.96298,30.04366],[-97.97615,30.04585],[-97.98862,30.04739],[-98.00035,30.04793],[-98.00399,30.04663],[-98.005,30.04648],[-98.01284,30.04634],[-98.01517,30.04656],[-98.02028,30.04805],[-98.02604,30.04807],[-98.02705,30.04939],[-98.0279,30.04978],[-98.02688,30.05138],[-98.02703,30.05207],[-98.03597,30.05685],[-98.03682,30.07026],[-98.04597,30.07051],[-98.04621,30.07889],[-98.04494,30.07878],[-98.04532,30.08354],[-98.04642,30.08352],[-98.04661,30.09078],[-98.05028,30.09081],[-98.0503,30.09179],[-98.05294,30.09179],[-98.05291,30.0915],[-98.07636,30.09071],[-98.0763,30.08925],[-98.08054,30.08974],[-98.08048,30.08653],[-98.08602,30.08721],[-98.08623,30.08689],[-98.08697,30.08667],[-98.08692,30.08368],[-98.08056,30.08382],[-98.08034,30.07901],[-98.08629,30.07886],[-98.08604,30.07389],[-98.08843,30.07387],[-98.08834,30.07266],[-98.08765,30.07114],[-98.08761,30.07017],[-98.08958,30.07016],[-98.09056,30.07254],[-98.09038,30.07302],[-98.0909,30.07412],[-98.09171,30.07407],[-98.09303,30.07505],[-98.09738,30.07904],[-98.09981,30.08304],[-98.10017,30.08401],[-98.10052,30.08693],[-98.09968,30.08928],[-98.09853,30.09096],[-98.09609,30.09674],[-98.09607,30.09758],[-98.09665,30.09928],[-98.09598,30.10195],[-98.0979,30.10222],[-98.10073,30.10075],[-98.1015,30.10066],[-98.10496,30.10109],[-98.10667,30.10106],[-98.11,30.10196],[-98.11301,30.10216],[-98.11548,30.10195],[-98.11922,30.10366],[-98.11976,30.10404],[-98.12092,30.10595],[-98.1236,30.10738],[-98.12505,30.10775],[-98.1279,30.10709],[-98.13073,30.10731],[-98.13164,30.10808],[-98.13239,30.10994],[-98.13372,30.11106],[-98.13396,30.11224],[-98.13476,30.11287],[-98.13541,30.11398],[-98.13705,30.11505],[-98.13763,30.11676],[-98.13785,30.11684],[-98.13839,30.11575],[-98.13982,30.11559],[-98.14018,30.11637],[-98.14057,30.11664],[-98.14239,30.1168],[-98.1427,30.1174],[-98.1413,30.12024],[-98.14179,30.12127],[-98.14221,30.12148],[-98.14515,30.12145],[-98.14749,30.12254],[-98.14906,30.12151],[-98.1506,30.12006],[-98.15358,30.11988],[-98.15536,30.12021],[-98.15637,30.11976],[-98.15711,30.11885],[-98.1581,30.1187],[-98.15833,30.12084],[-98.15745,30.12192],[-98.15751,30.12242],[-98.15718,30.12288],[-98.15742,30.12374],[-98.1582,30.12421],[-98.15816,30.12501],[-98.15851,30.1257],[-98.15989,30.12645],[-98.16042,30.12966],[-98.16073,30.12979],[-98.16148,30.12819],[-98.16327,30.12714],[-98.16319,30.12576],[-98.16366,30.12488],[-98.16475,30.12416],[-98.16683,30.12406],[-98.16798,30.12355],[-98.16847,30.12172],[-98.16974,30.12036],[-98.1702,30.11938],[-98.17173,30.1178],[-98.17382,30.11639],[-98.174,30.11589],[-98.17378,30.11478],[-98.1739,30.11355],[-98.1744,30.11219],[-98.17754,30.11551],[-98.17884,30.11572],[-98.17929,30.11549],[-98.17953,30.11487],[-98.18318,30.11364],[-98.18326,30.11294],[-98.18453,30.11146],[-98.18665,30.11344],[-98.18882,30.11071],[-98.19154,30.11007],[-98.19238,30.10949],[-98.19273,30.10979],[-98.19781,30.1086],[-98.19978,30.10733],[-98.20091,30.10892],[-98.20194,30.1089],[-98.20224,30.10856],[-98.20589,30.11154],[-98.19945,30.11835],[-98.20617,30.12284],[-98.20912,30.11978],[-98.21148,30.11634],[-98.21348,30.11829],[-98.21447,30.11854],[-98.22952,30.11833],[-98.2298,30.12422],[-98.22936,30.1249],[-98.22965,30.12469],[-98.23054,30.13173],[-98.24449,30.13187],[-98.24906,30.13642],[-98.25665,30.13496],[-98.25672,30.13552],[-98.25788,30.13674],[-98.25924,30.13654],[-98.26345,30.12614],[-98.2635,30.13475],[-98.26592,30.13471],[-98.26586,30.14108],[-98.27037,30.14046],[-98.27999,30.13518],[-98.28657,30.13214],[-98.29578,30.12558],[-98.29752,30.12399],[-98.30102,30.11922],[-98.30282,30.11557],[-98.30513,30.11377],[-98.30477,30.11357],[-98.30023,30.1132],[-98.30037,30.11214],[-98.29995,30.11064],[-98.30015,30.10666],[-98.29975,30.10435],[-98.30414,30.09482],[-98.30435,30.0932],[-98.30496,30.0914],[-98.30682,30.08918],[-98.30909,30.08372],[-98.31271,30.08488],[-98.31633,30.08281],[-98.31994,30.08251],[-98.32077,30.08338],[-98.32101,30.08624],[-98.32223,30.08644],[-98.32424,30.08727],[-98.32504,30.08793],[-98.32468,30.08646],[-98.32415,30.08565],[-98.32218,30.08408],[-98.32162,30.0839],[-98.32139,30.08216],[-98.32252,30.07905],[-98.3236,30.07748],[-98.32466,30.07668],[-98.32612,30.07327],[-98.32806,30.07042]]]},"properties":{"zip_code":"78676","county":"Hays"}},{"type":"Feature","geometry":{"type":"Polygon","coordinates":[[[-97.76498,30.55274],[-97.76346,30.55122],[-97.75996,30.54283],[-97.76345,30.54168],[-97.76334,30.54148],[-97.76392,30.54129],[-97.76387,30.5411],[-97.76491,30.54076],[-97.76283,30.53604],[-97.76315,30.53146],[-97.76018,30.53017],[-97.75677,30.52965],[-97.75319,30.5283],[-97.75169,30.52741],[-97.74942,30.52468],[-97.74851,30.52235],[-97.74853,30.52168],[-97.74789,30.5205],[-97.7463,30.51949],[-97.74544,30.51918],[-97.74228,30.51948],[-97.74229,30.51914],[-97.73902,30.51967],[-97.73733,30.51521],[-97.74176,30.51381],[-97.74045,30.51057],[-97.73903,30.51029],[-97.73885,30.51106],[-97.73693,30.5107],[-97.73832,30.50594],[-97.73814,30.50593],[-97.74047,30.50212],[-97.74081,30.50093],[-97.74035,30.49918],[-97.73747,30.49602],[-97.7365,30.49541],[-97.73529,30.49512],[-97.72977,30.49527],[-97.72826,30.4949],[-97.7257,30.49367],[-97.72585,30.49347],[-97.72315,30.49199],[-97.72239,30.49122],[-97.72117,30.48858],[-97.71957,30.48752],[-97.71683,30.49184],[-97.71644,30.49314],[-97.71645,30.49425],[-97.71692,30.49562],[-97.71778,30.49672],[-97.72175,30.49905],[-97.7172,30.50577],[-97.7159,30.5074],[-97.71395,30.50873],[-97.70344,30.51235],[-97.70175,30.51245],[-97.70158,30.51125],[-97.70075,30.5088],[-97.70034,30.50625],[-97.70369,30.50521],[-97.70328,30.50312],[-97.70822,30.5016],[-97.70814,30.50141],[-97.70875,30.50118],[-97.70793,30.4975],[-97.70579,30.49817],[-97.70526,30.49766],[-97.70574,30.49748],[-97.70475,30.49506],[-97.70522,30.49492],[-97.70512,30.49468],[-97.70603,30.49456],[-97.70494,30.49185],[-97.70569,30.49158],[-97.70577,30.49135],[-97.70726,30.49177],[-97.70794,30.49133],[-97.70396,30.48117],[-97.70355,30.48127],[-97.70323,30.48069],[-97.70548,30.47724],[-97.70341,30.4765],[-97.70215,30.47644],[-97.69392,30.47767],[-97.69305,30.47479],[-97.69218,30.47367],[-97.69062,30.47231],[-97.68572,30.47697],[-97.68519,30.4779],[-97.685,30.47896],[-97.68319,30.47926],[-97.68289,30.48007],[-97.67424,30.48079],[-97.67857,30.49428],[-97.68013,30.4975],[-97.68404,30.50422],[-97.68605,30.50928],[-97.69027,30.52619],[-97.69224,30.53553],[-97.69285,30.57105],[-97.69287,30.58514],[-97.69232,30.58851],[-97.69093,30.5936],[-97.68711,30.60314],[-97.68661,30.60521],[-97.68646,30.60765],[-97.68742,30.60653],[-97.68744,30.60343],[-97.691,30.59464],[-97.69279,30.5882],[-97.69334,30.58401],[-97.69339,30.57995],[-97.69459,30.57742],[-97.6944,30.57653],[-97.69346,30.57515],[-97.69796,30.57399],[-97.69807,30.57331],[-97.70387,30.57166],[-97.70468,30.57417],[-97.70575,30.57377],[-97.70649,30.57428],[-97.70843,30.57492],[-97.71053,30.57692],[-97.71148,30.57746],[-97.7134,30.57744],[-97.71422,30.57766],[-97.71594,30.57947],[-97.71691,30.58014],[-97.71766,30.58035],[-97.71911,30.58021],[-97.72013,30.58066],[-97.72051,30.58106],[-97.72047,30.58172],[-97.72101,30.58265],[-97.72107,30.58358],[-97.72152,30.58471],[-97.72199,30.58524],[-97.72403,30.58641],[-97.72454,30.58639],[-97.72501,30.58672],[-97.72605,30.58646],[-97.72655,30.58524],[-97.72686,30.58477],[-97.72713,30.58476],[-97.72733,30.58487],[-97.72762,30.58654],[-97.72794,30.58678],[-97.73072,30.58713],[-97.73229,30.58865],[-97.73294,30.58864],[-97.73644,30.58749],[-97.73858,30.58854],[-97.73934,30.58861],[-97.74049,30.58784],[-97.74185,30.5864],[-97.74272,30.58632],[-97.74313,30.58586],[-97.74415,30.58568],[-97.74563,30.58489],[-97.74663,30.58535],[-97.74789,30.58448],[-97.74586,30.57936],[-97.75616,30.57625],[-97.75127,30.5634],[-97.75499,30.56219],[-97.75448,30.56097],[-97.75466,30.55964],[-97.75619,30.55895],[-97.75723,30.55786],[-97.75773,30.55679],[-97.75815,30.55464],[-97.75871,30.55368],[-97.75958,30.55582],[-97.76498,30.55274]]]},"properties":{"zip_code":"78681","county":"Williamson"}},{"type":"Feature","geometry":{"type":"Polygon","coordinates":[[[-97.75384,30.26609],[-97.75118,30.26528],[-97.75199,30.26416],[-97.7476,30.26277],[-97.74489,30.26153],[-97.74368,30.2607],[-97.74222,30.2586],[-97.74192,30.25701],[-97.74098,30.25479],[-97.73826,30.25184],[-97.73599,30.25061],[-97.7371,30.25599],[-97.73724,30.25882],[-97.73652,30.26132],[-97.73557,30.2634],[-97.73152,30.27472],[-97.73601,30.27599],[-97.73497,30.27867],[-97.73607,30.27899],[-97.73571,30.27998],[-97.74518,30.28266],[-97.74506,30.28404],[-97.74663,30.28414],[-97.74673,30.2831],[-97.74982,30.28394],[-97.75191,30.28372],[-97.75212,30.28361],[-97.75084,30.28212],[-97.75043,30.28056],[-97.75057,30.27997],[-97.75093,30.27995],[-97.75111,30.27858],[-97.75017,30.27649],[-97.75129,30.27541],[-97.75209,30.27403],[-97.75142,30.27344],[-97.75132,30.27248],[-97.75082,30.27153],[-97.75126,30.27054],[-97.75059,30.2703],[-97.75164,30.26745],[-97.7522,30.2675],[-97.75309,30.26719],[-97.75384,30.26609]]]},"properties":{"zip_code":"78701","county":"Travis"}},{"type":"Feature","geometry":{"type":"Polygon","coordinates":[[[-97.7373,30.25826],[-97.7371,30.25599],[-97.73599,30.25061],[-97.7343,30.25016],[-97.72978,30.24811],[-97.72376,30.2466],[-97.7226,30.24681],[-97.71786,30.24861],[-97.71594,30.24982],[-97.71351,30.25043],[-97.70528,30.25061],[-97.70188,30.2502],[-97.70048,30.24871],[-97.69958,30.24691],[-97.69838,30.24631],[-97.69498,30.24531],[-97.69348,30.24541],[-97.69128,30.24518],[-97.69172,30.24811],[-97.69106,30.24945],[-97.69147,30.2501],[-97.69249,30.25077],[-97.69246,30.2531],[-97.69277,30.25515],[-97.6925,30.25509],[-97.69133,30.25683],[-97.69162,30.25695],[-97.69125,30.25746],[-97.69157,30.25762],[-97.69098,30.25852],[-97.69386,30.26009],[-97.69551,30.26561],[-97.69436,30.26743],[-97.69627,30.2681],[-97.69791,30.27356],[-97.69844,30.27466],[-97.70033,30.27686],[-97.70304,30.28115],[-97.70142,30.28139],[-97.70171,30.28291],[-97.70817,30.28188],[-97.70736,30.28348],[-97.70856,30.28594],[-97.70893,30.28587],[-97.70848,30.28476],[-97.7085,30.28183],[-97.70946,30.28171],[-97.70966,30.28277],[-97.71175,30.28244],[-97.71154,30.2814],[-97.71925,30.28013],[-97.71946,30.28115],[-97.72045,30.28099],[-97.72021,30.27998],[-97.72318,30.27948],[-97.7234,30.28051],[-97.72539,30.28019],[-97.72514,30.2791],[-97.73005,30.27851],[-97.73097,30.27646],[-97.73557,30.2634],[-97.73652,30.26132],[-97.7373,30.25826]]]},"properties":{"zip_code":"78702","county":"Travis"}},{"type":"Feature","geometry":{"type":"Polygon","coordinates":[[[-97.78598,30.29738],[-97.78557,30.2936],[-97.78526,30.29316],[-97.78588,30.29166],[-97.78592,30.29092],[-97.78553,30.28981],[-97.7856,30.28819],[-97.78534,30.28615],[-97.78427,30.28431],[-97.78035,30.2805],[-97.77666,30.27754],[-97.77278,30.27489],[-97.76968,30.27162],[-97.76827,30.27067],[-97.75598,30.26542],[-97.75265,30.26457],[-97.75204,30.26419],[-97.75118,30.26528],[-97.75384,30.26609],[-97.75309,30.26719],[-97.7522,30.2675],[-97.75164,30.26745],[-97.75059,30.2703],[-97.75126,30.27054],[-97.75082,30.27153],[-97.75132,30.27248],[-97.75142,30.27344],[-97.75209,30.27403],[-97.75129,30.27541],[-97.75026,30.27632],[-97.75015,30.27671],[-97.75111,30.27854],[-97.75077,30.2805],[-97.75115,30.28221],[-97.75442,30.28431],[-97.75452,30.28476],[-97.75395,30.28549],[-97.75388,30.28693],[-97.75346,30.28844],[-97.75199,30.29031],[-97.75153,30.29161],[-97.751,30.29201],[-97.74845,30.29218],[-97.74774,30.29234],[-97.74741,30.29266],[-97.74941,30.29691],[-97.75017,30.2977],[-97.74911,30.29886],[-97.74752,30.299],[-97.74715,30.29931],[-97.74746,30.30014],[-97.74906,30.30145],[-97.74964,30.30244],[-97.75009,30.30267],[-97.7493,30.30415],[-97.74759,30.30562],[-97.74746,30.30613],[-97.748,30.30722],[-97.75074,30.30725],[-97.75261,30.3081],[-97.75248,30.30857],[-97.75449,30.30904],[-97.75464,30.30857],[-97.75764,30.30904],[-97.7571,30.31196],[-97.75629,30.31988],[-97.75705,30.32407],[-97.75815,30.32458],[-97.75865,30.326],[-97.75956,30.32641],[-97.76013,30.32555],[-97.76378,30.32735],[-97.7687,30.32105],[-97.764,30.3187],[-97.76728,30.31361],[-97.76904,30.31453],[-97.77015,30.31413],[-97.7716,30.31316],[-97.77383,30.3126],[-97.77588,30.31361],[-97.77788,30.30831],[-97.77915,30.30622],[-97.78106,30.30373],[-97.78372,30.30085],[-97.78598,30.29738]]]},"properties":{"zip_code":"78703","county":"Travis"}},{"type":"Feature","geometry":{"type":"Polygon","coordinates":[[[-97.80242,30.24472],[-97.79791,30.23552],[-97.79656,30.23404],[-97.7969,30.23387],[-97.79621,30.23334],[-97.79196,30.23127],[-97.7928,30.22991],[-97.79087,30.22899],[-97.79002,30.23035],[-97.78852,30.22964],[-97.78834,30.2299],[-97.7861,30.22885],[-97.78616,30.22848],[-97.78465,30.22782],[-97.7814,30.22747],[-97.7816,30.22714],[-97.78017,30.22659],[-97.77949,30.22768],[-97.77296,30.22761],[-97.77071,30.22708],[-97.76947,30.22652],[-97.76999,30.22567],[-97.76883,30.22507],[-97.76969,30.22368],[-97.75412,30.21623],[-97.75399,30.21659],[-97.75293,30.2159],[-97.75193,30.21561],[-97.75129,30.21657],[-97.74397,30.21633],[-97.74376,30.2187],[-97.74391,30.21963],[-97.74745,30.2233],[-97.73563,30.24321],[-97.73514,30.24441],[-97.73502,30.24544],[-97.73599,30.25061],[-97.73826,30.25184],[-97.74098,30.25479],[-97.74192,30.25701],[-97.74222,30.2586],[-97.74368,30.2607],[-97.74489,30.26153],[-97.7476,30.26277],[-97.74973,30.26359],[-97.75163,30.264],[-97.75265,30.26457],[-97.75598,30.26542],[-97.76066,30.26753],[-97.76592,30.26467],[-97.76761,30.2641],[-97.76934,30.2641],[-97.77151,30.2636],[-97.77544,30.26356],[-97.77811,30.26284],[-97.7796,30.26288],[-97.78088,30.26255],[-97.7824,30.26178],[-97.78371,30.26159],[-97.78501,30.26099],[-97.78555,30.26039],[-97.78419,30.25928],[-97.78458,30.2581],[-97.78517,30.25751],[-97.79089,30.25519],[-97.79453,30.25407],[-97.79572,30.25343],[-97.79614,30.25259],[-97.79677,30.24875],[-97.79668,30.24815],[-97.79602,30.24767],[-97.79348,30.24804],[-97.79217,30.24783],[-97.78948,30.2464],[-97.7889,30.2456],[-97.7887,30.24446],[-97.78894,30.2432],[-97.78986,30.2421],[-97.79234,30.24187],[-97.79338,30.2431],[-97.79405,30.24319],[-97.79718,30.24484],[-97.79843,30.24517],[-97.80094,30.24525],[-97.80242,30.24472]]]},"properties":{"zip_code":"78704","county":"Travis"}},{"type":"Feature","geometry":{"type":"Polygon","coordinates":[[[-97.75452,30.28476],[-97.75442,30.28431],[-97.75123,30.28234],[-97.75084,30.28117],[-97.75091,30.27999],[-97.75057,30.27997],[-97.75043,30.28056],[-97.75077,30.28195],[-97.75212,30.28361],[-97.74982,30.28394],[-97.74673,30.2831],[-97.74663,30.28414],[-97.74506,30.28404],[-97.74518,30.28266],[-97.73571,30.27998],[-97.73386,30.28056],[-97.73326,30.28135],[-97.7335,30.28232],[-97.73501,30.28447],[-97.73401,30.28533],[-97.73369,30.28532],[-97.73353,30.28706],[-97.73702,30.28735],[-97.73743,30.28347],[-97.74191,30.2838],[-97.74141,30.28908],[-97.74222,30.28915],[-97.7422,30.28948],[-97.74139,30.28942],[-97.74135,30.28981],[-97.74025,30.28975],[-97.74046,30.28758],[-97.73953,30.28754],[-97.73955,30.28781],[-97.73925,30.288],[-97.73893,30.29182],[-97.73658,30.29165],[-97.73653,30.29264],[-97.73516,30.29123],[-97.73474,30.29043],[-97.73453,30.29043],[-97.73469,30.28933],[-97.7341,30.28818],[-97.73346,30.28917],[-97.73092,30.28921],[-97.72983,30.28883],[-97.72766,30.28748],[-97.72508,30.28656],[-97.72013,30.29428],[-97.72104,30.29473],[-97.72083,30.29505],[-97.72272,30.29596],[-97.72293,30.29562],[-97.72329,30.29579],[-97.72341,30.29564],[-97.73395,30.30072],[-97.73364,30.30106],[-97.73446,30.30144],[-97.73424,30.30175],[-97.7353,30.30225],[-97.73569,30.30203],[-97.73607,30.30223],[-97.73584,30.3026],[-97.73764,30.30349],[-97.73298,30.31084],[-97.73757,30.31346],[-97.74311,30.3052],[-97.74638,30.30671],[-97.748,30.30722],[-97.74749,30.30581],[-97.7493,30.30415],[-97.75009,30.30267],[-97.74964,30.30244],[-97.74906,30.30145],[-97.74746,30.30014],[-97.74712,30.29939],[-97.74752,30.299],[-97.74911,30.29886],[-97.75017,30.2977],[-97.74941,30.29691],[-97.74741,30.29266],[-97.74774,30.29234],[-97.74845,30.29218],[-97.751,30.29201],[-97.75153,30.29161],[-97.75199,30.29031],[-97.75346,30.28844],[-97.75388,30.28693],[-97.75395,30.28549],[-97.75452,30.28476]]]},"properties":{"zip_code":"78705","county":"Travis"}},{"type":"Feature","geometry":{"type":"Polygon","coordinates":[[[-97.7422,30.28948],[-97.74222,30.28915],[-97.74141,30.28908],[-97.74191,30.2838],[-97.73743,30.28347],[-97.73702,30.28735],[-97.73353,30.28706],[-97.73369,30.28532],[-97.73401,30.28533],[-97.73501,30.28447],[-97.7335,30.28232],[-97.73326,30.28135],[-97.73386,30.28056],[-97.73571,30.27998],[-97.73607,30.27899],[-97.73497,30.27867],[-97.73601,30.27599],[-97.73152,30.27472],[-97.73005,30.27851],[-97.72514,30.2791],[-97.72603,30.28314],[-97.7274,30.28308],[-97.72508,30.28656],[-97.72766,30.28748],[-97.72983,30.28883],[-97.73092,30.28921],[-97.73346,30.28917],[-97.7341,30.28818],[-97.73469,30.28933],[-97.73453,30.29043],[-97.73474,30.29043],[-97.73516,30.29123],[-97.73653,30.29264],[-97.73658,30.29165],[-97.73893,30.29182],[-97.73925,30.288],[-97.73955,30.28781],[-97.73953,30.28754],[-97.74046,30.28758],[-97.74025,30.28975],[-97.74135,30.28981],[-97.74139,30.28942],[-97.7422,30.28948]]]},"properties":{"zip_code":"78712","county":"Travis"}},{"type":"Feature","geometry":{"type":"Polygon","coordinates":[[[-97.80905,30.49175],[-97.80828,30.49058],[-97.80737,30.49054],[-97.80676,30.49015],[-97.8065,30.4896],[-97.80673,30.4889],[-97.80819,30.48835],[-97.80712,30.48592],[-97.80493,30.48663],[-97.80488,30.48468],[-97.80428,30.48267],[-97.80253,30.47985],[-97.80137,30.48018],[-97.79871,30.48018],[-97.79634,30.47989],[-97.79548,30.48017],[-97.79439,30.4776],[-97.79429,30.47623],[-97.79389,30.47531],[-97.7961,30.47449],[-97.79895,30.47294],[-97.79702,30.46816],[-97.79636,30.46835],[-97.79526,30.46562],[-97.79386,30.46628],[-97.79203,30.46659],[-97.79067,30.46597],[-97.78999,30.4646],[-97.78921,30.46382],[-97.78781,30.46532],[-97.78756,30.46691],[-97.78796,30.46782],[-97.78937,30.4692],[-97.78992,30.47018],[-97.78061,30.47304],[-97.78041,30.4725],[-97.77673,30.47357],[-97.77205,30.47395],[-97.76953,30.47443],[-97.76053,30.47732],[-97.7531,30.47465],[-97.74879,30.47396],[-97.74236,30.47482],[-97.73694,30.47644],[-97.73127,30.47692],[-97.73021,30.47681],[-97.72319,30.4751],[-97.72223,30.47444],[-97.72052,30.47268],[-97.72003,30.4718],[-97.71974,30.47081],[-97.71978,30.46969],[-97.72115,30.45584],[-97.72036,30.45614],[-97.71963,30.45757],[-97.7176,30.45863],[-97.70323,30.48069],[-97.70355,30.48127],[-97.70396,30.48117],[-97.70794,30.49133],[-97.70726,30.49177],[-97.70577,30.49135],[-97.70569,30.49158],[-97.70494,30.49185],[-97.70603,30.49456],[-97.70512,30.49468],[-97.70522,30.49492],[-97.70475,30.49506],[-97.70574,30.49748],[-97.70526,30.49766],[-97.70579,30.49817],[-97.70793,30.4975],[-97.70875,30.50118],[-97.70814,30.50141],[-97.70822,30.5016],[-97.70328,30.50312],[-97.70369,30.50521],[-97.70034,30.50625],[-97.70052,30.50756],[-97.70175,30.51245],[-97.70266,30.51245],[-97.70532,30.51172],[-97.71331,30.50882],[-97.71339,30.50896],[-97.7159,30.5074],[-97.72175,30.49905],[-97.71778,30.49672],[-97.71692,30.49562],[-97.71645,30.49425],[-97.71644,30.49314],[-97.71683,30.49184],[-97.71957,30.48752],[-97.72117,30.48858],[-97.72239,30.49122],[-97.72304,30.4919],[-97.72585,30.49347],[-97.72573,30.49369],[-97.72928,30.49521],[-97.73497,30.49509],[-97.73634,30.49535],[-97.73747,30.49602],[-97.74021,30.49898],[-97.74078,30.50027],[-97.7407,30.50155],[-97.73814,30.50593],[-97.73832,30.50594],[-97.73693,30.5107],[-97.73885,30.51106],[-97.73903,30.51029],[-97.74045,30.51057],[-97.74176,30.51381],[-97.73733,30.51521],[-97.73902,30.51967],[-97.74204,30.51915],[-97.74229,30.51914],[-97.74228,30.51948],[-97.74544,30.51918],[-97.7488,30.51669],[-97.75334,30.51466],[-97.75526,30.51334],[-97.75589,30.51271],[-97.75774,30.50917],[-97.75838,30.50869],[-97.76064,30.50858],[-97.76203,30.50914],[-97.76421,30.50887],[-97.77066,30.50557],[-97.77167,30.50526],[-97.77253,30.50531],[-97.77321,30.50598],[-97.77399,30.50623],[-97.77492,30.50577],[-97.77565,30.50419],[-97.77732,30.50354],[-97.78032,30.50394],[-97.78269,30.50361],[-97.7835,30.50406],[-97.78726,30.50519],[-97.78806,30.5052],[-97.78927,30.50576],[-97.7899,30.50577],[-97.79195,30.50511],[-97.79588,30.50278],[-97.7975,30.49979],[-97.79978,30.49782],[-97.80334,30.49605],[-97.80465,30.49599],[-97.80545,30.49565],[-97.80618,30.49495],[-97.80601,30.49413],[-97.80652,30.49377],[-97.80696,30.49236],[-97.80752,30.49218],[-97.8085,30.49238],[-97.80891,30.49217],[-97.80905,30.49175]]]},"properties":{"zip_code":"78717","county":"Williamson"}},{"type":"Feature","geometry":{"type":"Polygon","coordinates":[[[-97.69696,30.14765],[-97.69673,30.14419],[-97.69167,30.14184],[-97.68858,30.14271],[-97.68798,30.14268],[-97.67872,30.13829],[-97.68425,30.12957],[-97.68494,30.12897],[-97.68614,30.12915],[-97.68697,30.129],[-97.68806,30.12788],[-97.68898,30.12731],[-97.68939,30.12667],[-97.69383,30.12879],[-97.69521,30.12663],[-97.69079,30.12446],[-97.69302,30.121],[-97.69231,30.12065],[-97.6935,30.11867],[-97.69375,30.11745],[-97.69246,30.11678],[-97.69354,30.11579],[-97.69506,30.1154],[-97.69437,30.10203],[-97.69322,30.10323],[-97.68592,30.09637],[-97.69318,30.08963],[-97.69296,30.08207],[-97.69337,30.08194],[-97.69294,30.06644],[-97.69282,30.06322],[-97.69205,30.05602],[-97.69071,30.05615],[-97.69114,30.06096],[-97.69081,30.06136],[-97.69145,30.06852],[-97.69157,30.07552],[-97.68971,30.07595],[-97.68725,30.07835],[-97.68641,30.07851],[-97.68572,30.07953],[-97.68467,30.08014],[-97.68282,30.08196],[-97.68207,30.08175],[-97.68079,30.08219],[-97.67863,30.08239],[-97.67809,30.08217],[-97.67661,30.08228],[-97.67497,30.08164],[-97.67451,30.08194],[-97.67418,30.08186],[-97.67303,30.08365],[-97.67319,30.08435],[-97.67295,30.08509],[-97.67188,30.08595],[-97.67168,30.08642],[-97.66896,30.0842],[-97.66901,30.08341],[-97.66846,30.08293],[-97.66844,30.0824],[-97.6692,30.08208],[-97.66858,30.08118],[-97.66899,30.08039],[-97.669,30.07959],[-97.66628,30.08203],[-97.64937,30.06794],[-97.63921,30.07829],[-97.64139,30.07825],[-97.64061,30.07895],[-97.64087,30.07959],[-97.63873,30.08167],[-97.64647,30.08778],[-97.64544,30.08849],[-97.6452,30.08983],[-97.64472,30.09025],[-97.65083,30.09541],[-97.65127,30.09536],[-97.65567,30.09141],[-97.66032,30.09532],[-97.65573,30.09942],[-97.65674,30.10053],[-97.65049,30.11071],[-97.64966,30.11326],[-97.654,30.1153],[-97.65855,30.11657],[-97.66042,30.11789],[-97.66034,30.12067],[-97.66097,30.12306],[-97.66165,30.12446],[-97.66546,30.1304],[-97.66647,30.13356],[-97.66653,30.13547],[-97.66629,30.1371],[-97.66554,30.13913],[-97.66478,30.14042],[-97.67257,30.14426],[-97.67046,30.14586],[-97.66918,30.14821],[-97.6718,30.14933],[-97.67048,30.15175],[-97.67053,30.15287],[-97.66906,30.15351],[-97.66066,30.1663],[-97.66376,30.16792],[-97.66351,30.17034],[-97.66158,30.16947],[-97.65932,30.16736],[-97.65172,30.173],[-97.64762,30.17835],[-97.64591,30.18227],[-97.64576,30.18329],[-97.64596,30.18489],[-97.64766,30.1916],[-97.64748,30.19296],[-97.64669,30.19433],[-97.65162,30.19843],[-97.64565,30.20368],[-97.6444,30.20265],[-97.6419,30.20455],[-97.65353,30.21055],[-97.65865,30.21291],[-97.66892,30.21862],[-97.67768,30.22289],[-97.68016,30.22316],[-97.68329,30.22244],[-97.68348,30.20511],[-97.68375,30.20163],[-97.68529,30.19185],[-97.68775,30.183],[-97.68752,30.18284],[-97.6876,30.18257],[-97.68271,30.17848],[-97.68264,30.17515],[-97.68154,30.17503],[-97.68434,30.17536],[-97.68459,30.17578],[-97.68404,30.17641],[-97.68512,30.1773],[-97.68669,30.1781],[-97.68812,30.17818],[-97.68889,30.17785],[-97.68922,30.17669],[-97.68866,30.17575],[-97.6892,30.17349],[-97.69007,30.17372],[-97.69276,30.16414],[-97.69299,30.16425],[-97.69424,30.15988],[-97.69348,30.15971],[-97.69386,30.15856],[-97.69265,30.15704],[-97.69626,30.15147],[-97.69667,30.15144],[-97.69696,30.14765]]]},"properties":{"zip_code":"78719","county":"Travis"}},{"type":"Feature","geometry":{"type":"Polygon","coordinates":[[[-97.70239,30.28123],[-97.70304,30.28115],[-97.70033,30.27686],[-97.69844,30.27466],[-97.69791,30.27356],[-97.69627,30.2681],[-97.69436,30.26743],[-97.69551,30.26561],[-97.69386,30.26009],[-97.69098,30.25852],[-97.69157,30.25762],[-97.69125,30.25746],[-97.69162,30.25695],[-97.69133,30.25683],[-97.6925,30.25509],[-97.69277,30.25515],[-97.69246,30.2531],[-97.69249,30.25077],[-97.69147,30.2501],[-97.69106,30.24945],[-97.68945,30.25017],[-97.6849,30.25079],[-97.68251,30.25141],[-97.67954,30.25337],[-97.67821,30.25483],[-97.6774,30.25643],[-97.67291,30.26334],[-97.67264,30.26329],[-97.67037,30.267],[-97.66955,30.26925],[-97.66526,30.28562],[-97.67251,30.28681],[-97.68263,30.28586],[-97.69609,30.28373],[-97.69629,30.28417],[-97.6969,30.28398],[-97.69712,30.2844],[-97.69804,30.28412],[-97.69772,30.28351],[-97.69814,30.28345],[-97.69838,30.28395],[-97.70037,30.28356],[-97.70036,30.28312],[-97.70171,30.28291],[-97.70142,30.28139],[-97.70239,30.28123]]]},"properties":{"zip_code":"78721","county":"Travis"}},{"type":"Feature","geometry":{"type":"Polygon","coordinates":[[[-97.7274,30.28308],[-97.72603,30.28314],[-97.72539,30.28019],[-97.7234,30.28051],[-97.72318,30.27948],[-97.72021,30.27998],[-97.72045,30.28099],[-97.71946,30.28115],[-97.71925,30.28013],[-97.71154,30.2814],[-97.71175,30.28244],[-97.70966,30.28277],[-97.70946,30.28171],[-97.7085,30.28183],[-97.70848,30.28476],[-97.70893,30.28587],[-97.70856,30.28594],[-97.70736,30.28348],[-97.70817,30.28188],[-97.70395,30.28257],[-97.70629,30.28621],[-97.70715,30.2892],[-97.70502,30.28922],[-97.7013,30.28754],[-97.69857,30.28909],[-97.69879,30.29012],[-97.70378,30.28978],[-97.70509,30.29062],[-97.70625,30.29072],[-97.70682,30.29133],[-97.70739,30.29131],[-97.70815,30.2965],[-97.70882,30.29778],[-97.70974,30.29879],[-97.70882,30.30101],[-97.70932,30.30177],[-97.70921,30.30264],[-97.71208,30.30619],[-97.71254,30.3055],[-97.71242,30.30649],[-97.7274,30.28308]]]},"properties":{"zip_code":"78722","county":"Travis"}},{"type":"Feature","geometry":{"type":"Polygon","coordinates":[[[-97.71249,30.30596],[-97.71254,30.3055],[-97.71208,30.30619],[-97.70921,30.30264],[-97.70932,30.30177],[-97.70882,30.30101],[-97.70974,30.29879],[-97.70882,30.29778],[-97.70815,30.2965],[-97.70739,30.29131],[-97.70682,30.29133],[-97.70625,30.29072],[-97.70509,30.29062],[-97.70378,30.28978],[-97.69879,30.29012],[-97.69857,30.28909],[-97.7013,30.28754],[-97.70502,30.28922],[-97.70715,30.2892],[-97.70629,30.28621],[-97.70395,30.28257],[-97.70036,30.28312],[-97.70037,30.28356],[-97.69838,30.28395],[-97.69814,30.28345],[-97.69772,30.28351],[-97.69804,30.28412],[-97.69712,30.2844],[-97.6969,30.28398],[-97.69629,30.28417],[-97.69609,30.28373],[-97.68263,30.28586],[-97.67251,30.28681],[-97.66526,30.28562],[-97.66101,30.30165],[-97.66072,30.30405],[-97.66083,30.30651],[-97.66132,30.30911],[-97.66289,30.31577],[-97.66376,30.31763],[-97.66472,30.31891],[-97.66662,30.32073],[-97.67323,30.32572],[-97.68089,30.3232],[-97.68126,30.32418],[-97.6825,30.32451],[-97.68348,30.32305],[-97.68457,30.32301],[-97.68454,30.32206],[-97.68429,30.32197],[-97.68488,30.32186],[-97.68908,30.32149],[-97.68915,30.32213],[-97.69206,30.32194],[-97.69414,30.32295],[-97.69364,30.32399],[-97.69514,30.32446],[-97.69723,30.32395],[-97.69807,30.32404],[-97.69849,30.32221],[-97.69505,30.32187],[-97.69539,30.32147],[-97.70469,30.32235],[-97.70686,30.3222],[-97.70771,30.3162],[-97.70868,30.31285],[-97.71023,30.30992],[-97.71242,30.30649],[-97.71249,30.30596]]]},"properties":{"zip_code":"78723","county":"Travis"}},{"type":"Feature","geometry":{"type":"MultiPolygon","coordinates":[[[[-97.67323,30.32572],[-97.66662,30.32073],[-97.66472,30.31891],[-97.66344,30.31704],[-97.66267,30.315],[-97.66083,30.30651],[-97.66084,30.30262],[-97.66526,30.28562],[-97.65763,30.28434],[-97.65451,30.28327],[-97.65538,30.2828],[-97.65478,30.28223],[-97.65477,30.28197],[-97.65547,30.28117],[-97.65545,30.28015],[-97.656,30.27847],[-97.65632,30.27798],[-97.65684,30.27775],[-97.65673,30.27679],[-97.65604,30.27676],[-97.65596,30.27525],[-97.65541,30.27491],[-97.65525,30.27444],[-97.65634,30.2743],[-97.65676,30.27342],[-97.65636,30.27303],[-97.65564,30.27311],[-97.65536,30.27252],[-97.65579,30.2717],[-97.65764,30.27197],[-97.65819,30.2713],[-97.658,30.27002],[-97.65742,30.26979],[-97.65667,30.26897],[-97.65765,30.26869],[-97.6573,30.26817],[-97.65733,30.26706],[-97.65698,30.2664],[-97.6493,30.2781],[-97.64875,30.27957],[-97.64869,30.28108],[-97.64192,30.27855],[-97.64386,30.27553],[-97.64345,30.27504],[-97.64335,30.27211],[-97.64247,30.27105],[-97.642,30.26985],[-97.64209,30.2687],[-97.64175,30.26803],[-97.64224,30.26619],[-97.64259,30.26599],[-97.6438,30.26626],[-97.64573,30.26597],[-97.64618,30.26574],[-97.64616,30.26508],[-97.64423,30.26404],[-97.6438,30.26406],[-97.6432,30.26452],[-97.64236,30.26426],[-97.64086,30.26432],[-97.64062,30.26352],[-97.64141,30.26338],[-97.64079,30.26241],[-97.63971,30.25858],[-97.63894,30.25795],[-97.63441,30.25667],[-97.63077,30.26193],[-97.63056,30.26261],[-97.62666,30.26872],[-97.62537,30.26676],[-97.62582,30.26611],[-97.62504,30.26545],[-97.62743,30.26176],[-97.62882,30.2624],[-97.62928,30.26137],[-97.62991,30.26074],[-97.63152,30.25663],[-97.62989,30.25677],[-97.62869,30.25716],[-97.62736,30.257],[-97.62595,30.25637],[-97.6252,30.25537],[-97.62126,30.26268],[-97.61966,30.26103],[-97.61397,30.259],[-97.61182,30.257],[-97.60942,30.25555],[-97.59868,30.25138],[-97.59564,30.25146],[-97.59635,30.25029],[-97.59651,30.24973],[-97.59636,30.24892],[-97.59328,30.24626],[-97.59305,30.24251],[-97.59258,30.24191],[-97.5903,30.24079],[-97.58963,30.2408],[-97.58875,30.24179],[-97.58812,30.24151],[-97.58441,30.24722],[-97.58367,30.24682],[-97.58337,30.24594],[-97.58386,30.2451],[-97.58341,30.24487],[-97.58285,30.24584],[-97.58303,30.24748],[-97.58019,30.24804],[-97.57576,30.24883],[-97.57067,30.2491],[-97.56904,30.249],[-97.5648,30.24814],[-97.5616,30.24857],[-97.56072,30.24903],[-97.56241,30.24934],[-97.56228,30.25026],[-97.56304,30.25123],[-97.56399,30.25152],[-97.56495,30.25505],[-97.56368,30.25644],[-97.56427,30.25717],[-97.56398,30.25811],[-97.56504,30.25944],[-97.56691,30.25957],[-97.56742,30.259],[-97.56837,30.25961],[-97.56891,30.26103],[-97.5695,30.26079],[-97.57031,30.26151],[-97.57043,30.26296],[-97.57175,30.26383],[-97.57352,30.26419],[-97.57357,30.26455],[-97.57297,30.26518],[-97.57383,30.26654],[-97.57598,30.26873],[-97.57678,30.26879],[-97.57717,30.2692],[-97.57746,30.26918],[-97.57751,30.26987],[-97.57808,30.26998],[-97.5785,30.27043],[-97.58415,30.27028],[-97.5848,30.26954],[-97.58534,30.26943],[-97.58625,30.26979],[-97.58684,30.27072],[-97.58617,30.27265],[-97.58533,30.27332],[-97.58499,30.27399],[-97.5852,30.27494],[-97.58573,30.27548],[-97.58724,30.27517],[-97.58871,30.27581],[-97.58126,30.28183],[-97.57889,30.28421],[-97.579,30.28469],[-97.57864,30.28534],[-97.58008,30.28682],[-97.58358,30.28856],[-97.57793,30.28845],[-97.57481,30.28795],[-97.57278,30.28869],[-97.5717,30.28965],[-97.57113,30.29073],[-97.57015,30.29447],[-97.57048,30.29462],[-97.56924,30.29843],[-97.56872,30.30292],[-97.56903,30.30517],[-97.56951,30.30447],[-97.5699,30.30713],[-97.57046,30.30903],[-97.57208,30.31273],[-97.57449,30.31604],[-97.58613,30.33048],[-97.59129,30.34032],[-97.59939,30.33725],[-97.59947,30.33747],[-97.60441,30.33561],[-97.60764,30.33474],[-97.60772,30.33502],[-97.60941,30.33457],[-97.61053,30.33569],[-97.61168,30.33601],[-97.61335,30.33609],[-97.61476,30.3367],[-97.61593,30.33763],[-97.61677,30.33875],[-97.61711,30.3402],[-97.61711,30.34096],[-97.61663,30.34185],[-97.62281,30.33236],[-97.62322,30.33093],[-97.6243,30.33115],[-97.62418,30.33176],[-97.62635,30.33163],[-97.62549,30.33293],[-97.62744,30.33383],[-97.62896,30.33148],[-97.64407,30.33042],[-97.644,30.32954],[-97.6443,30.3295],[-97.66428,30.32796],[-97.66956,30.32693],[-97.67323,30.32572]]],[[[-97.64897,30.26849],[-97.64877,30.2682],[-97.6458,30.26686],[-97.6445,30.26914],[-97.64375,30.26937],[-97.64415,30.27041],[-97.64712,30.27201],[-97.64776,30.27104],[-97.64742,30.27084],[-97.64897,30.26849]]]]},"properties":{"zip_code":"78724","county":"Travis"}},{"type":"Feature","geometry":{"type":"Polygon","coordinates":[[[-97.69172,30.24811],[-97.69128,30.24518],[-97.69029,30.24579],[-97.69001,30.24566],[-97.68915,30.24598],[-97.68787,30.24581],[-97.68246,30.24629],[-97.67781,30.24797],[-97.67514,30.24933],[-97.67312,30.25082],[-97.67162,30.25298],[-97.67167,30.25431],[-97.67127,30.25477],[-97.66923,30.2561],[-97.66791,30.25662],[-97.66193,30.26042],[-97.66157,30.26094],[-97.65936,30.26133],[-97.65817,30.26206],[-97.65653,30.26229],[-97.65339,30.26216],[-97.6499,30.26245],[-97.64666,30.26323],[-97.64436,30.26302],[-97.64272,30.26252],[-97.64173,30.26171],[-97.64142,30.26043],[-97.64167,30.25739],[-97.64085,30.25658],[-97.6387,30.25652],[-97.63542,30.25588],[-97.63218,30.2557],[-97.62863,30.256],[-97.62623,30.25511],[-97.62572,30.25098],[-97.62621,30.24914],[-97.62936,30.24409],[-97.63044,30.24268],[-97.63262,30.24089],[-97.63315,30.2399],[-97.63615,30.23883],[-97.64202,30.23765],[-97.64552,30.23655],[-97.64774,30.23641],[-97.65014,30.23523],[-97.65046,30.23461],[-97.65167,30.23378],[-97.65357,30.23304],[-97.65546,30.23059],[-97.65768,30.22871],[-97.65862,30.22738],[-97.6588,30.22676],[-97.65784,30.2235],[-97.65701,30.22162],[-97.65089,30.21438],[-97.65056,30.21357],[-97.64528,30.21036],[-97.63848,30.20806],[-97.63734,30.20825],[-97.63276,30.20747],[-97.62691,30.2095],[-97.62087,30.21057],[-97.61882,30.21133],[-97.61469,30.21378],[-97.61278,30.21407],[-97.61131,30.21527],[-97.61055,30.21558],[-97.60785,30.21547],[-97.60725,30.2157],[-97.60594,30.21699],[-97.6052,30.21848],[-97.6048,30.22128],[-97.60387,30.22353],[-97.60376,30.22535],[-97.60336,30.2264],[-97.60238,30.22699],[-97.59823,30.22769],[-97.59667,30.22852],[-97.59483,30.22833],[-97.59333,30.22749],[-97.59228,30.226],[-97.59209,30.22451],[-97.59221,30.22359],[-97.59265,30.22262],[-97.59477,30.22134],[-97.59535,30.22054],[-97.59551,30.21989],[-97.59561,30.21749],[-97.59443,30.21388],[-97.59459,30.21167],[-97.59525,30.2087],[-97.59473,30.20791],[-97.59381,30.20727],[-97.59049,30.20624],[-97.58828,30.20617],[-97.58435,30.20785],[-97.58344,30.20851],[-97.58305,30.20928],[-97.5824,30.2096],[-97.58177,30.21036],[-97.58171,30.21118],[-97.58125,30.21184],[-97.57952,30.21328],[-97.57813,30.21396],[-97.57621,30.2143],[-97.57449,30.21418],[-97.56509,30.21197],[-97.56358,30.21114],[-97.56289,30.21031],[-97.56239,30.20874],[-97.56121,30.20793],[-97.55949,30.20754],[-97.55708,30.20754],[-97.55617,30.20792],[-97.55475,30.209],[-97.55212,30.21202],[-97.55095,30.21381],[-97.5484,30.21638],[-97.54617,30.21798],[-97.5456,30.21802],[-97.54402,30.21902],[-97.54278,30.21929],[-97.54206,30.22029],[-97.54285,30.22202],[-97.54247,30.22335],[-97.54184,30.22431],[-97.54164,30.22611],[-97.54207,30.22674],[-97.54268,30.22702],[-97.54331,30.22773],[-97.54386,30.22975],[-97.54506,30.23208],[-97.54595,30.23272],[-97.54638,30.23437],[-97.54743,30.23449],[-97.54793,30.23511],[-97.54761,30.23556],[-97.54655,30.23587],[-97.54562,30.23583],[-97.5446,30.23629],[-97.5442,30.23691],[-97.54368,30.23879],[-97.54406,30.24018],[-97.54491,30.24087],[-97.54695,30.24081],[-97.54848,30.24134],[-97.54922,30.2412],[-97.54988,30.24039],[-97.55116,30.24059],[-97.55126,30.24125],[-97.55056,30.24226],[-97.55263,30.24302],[-97.55334,30.24275],[-97.55436,30.24288],[-97.55572,30.24253],[-97.55608,30.24199],[-97.55604,30.24104],[-97.55642,30.24065],[-97.55732,30.24131],[-97.55809,30.24143],[-97.55844,30.24298],[-97.55896,30.24364],[-97.55883,30.24403],[-97.55855,30.24411],[-97.55878,30.24531],[-97.55917,30.24537],[-97.55982,30.24469],[-97.56038,30.24498],[-97.56083,30.24559],[-97.56024,30.24701],[-97.55887,30.24731],[-97.55891,30.24689],[-97.55785,30.24687],[-97.55783,30.24716],[-97.5582,30.24757],[-97.55806,30.24811],[-97.55831,30.24806],[-97.55877,30.24849],[-97.5588,30.24908],[-97.55989,30.24883],[-97.56072,30.24903],[-97.5616,30.24857],[-97.5648,30.24814],[-97.56904,30.249],[-97.57576,30.24883],[-97.58303,30.24748],[-97.58285,30.24584],[-97.58341,30.24487],[-97.58386,30.2451],[-97.58337,30.24594],[-97.58367,30.24682],[-97.58441,30.24722],[-97.58812,30.24151],[-97.58875,30.24179],[-97.58963,30.2408],[-97.5903,30.24079],[-97.59258,30.24191],[-97.59305,30.24251],[-97.59328,30.24626],[-97.59636,30.24892],[-97.59651,30.24973],[-97.59635,30.25029],[-97.59564,30.25146],[-97.59868,30.25138],[-97.60942,30.25555],[-97.61182,30.257],[-97.61397,30.259],[-97.61966,30.26103],[-97.62126,30.26268],[-97.6252,30.25537],[-97.62595,30.25637],[-97.62736,30.257],[-97.62869,30.25716],[-97.62989,30.25677],[-97.63152,30.25663],[-97.62991,30.26074],[-97.62928,30.26137],[-97.62882,30.2624],[-97.62743,30.26176],[-97.62504,30.26545],[-97.62582,30.26611],[-97.62537,30.26676],[-97.62666,30.26872],[-97.63056,30.26261],[-97.63077,30.26193],[-97.63441,30.25667],[-97.63894,30.25795],[-97.63971,30.25858],[-97.64079,30.26241],[-97.64141,30.26338],[-97.64062,30.26352],[-97.64086,30.26432],[-97.64236,30.26426],[-97.6432,30.26452],[-97.6438,30.26406],[-97.64423,30.26404],[-97.64616,30.26508],[-97.64618,30.26574],[-97.64573,30.26597],[-97.6438,30.26626],[-97.64259,30.26599],[-97.64224,30.26619],[-97.64175,30.26803],[-97.64209,30.2687],[-97.642,30.26985],[-97.64247,30.27105],[-97.64335,30.27211],[-97.64345,30.27504],[-97.64386,30.27553],[-97.64192,30.27855],[-97.64869,30.28108],[-97.64875,30.27957],[-97.6493,30.2781],[-97.65702,30.26643],[-97.65735,30.26718],[-97.6573,30.26817],[-97.65765,30.26869],[-97.65667,30.26897],[-97.65742,30.26979],[-97.658,30.27002],[-97.65819,30.2713],[-97.65764,30.27197],[-97.65579,30.2717],[-97.65536,30.27252],[-97.65564,30.27311],[-97.65636,30.27303],[-97.65676,30.27342],[-97.65634,30.2743],[-97.65525,30.27444],[-97.65541,30.27491],[-97.65596,30.27525],[-97.65604,30.27676],[-97.65673,30.27679],[-97.65684,30.27775],[-97.65632,30.27798],[-97.656,30.27847],[-97.65545,30.28015],[-97.65547,30.28117],[-97.65477,30.28197],[-97.65478,30.28223],[-97.65538,30.2828],[-97.65451,30.28327],[-97.65785,30.28438],[-97.66526,30.28562],[-97.66955,30.26925],[-97.67037,30.267],[-97.67264,30.26329],[-97.67291,30.26334],[-97.6774,30.25643],[-97.67821,30.25483],[-97.67954,30.25337],[-97.68251,30.25141],[-97.6849,30.25079],[-97.68999,30.25003],[-97.69122,30.24928],[-97.69172,30.24811]],[[-97.64893,30.26835],[-97.64742,30.27084],[-97.64776,30.27104],[-97.64712,30.27201],[-97.64415,30.27041],[-97.64375,30.26937],[-97.6445,30.26914],[-97.6458,30.26686],[-97.64893,30.26835]]]},"properties":{"zip_code":"78725","county":"Travis"}},{"type":"Feature","geometry":{"type":"Polygon","coordinates":[[[-97.88643,30.42651],[-97.88521,30.42645],[-97.88324,30.42773],[-97.8817,30.42588],[-97.88008,30.42739],[-97.87982,30.42898],[-97.87868,30.42902],[-97.87877,30.42705],[-97.8775,30.42618],[-97.8771,30.42342],[-97.87422,30.42335],[-97.8728,30.42552],[-97.87265,30.42545],[-97.87247,30.4245],[-97.86948,30.42023],[-97.86912,30.41914],[-97.86904,30.41719],[-97.86994,30.41776],[-97.86981,30.41671],[-97.86941,30.41608],[-97.86866,30.41552],[-97.86852,30.41496],[-97.86759,30.41447],[-97.86837,30.4129],[-97.86761,30.41184],[-97.86749,30.41125],[-97.86689,30.41096],[-97.86627,30.41022],[-97.86656,30.40915],[-97.86549,30.40817],[-97.86493,30.40716],[-97.86408,30.40702],[-97.86349,30.40582],[-97.86215,30.40595],[-97.8616,30.40556],[-97.86103,30.40575],[-97.86076,30.40553],[-97.86005,30.40562],[-97.85957,30.40513],[-97.85692,30.40459],[-97.85625,30.40483],[-97.85629,30.40529],[-97.85402,30.40378],[-97.85368,30.40439],[-97.85206,30.4029],[-97.85111,30.40358],[-97.85032,30.40363],[-97.84924,30.40276],[-97.84982,30.40176],[-97.84853,30.40176],[-97.8482,30.39961],[-97.84739,30.39895],[-97.84696,30.39899],[-97.8469,30.39866],[-97.84497,30.3989],[-97.84565,30.39768],[-97.84488,30.39584],[-97.84547,30.39454],[-97.84442,30.39378],[-97.84098,30.39537],[-97.8388,30.39505],[-97.83714,30.39555],[-97.83423,30.39694],[-97.83284,30.39824],[-97.83262,30.39912],[-97.83193,30.40031],[-97.83192,30.40107],[-97.83139,30.40198],[-97.83045,30.40198],[-97.82926,30.40282],[-97.82737,30.40355],[-97.82712,30.40392],[-97.82624,30.40425],[-97.82619,30.40505],[-97.8248,30.4057],[-97.82399,30.40645],[-97.82327,30.40776],[-97.82319,30.4093],[-97.82345,30.41017],[-97.82254,30.41163],[-97.8224,30.41232],[-97.82262,30.41298],[-97.82111,30.41535],[-97.82006,30.41594],[-97.81756,30.4165],[-97.81445,30.41864],[-97.81084,30.41936],[-97.80882,30.4189],[-97.80807,30.4191],[-97.80777,30.42103],[-97.80862,30.42173],[-97.80915,30.42172],[-97.80955,30.42222],[-97.81144,30.42209],[-97.81366,30.42294],[-97.81468,30.42458],[-97.81466,30.4254],[-97.81405,30.42673],[-97.81478,30.42742],[-97.81504,30.42811],[-97.81455,30.42864],[-97.81462,30.4295],[-97.81577,30.43007],[-97.81595,30.4304],[-97.81576,30.43113],[-97.81481,30.43135],[-97.81412,30.4323],[-97.8145,30.43336],[-97.81398,30.43467],[-97.81413,30.43683],[-97.81511,30.43878],[-97.81628,30.44003],[-97.81756,30.44073],[-97.81825,30.44225],[-97.81878,30.44271],[-97.81851,30.44348],[-97.81775,30.4429],[-97.81679,30.44152],[-97.81632,30.44153],[-97.81565,30.44242],[-97.81507,30.44187],[-97.81447,30.44266],[-97.81438,30.44359],[-97.81223,30.44689],[-97.81339,30.44723],[-97.81527,30.44918],[-97.81798,30.4502],[-97.81948,30.45021],[-97.82002,30.45044],[-97.82398,30.45429],[-97.82629,30.45601],[-97.82656,30.45752],[-97.83201,30.46187],[-97.83602,30.4643],[-97.84253,30.46222],[-97.84394,30.46201],[-97.84109,30.45987],[-97.84218,30.45925],[-97.84409,30.45865],[-97.84584,30.45737],[-97.84677,30.45456],[-97.84762,30.45349],[-97.84872,30.45267],[-97.85719,30.44891],[-97.85804,30.4483],[-97.85891,30.44679],[-97.86184,30.44537],[-97.86319,30.44413],[-97.86566,30.44247],[-97.86881,30.44111],[-97.87134,30.44124],[-97.87371,30.43986],[-97.87315,30.43826],[-97.87447,30.43774],[-97.8749,30.43714],[-97.87483,30.43451],[-97.87552,30.43263],[-97.876,30.43202],[-97.87918,30.43136],[-97.87916,30.43112],[-97.88001,30.43113],[-97.88007,30.4307],[-97.88232,30.42835],[-97.88487,30.42682],[-97.88643,30.42651]]]},"properties":{"zip_code":"78726","county":"Travis"}},{"type":"Feature","geometry":{"type":"MultiPolygon","coordinates":[[[[-97.76017,30.43311],[-97.76034,30.43271],[-97.75804,30.43291],[-97.7581,30.43099],[-97.75476,30.42967],[-97.75322,30.42949],[-97.75212,30.42898],[-97.75141,30.4295],[-97.75115,30.42907],[-97.75234,30.4284],[-97.75361,30.42651],[-97.74975,30.42461],[-97.74843,30.42356],[-97.74767,30.42262],[-97.74721,30.42157],[-97.7467,30.41907],[-97.74544,30.41911],[-97.74212,30.41755],[-97.74297,30.41628],[-97.74168,30.41567],[-97.74108,30.41654],[-97.73862,30.41536],[-97.7384,30.41577],[-97.73158,30.4125],[-97.73086,30.41351],[-97.73034,30.4132],[-97.73026,30.41376],[-97.73057,30.41412],[-97.72987,30.41513],[-97.72997,30.41544],[-97.72952,30.41562],[-97.72955,30.41615],[-97.72934,30.41613],[-97.72922,30.4152],[-97.72871,30.41487],[-97.72849,30.4134],[-97.72686,30.41244],[-97.72626,30.41173],[-97.72346,30.41184],[-97.72204,30.41163],[-97.71569,30.42153],[-97.70821,30.4179],[-97.70519,30.42103],[-97.70156,30.41864],[-97.69935,30.41748],[-97.68137,30.40893],[-97.68103,30.4101],[-97.68061,30.41038],[-97.68072,30.41069],[-97.68035,30.41146],[-97.68044,30.41273],[-97.68008,30.41331],[-97.68035,30.4144],[-97.68005,30.41514],[-97.67937,30.41588],[-97.67953,30.41663],[-97.67911,30.41768],[-97.67811,30.41876],[-97.67808,30.41943],[-97.67905,30.41982],[-97.67921,30.42019],[-97.67824,30.42151],[-97.67659,30.42238],[-97.67654,30.42266],[-97.67602,30.42303],[-97.67633,30.42396],[-97.67733,30.42434],[-97.67727,30.42559],[-97.67761,30.4258],[-97.67659,30.42686],[-97.68475,30.43089],[-97.68606,30.43453],[-97.6864,30.43399],[-97.68968,30.43554],[-97.68925,30.43611],[-97.69815,30.44035],[-97.70031,30.44075],[-97.71236,30.44538],[-97.71609,30.4484],[-97.71804,30.44908],[-97.72067,30.45322],[-97.727,30.44061],[-97.72774,30.43861],[-97.72837,30.43924],[-97.7292,30.43927],[-97.7296,30.43953],[-97.73142,30.43945],[-97.73209,30.43972],[-97.73393,30.44125],[-97.73552,30.44118],[-97.73561,30.44086],[-97.7374,30.44044],[-97.7389,30.43955],[-97.74081,30.4414],[-97.741,30.44132],[-97.74246,30.44375],[-97.74636,30.44231],[-97.74466,30.43994],[-97.7462,30.43893],[-97.74704,30.43869],[-97.74845,30.43937],[-97.74887,30.43972],[-97.74965,30.44117],[-97.75801,30.43815],[-97.75803,30.43763],[-97.76008,30.43438],[-97.76017,30.43311]]],[[[-97.76452,30.43599],[-97.76545,30.4357],[-97.76437,30.43313],[-97.76273,30.43313],[-97.76235,30.43344],[-97.76356,30.4364],[-97.76452,30.43599]]]]},"properties":{"zip_code":"78727","county":"Travis"}},{"type":"Feature","geometry":{"type":"Polygon","coordinates":[[[-97.72124,30.45495],[-97.72072,30.45313],[-97.71804,30.44908],[-97.71609,30.4484],[-97.71236,30.44538],[-97.70031,30.44075],[-97.69815,30.44035],[-97.68925,30.43611],[-97.68968,30.43554],[-97.6864,30.43399],[-97.68606,30.43453],[-97.68475,30.43089],[-97.67159,30.42442],[-97.66851,30.44059],[-97.66931,30.44033],[-97.66861,30.44254],[-97.66882,30.44267],[-97.66875,30.44304],[-97.66813,30.44274],[-97.66645,30.45151],[-97.66629,30.45443],[-97.66696,30.45799],[-97.67424,30.48079],[-97.68289,30.48007],[-97.68319,30.47926],[-97.685,30.47896],[-97.68519,30.4779],[-97.68572,30.47697],[-97.69062,30.47231],[-97.69218,30.47367],[-97.69305,30.47479],[-97.69392,30.47767],[-97.70215,30.47644],[-97.70341,30.4765],[-97.70548,30.47724],[-97.7176,30.45863],[-97.71963,30.45757],[-97.72036,30.45614],[-97.72115,30.45584],[-97.72124,30.45495]]]},"properties":{"zip_code":"78728","county":"Travis"}},{"type":"Feature","geometry":{"type":"Polygon","coordinates":[[[-97.79487,30.46574],[-97.79526,30.46562],[-97.79217,30.45802],[-97.79283,30.45781],[-97.79199,30.45548],[-97.79067,30.44873],[-97.78523,30.45036],[-97.7801,30.44653],[-97.78141,30.44555],[-97.78143,30.44496],[-97.78408,30.44302],[-97.7831,30.44238],[-97.78245,30.44267],[-97.78188,30.44204],[-97.78018,30.44332],[-97.77991,30.443],[-97.77886,30.44334],[-97.77904,30.44384],[-97.77757,30.44433],[-97.77515,30.44273],[-97.77839,30.44172],[-97.77788,30.4404],[-97.77904,30.43979],[-97.7758,30.43774],[-97.76921,30.43456],[-97.76973,30.4342],[-97.76606,30.43241],[-97.76166,30.43261],[-97.76034,30.43271],[-97.76002,30.4335],[-97.76008,30.43438],[-97.75803,30.43763],[-97.75801,30.43815],[-97.74965,30.44117],[-97.74887,30.43972],[-97.74845,30.43937],[-97.74704,30.43869],[-97.7462,30.43893],[-97.74466,30.43994],[-97.74636,30.44231],[-97.74246,30.44375],[-97.741,30.44132],[-97.74081,30.4414],[-97.7389,30.43955],[-97.7374,30.44044],[-97.73561,30.44086],[-97.73552,30.44118],[-97.73393,30.44125],[-97.73209,30.43972],[-97.73142,30.43945],[-97.7296,30.43953],[-97.7292,30.43927],[-97.72837,30.43924],[-97.72774,30.43861],[-97.727,30.44061],[-97.72072,30.45313],[-97.72124,30.45511],[-97.72078,30.45812],[-97.71974,30.47081],[-97.72052,30.47268],[-97.72299,30.47499],[-97.72421,30.47548],[-97.73021,30.47681],[-97.73127,30.47692],[-97.73694,30.47644],[-97.74236,30.47482],[-97.74879,30.47396],[-97.7531,30.47465],[-97.76053,30.47732],[-97.76953,30.47443],[-97.77205,30.47395],[-97.77673,30.47357],[-97.78041,30.4725],[-97.78061,30.47304],[-97.78992,30.47018],[-97.78937,30.4692],[-97.78796,30.46782],[-97.78756,30.46691],[-97.78781,30.46532],[-97.78921,30.46382],[-97.78999,30.4646],[-97.79067,30.46597],[-97.79117,30.46631],[-97.79203,30.46659],[-97.793,30.46653],[-97.79487,30.46574]],[[-97.76545,30.4357],[-97.76356,30.4364],[-97.76235,30.43344],[-97.76325,30.43304],[-97.76437,30.43313],[-97.76545,30.4357]]]},"properties":{"zip_code":"78729","county":"Williamson"}},{"type":"Feature","geometry":{"type":"Polygon","coordinates":[[[-97.89814,30.34159],[-97.89691,30.34089],[-97.89449,30.3417],[-97.88049,30.344],[-97.87442,30.34617],[-97.86222,30.35425],[-97.85719,30.3547],[-97.85079,30.3516],[-97.84746,30.3467],[-97.84519,30.3404],[-97.84445,30.33625],[-97.84436,30.33091],[-97.84403,30.32951],[-97.84267,30.32622],[-97.84149,30.32515],[-97.83989,30.32435],[-97.83859,30.32401],[-97.83588,30.32392],[-97.83064,30.32523],[-97.82566,30.32907],[-97.81425,30.34182],[-97.81244,30.34414],[-97.80951,30.34915],[-97.80694,30.3515],[-97.80482,30.35221],[-97.80238,30.35217],[-97.80009,30.35159],[-97.79683,30.34999],[-97.79135,30.35929],[-97.79226,30.35955],[-97.79298,30.3601],[-97.79555,30.36298],[-97.79751,30.36585],[-97.80082,30.36806],[-97.80306,30.37102],[-97.80428,30.37366],[-97.80406,30.37466],[-97.80459,30.37553],[-97.80466,30.37651],[-97.80437,30.3779],[-97.80359,30.37971],[-97.80376,30.38253],[-97.80441,30.38336],[-97.80406,30.38449],[-97.80549,30.38527],[-97.80594,30.38617],[-97.8071,30.38661],[-97.80717,30.38817],[-97.80768,30.38926],[-97.81028,30.3852],[-97.81798,30.38558],[-97.81825,30.38342],[-97.82731,30.38982],[-97.83094,30.39181],[-97.83037,30.39329],[-97.83111,30.39494],[-97.83423,30.39403],[-97.83499,30.39302],[-97.83519,30.39208],[-97.83904,30.39221],[-97.8389,30.39272],[-97.83773,30.39418],[-97.83673,30.39479],[-97.8366,30.39585],[-97.8388,30.39505],[-97.84098,30.39537],[-97.84442,30.39378],[-97.84547,30.39454],[-97.84488,30.39584],[-97.84565,30.39768],[-97.84497,30.3989],[-97.8469,30.39866],[-97.84696,30.39899],[-97.84739,30.39895],[-97.8482,30.39961],[-97.84853,30.40176],[-97.84982,30.40176],[-97.84924,30.40276],[-97.85032,30.40363],[-97.85111,30.40358],[-97.85206,30.4029],[-97.85368,30.40439],[-97.85402,30.40378],[-97.85253,30.40234],[-97.84949,30.39735],[-97.85114,30.39712],[-97.85155,30.39655],[-97.85148,30.39597],[-97.85097,30.39552],[-97.8502,30.39536],[-97.84933,30.39438],[-97.86366,30.38567],[-97.87371,30.37463],[-97.87393,30.37437],[-97.87029,30.37179],[-97.8716,30.36956],[-97.87243,30.36932],[-97.87436,30.37075],[-97.87509,30.3704],[-97.87827,30.37112],[-97.88405,30.36235],[-97.87943,30.36008],[-97.88207,30.35592],[-97.88273,30.35617],[-97.88301,30.35586],[-97.8892,30.3465],[-97.89027,30.34663],[-97.88986,30.34577],[-97.89,30.34507],[-97.88978,30.34456],[-97.89002,30.34415],[-97.88884,30.3437],[-97.89347,30.3429],[-97.89814,30.34159]]]},"properties":{"zip_code":"78730","county":"Travis"}},{"type":"Feature","geometry":{"type":"Polygon","coordinates":[[[-97.79683,30.34999],[-97.7915,30.34628],[-97.7883,30.34356],[-97.78623,30.34092],[-97.78105,30.33223],[-97.77975,30.33054],[-97.7765,30.32384],[-97.77607,30.32218],[-97.77612,30.32092],[-97.77566,30.31803],[-97.77588,30.31361],[-97.77383,30.3126],[-97.7716,30.31316],[-97.77015,30.31413],[-97.76904,30.31453],[-97.76728,30.31361],[-97.764,30.3187],[-97.7687,30.32105],[-97.76378,30.32735],[-97.76013,30.32555],[-97.75956,30.32641],[-97.75865,30.326],[-97.75815,30.32458],[-97.75705,30.32407],[-97.75632,30.3202],[-97.75691,30.3135],[-97.75764,30.30904],[-97.75464,30.30857],[-97.75449,30.30904],[-97.75248,30.30857],[-97.75261,30.3081],[-97.75074,30.30725],[-97.748,30.30722],[-97.74877,30.30875],[-97.7489,30.30952],[-97.74897,30.3109],[-97.74861,30.3126],[-97.74899,30.31352],[-97.74925,30.31567],[-97.74888,30.31712],[-97.74921,30.31776],[-97.74911,30.31876],[-97.74934,30.32021],[-97.74926,30.32086],[-97.74892,30.32095],[-97.74591,30.32006],[-97.74517,30.321],[-97.7459,30.32311],[-97.74589,30.32553],[-97.74699,30.32748],[-97.74698,30.32955],[-97.74635,30.33057],[-97.74741,30.33186],[-97.74897,30.33293],[-97.74975,30.3345],[-97.752,30.33472],[-97.75528,30.33641],[-97.7549,30.3379],[-97.74961,30.34874],[-97.74884,30.35172],[-97.74799,30.3516],[-97.74342,30.3613],[-97.74521,30.3613],[-97.7467,30.3617],[-97.74945,30.36382],[-97.75057,30.36537],[-97.75313,30.36696],[-97.75412,30.36786],[-97.75527,30.36574],[-97.75597,30.36607],[-97.75565,30.36663],[-97.75687,30.36705],[-97.75729,30.36686],[-97.75935,30.36816],[-97.759,30.36863],[-97.75741,30.3675],[-97.75703,30.36816],[-97.75873,30.36899],[-97.75842,30.36944],[-97.75682,30.36843],[-97.75654,30.36892],[-97.75819,30.36979],[-97.75726,30.37146],[-97.75784,30.37185],[-97.75982,30.3707],[-97.76056,30.37065],[-97.76171,30.36893],[-97.76557,30.37066],[-97.76604,30.36995],[-97.76732,30.37021],[-97.76821,30.37086],[-97.76877,30.37164],[-97.76909,30.37272],[-97.76827,30.37385],[-97.76813,30.37559],[-97.76722,30.37599],[-97.76665,30.37689],[-97.7666,30.37737],[-97.76702,30.37778],[-97.76676,30.37838],[-97.76768,30.37936],[-97.76701,30.37961],[-97.767,30.38122],[-97.76739,30.38165],[-97.76848,30.38203],[-97.76874,30.38243],[-97.77048,30.38269],[-97.77041,30.38382],[-97.77006,30.38458],[-97.77051,30.38728],[-97.77133,30.38919],[-97.77199,30.38998],[-97.77278,30.39048],[-97.7738,30.39083],[-97.77493,30.39039],[-97.77419,30.38973],[-97.77393,30.3885],[-97.77323,30.38709],[-97.77157,30.3858],[-97.77131,30.38449],[-97.77156,30.38324],[-97.77141,30.38276],[-97.7745,30.38118],[-97.77827,30.37806],[-97.78062,30.37892],[-97.7816,30.3788],[-97.78369,30.37763],[-97.78413,30.37699],[-97.78445,30.37545],[-97.78467,30.37266],[-97.78815,30.36975],[-97.79444,30.37269],[-97.79496,30.37191],[-97.79032,30.36967],[-97.79084,30.36892],[-97.78943,30.36815],[-97.78988,30.36713],[-97.79042,30.36245],[-97.79108,30.35991],[-97.79191,30.35806],[-97.79683,30.34999]]]},"properties":{"zip_code":"78731","county":"Travis"}},{"type":"Feature","geometry":{"type":"Polygon","coordinates":[[[-97.93405,30.33645],[-97.93469,30.3357],[-97.93399,30.3314],[-97.93009,30.3285],[-97.92469,30.326],[-97.91789,30.3266],[-97.91489,30.3278],[-97.90919,30.3316],[-97.89989,30.3399],[-97.89691,30.34089],[-97.89814,30.34159],[-97.89347,30.3429],[-97.88884,30.3437],[-97.89002,30.34415],[-97.88978,30.34456],[-97.89,30.34507],[-97.88986,30.34577],[-97.89027,30.34663],[-97.8892,30.3465],[-97.88301,30.35586],[-97.88273,30.35617],[-97.88207,30.35592],[-97.87943,30.36008],[-97.88405,30.36235],[-97.87827,30.37112],[-97.87509,30.3704],[-97.87436,30.37075],[-97.87243,30.36932],[-97.8716,30.36956],[-97.87029,30.37179],[-97.87393,30.37437],[-97.87371,30.37463],[-97.86366,30.38567],[-97.84933,30.39438],[-97.8502,30.39536],[-97.85097,30.39552],[-97.85148,30.39597],[-97.85155,30.39655],[-97.85114,30.39712],[-97.84949,30.39735],[-97.85253,30.40234],[-97.85402,30.40378],[-97.85629,30.40529],[-97.85625,30.40483],[-97.85692,30.40459],[-97.85957,30.40513],[-97.86005,30.40562],[-97.86076,30.40553],[-97.86103,30.40575],[-97.8616,30.40556],[-97.86215,30.40595],[-97.86349,30.40582],[-97.86408,30.40702],[-97.86493,30.40716],[-97.86549,30.40817],[-97.86651,30.40907],[-97.86622,30.41013],[-97.86689,30.41096],[-97.86749,30.41125],[-97.86761,30.41184],[-97.86839,30.41297],[-97.86772,30.41396],[-97.86761,30.41453],[-97.86852,30.41496],[-97.86866,30.41552],[-97.86956,30.41625],[-97.86986,30.41686],[-97.86994,30.41776],[-97.86904,30.41719],[-97.86912,30.41914],[-97.86948,30.42023],[-97.87247,30.4245],[-97.87265,30.42545],[-97.8728,30.42552],[-97.87422,30.42335],[-97.8771,30.42342],[-97.8775,30.42618],[-97.87877,30.42705],[-97.87868,30.42902],[-97.87982,30.42898],[-97.88008,30.42739],[-97.8817,30.42588],[-97.88324,30.42773],[-97.88521,30.42645],[-97.88643,30.42651],[-97.89516,30.4248],[-97.91109,30.42221],[-97.90654,30.41169],[-97.90084,30.40076],[-97.89995,30.39639],[-97.89922,30.39478],[-97.89998,30.39424],[-97.90539,30.39277],[-97.91109,30.39049],[-97.9134,30.38827],[-97.91448,30.38478],[-97.91433,30.3758],[-97.91349,30.3622],[-97.91679,30.3544],[-97.93405,30.33645]]]},"properties":{"zip_code":"78732","county":"Travis"}},{"type":"Feature","geometry":{"type":"Polygon","coordinates":[[[-97.92257,30.32591],[-97.92259,30.32549],[-97.92068,30.32553],[-97.92066,30.32494],[-97.91759,30.3259],[-97.91124,30.32886],[-97.90941,30.33045],[-97.90909,30.32984],[-97.90835,30.33016],[-97.90738,30.32777],[-97.91169,30.32108],[-97.91079,30.31947],[-97.91043,30.31721],[-97.91067,30.31544],[-97.90951,30.3129],[-97.91075,30.31105],[-97.90894,30.31018],[-97.90887,30.30983],[-97.90682,30.30939],[-97.90714,30.30459],[-97.90302,30.30285],[-97.89788,30.29866],[-97.89729,30.29791],[-97.89698,30.29693],[-97.89815,30.29542],[-97.90034,30.29408],[-97.90201,30.29229],[-97.90214,30.29184],[-97.90123,30.29014],[-97.9007,30.28926],[-97.89797,30.28962],[-97.89598,30.29096],[-97.89164,30.29541],[-97.89061,30.29568],[-97.8892,30.29525],[-97.88831,30.29433],[-97.88741,30.293],[-97.88621,30.2899],[-97.88613,30.28919],[-97.88421,30.28697],[-97.88304,30.28648],[-97.88195,30.28685],[-97.88035,30.28853],[-97.88062,30.28911],[-97.88055,30.2901],[-97.88013,30.29085],[-97.88147,30.29357],[-97.88149,30.29481],[-97.88128,30.29571],[-97.88005,30.29631],[-97.8792,30.29773],[-97.87783,30.29862],[-97.87617,30.29899],[-97.87465,30.29832],[-97.87327,30.29732],[-97.8707,30.29719],[-97.86946,30.29849],[-97.86876,30.29999],[-97.86811,30.3008],[-97.86803,30.30153],[-97.86858,30.30182],[-97.86843,30.30365],[-97.86911,30.30455],[-97.86939,30.3054],[-97.8691,30.30625],[-97.86832,30.30674],[-97.86829,30.30707],[-97.86866,30.3087],[-97.86837,30.31032],[-97.86927,30.31204],[-97.86884,30.314],[-97.86828,30.31369],[-97.86711,30.31653],[-97.86666,30.31699],[-97.86697,30.31758],[-97.8633,30.31826],[-97.86152,30.31805],[-97.85843,30.31578],[-97.85105,30.31266],[-97.84856,30.31069],[-97.84753,30.31033],[-97.84559,30.31012],[-97.8453,30.31172],[-97.8436,30.31373],[-97.84302,30.31719],[-97.84261,30.31789],[-97.84137,30.31906],[-97.8414,30.3203],[-97.84187,30.32134],[-97.84404,30.32405],[-97.84407,30.32439],[-97.8438,30.32467],[-97.84268,30.3252],[-97.84458,30.32808],[-97.84501,30.32945],[-97.84617,30.34034],[-97.84519,30.3404],[-97.84746,30.3467],[-97.85079,30.3516],[-97.85719,30.3547],[-97.86222,30.35425],[-97.87442,30.34617],[-97.88049,30.344],[-97.89449,30.3417],[-97.89989,30.3399],[-97.90919,30.3316],[-97.91489,30.3278],[-97.91789,30.3266],[-97.92256,30.32619],[-97.92257,30.32591]]]},"properties":{"zip_code":"78733","county":"Travis"}},{"type":"Feature","geometry":{"type":"Polygon","coordinates":[[[-98.01481,30.37048],[-98.0137,30.36776],[-98.01345,30.36766],[-98.01355,30.36738],[-98.01325,30.36714],[-98.0136,30.36676],[-98.01167,30.36594],[-98.01117,30.36519],[-98.01055,30.36534],[-98.01078,30.36416],[-98.01021,30.36358],[-98.00997,30.36391],[-98.00995,30.36295],[-98.0089,30.36312],[-98.00852,30.36292],[-98.0084,30.3625],[-98.0087,30.36178],[-98.00806,30.36109],[-98.00843,30.35884],[-98.00545,30.35626],[-98.00519,30.35564],[-98.00487,30.35547],[-98.00502,30.35612],[-98.00607,30.35769],[-98.0054,30.35804],[-98.00451,30.3579],[-98.00475,30.35738],[-98.0045,30.35712],[-98.00395,30.35748],[-98.00328,30.35752],[-98.00271,30.35711],[-98.00251,30.35616],[-98.00173,30.35611],[-98.00179,30.35681],[-98.00227,30.35761],[-98.00322,30.35855],[-98.00259,30.3584],[-98.00196,30.35784],[-98.00055,30.3577],[-98.00041,30.35787],[-98.0014,30.35859],[-98.00147,30.3589],[-98.00108,30.35949],[-97.99958,30.36043],[-97.99911,30.36008],[-97.99941,30.35977],[-97.99756,30.3579],[-97.99746,30.35754],[-97.99675,30.3577],[-97.99626,30.35698],[-97.99608,30.3541],[-97.99586,30.35409],[-97.99567,30.35251],[-97.99438,30.35174],[-97.99356,30.35154],[-97.99179,30.35248],[-97.99022,30.35516],[-97.98955,30.35584],[-97.98865,30.35594],[-97.98722,30.35534],[-97.98639,30.35527],[-97.98256,30.35737],[-97.98256,30.35511],[-97.98013,30.35387],[-97.9795,30.35384],[-97.9798,30.35191],[-97.97873,30.35155],[-97.97688,30.35143],[-97.97717,30.34794],[-97.97682,30.34523],[-97.97705,30.34511],[-97.97821,30.34031],[-97.97569,30.3402],[-97.97529,30.33986],[-97.97535,30.33967],[-97.97462,30.33947],[-97.97487,30.34162],[-97.97398,30.34265],[-97.97355,30.34243],[-97.97308,30.34265],[-97.97326,30.343],[-97.9731,30.34337],[-97.96865,30.3409],[-97.96975,30.33881],[-97.97037,30.3388],[-97.97012,30.33775],[-97.97063,30.33641],[-97.97043,30.33436],[-97.96891,30.33454],[-97.96735,30.33112],[-97.9666,30.33005],[-97.96532,30.33077],[-97.96483,30.33137],[-97.96535,30.33186],[-97.96532,30.3321],[-97.96404,30.3324],[-97.96277,30.33215],[-97.96203,30.33248],[-97.96139,30.33321],[-97.96137,30.33396],[-97.96254,30.33564],[-97.96266,30.33707],[-97.96169,30.33894],[-97.96054,30.33959],[-97.95978,30.33969],[-97.95927,30.34047],[-97.95823,30.34128],[-97.95818,30.34205],[-97.95711,30.34233],[-97.95664,30.34288],[-97.95574,30.34319],[-97.95483,30.34248],[-97.95319,30.34275],[-97.95297,30.34316],[-97.95141,30.34413],[-97.95109,30.3441],[-97.94864,30.34227],[-97.94792,30.34224],[-97.94722,30.34261],[-97.9463,30.34229],[-97.94443,30.34088],[-97.94403,30.33977],[-97.94369,30.33944],[-97.94086,30.33927],[-97.93919,30.33748],[-97.9388,30.33748],[-97.9386,30.33881],[-97.93821,30.33949],[-97.93696,30.33933],[-97.93585,30.3379],[-97.93662,30.33655],[-97.93565,30.33687],[-97.93405,30.33645],[-97.91679,30.3544],[-97.91349,30.3622],[-97.91433,30.3758],[-97.91448,30.38478],[-97.9134,30.38827],[-97.91109,30.39049],[-97.90539,30.39277],[-97.89998,30.39424],[-97.89922,30.39478],[-97.89995,30.39639],[-97.90084,30.40076],[-97.90654,30.41169],[-97.90923,30.41818],[-97.91302,30.42631],[-97.91546,30.42951],[-97.91915,30.4325],[-97.92336,30.43487],[-97.92669,30.43618],[-97.93139,30.43724],[-97.93459,30.43746],[-97.93866,30.43732],[-97.94677,30.43418],[-97.94888,30.43249],[-97.94994,30.43124],[-97.95122,30.429],[-97.95187,30.42671],[-97.95216,30.42396],[-97.95195,30.42164],[-97.95125,30.41978],[-97.94869,30.41605],[-97.94611,30.41306],[-97.94234,30.40804],[-97.94083,30.40417],[-97.94053,30.40255],[-97.94056,30.4009],[-97.94126,30.3987],[-97.94303,30.39575],[-97.944,30.39466],[-97.94515,30.39406],[-97.94747,30.3937],[-97.96629,30.39401],[-97.97068,30.39324],[-97.97268,30.39246],[-97.97619,30.3901],[-97.97805,30.38842],[-97.98248,30.38338],[-97.98959,30.37747],[-97.99059,30.37749],[-97.99259,30.37691],[-97.99864,30.37468],[-97.99863,30.37447],[-98.00739,30.37188],[-98.00911,30.37116],[-98.01182,30.37048],[-98.01481,30.37048]]]},"properties":{"zip_code":"78734","county":"Travis"}},{"type":"Feature","geometry":{"type":"Polygon","coordinates":[[[-97.92697,30.29461],[-97.92693,30.29286],[-97.92644,30.29213],[-97.92384,30.29122],[-97.92115,30.29088],[-97.91924,30.28991],[-97.91847,30.28892],[-97.91763,30.28918],[-97.91662,30.2865],[-97.91689,30.28166],[-97.91648,30.27984],[-97.91279,30.27275],[-97.91,30.26873],[-97.90934,30.26736],[-97.90724,30.26013],[-97.90448,30.25721],[-97.90712,30.25511],[-97.90562,30.25452],[-97.90471,30.25487],[-97.90415,30.25426],[-97.90507,30.2528],[-97.90192,30.25295],[-97.90153,30.25212],[-97.90117,30.2521],[-97.90097,30.25164],[-97.90036,30.25138],[-97.90035,30.25103],[-97.89977,30.25063],[-97.89932,30.24974],[-97.89806,30.24925],[-97.89677,30.24774],[-97.89603,30.24768],[-97.8957,30.24842],[-97.89481,30.24911],[-97.89426,30.24989],[-97.88683,30.2462],[-97.88472,30.2446],[-97.88682,30.24482],[-97.88686,30.24417],[-97.88611,30.24347],[-97.88543,30.24344],[-97.88602,30.24243],[-97.88335,30.24082],[-97.88394,30.23976],[-97.88287,30.23901],[-97.88195,30.2404],[-97.88144,30.24017],[-97.88102,30.23948],[-97.88028,30.23988],[-97.87725,30.23574],[-97.87578,30.23469],[-97.87316,30.23398],[-97.8675,30.23408],[-97.86603,30.23389],[-97.86478,30.23406],[-97.86064,30.2353],[-97.85917,30.23529],[-97.85773,30.23495],[-97.85211,30.2352],[-97.85218,30.23445],[-97.85147,30.23425],[-97.8457,30.2338],[-97.84619,30.23639],[-97.84046,30.23679],[-97.82851,30.23666],[-97.82554,30.23598],[-97.8198,30.23345],[-97.81833,30.23327],[-97.81842,30.23264],[-97.81151,30.23301],[-97.80709,30.23157],[-97.80512,30.23131],[-97.80353,30.23148],[-97.80291,30.23252],[-97.8052,30.2324],[-97.80673,30.23274],[-97.80625,30.23349],[-97.80607,30.23526],[-97.80704,30.23524],[-97.80729,30.23561],[-97.80575,30.23749],[-97.80821,30.2385],[-97.80723,30.23997],[-97.80739,30.24013],[-97.80814,30.24046],[-97.80891,30.23981],[-97.80968,30.23954],[-97.81047,30.23991],[-97.81087,30.24077],[-97.81066,30.24259],[-97.81097,30.24433],[-97.81239,30.24708],[-97.8137,30.25155],[-97.81559,30.25302],[-97.81917,30.25453],[-97.82179,30.2566],[-97.82244,30.25754],[-97.82363,30.26056],[-97.82361,30.26191],[-97.82308,30.26314],[-97.82301,30.2645],[-97.82391,30.26792],[-97.82496,30.26969],[-97.82613,30.26998],[-97.83071,30.27001],[-97.83119,30.27045],[-97.8314,30.2711],[-97.83412,30.27403],[-97.83801,30.27555],[-97.83987,30.27563],[-97.8415,30.27446],[-97.84225,30.27361],[-97.84365,30.27306],[-97.84433,30.27356],[-97.84538,30.27535],[-97.84596,30.27574],[-97.84641,30.27725],[-97.84757,30.2785],[-97.84845,30.27918],[-97.84973,30.27944],[-97.85112,30.28064],[-97.85183,30.28166],[-97.85238,30.28191],[-97.85254,30.28292],[-97.85202,30.28422],[-97.85067,30.28561],[-97.84785,30.2872],[-97.84682,30.28819],[-97.845,30.289],[-97.8438,30.2899],[-97.84321,30.29057],[-97.84296,30.29235],[-97.84339,30.29275],[-97.8448,30.29284],[-97.84557,30.29194],[-97.84718,30.29107],[-97.85001,30.29149],[-97.85085,30.29208],[-97.8511,30.29325],[-97.8516,30.29396],[-97.85213,30.29706],[-97.8526,30.29792],[-97.85266,30.30009],[-97.85315,30.30213],[-97.85292,30.30289],[-97.85353,30.30412],[-97.85428,30.30465],[-97.85595,30.30501],[-97.85709,30.3046],[-97.85767,30.3031],[-97.85785,30.30023],[-97.85858,30.29832],[-97.86007,30.29707],[-97.86133,30.29675],[-97.86224,30.29692],[-97.86284,30.29738],[-97.86445,30.2998],[-97.86451,30.30051],[-97.86412,30.30168],[-97.8643,30.30286],[-97.86553,30.30515],[-97.86664,30.30635],[-97.86778,30.30679],[-97.86872,30.30655],[-97.8691,30.30625],[-97.86939,30.3054],[-97.86911,30.30455],[-97.86843,30.30365],[-97.86858,30.30182],[-97.86807,30.30158],[-97.86801,30.30108],[-97.86937,30.29862],[-97.87044,30.29733],[-97.8713,30.29713],[-97.87327,30.29732],[-97.87465,30.29832],[-97.87624,30.29899],[-97.8784,30.29831],[-97.87926,30.29766],[-97.88017,30.2962],[-97.88128,30.29571],[-97.88152,30.29378],[-97.88013,30.29085],[-97.88055,30.2901],[-97.88062,30.28911],[-97.88032,30.28863],[-97.88187,30.28692],[-97.88266,30.2865],[-97.88369,30.28663],[-97.885,30.2878],[-97.88613,30.28919],[-97.88621,30.2899],[-97.88741,30.293],[-97.88829,30.29431],[-97.8892,30.29525],[-97.89061,30.29568],[-97.89164,30.29541],[-97.89688,30.29025],[-97.89797,30.28962],[-97.9007,30.28926],[-97.90214,30.29184],[-97.90201,30.29229],[-97.90034,30.29408],[-97.89815,30.29542],[-97.89698,30.29693],[-97.89729,30.29791],[-97.89788,30.29866],[-97.9027,30.30262],[-97.90401,30.30341],[-97.90714,30.30459],[-97.90866,30.30659],[-97.90968,30.30708],[-97.91072,30.30699],[-97.91164,30.30661],[-97.9127,30.30514],[-97.91568,30.30338],[-97.9174,30.3028],[-97.91842,30.30196],[-97.91918,30.30071],[-97.91921,30.29907],[-97.92027,30.29772],[-97.92306,30.29608],[-97.92407,30.29598],[-97.92475,30.29635],[-97.92603,30.29628],[-97.92681,30.29574],[-97.92697,30.29461]]]},"properties":{"zip_code":"78735","county":"Travis"}},{"type":"Feature","geometry":{"type":"Polygon","coordinates":[[[-98.0297,30.24284],[-98.02968,30.24239],[-98.02893,30.2413],[-98.02692,30.23979],[-98.0264,30.23865],[-98.02633,30.2375],[-98.02268,30.23566],[-98.0195,30.23659],[-98.014,30.23611],[-98.01292,30.23853],[-98.0118,30.23923],[-98.01083,30.24034],[-98.00954,30.23942],[-98.00731,30.23628],[-98.00475,30.23395],[-98.00166,30.23244],[-97.9999,30.23251],[-97.98259,30.22015],[-97.98273,30.22057],[-97.9832,30.22091],[-97.98238,30.22127],[-97.982,30.22199],[-97.9815,30.22231],[-97.98155,30.2228],[-97.98247,30.22329],[-97.98175,30.22424],[-97.98153,30.22529],[-97.98022,30.225],[-97.97943,30.22432],[-97.9779,30.22429],[-97.97619,30.2228],[-97.97393,30.22149],[-97.97291,30.21992],[-97.97151,30.22223],[-97.96725,30.2201],[-97.96317,30.22644],[-97.95911,30.2246],[-97.95704,30.22329],[-97.95591,30.22199],[-97.95932,30.21982],[-97.95882,30.21902],[-97.95677,30.2181],[-97.9548,30.21817],[-97.95406,30.21734],[-97.95323,30.2188],[-97.95257,30.21945],[-97.95222,30.2203],[-97.95307,30.22078],[-97.95331,30.22331],[-97.93812,30.2296],[-97.9358,30.23027],[-97.92598,30.23197],[-97.92957,30.22613],[-97.92486,30.22397],[-97.9241,30.22331],[-97.92345,30.22344],[-97.92312,30.22395],[-97.92178,30.22381],[-97.9209,30.22326],[-97.91837,30.22342],[-97.91867,30.22461],[-97.91966,30.22563],[-97.91977,30.22808],[-97.92063,30.22998],[-97.9205,30.23156],[-97.92137,30.23277],[-97.91108,30.2345],[-97.90852,30.23422],[-97.89421,30.22994],[-97.8883,30.2292],[-97.8926,30.222],[-97.88484,30.21853],[-97.88294,30.22145],[-97.88196,30.22099],[-97.88049,30.22282],[-97.87764,30.22145],[-97.87703,30.22245],[-97.87849,30.22318],[-97.87772,30.22439],[-97.87721,30.22439],[-97.87576,30.22351],[-97.87346,30.22255],[-97.87309,30.22258],[-97.87242,30.2234],[-97.87169,30.22376],[-97.87201,30.22425],[-97.87293,30.22387],[-97.87394,30.22429],[-97.87344,30.22512],[-97.87424,30.22543],[-97.8749,30.22462],[-97.87592,30.22533],[-97.87624,30.22476],[-97.87807,30.22515],[-97.8785,30.22547],[-97.87864,30.22572],[-97.87694,30.22639],[-97.87766,30.22752],[-97.87717,30.22833],[-97.87774,30.22874],[-97.87929,30.23078],[-97.8753,30.23317],[-97.87261,30.23394],[-97.87458,30.23422],[-97.87659,30.23517],[-97.87834,30.2371],[-97.88028,30.23988],[-97.88102,30.23948],[-97.88144,30.24017],[-97.88195,30.2404],[-97.88287,30.23901],[-97.88394,30.23976],[-97.88335,30.24082],[-97.88602,30.24243],[-97.88543,30.24344],[-97.88611,30.24347],[-97.88686,30.24417],[-97.88682,30.24482],[-97.88472,30.2446],[-97.88683,30.2462],[-97.89426,30.24989],[-97.89481,30.24911],[-97.8957,30.24842],[-97.89603,30.24768],[-97.89677,30.24774],[-97.89806,30.24925],[-97.89932,30.24974],[-97.89977,30.25063],[-97.90035,30.25103],[-97.90036,30.25138],[-97.90097,30.25164],[-97.90117,30.2521],[-97.90153,30.25212],[-97.90192,30.25295],[-97.90507,30.2528],[-97.90415,30.25426],[-97.90471,30.25487],[-97.90562,30.25452],[-97.90712,30.25511],[-97.90448,30.25721],[-97.90724,30.26013],[-97.90934,30.26736],[-97.91,30.26873],[-97.91279,30.27275],[-97.91648,30.27984],[-97.91689,30.28166],[-97.91662,30.2865],[-97.91763,30.28918],[-97.91847,30.28892],[-97.91877,30.28778],[-97.91934,30.28754],[-97.92031,30.28768],[-97.92181,30.28858],[-97.92288,30.28894],[-97.92486,30.28852],[-97.92603,30.28714],[-97.92582,30.28635],[-97.92481,30.28561],[-97.92462,30.28447],[-97.92479,30.28322],[-97.9258,30.28217],[-97.92619,30.28206],[-97.92924,30.28344],[-97.92913,30.28214],[-97.92724,30.28096],[-97.9306,30.27644],[-97.93071,30.2767],[-97.92961,30.27811],[-97.92961,30.27887],[-97.93187,30.28173],[-97.93371,30.28135],[-97.93253,30.27999],[-97.93229,30.27927],[-97.9324,30.27769],[-97.93269,30.27735],[-97.93361,30.2774],[-97.93563,30.27818],[-97.93956,30.28096],[-97.94047,30.28107],[-97.94209,30.28089],[-97.94317,30.27983],[-97.94284,30.27882],[-97.94228,30.27815],[-97.94191,30.27653],[-97.94211,30.27614],[-97.94368,30.27518],[-97.9459,30.27651],[-97.94751,30.27683],[-97.94992,30.2763],[-97.95187,30.27555],[-97.95226,30.27593],[-97.95432,30.27606],[-97.95513,30.27646],[-97.95737,30.27696],[-97.95965,30.276],[-97.96048,30.27507],[-97.96026,30.27341],[-97.9598,30.27293],[-97.95842,30.27255],[-97.95706,30.2718],[-97.9565,30.27092],[-97.95649,30.27033],[-97.95619,30.26992],[-97.95627,30.2695],[-97.95713,30.26918],[-97.95831,30.26921],[-97.95986,30.26954],[-97.9627,30.27091],[-97.9649,30.27117],[-97.96558,30.2705],[-97.96624,30.26844],[-97.96588,30.26679],[-97.96655,30.26542],[-97.96692,30.26524],[-97.96918,30.26473],[-97.97046,30.26549],[-97.97196,30.26747],[-97.97272,30.26916],[-97.97361,30.27004],[-97.97391,30.27114],[-97.97443,30.27188],[-97.97505,30.27234],[-97.97591,30.27245],[-97.97688,30.27204],[-97.97752,30.27068],[-97.97714,30.26813],[-97.97748,30.26691],[-97.97957,30.26498],[-97.98073,30.26518],[-97.98179,30.26585],[-97.98295,30.26739],[-97.98225,30.26999],[-97.98238,30.27164],[-97.98359,30.27293],[-97.98489,30.27342],[-97.9861,30.27229],[-97.98664,30.27135],[-97.98692,30.2707],[-97.98692,30.26926],[-97.98822,30.26745],[-97.99079,30.26712],[-97.99192,30.26823],[-97.99263,30.26739],[-97.99411,30.26781],[-97.99613,30.26605],[-97.99605,30.26511],[-97.99539,30.26421],[-97.99472,30.26382],[-97.99323,30.26364],[-97.99263,30.26334],[-97.99219,30.26297],[-97.99223,30.2621],[-97.99281,30.26165],[-97.99419,30.26136],[-97.99524,30.26186],[-97.99619,30.26198],[-97.99745,30.26154],[-97.99778,30.25992],[-97.99746,30.25879],[-97.99677,30.25786],[-97.99681,30.25746],[-97.99845,30.25623],[-97.9989,30.25538],[-98.00209,30.25519],[-98.00304,30.25483],[-98.0035,30.25413],[-98.0036,30.25329],[-98.00359,30.25254],[-98.00312,30.25184],[-98.00308,30.25117],[-98.00328,30.25095],[-98.00517,30.25009],[-98.0078,30.25009],[-98.00941,30.24962],[-98.0114,30.24862],[-98.01265,30.24955],[-98.01681,30.25006],[-98.01768,30.24997],[-98.01816,30.24944],[-98.01908,30.24943],[-98.01993,30.2488],[-98.02033,30.24985],[-98.02176,30.25018],[-98.02307,30.25245],[-98.02546,30.25386],[-98.02691,30.25143],[-98.02849,30.24759],[-98.02856,30.24605],[-98.02758,30.24592],[-98.02911,30.24491],[-98.0297,30.24284]]]},"properties":{"zip_code":"78736","county":"Travis"}},{"type":"Feature","geometry":{"type":"Polygon","coordinates":[[[-98.03754,30.22908],[-98.03749,30.22854],[-98.03668,30.22705],[-98.03613,30.22739],[-98.03484,30.22717],[-98.03442,30.22756],[-98.03158,30.22632],[-98.03026,30.2262],[-98.0302,30.22598],[-98.0307,30.22546],[-98.0299,30.22477],[-98.03066,30.22447],[-98.03089,30.22397],[-98.03064,30.2238],[-98.03013,30.22222],[-98.02696,30.22226],[-98.02696,30.221],[-98.02655,30.22096],[-98.02489,30.21579],[-98.02432,30.21496],[-98.02286,30.21561],[-98.02247,30.21504],[-98.02371,30.21448],[-98.02296,30.21181],[-98.02262,30.21164],[-98.02252,30.21065],[-98.02132,30.21011],[-98.01949,30.20837],[-98.01781,30.20791],[-98.01727,30.2067],[-98.01634,30.20713],[-98.0155,30.20536],[-98.01522,30.20359],[-98.0142,30.20154],[-98.01277,30.19683],[-98.0049,30.19631],[-98.00027,30.19637],[-97.99739,30.19684],[-97.99731,30.19631],[-97.99788,30.19434],[-97.99723,30.19241],[-97.99753,30.19186],[-97.99991,30.1903],[-98.00035,30.18943],[-98.00064,30.18846],[-98.00073,30.18599],[-98.00188,30.18185],[-98.00229,30.17886],[-98.00298,30.17664],[-98.00448,30.17404],[-98.005,30.17224],[-98.00781,30.16859],[-98.00841,30.16692],[-98.00861,30.16041],[-98.00892,30.15756],[-98.00898,30.15507],[-98.00878,30.15347],[-97.99527,30.15375],[-97.99405,30.15296],[-97.99348,30.15105],[-97.99246,30.14993],[-97.99057,30.1488],[-97.98599,30.14685],[-97.98278,30.14808],[-97.97747,30.1506],[-97.97422,30.15122],[-97.97222,30.1523],[-97.97204,30.12839],[-97.95654,30.12851],[-97.95663,30.12081],[-97.91551,30.15487],[-97.9188,30.15783],[-97.91762,30.15794],[-97.91772,30.15848],[-97.91859,30.15919],[-97.91862,30.16312],[-97.91786,30.16526],[-97.9243,30.17281],[-97.92647,30.1727],[-97.92807,30.17304],[-97.92927,30.17451],[-97.92875,30.1784],[-97.92888,30.18571],[-97.9287,30.18693],[-97.92652,30.19067],[-97.92351,30.1945],[-97.91837,30.20244],[-97.91756,30.20317],[-97.91594,30.20377],[-97.914,30.20311],[-97.91511,30.20113],[-97.91437,30.1998],[-97.91397,30.1971],[-97.911,30.19561],[-97.90922,30.19568],[-97.90654,30.19686],[-97.90506,30.19897],[-97.90274,30.1977],[-97.90052,30.2011],[-97.89216,30.19702],[-97.8878,30.20389],[-97.88838,30.20478],[-97.88689,30.20537],[-97.88933,30.20861],[-97.89245,30.21172],[-97.89292,30.21246],[-97.89331,30.21386],[-97.89346,30.21676],[-97.89433,30.21829],[-97.89322,30.22106],[-97.8883,30.2292],[-97.89421,30.22994],[-97.90936,30.23444],[-97.91218,30.23441],[-97.92137,30.23277],[-97.9205,30.23156],[-97.92063,30.22998],[-97.91977,30.22808],[-97.91966,30.22563],[-97.91867,30.22461],[-97.91837,30.22342],[-97.9209,30.22326],[-97.92178,30.22381],[-97.92312,30.22395],[-97.92345,30.22344],[-97.9241,30.22331],[-97.92486,30.22397],[-97.92957,30.22613],[-97.92598,30.23197],[-97.9358,30.23027],[-97.93812,30.2296],[-97.95331,30.22331],[-97.95307,30.22078],[-97.95222,30.2203],[-97.95257,30.21945],[-97.95323,30.2188],[-97.95406,30.21734],[-97.9548,30.21817],[-97.95677,30.2181],[-97.95882,30.21902],[-97.95932,30.21982],[-97.95591,30.22199],[-97.95704,30.22329],[-97.95911,30.2246],[-97.96317,30.22644],[-97.96725,30.2201],[-97.97151,30.22223],[-97.97291,30.21992],[-97.97393,30.22149],[-97.97619,30.2228],[-97.9779,30.22429],[-97.97943,30.22432],[-97.98022,30.225],[-97.98153,30.22529],[-97.98175,30.22424],[-97.98247,30.22329],[-97.98155,30.2228],[-97.9815,30.22231],[-97.982,30.22199],[-97.98238,30.22127],[-97.9832,30.22091],[-97.98273,30.22057],[-97.98259,30.22015],[-97.9999,30.23251],[-98.00166,30.23244],[-98.00475,30.23395],[-98.00731,30.23628],[-98.00954,30.23942],[-98.01083,30.24034],[-98.0118,30.23923],[-98.01292,30.23853],[-98.014,30.23611],[-98.0195,30.23659],[-98.02268,30.23566],[-98.02363,30.23601],[-98.0246,30.23673],[-98.02655,30.23672],[-98.02797,30.2378],[-98.0284,30.23782],[-98.03256,30.23704],[-98.03316,30.23652],[-98.03336,30.23583],[-98.03241,30.23333],[-98.03266,30.23245],[-98.03408,30.23168],[-98.03513,30.23175],[-98.03563,30.23156],[-98.03701,30.23022],[-98.03754,30.22908]]]},"properties":{"zip_code":"78737","county":"Hays"}},{"type":"Feature","geometry":{"type":"Polygon","coordinates":[[[-98.07471,30.29103],[-98.06819,30.28822],[-98.06482,30.2865],[-98.06288,30.28582],[-98.06131,30.28592],[-98.05721,30.28691],[-98.0518,30.28761],[-98.04973,30.28863],[-98.04946,30.28807],[-98.04791,30.28905],[-98.0462,30.28871],[-98.04395,30.28986],[-98.04196,30.28991],[-98.04162,30.28877],[-98.04101,30.28786],[-98.03984,30.2873],[-98.03843,30.28751],[-98.0372,30.28703],[-98.03674,30.2866],[-98.03642,30.28577],[-98.03711,30.28559],[-98.03801,30.28575],[-98.03835,30.2853],[-98.03897,30.2852],[-98.03887,30.28492],[-98.04025,30.28432],[-98.02657,30.26074],[-98.03067,30.25451],[-98.02671,30.25169],[-98.02546,30.25386],[-98.02307,30.25245],[-98.02176,30.25018],[-98.02033,30.24985],[-98.01997,30.24881],[-98.01908,30.24943],[-98.01816,30.24944],[-98.01768,30.24997],[-98.01681,30.25006],[-98.01265,30.24955],[-98.0114,30.24862],[-98.00941,30.24962],[-98.0078,30.25009],[-98.00517,30.25009],[-98.00316,30.25104],[-98.00314,30.25196],[-98.00359,30.25254],[-98.00361,30.25316],[-98.0035,30.25413],[-98.00304,30.25483],[-98.00209,30.25519],[-97.9989,30.25538],[-97.99845,30.25623],[-97.99681,30.25746],[-97.99677,30.25786],[-97.99746,30.25879],[-97.99778,30.25992],[-97.99745,30.26154],[-97.99619,30.26198],[-97.99524,30.26186],[-97.99419,30.26136],[-97.99281,30.26165],[-97.99223,30.2621],[-97.99219,30.26297],[-97.99263,30.26334],[-97.99323,30.26364],[-97.99472,30.26382],[-97.99539,30.26421],[-97.99605,30.26511],[-97.99613,30.26605],[-97.99411,30.26781],[-97.99263,30.26739],[-97.99192,30.26823],[-97.99079,30.26712],[-97.98822,30.26745],[-97.98692,30.26926],[-97.98692,30.2707],[-97.98664,30.27135],[-97.9861,30.27229],[-97.98489,30.27342],[-97.98359,30.27293],[-97.98238,30.27164],[-97.98225,30.26999],[-97.98295,30.26739],[-97.98205,30.26611],[-97.98118,30.26542],[-97.98006,30.26494],[-97.97957,30.26498],[-97.97748,30.26691],[-97.97714,30.26813],[-97.97752,30.27068],[-97.97688,30.27204],[-97.97573,30.27245],[-97.97458,30.27206],[-97.97391,30.27114],[-97.97361,30.27004],[-97.97272,30.26916],[-97.97147,30.26679],[-97.97046,30.26549],[-97.96912,30.26472],[-97.96664,30.26533],[-97.9663,30.2658],[-97.96587,30.26684],[-97.96621,30.26857],[-97.96555,30.27055],[-97.96487,30.27118],[-97.9627,30.27091],[-97.95923,30.2694],[-97.95722,30.26917],[-97.95633,30.26943],[-97.95619,30.26992],[-97.95696,30.2717],[-97.95785,30.27231],[-97.95989,30.27298],[-97.96046,30.27389],[-97.96049,30.275],[-97.96022,30.2755],[-97.95965,30.276],[-97.95768,30.2769],[-97.95513,30.27646],[-97.95432,30.27606],[-97.95246,30.27598],[-97.95187,30.27555],[-97.94845,30.2767],[-97.94682,30.27677],[-97.94531,30.27625],[-97.94368,30.27518],[-97.94211,30.27614],[-97.94191,30.27653],[-97.94231,30.27822],[-97.94321,30.27962],[-97.94223,30.28083],[-97.93962,30.28098],[-97.93585,30.27829],[-97.93361,30.2774],[-97.93274,30.27735],[-97.9324,30.27769],[-97.93229,30.27927],[-97.93253,30.27999],[-97.93371,30.28135],[-97.93187,30.28173],[-97.92961,30.27887],[-97.92961,30.27811],[-97.93071,30.2767],[-97.9306,30.27644],[-97.92724,30.28096],[-97.92913,30.28214],[-97.92924,30.28344],[-97.92619,30.28206],[-97.9258,30.28217],[-97.92479,30.28322],[-97.92462,30.28447],[-97.92481,30.28561],[-97.92582,30.28635],[-97.92603,30.28714],[-97.92486,30.28852],[-97.92288,30.28894],[-97.91973,30.28753],[-97.91887,30.28768],[-97.91852,30.28832],[-97.91848,30.28901],[-97.91883,30.28954],[-97.92102,30.29083],[-97.9224,30.29118],[-97.92384,30.29122],[-97.92648,30.29216],[-97.92695,30.29302],[-97.92695,30.29546],[-97.92677,30.29579],[-97.92569,30.29637],[-97.92465,30.29633],[-97.92407,30.29598],[-97.92306,30.29608],[-97.92027,30.29772],[-97.91921,30.29907],[-97.91918,30.30071],[-97.9185,30.30188],[-97.9174,30.3028],[-97.91568,30.30338],[-97.9127,30.30514],[-97.91131,30.30679],[-97.91005,30.30709],[-97.90927,30.30693],[-97.90866,30.30659],[-97.90713,30.30471],[-97.90682,30.30939],[-97.90887,30.30983],[-97.90894,30.31018],[-97.91075,30.31105],[-97.90951,30.3129],[-97.91067,30.31544],[-97.91043,30.31721],[-97.91079,30.31947],[-97.91169,30.32108],[-97.90738,30.32777],[-97.90835,30.33016],[-97.90909,30.32984],[-97.90941,30.33045],[-97.91124,30.32886],[-97.91759,30.3259],[-97.92066,30.32494],[-97.92068,30.32553],[-97.92259,30.32549],[-97.92256,30.32619],[-97.92469,30.326],[-97.93009,30.3285],[-97.93399,30.3314],[-97.93469,30.3357],[-97.93405,30.33645],[-97.93565,30.33687],[-97.93662,30.33655],[-97.93585,30.33777],[-97.93668,30.33916],[-97.93774,30.33957],[-97.93821,30.33949],[-97.9386,30.33881],[-97.9388,30.33748],[-97.93919,30.33748],[-97.94086,30.33927],[-97.94369,30.33944],[-97.94403,30.33977],[-97.94443,30.34088],[-97.9463,30.34229],[-97.94722,30.34261],[-97.94792,30.34224],[-97.94864,30.34227],[-97.95126,30.34413],[-97.95297,30.34316],[-97.95319,30.34275],[-97.95483,30.34248],[-97.95574,30.34319],[-97.95664,30.34288],[-97.95711,30.34233],[-97.95818,30.34205],[-97.95823,30.34128],[-97.95927,30.34047],[-97.95978,30.33969],[-97.96054,30.33959],[-97.96169,30.33894],[-97.96266,30.33707],[-97.96254,30.33564],[-97.96137,30.33396],[-97.96139,30.33321],[-97.96203,30.33248],[-97.96277,30.33215],[-97.96404,30.3324],[-97.96532,30.3321],[-97.96535,30.33186],[-97.96483,30.33137],[-97.96532,30.33077],[-97.9666,30.33005],[-97.96735,30.33112],[-97.96891,30.33454],[-97.97043,30.33436],[-97.97063,30.33641],[-97.97012,30.33775],[-97.97037,30.3388],[-97.96975,30.33881],[-97.96865,30.3409],[-97.9731,30.34337],[-97.97326,30.343],[-97.97308,30.34265],[-97.97355,30.34243],[-97.97398,30.34265],[-97.97487,30.34162],[-97.97462,30.33947],[-97.97535,30.33967],[-97.97529,30.33986],[-97.97569,30.3402],[-97.97821,30.34031],[-97.97705,30.34511],[-97.97682,30.34523],[-97.97717,30.34794],[-97.97688,30.35143],[-97.97873,30.35155],[-97.9798,30.35191],[-97.9795,30.35384],[-97.98013,30.35387],[-97.98256,30.35511],[-97.98256,30.35737],[-97.98639,30.35527],[-97.98722,30.35534],[-97.98865,30.35594],[-97.98955,30.35584],[-97.99022,30.35516],[-97.99188,30.35239],[-97.99339,30.35157],[-97.99394,30.35156],[-97.99577,30.35266],[-97.99626,30.35698],[-97.99675,30.3577],[-97.99746,30.35754],[-97.99756,30.3579],[-97.99941,30.35977],[-97.99911,30.36008],[-97.99948,30.36037],[-98.00108,30.35949],[-98.00147,30.3589],[-98.0014,30.35859],[-98.00041,30.35787],[-98.00055,30.3577],[-98.00196,30.35784],[-98.00259,30.3584],[-98.00322,30.35855],[-98.00227,30.35761],[-98.00179,30.35681],[-98.00173,30.35611],[-98.00251,30.35616],[-98.00271,30.35711],[-98.00328,30.35752],[-98.00395,30.35748],[-98.0045,30.35712],[-98.00475,30.35738],[-98.00451,30.3579],[-98.0054,30.35804],[-98.00607,30.35769],[-98.00502,30.35612],[-98.00487,30.35547],[-98.00519,30.35564],[-98.00545,30.35626],[-98.00843,30.35884],[-98.00806,30.36109],[-98.0087,30.36178],[-98.0084,30.3625],[-98.00852,30.36292],[-98.0089,30.36312],[-98.00995,30.36295],[-98.00997,30.36391],[-98.01021,30.36358],[-98.01078,30.36416],[-98.01055,30.36534],[-98.01117,30.36519],[-98.01167,30.36594],[-98.0136,30.36676],[-98.0142,30.36611],[-98.0148,30.36652],[-98.01563,30.36798],[-98.01635,30.36775],[-98.01711,30.36804],[-98.01755,30.36768],[-98.01759,30.3669],[-98.01858,30.36631],[-98.0182,30.36584],[-98.01812,30.36497],[-98.01902,30.36375],[-98.01913,30.36298],[-98.01868,30.36217],[-98.01911,30.3623],[-98.01985,30.36141],[-98.01929,30.36033],[-98.01898,30.35869],[-98.02012,30.35555],[-98.02061,30.35483],[-98.02035,30.35381],[-98.022,30.35161],[-98.02213,30.35084],[-98.02406,30.35075],[-98.02454,30.35094],[-98.02376,30.35097],[-98.0233,30.35125],[-98.0225,30.3525],[-98.02355,30.35319],[-98.02559,30.35392],[-98.02583,30.3537],[-98.02566,30.35407],[-98.02191,30.3538],[-98.02148,30.35586],[-98.02342,30.35592],[-98.02467,30.3557],[-98.02517,30.35611],[-98.02657,30.35618],[-98.02624,30.3559],[-98.02636,30.3546],[-98.02842,30.35551],[-98.03004,30.35444],[-98.02831,30.35302],[-98.02818,30.34986],[-98.02739,30.34458],[-98.02621,30.34294],[-98.02595,30.34291],[-98.02697,30.33948],[-98.02688,30.33869],[-98.02611,30.3379],[-98.0243,30.33733],[-98.02353,30.33614],[-98.02387,30.33454],[-98.02371,30.33323],[-98.02438,30.33162],[-98.02452,30.3315],[-98.02557,30.33235],[-98.02747,30.33322],[-98.02982,30.33501],[-98.03281,30.33664],[-98.03568,30.33883],[-98.03742,30.33723],[-98.04018,30.33692],[-98.0406,30.33627],[-98.04044,30.33554],[-98.04072,30.33494],[-98.04237,30.33507],[-98.0429,30.3349],[-98.04357,30.33368],[-98.04385,30.33039],[-98.0437,30.3296],[-98.04295,30.32846],[-98.0428,30.32696],[-98.04314,30.32666],[-98.04408,30.32655],[-98.04348,30.32579],[-98.04353,30.3255],[-98.04479,30.32602],[-98.04528,30.32573],[-98.04508,30.32489],[-98.04354,30.32254],[-98.04424,30.32239],[-98.04593,30.3228],[-98.04683,30.3226],[-98.04841,30.32081],[-98.05011,30.32022],[-98.05119,30.31918],[-98.05291,30.31805],[-98.05387,30.31674],[-98.05565,30.31612],[-98.05584,30.31572],[-98.05581,30.31422],[-98.05624,30.31381],[-98.0562,30.31282],[-98.05659,30.31257],[-98.0563,30.31083],[-98.05734,30.31022],[-98.05865,30.30865],[-98.05825,30.30699],[-98.05699,30.30631],[-98.05657,30.30551],[-98.05726,30.30431],[-98.05711,30.30284],[-98.05845,30.3018],[-98.05809,30.30073],[-98.06036,30.30044],[-98.06388,30.29934],[-98.06428,30.29837],[-98.06477,30.29801],[-98.06622,30.29799],[-98.06741,30.29754],[-98.06898,30.2976],[-98.06975,30.29713],[-98.07053,30.29727],[-98.07131,30.29666],[-98.07186,30.29654],[-98.07232,30.29573],[-98.07305,30.29537],[-98.07297,30.29458],[-98.07379,30.29336],[-98.07368,30.29307],[-98.07453,30.29259],[-98.07471,30.29103]]]},"properties":{"zip_code":"78738","county":"Travis"}},{"type":"Feature","geometry":{"type":"Polygon","coordinates":[[[-97.92927,30.17502],[-97.92927,30.17451],[-97.92807,30.17304],[-97.92647,30.1727],[-97.9243,30.17281],[-97.91786,30.16526],[-97.91862,30.16312],[-97.91859,30.15919],[-97.91772,30.15848],[-97.91762,30.15794],[-97.9188,30.15783],[-97.91551,30.15487],[-97.90455,30.16409],[-97.9049,30.1643],[-97.90466,30.1643],[-97.88352,30.14907],[-97.88352,30.15147],[-97.88154,30.15394],[-97.87989,30.15226],[-97.87934,30.15205],[-97.87395,30.15234],[-97.87077,30.14926],[-97.87027,30.14935],[-97.87032,30.14878],[-97.86833,30.14623],[-97.86685,30.14347],[-97.86208,30.14599],[-97.86197,30.14632],[-97.86,30.1457],[-97.85936,30.14743],[-97.85874,30.14719],[-97.85486,30.14848],[-97.85758,30.15386],[-97.85911,30.15572],[-97.85999,30.15541],[-97.86035,30.16742],[-97.86015,30.16846],[-97.8593,30.16998],[-97.85778,30.17109],[-97.85499,30.17541],[-97.85752,30.17578],[-97.85862,30.1755],[-97.85932,30.17574],[-97.85837,30.17706],[-97.85847,30.17751],[-97.8595,30.17866],[-97.86138,30.18014],[-97.86182,30.18023],[-97.86332,30.18178],[-97.86385,30.18306],[-97.86387,30.18369],[-97.86288,30.18504],[-97.86296,30.18546],[-97.86217,30.1859],[-97.86128,30.18691],[-97.8608,30.18835],[-97.86232,30.18991],[-97.86258,30.19047],[-97.86367,30.19061],[-97.86491,30.19025],[-97.866,30.19084],[-97.86621,30.19247],[-97.86574,30.19337],[-97.86552,30.19466],[-97.86645,30.1954],[-97.86762,30.19589],[-97.86968,30.19588],[-97.87383,30.19786],[-97.87478,30.19809],[-97.87572,30.198],[-97.87934,30.19598],[-97.87983,30.19605],[-97.88032,30.19657],[-97.88093,30.19632],[-97.88144,30.19643],[-97.88177,30.1967],[-97.88279,30.19927],[-97.88337,30.19997],[-97.88591,30.20097],[-97.8871,30.20199],[-97.88817,30.20253],[-97.88879,30.20238],[-97.89216,30.19702],[-97.90052,30.2011],[-97.90274,30.1977],[-97.90506,30.19897],[-97.90654,30.19686],[-97.90922,30.19568],[-97.911,30.19561],[-97.91397,30.1971],[-97.91437,30.1998],[-97.91511,30.20113],[-97.914,30.20311],[-97.91594,30.20377],[-97.91648,30.20366],[-97.91756,30.20317],[-97.91837,30.20244],[-97.92351,30.1945],[-97.92652,30.19067],[-97.9287,30.18693],[-97.92888,30.18571],[-97.92875,30.1784],[-97.92888,30.17639],[-97.92927,30.17502]]]},"properties":{"zip_code":"78739","county":"Travis"}},{"type":"Feature","geometry":{"type":"Polygon","coordinates":[[[-97.75193,30.21561],[-97.74923,30.21557],[-97.74924,30.21522],[-97.73573,30.21421],[-97.73508,30.21535],[-97.71251,30.21243],[-97.71234,30.21234],[-97.71271,30.21154],[-97.71166,30.21081],[-97.70964,30.21072],[-97.70613,30.21184],[-97.70471,30.21176],[-97.70349,30.21215],[-97.70294,30.21189],[-97.70273,30.21214],[-97.70187,30.21199],[-97.70164,30.21167],[-97.70119,30.21186],[-97.70045,30.21173],[-97.69976,30.21224],[-97.69925,30.21201],[-97.69902,30.2126],[-97.69817,30.21248],[-97.69819,30.21298],[-97.6979,30.21293],[-97.69772,30.21256],[-97.69738,30.21294],[-97.69668,30.21287],[-97.69621,30.21345],[-97.69495,30.21318],[-97.69394,30.21446],[-97.69185,30.21596],[-97.68992,30.2169],[-97.69037,30.21792],[-97.68421,30.22165],[-97.6833,30.22195],[-97.68329,30.22244],[-97.68136,30.22299],[-97.67927,30.22318],[-97.67768,30.22289],[-97.67661,30.22235],[-97.67647,30.22251],[-97.6793,30.22415],[-97.68281,30.23027],[-97.68263,30.23123],[-97.68791,30.24035],[-97.68905,30.24186],[-97.68953,30.24145],[-97.69067,30.24282],[-97.69128,30.24518],[-97.69348,30.24541],[-97.69498,30.24531],[-97.69838,30.24631],[-97.69958,30.24691],[-97.70048,30.24871],[-97.70188,30.2502],[-97.70528,30.25061],[-97.71351,30.25043],[-97.71594,30.24982],[-97.71786,30.24861],[-97.7226,30.24681],[-97.72376,30.2466],[-97.72978,30.24811],[-97.7343,30.25016],[-97.73599,30.25061],[-97.73503,30.24586],[-97.73504,30.24496],[-97.73547,30.24356],[-97.74745,30.2233],[-97.74391,30.21963],[-97.74376,30.2187],[-97.74397,30.21633],[-97.75129,30.21657],[-97.75193,30.21561]]]},"properties":{"zip_code":"78741","county":"Travis"}},{"type":"Feature","geometry":{"type":"Polygon","coordinates":[[[-97.69128,30.24518],[-97.69067,30.24282],[-97.68953,30.24145],[-97.68905,30.24186],[-97.68791,30.24035],[-97.68263,30.23123],[-97.68285,30.2304],[-97.68266,30.22997],[-97.679,30.22384],[-97.67653,30.22263],[-97.67661,30.22235],[-97.66892,30.21862],[-97.66658,30.22082],[-97.66878,30.22249],[-97.67031,30.22117],[-97.67108,30.22229],[-97.67118,30.22295],[-97.67223,30.22378],[-97.67287,30.22341],[-97.67337,30.22384],[-97.67264,30.22503],[-97.67393,30.22622],[-97.67322,30.22677],[-97.67191,30.22569],[-97.67109,30.22553],[-97.67003,30.22661],[-97.66852,30.22557],[-97.66686,30.22533],[-97.6659,30.22632],[-97.66585,30.22668],[-97.66637,30.22722],[-97.66627,30.22749],[-97.66588,30.22758],[-97.66355,30.22704],[-97.66355,30.22679],[-97.66169,30.22526],[-97.65849,30.22829],[-97.65918,30.22681],[-97.65878,30.22491],[-97.65743,30.22136],[-97.655,30.2179],[-97.65405,30.21823],[-97.65701,30.22162],[-97.65867,30.22613],[-97.65862,30.22738],[-97.65768,30.22871],[-97.65546,30.23059],[-97.65357,30.23304],[-97.65167,30.23378],[-97.65046,30.23461],[-97.65014,30.23523],[-97.64774,30.23641],[-97.64552,30.23655],[-97.64202,30.23765],[-97.63615,30.23883],[-97.63315,30.2399],[-97.63262,30.24089],[-97.63044,30.24268],[-97.62663,30.24832],[-97.6259,30.24983],[-97.62579,30.25233],[-97.62623,30.25511],[-97.62863,30.256],[-97.63186,30.25569],[-97.63503,30.25584],[-97.6387,30.25652],[-97.64025,30.25644],[-97.64126,30.25679],[-97.6417,30.25756],[-97.64165,30.259],[-97.64141,30.2596],[-97.64155,30.26115],[-97.64182,30.26184],[-97.64272,30.26252],[-97.6457,30.26327],[-97.64771,30.2631],[-97.6499,30.26245],[-97.65339,30.26216],[-97.65653,30.26229],[-97.65817,30.26206],[-97.65936,30.26133],[-97.66157,30.26094],[-97.66193,30.26042],[-97.66791,30.25662],[-97.66923,30.2561],[-97.67127,30.25477],[-97.67167,30.25431],[-97.67162,30.25298],[-97.67273,30.25126],[-97.67598,30.24883],[-97.68246,30.24629],[-97.68787,30.24581],[-97.68915,30.24598],[-97.69001,30.24566],[-97.69029,30.24579],[-97.69128,30.24518]]]},"properties":{"zip_code":"78742","county":"Travis"}},{"type":"Feature","geometry":{"type":"Polygon","coordinates":[[[-97.7915,30.15282],[-97.79121,30.15291],[-97.78988,30.1575],[-97.78644,30.15594],[-97.78418,30.15666],[-97.78391,30.15621],[-97.78418,30.15575],[-97.78348,30.15511],[-97.78306,30.15511],[-97.7825,30.15427],[-97.78125,30.1546],[-97.78089,30.15512],[-97.78038,30.15504],[-97.7801,30.15635],[-97.77921,30.1571],[-97.77623,30.15774],[-97.77528,30.15746],[-97.77394,30.15512],[-97.77268,30.15411],[-97.77033,30.15328],[-97.76481,30.15189],[-97.76194,30.15655],[-97.76034,30.15617],[-97.75956,30.15784],[-97.75884,30.15846],[-97.7574,30.15877],[-97.75239,30.15783],[-97.74922,30.15621],[-97.7486,30.15729],[-97.75172,30.15886],[-97.75096,30.16017],[-97.74977,30.15956],[-97.7494,30.16013],[-97.74606,30.15849],[-97.74163,30.16555],[-97.73617,30.16264],[-97.73599,30.16214],[-97.73633,30.1606],[-97.73599,30.15978],[-97.73597,30.15894],[-97.73573,30.1585],[-97.73486,30.15797],[-97.73476,30.1575],[-97.72816,30.15438],[-97.73013,30.15134],[-97.72411,30.14845],[-97.72529,30.14657],[-97.7239,30.14591],[-97.72351,30.14534],[-97.7235,30.14388],[-97.72438,30.14294],[-97.72419,30.14247],[-97.72371,30.14244],[-97.72338,30.14197],[-97.72299,30.14103],[-97.72323,30.14057],[-97.72298,30.14044],[-97.72293,30.13976],[-97.72192,30.13855],[-97.71928,30.14281],[-97.71753,30.142],[-97.71942,30.13894],[-97.71827,30.13837],[-97.71844,30.13812],[-97.71813,30.13796],[-97.71872,30.137],[-97.71731,30.13635],[-97.71683,30.13715],[-97.7158,30.1367],[-97.7163,30.13588],[-97.71605,30.13577],[-97.71483,30.13692],[-97.71403,30.13651],[-97.71485,30.1352],[-97.71531,30.13542],[-97.71518,30.13502],[-97.71673,30.13245],[-97.71657,30.13211],[-97.71019,30.12898],[-97.70895,30.13102],[-97.70999,30.13151],[-97.70944,30.13238],[-97.70841,30.13188],[-97.69974,30.14559],[-97.69673,30.14419],[-97.69696,30.14765],[-97.69667,30.15144],[-97.69626,30.15147],[-97.69265,30.15704],[-97.69386,30.15856],[-97.69348,30.15971],[-97.69424,30.15988],[-97.69299,30.16425],[-97.69276,30.16414],[-97.69007,30.17372],[-97.6892,30.17349],[-97.68866,30.17575],[-97.68922,30.17669],[-97.68889,30.17785],[-97.68812,30.17818],[-97.68669,30.1781],[-97.68512,30.1773],[-97.68404,30.17641],[-97.68459,30.17578],[-97.68434,30.17536],[-97.68154,30.17503],[-97.68264,30.17515],[-97.68271,30.17848],[-97.6876,30.18257],[-97.68752,30.18284],[-97.68775,30.183],[-97.68529,30.19185],[-97.68375,30.20163],[-97.68348,30.20511],[-97.6833,30.22195],[-97.68421,30.22165],[-97.69037,30.21792],[-97.68992,30.2169],[-97.69185,30.21596],[-97.69394,30.21446],[-97.69495,30.21318],[-97.69621,30.21345],[-97.69668,30.21287],[-97.69738,30.21294],[-97.69772,30.21256],[-97.6979,30.21293],[-97.69819,30.21298],[-97.69817,30.21248],[-97.69902,30.2126],[-97.69925,30.21201],[-97.69976,30.21224],[-97.70045,30.21173],[-97.70119,30.21186],[-97.70164,30.21167],[-97.70187,30.21199],[-97.70273,30.21214],[-97.70294,30.21189],[-97.70349,30.21215],[-97.70471,30.21176],[-97.70613,30.21184],[-97.70964,30.21072],[-97.71166,30.21081],[-97.71271,30.21154],[-97.71234,30.21234],[-97.71251,30.21243],[-97.73508,30.21535],[-97.73573,30.21421],[-97.74924,30.21522],[-97.74923,30.21557],[-97.75193,30.21561],[-97.7573,30.20707],[-97.77234,30.18815],[-97.78625,30.16698],[-97.78594,30.16697],[-97.78795,30.16348],[-97.78926,30.16031],[-97.7915,30.15282]]]},"properties":{"zip_code":"78744","county":"Travis"}},{"type":"Feature","geometry":{"type":"Polygon","coordinates":[[[-97.8488,30.19774],[-97.84905,30.19726],[-97.84739,30.19642],[-97.84467,30.19634],[-97.84366,30.19601],[-97.83287,30.19068],[-97.83146,30.19005],[-97.83047,30.19004],[-97.83011,30.18929],[-97.827,30.18778],[-97.82535,30.19033],[-97.82257,30.18891],[-97.82291,30.18836],[-97.82095,30.18745],[-97.82067,30.18782],[-97.81843,30.18676],[-97.81958,30.18489],[-97.8186,30.18443],[-97.8174,30.18645],[-97.81527,30.18553],[-97.81371,30.18571],[-97.81206,30.1855],[-97.80049,30.1858],[-97.7981,30.18555],[-97.79519,30.18562],[-97.79437,30.18537],[-97.79301,30.18426],[-97.79267,30.18388],[-97.79305,30.18326],[-97.79264,30.18294],[-97.79119,30.18321],[-97.79119,30.18299],[-97.78973,30.18248],[-97.78948,30.18284],[-97.78899,30.18267],[-97.78623,30.18327],[-97.78486,30.18293],[-97.78198,30.1834],[-97.78528,30.17295],[-97.78877,30.17429],[-97.78964,30.17431],[-97.79096,30.16726],[-97.78625,30.16698],[-97.77234,30.18815],[-97.7573,30.20707],[-97.75193,30.21561],[-97.75293,30.2159],[-97.75399,30.21659],[-97.75412,30.21623],[-97.76969,30.22368],[-97.76883,30.22507],[-97.76999,30.22567],[-97.76947,30.22652],[-97.77071,30.22708],[-97.77296,30.22761],[-97.77949,30.22768],[-97.78017,30.22659],[-97.7816,30.22714],[-97.7814,30.22747],[-97.78465,30.22782],[-97.78616,30.22848],[-97.7861,30.22885],[-97.78834,30.2299],[-97.78852,30.22964],[-97.79002,30.23035],[-97.79087,30.22899],[-97.7928,30.22991],[-97.79196,30.23127],[-97.79621,30.23334],[-97.7969,30.23387],[-97.79656,30.23404],[-97.79791,30.23552],[-97.80249,30.24469],[-97.80597,30.24285],[-97.80814,30.24046],[-97.80723,30.23997],[-97.80821,30.2385],[-97.80575,30.23749],[-97.80729,30.23561],[-97.80704,30.23524],[-97.80607,30.23526],[-97.80625,30.23349],[-97.80673,30.23274],[-97.8052,30.2324],[-97.80291,30.23252],[-97.80353,30.23148],[-97.80637,30.23139],[-97.81151,30.23301],[-97.81842,30.23264],[-97.81833,30.23327],[-97.81938,30.23335],[-97.82057,30.23377],[-97.82352,30.22927],[-97.82477,30.22987],[-97.82813,30.22439],[-97.8286,30.22446],[-97.82906,30.22372],[-97.82854,30.22351],[-97.82823,30.224],[-97.82767,30.22374],[-97.82795,30.22326],[-97.82527,30.22216],[-97.83109,30.21282],[-97.83228,30.21343],[-97.83306,30.21298],[-97.8342,30.21127],[-97.83288,30.21157],[-97.83199,30.21139],[-97.83356,30.20934],[-97.83592,30.20556],[-97.83689,30.20602],[-97.83693,30.20552],[-97.83778,30.20411],[-97.8372,30.20344],[-97.83883,30.20086],[-97.84052,30.20174],[-97.84128,30.20023],[-97.84311,30.20104],[-97.84355,30.20188],[-97.84432,30.20169],[-97.84528,30.20216],[-97.8488,30.19774]]]},"properties":{"zip_code":"78745","county":"Travis"}},{"type":"Feature","geometry":{"type":"Polygon","coordinates":[[[-97.8691,30.31239],[-97.86927,30.31204],[-97.86837,30.31032],[-97.86866,30.3087],[-97.86832,30.30674],[-97.86769,30.30677],[-97.86642,30.30622],[-97.86485,30.30409],[-97.86433,30.30296],[-97.86412,30.30168],[-97.86451,30.29996],[-97.86251,30.29707],[-97.86184,30.29682],[-97.86088,30.29683],[-97.86007,30.29707],[-97.85877,30.29806],[-97.85785,30.30023],[-97.85767,30.3031],[-97.85716,30.30449],[-97.85614,30.30499],[-97.85505,30.30489],[-97.85353,30.30412],[-97.85292,30.30289],[-97.85315,30.30213],[-97.85266,30.30009],[-97.8526,30.29792],[-97.85183,30.29604],[-97.8516,30.29396],[-97.8511,30.29325],[-97.85101,30.29232],[-97.85068,30.2919],[-97.85001,30.29149],[-97.84718,30.29107],[-97.84557,30.29194],[-97.8448,30.29284],[-97.84314,30.29262],[-97.84299,30.29175],[-97.84333,30.29042],[-97.8447,30.28919],[-97.84682,30.28819],[-97.84785,30.2872],[-97.85067,30.28561],[-97.8521,30.2841],[-97.85254,30.28292],[-97.85238,30.28191],[-97.85183,30.28166],[-97.85112,30.28064],[-97.84973,30.27944],[-97.84845,30.27918],[-97.84757,30.2785],[-97.84641,30.27725],[-97.84596,30.27574],[-97.84538,30.27535],[-97.84433,30.27356],[-97.84365,30.27306],[-97.84225,30.27361],[-97.8415,30.27446],[-97.83987,30.27563],[-97.83801,30.27555],[-97.83412,30.27403],[-97.8314,30.2711],[-97.83119,30.27045],[-97.83071,30.27001],[-97.82613,30.26998],[-97.82496,30.26969],[-97.82391,30.26792],[-97.82301,30.2645],[-97.82308,30.26314],[-97.82361,30.26191],[-97.82363,30.26056],[-97.82259,30.25783],[-97.82179,30.2566],[-97.81917,30.25453],[-97.81559,30.25302],[-97.81366,30.2515],[-97.81239,30.24708],[-97.81097,30.24433],[-97.81066,30.24259],[-97.81087,30.24077],[-97.81013,30.23961],[-97.80942,30.23958],[-97.80877,30.2399],[-97.80587,30.24292],[-97.80303,30.24447],[-97.80094,30.24525],[-97.79849,30.24518],[-97.79718,30.24484],[-97.79558,30.24388],[-97.79338,30.2431],[-97.79226,30.24185],[-97.78986,30.2421],[-97.78894,30.2432],[-97.7887,30.24446],[-97.7889,30.2456],[-97.78948,30.2464],[-97.79217,30.24783],[-97.79348,30.24804],[-97.79602,30.24767],[-97.79668,30.24815],[-97.79677,30.24875],[-97.79614,30.25259],[-97.79572,30.25343],[-97.79453,30.25407],[-97.79089,30.25519],[-97.78517,30.25751],[-97.78458,30.2581],[-97.78419,30.25928],[-97.78555,30.26039],[-97.78501,30.26099],[-97.78371,30.26159],[-97.7824,30.26178],[-97.78088,30.26255],[-97.7796,30.26288],[-97.77811,30.26284],[-97.77544,30.26356],[-97.77151,30.2636],[-97.76934,30.2641],[-97.76761,30.2641],[-97.76592,30.26467],[-97.76066,30.26753],[-97.76671,30.26989],[-97.76968,30.27162],[-97.77278,30.27489],[-97.77666,30.27754],[-97.78035,30.2805],[-97.78427,30.28431],[-97.78534,30.28615],[-97.7856,30.28819],[-97.78553,30.28981],[-97.78592,30.29092],[-97.78588,30.29166],[-97.78526,30.29316],[-97.78557,30.2936],[-97.78598,30.29738],[-97.78387,30.30064],[-97.7805,30.30444],[-97.77787,30.30835],[-97.77588,30.31361],[-97.77566,30.31803],[-97.77612,30.32092],[-97.77607,30.32218],[-97.7765,30.32384],[-97.77975,30.33054],[-97.78105,30.33223],[-97.78623,30.34092],[-97.7883,30.34356],[-97.7915,30.34628],[-97.79674,30.34995],[-97.80009,30.35159],[-97.80238,30.35217],[-97.80407,30.35228],[-97.80569,30.35202],[-97.80694,30.3515],[-97.80951,30.34915],[-97.81244,30.34414],[-97.81425,30.34182],[-97.8246,30.33011],[-97.83064,30.32523],[-97.83137,30.32496],[-97.83588,30.32392],[-97.83859,30.32401],[-97.84072,30.32471],[-97.84267,30.32622],[-97.84403,30.32951],[-97.84436,30.33091],[-97.84445,30.33625],[-97.84519,30.3404],[-97.84617,30.34034],[-97.84501,30.32945],[-97.84458,30.32808],[-97.84268,30.3252],[-97.8438,30.32467],[-97.84407,30.32439],[-97.84404,30.32405],[-97.84215,30.32177],[-97.84135,30.32003],[-97.84149,30.31881],[-97.84261,30.31789],[-97.84302,30.31719],[-97.8436,30.31373],[-97.8453,30.31172],[-97.84559,30.31012],[-97.84834,30.31059],[-97.85105,30.31266],[-97.85843,30.31578],[-97.86076,30.31766],[-97.86256,30.31826],[-97.86697,30.31758],[-97.86666,30.31699],[-97.86711,30.31653],[-97.86828,30.31369],[-97.86884,30.314],[-97.8691,30.31239]]]},"properties":{"zip_code":"78746","county":"Travis"}},{"type":"Feature","geometry":{"type":"Polygon","coordinates":[[[-97.80419,30.11903],[-97.80435,30.11863],[-97.79198,30.1128],[-97.78515,30.1129],[-97.78529,30.11277],[-97.78179,30.11265],[-97.75626,30.1004],[-97.74927,30.1115],[-97.74975,30.11199],[-97.74878,30.1135],[-97.74539,30.11192],[-97.74439,30.11425],[-97.73809,30.11227],[-97.73267,30.10969],[-97.73093,30.11194],[-97.72784,30.11029],[-97.7309,30.10558],[-97.72638,30.10292],[-97.73228,30.09359],[-97.72394,30.08909],[-97.72292,30.08885],[-97.71818,30.09625],[-97.7252,30.09959],[-97.72453,30.09995],[-97.72435,30.10057],[-97.72345,30.10164],[-97.72357,30.10201],[-97.72485,30.10289],[-97.72443,30.10302],[-97.72331,30.10242],[-97.72204,30.10101],[-97.71058,30.09548],[-97.71484,30.08884],[-97.71464,30.08853],[-97.71147,30.08844],[-97.71255,30.08709],[-97.7138,30.08631],[-97.71659,30.08536],[-97.71805,30.08513],[-97.72032,30.08374],[-97.72119,30.08266],[-97.72219,30.0823],[-97.72464,30.08342],[-97.72726,30.08423],[-97.72744,30.08513],[-97.7283,30.08594],[-97.72839,30.08656],[-97.72879,30.08712],[-97.72948,30.08757],[-97.72962,30.08724],[-97.73042,30.08733],[-97.73146,30.08684],[-97.73192,30.0859],[-97.73249,30.0861],[-97.73305,30.08602],[-97.73305,30.0856],[-97.73505,30.0856],[-97.73522,30.08396],[-97.73093,30.08206],[-97.72752,30.08125],[-97.72483,30.08117],[-97.71044,30.08245],[-97.69884,30.08083],[-97.69819,30.08031],[-97.6961,30.08048],[-97.69335,30.08107],[-97.69337,30.08194],[-97.69296,30.08207],[-97.69318,30.08963],[-97.68592,30.09637],[-97.69322,30.10323],[-97.69437,30.10203],[-97.69506,30.1154],[-97.69354,30.11579],[-97.69246,30.11678],[-97.69375,30.11745],[-97.6935,30.11867],[-97.69231,30.12065],[-97.69302,30.121],[-97.69079,30.12446],[-97.69521,30.12663],[-97.69383,30.12879],[-97.68939,30.12667],[-97.68898,30.12731],[-97.68806,30.12788],[-97.68697,30.129],[-97.68614,30.12915],[-97.68494,30.12897],[-97.68425,30.12957],[-97.67872,30.13829],[-97.68798,30.14268],[-97.68858,30.14271],[-97.69167,30.14184],[-97.69974,30.14559],[-97.70841,30.13188],[-97.70944,30.13238],[-97.70999,30.13151],[-97.70895,30.13102],[-97.71019,30.12898],[-97.71657,30.13211],[-97.71673,30.13245],[-97.71518,30.13502],[-97.71531,30.13542],[-97.71485,30.1352],[-97.71403,30.13651],[-97.71483,30.13692],[-97.71605,30.13577],[-97.7163,30.13588],[-97.7158,30.1367],[-97.71683,30.13715],[-97.71731,30.13635],[-97.71872,30.137],[-97.71813,30.13796],[-97.71844,30.13812],[-97.71827,30.13837],[-97.71942,30.13894],[-97.71753,30.142],[-97.71928,30.14281],[-97.72192,30.13855],[-97.72293,30.13976],[-97.72298,30.14044],[-97.72323,30.14057],[-97.72299,30.14103],[-97.72338,30.14197],[-97.72371,30.14244],[-97.72419,30.14247],[-97.72438,30.14294],[-97.7235,30.14388],[-97.72351,30.14534],[-97.7239,30.14591],[-97.72529,30.14657],[-97.72411,30.14845],[-97.73013,30.15134],[-97.72816,30.15438],[-97.73476,30.1575],[-97.73486,30.15797],[-97.73573,30.1585],[-97.73597,30.15894],[-97.73599,30.15978],[-97.73633,30.1606],[-97.73599,30.16214],[-97.73617,30.16264],[-97.74163,30.16555],[-97.74606,30.15849],[-97.7494,30.16013],[-97.74977,30.15956],[-97.75096,30.16017],[-97.75172,30.15886],[-97.7486,30.15729],[-97.74922,30.15621],[-97.75239,30.15783],[-97.7574,30.15877],[-97.75884,30.15846],[-97.75956,30.15784],[-97.76034,30.15617],[-97.76194,30.15655],[-97.76481,30.15189],[-97.77033,30.15328],[-97.77268,30.15411],[-97.77394,30.15512],[-97.77528,30.15746],[-97.77586,30.15768],[-97.77842,30.1574],[-97.77921,30.1571],[-97.7801,30.15635],[-97.78038,30.15504],[-97.78089,30.15512],[-97.78125,30.1546],[-97.7825,30.15427],[-97.78306,30.15511],[-97.78348,30.15511],[-97.78418,30.15575],[-97.78391,30.15621],[-97.78418,30.15666],[-97.78644,30.15594],[-97.78988,30.1575],[-97.79121,30.15291],[-97.7915,30.15282],[-97.79556,30.14092],[-97.80419,30.11903]]]},"properties":{"zip_code":"78747","county":"Travis"}},{"type":"Feature","geometry":{"type":"Polygon","coordinates":[[[-97.86197,30.1463],[-97.86208,30.14599],[-97.86181,30.14613],[-97.86099,30.14566],[-97.86161,30.14473],[-97.86172,30.144],[-97.86095,30.14316],[-97.85973,30.14262],[-97.85859,30.14169],[-97.8574,30.14122],[-97.85544,30.14142],[-97.85296,30.14011],[-97.85022,30.13954],[-97.84969,30.13979],[-97.84962,30.14037],[-97.84931,30.14068],[-97.84814,30.14071],[-97.84725,30.14045],[-97.84661,30.14103],[-97.84749,30.14204],[-97.84694,30.14258],[-97.84699,30.14444],[-97.84627,30.14362],[-97.84542,30.14338],[-97.84391,30.14359],[-97.84367,30.14323],[-97.84378,30.1427],[-97.84265,30.1427],[-97.84067,30.14148],[-97.83779,30.14045],[-97.8314,30.14058],[-97.83161,30.13981],[-97.83063,30.13955],[-97.8303,30.14056],[-97.82364,30.14066],[-97.81889,30.14188],[-97.81334,30.14206],[-97.81118,30.14437],[-97.81042,30.1448],[-97.80966,30.14487],[-97.80156,30.14283],[-97.80356,30.13961],[-97.8038,30.13882],[-97.80659,30.13516],[-97.80708,30.13285],[-97.80772,30.13259],[-97.81041,30.13325],[-97.81093,30.13198],[-97.81187,30.13066],[-97.81249,30.12761],[-97.81174,30.12544],[-97.8114,30.10631],[-97.81345,30.10402],[-97.8146,30.10191],[-97.81616,30.10243],[-97.81775,30.1024],[-97.81828,30.10352],[-97.81763,30.10377],[-97.81768,30.10515],[-97.81869,30.10392],[-97.81931,30.10382],[-97.82077,30.1041],[-97.81325,30.09868],[-97.80734,30.1114],[-97.80435,30.11863],[-97.7952,30.14191],[-97.79246,30.14965],[-97.78926,30.16031],[-97.78795,30.16348],[-97.78594,30.16697],[-97.79096,30.16726],[-97.78964,30.17431],[-97.78877,30.17429],[-97.78528,30.17295],[-97.78198,30.1834],[-97.78486,30.18293],[-97.78623,30.18327],[-97.78899,30.18267],[-97.78948,30.18284],[-97.78973,30.18248],[-97.79119,30.18299],[-97.79119,30.18321],[-97.79264,30.18294],[-97.79305,30.18326],[-97.79267,30.18388],[-97.79301,30.18426],[-97.79437,30.18537],[-97.79519,30.18562],[-97.7981,30.18555],[-97.80049,30.1858],[-97.81206,30.1855],[-97.81371,30.18571],[-97.81527,30.18553],[-97.8174,30.18645],[-97.8186,30.18443],[-97.81958,30.18489],[-97.81843,30.18676],[-97.82067,30.18782],[-97.82095,30.18745],[-97.82291,30.18836],[-97.82257,30.18891],[-97.82535,30.19033],[-97.827,30.18778],[-97.83011,30.18929],[-97.83047,30.19004],[-97.83146,30.19005],[-97.84235,30.19534],[-97.85324,30.17824],[-97.85646,30.17867],[-97.85678,30.17817],[-97.85932,30.17846],[-97.85836,30.17712],[-97.85932,30.17574],[-97.85862,30.1755],[-97.85752,30.17578],[-97.85499,30.17541],[-97.85778,30.17109],[-97.8593,30.16998],[-97.86015,30.16846],[-97.86035,30.16742],[-97.85999,30.15541],[-97.85911,30.15572],[-97.85758,30.15386],[-97.85486,30.14848],[-97.85874,30.14719],[-97.85936,30.14743],[-97.86,30.1457],[-97.86197,30.1463]]]},"properties":{"zip_code":"78748","county":"Travis"}},{"type":"Feature","geometry":{"type":"Polygon","coordinates":[[[-97.89433,30.21829],[-97.89346,30.21676],[-97.89331,30.21386],[-97.89292,30.21246],[-97.89245,30.21172],[-97.88933,30.20861],[-97.88689,30.20537],[-97.88838,30.20478],[-97.8878,30.20389],[-97.88879,30.20238],[-97.88791,30.20245],[-97.88591,30.20097],[-97.88337,30.19997],[-97.88273,30.19916],[-97.88177,30.1967],[-97.88129,30.19638],[-97.88032,30.19657],[-97.87983,30.19605],[-97.87934,30.19598],[-97.87572,30.198],[-97.87474,30.19809],[-97.87383,30.19786],[-97.86968,30.19588],[-97.86762,30.19589],[-97.86592,30.19506],[-97.86552,30.19464],[-97.86574,30.19337],[-97.86621,30.19247],[-97.866,30.19084],[-97.86491,30.19025],[-97.86367,30.19061],[-97.86258,30.19047],[-97.86078,30.18826],[-97.86128,30.18691],[-97.86217,30.1859],[-97.86296,30.18546],[-97.86288,30.18504],[-97.86387,30.18369],[-97.86385,30.18306],[-97.86332,30.18178],[-97.86182,30.18023],[-97.86138,30.18014],[-97.8595,30.17866],[-97.8584,30.17738],[-97.85932,30.17846],[-97.85678,30.17817],[-97.85646,30.17867],[-97.85324,30.17824],[-97.84235,30.19534],[-97.84467,30.19634],[-97.84739,30.19642],[-97.84905,30.19726],[-97.8488,30.19774],[-97.84528,30.20216],[-97.84432,30.20169],[-97.84355,30.20188],[-97.84311,30.20104],[-97.84128,30.20023],[-97.84052,30.20174],[-97.83883,30.20086],[-97.8372,30.20344],[-97.83778,30.20411],[-97.83693,30.20552],[-97.83689,30.20602],[-97.83592,30.20556],[-97.83356,30.20934],[-97.83199,30.21139],[-97.83288,30.21157],[-97.8342,30.21127],[-97.83306,30.21298],[-97.83228,30.21343],[-97.83109,30.21282],[-97.82527,30.22216],[-97.82795,30.22326],[-97.82767,30.22374],[-97.82823,30.224],[-97.82854,30.22351],[-97.82906,30.22372],[-97.8286,30.22446],[-97.82813,30.22439],[-97.82477,30.22987],[-97.82352,30.22927],[-97.82057,30.23377],[-97.82554,30.23598],[-97.82788,30.23657],[-97.84046,30.23679],[-97.84619,30.23639],[-97.8457,30.2338],[-97.85147,30.23425],[-97.85218,30.23445],[-97.85211,30.2352],[-97.85808,30.23496],[-97.85968,30.23535],[-97.86064,30.2353],[-97.86478,30.23406],[-97.86603,30.23389],[-97.8675,30.23408],[-97.87322,30.23386],[-97.87572,30.23297],[-97.87929,30.23078],[-97.87774,30.22874],[-97.87717,30.22833],[-97.87766,30.22752],[-97.87694,30.22639],[-97.87864,30.22572],[-97.8785,30.22547],[-97.87807,30.22515],[-97.87624,30.22476],[-97.87592,30.22533],[-97.8749,30.22462],[-97.87424,30.22543],[-97.87344,30.22512],[-97.87394,30.22429],[-97.87293,30.22387],[-97.87201,30.22425],[-97.87169,30.22376],[-97.87242,30.2234],[-97.87309,30.22258],[-97.87396,30.2227],[-97.87721,30.22439],[-97.87772,30.22439],[-97.87849,30.22318],[-97.87703,30.22245],[-97.87764,30.22145],[-97.88049,30.22282],[-97.88196,30.22099],[-97.88294,30.22145],[-97.88484,30.21853],[-97.8926,30.222],[-97.89322,30.22106],[-97.89433,30.21829]]]},"properties":{"zip_code":"78749","county":"Travis"}},{"type":"Feature","geometry":{"type":"Polygon","coordinates":[[[-97.83903,30.39225],[-97.83519,30.39208],[-97.83499,30.39302],[-97.83423,30.39403],[-97.83111,30.39494],[-97.83037,30.39329],[-97.83094,30.39181],[-97.82731,30.38982],[-97.81825,30.38342],[-97.81798,30.38558],[-97.81028,30.3852],[-97.80768,30.38926],[-97.80717,30.38817],[-97.8071,30.38661],[-97.80594,30.38617],[-97.80549,30.38527],[-97.80406,30.38449],[-97.80441,30.38336],[-97.80376,30.38253],[-97.80359,30.37971],[-97.80437,30.3779],[-97.80466,30.37651],[-97.80459,30.37553],[-97.80406,30.37466],[-97.80428,30.37366],[-97.80306,30.37102],[-97.80082,30.36806],[-97.79751,30.36585],[-97.79555,30.36298],[-97.79298,30.3601],[-97.79226,30.35955],[-97.79135,30.35929],[-97.79053,30.36186],[-97.78988,30.36713],[-97.78943,30.36815],[-97.79084,30.36892],[-97.79032,30.36967],[-97.79496,30.37191],[-97.79444,30.37269],[-97.78815,30.36975],[-97.78467,30.37266],[-97.78445,30.37545],[-97.78413,30.37699],[-97.78369,30.37763],[-97.7816,30.3788],[-97.78062,30.37892],[-97.77827,30.37806],[-97.7745,30.38118],[-97.77141,30.38276],[-97.77156,30.38324],[-97.77131,30.38449],[-97.77157,30.3858],[-97.77323,30.38709],[-97.77393,30.3885],[-97.77419,30.38973],[-97.7748,30.39029],[-97.77771,30.38942],[-97.7784,30.3897],[-97.7788,30.38924],[-97.78344,30.39144],[-97.78266,30.39273],[-97.78107,30.39192],[-97.78055,30.39276],[-97.78163,30.39329],[-97.7801,30.39396],[-97.77997,30.39432],[-97.77936,30.39403],[-97.77895,30.39415],[-97.77894,30.3946],[-97.77929,30.39485],[-97.78052,30.39525],[-97.78217,30.39622],[-97.78294,30.39623],[-97.78311,30.3965],[-97.78363,30.39657],[-97.78528,30.39627],[-97.78864,30.39445],[-97.7889,30.39408],[-97.81167,30.40499],[-97.80405,30.41712],[-97.80648,30.41767],[-97.80575,30.41877],[-97.80345,30.41781],[-97.80205,30.41774],[-97.80005,30.41844],[-97.79879,30.41858],[-97.79656,30.41961],[-97.79379,30.42007],[-97.79381,30.42099],[-97.79455,30.42184],[-97.7931,30.42278],[-97.79087,30.42325],[-97.78818,30.42246],[-97.78606,30.42284],[-97.78544,30.42328],[-97.78496,30.42405],[-97.78515,30.42598],[-97.78471,30.42709],[-97.78327,30.42815],[-97.78182,30.42982],[-97.77931,30.43134],[-97.77829,30.43163],[-97.7784,30.43241],[-97.77922,30.43419],[-97.77809,30.4345],[-97.77833,30.43491],[-97.77635,30.4356],[-97.77552,30.43682],[-97.77013,30.43408],[-97.76921,30.43456],[-97.7758,30.43774],[-97.77904,30.43979],[-97.77788,30.4404],[-97.77839,30.44172],[-97.77515,30.44273],[-97.77757,30.44433],[-97.77904,30.44384],[-97.77886,30.44334],[-97.77991,30.443],[-97.78018,30.44332],[-97.78188,30.44204],[-97.78245,30.44267],[-97.7831,30.44238],[-97.78408,30.44302],[-97.78143,30.44496],[-97.78141,30.44555],[-97.7801,30.44653],[-97.78523,30.45036],[-97.79067,30.44873],[-97.79199,30.45548],[-97.79283,30.45781],[-97.79217,30.45802],[-97.79636,30.46835],[-97.81062,30.46389],[-97.8117,30.46647],[-97.81433,30.46563],[-97.81371,30.46418],[-97.81585,30.46354],[-97.8156,30.46293],[-97.81623,30.46267],[-97.81603,30.46224],[-97.82,30.46091],[-97.82259,30.46276],[-97.82124,30.46173],[-97.82419,30.45887],[-97.82323,30.45817],[-97.82562,30.456],[-97.82606,30.45585],[-97.82398,30.45429],[-97.81988,30.45035],[-97.81798,30.4502],[-97.81527,30.44918],[-97.81339,30.44723],[-97.81223,30.44689],[-97.81438,30.44359],[-97.81447,30.44266],[-97.81507,30.44187],[-97.81565,30.44242],[-97.81632,30.44153],[-97.81679,30.44152],[-97.81775,30.4429],[-97.81851,30.44348],[-97.81878,30.44271],[-97.81825,30.44225],[-97.81756,30.44073],[-97.81628,30.44003],[-97.81511,30.43878],[-97.81413,30.43683],[-97.81398,30.43467],[-97.8145,30.43336],[-97.81412,30.4323],[-97.81481,30.43135],[-97.81576,30.43113],[-97.81595,30.4304],[-97.81577,30.43007],[-97.81462,30.4295],[-97.81455,30.42864],[-97.81504,30.42811],[-97.81478,30.42742],[-97.81405,30.42673],[-97.81466,30.4254],[-97.81468,30.42458],[-97.81358,30.4229],[-97.81144,30.42209],[-97.80964,30.42225],[-97.80915,30.42172],[-97.8087,30.42177],[-97.80789,30.42129],[-97.80792,30.41975],[-97.80807,30.4191],[-97.80875,30.41891],[-97.81084,30.41936],[-97.81445,30.41864],[-97.81756,30.4165],[-97.82006,30.41594],[-97.82111,30.41535],[-97.82262,30.41298],[-97.8224,30.41232],[-97.82254,30.41163],[-97.82345,30.41017],[-97.82319,30.4093],[-97.82327,30.40776],[-97.82399,30.40645],[-97.8248,30.4057],[-97.82619,30.40505],[-97.82624,30.40425],[-97.82712,30.40392],[-97.82737,30.40355],[-97.82926,30.40282],[-97.83045,30.40198],[-97.83139,30.40198],[-97.83192,30.40107],[-97.83193,30.40031],[-97.83262,30.39912],[-97.83284,30.39824],[-97.83438,30.39683],[-97.8366,30.39585],[-97.83673,30.39479],[-97.83773,30.39418],[-97.8389,30.39272],[-97.83903,30.39225]]]},"properties":{"zip_code":"78750","county":"Travis"}},{"type":"Feature","geometry":{"type":"Polygon","coordinates":[[[-97.7373,30.30407],[-97.73764,30.30349],[-97.73584,30.3026],[-97.73607,30.30223],[-97.73569,30.30203],[-97.7353,30.30225],[-97.73424,30.30175],[-97.73446,30.30144],[-97.73364,30.30106],[-97.73395,30.30072],[-97.72341,30.29564],[-97.72329,30.29579],[-97.72293,30.29562],[-97.72272,30.29596],[-97.72083,30.29505],[-97.72104,30.29473],[-97.72013,30.29428],[-97.71023,30.30992],[-97.70868,30.31285],[-97.70771,30.3162],[-97.70686,30.3222],[-97.71258,30.32046],[-97.71537,30.32042],[-97.71956,30.32242],[-97.72383,30.3235],[-97.72518,30.32441],[-97.72633,30.32596],[-97.72662,30.3255],[-97.72698,30.32567],[-97.7272,30.32535],[-97.72819,30.32582],[-97.72898,30.32453],[-97.72843,30.32424],[-97.72885,30.32358],[-97.72981,30.32403],[-97.73118,30.32194],[-97.73187,30.32226],[-97.73354,30.31942],[-97.73113,30.31826],[-97.73218,30.3167],[-97.73582,30.31535],[-97.73757,30.31346],[-97.73298,30.31084],[-97.7373,30.30407]]]},"properties":{"zip_code":"78751","county":"Travis"}},{"type":"Feature","geometry":{"type":"Polygon","coordinates":[[[-97.7276,30.32853],[-97.72688,30.32638],[-97.72604,30.32572],[-97.72539,30.32463],[-97.72456,30.32392],[-97.72273,30.32311],[-97.71956,30.32242],[-97.71537,30.32042],[-97.71462,30.32031],[-97.71258,30.32046],[-97.70714,30.32213],[-97.70565,30.32235],[-97.69539,30.32147],[-97.69505,30.32187],[-97.69849,30.32221],[-97.69807,30.32404],[-97.69723,30.32395],[-97.69525,30.32445],[-97.69364,30.32399],[-97.69414,30.32295],[-97.69206,30.32194],[-97.68915,30.32213],[-97.68908,30.32149],[-97.68488,30.32186],[-97.68429,30.32197],[-97.68454,30.32206],[-97.68457,30.32301],[-97.68348,30.32305],[-97.6825,30.32451],[-97.68126,30.32418],[-97.68089,30.3232],[-97.67323,30.32572],[-97.67596,30.32763],[-97.67889,30.32922],[-97.67879,30.32946],[-97.67829,30.32925],[-97.67583,30.33319],[-97.67741,30.3341],[-97.6769,30.33469],[-97.67707,30.3352],[-97.67725,30.33483],[-97.6782,30.33419],[-97.67823,30.3336],[-97.67929,30.33253],[-97.67998,30.33241],[-97.68015,30.33347],[-97.6855,30.33284],[-97.68605,30.33311],[-97.68622,30.33284],[-97.69318,30.33604],[-97.69227,30.33752],[-97.69256,30.33852],[-97.69441,30.33799],[-97.69531,30.33707],[-97.70055,30.33957],[-97.69858,30.3422],[-97.70123,30.34358],[-97.70199,30.34269],[-97.70265,30.3435],[-97.70362,30.3428],[-97.70665,30.34503],[-97.70571,30.34639],[-97.70834,30.34753],[-97.70916,30.34639],[-97.71105,30.34712],[-97.71195,30.34775],[-97.7121,30.34749],[-97.71244,30.34781],[-97.71735,30.34016],[-97.71882,30.34091],[-97.71879,30.34109],[-97.72055,30.34082],[-97.72192,30.34719],[-97.72251,30.34711],[-97.72164,30.34267],[-97.72269,30.3409],[-97.72099,30.3403],[-97.7209,30.33975],[-97.72156,30.33952],[-97.72176,30.33907],[-97.7215,30.33765],[-97.71955,30.3367],[-97.72371,30.33012],[-97.72483,30.33067],[-97.72548,30.32963],[-97.72612,30.32988],[-97.72704,30.32871],[-97.72741,30.32889],[-97.7276,30.32853]]]},"properties":{"zip_code":"78752","county":"Travis"}},{"type":"Feature","geometry":{"type":"Polygon","coordinates":[[[-97.71241,30.34786],[-97.7121,30.34749],[-97.71195,30.34775],[-97.71105,30.34712],[-97.70916,30.34639],[-97.70834,30.34753],[-97.70571,30.34639],[-97.70665,30.34503],[-97.70362,30.3428],[-97.70265,30.3435],[-97.70199,30.34269],[-97.70123,30.34358],[-97.69858,30.3422],[-97.70055,30.33957],[-97.69531,30.33707],[-97.69441,30.33799],[-97.69256,30.33852],[-97.69227,30.33752],[-97.69318,30.33604],[-97.68622,30.33284],[-97.68332,30.33734],[-97.68727,30.33926],[-97.686,30.34121],[-97.68483,30.34225],[-97.68298,30.34516],[-97.68256,30.34627],[-97.68082,30.34597],[-97.67983,30.34453],[-97.67969,30.3446],[-97.67982,30.34519],[-97.67959,30.34552],[-97.68013,30.34645],[-97.67804,30.34971],[-97.67853,30.3501],[-97.67778,30.35115],[-97.67773,30.3516],[-97.67735,30.35155],[-97.67583,30.35393],[-97.67443,30.35344],[-97.66862,30.36247],[-97.66879,30.36783],[-97.66651,30.37167],[-97.6655,30.37271],[-97.66126,30.37477],[-97.66019,30.37552],[-97.65871,30.37736],[-97.6597,30.37815],[-97.65941,30.37836],[-97.6587,30.37831],[-97.65874,30.37864],[-97.65829,30.37915],[-97.65701,30.37989],[-97.65599,30.37972],[-97.65497,30.38042],[-97.6546,30.38095],[-97.65269,30.38194],[-97.65125,30.38362],[-97.65028,30.38438],[-97.65,30.38531],[-97.64946,30.38519],[-97.64656,30.39118],[-97.64449,30.39463],[-97.63786,30.40444],[-97.63786,30.40473],[-97.6417,30.4065],[-97.64101,30.40687],[-97.64202,30.40799],[-97.6423,30.40889],[-97.64678,30.40956],[-97.64776,30.41048],[-97.64544,30.41417],[-97.64609,30.41424],[-97.64624,30.41333],[-97.64858,30.4096],[-97.64959,30.41046],[-97.65074,30.41218],[-97.65199,30.41296],[-97.64833,30.41877],[-97.64787,30.4184],[-97.64755,30.41874],[-97.64565,30.41929],[-97.64719,30.42038],[-97.64553,30.42313],[-97.64671,30.42371],[-97.64788,30.42474],[-97.64683,30.42631],[-97.6467,30.42854],[-97.64807,30.42858],[-97.64999,30.42928],[-97.65099,30.4277],[-97.65658,30.43041],[-97.6567,30.43021],[-97.65699,30.42937],[-97.65706,30.42575],[-97.65737,30.42438],[-97.65669,30.42341],[-97.65107,30.42028],[-97.65368,30.41674],[-97.65395,30.41626],[-97.65391,30.41511],[-97.65456,30.41436],[-97.65639,30.41653],[-97.65877,30.4184],[-97.66501,30.42145],[-97.66492,30.42496],[-97.66512,30.42295],[-97.66577,30.42182],[-97.66873,30.42334],[-97.66524,30.42885],[-97.66618,30.42948],[-97.67006,30.43019],[-97.67118,30.42431],[-97.67659,30.42686],[-97.67761,30.4258],[-97.67727,30.42559],[-97.67733,30.42434],[-97.67633,30.42396],[-97.67602,30.42303],[-97.67654,30.42266],[-97.67659,30.42238],[-97.67824,30.42151],[-97.67921,30.42019],[-97.67905,30.41982],[-97.67808,30.41943],[-97.67811,30.41876],[-97.67911,30.41768],[-97.67953,30.41663],[-97.67937,30.41588],[-97.68005,30.41514],[-97.68035,30.4144],[-97.68008,30.41331],[-97.68044,30.41273],[-97.68035,30.41146],[-97.68072,30.41069],[-97.68061,30.41038],[-97.68103,30.4101],[-97.68138,30.40902],[-97.67927,30.40812],[-97.67817,30.4079],[-97.67908,30.40282],[-97.6794,30.39915],[-97.68043,30.39939],[-97.68173,30.4009],[-97.68156,30.39973],[-97.68099,30.39946],[-97.6817,30.39803],[-97.68034,30.39772],[-97.68006,30.39744],[-97.6805,30.39625],[-97.68196,30.39641],[-97.68138,30.39554],[-97.68052,30.39512],[-97.68077,30.3945],[-97.68283,30.39299],[-97.68333,30.39238],[-97.68343,30.39165],[-97.68418,30.39135],[-97.6844,30.39079],[-97.68494,30.39041],[-97.6854,30.38898],[-97.68604,30.38816],[-97.68638,30.38725],[-97.68787,30.38574],[-97.68515,30.38456],[-97.68586,30.38316],[-97.68574,30.38304],[-97.68637,30.38193],[-97.6919,30.38432],[-97.69232,30.38355],[-97.69279,30.38378],[-97.69351,30.38238],[-97.68768,30.37954],[-97.69301,30.37017],[-97.69476,30.37107],[-97.69549,30.37073],[-97.69842,30.36599],[-97.69963,30.36655],[-97.69935,30.36586],[-97.69821,30.36534],[-97.69893,30.3641],[-97.69984,30.36453],[-97.69899,30.36401],[-97.69944,30.36345],[-97.69964,30.36266],[-97.70119,30.3619],[-97.70108,30.36104],[-97.70157,30.35951],[-97.70146,30.3584],[-97.70011,30.35765],[-97.70039,30.35727],[-97.70407,30.35452],[-97.70443,30.35496],[-97.70689,30.35611],[-97.70855,30.35507],[-97.70839,30.35477],[-97.70564,30.35335],[-97.71049,30.35006],[-97.71241,30.34786]]]},"properties":{"zip_code":"78753","county":"Travis"}},{"type":"Feature","geometry":{"type":"Polygon","coordinates":[[[-97.68645,30.34055],[-97.68727,30.33926],[-97.68332,30.33734],[-97.68605,30.33311],[-97.6855,30.33284],[-97.68015,30.33347],[-97.67998,30.33241],[-97.67943,30.3325],[-97.67863,30.33305],[-97.67819,30.3337],[-97.6782,30.33419],[-97.67725,30.33483],[-97.67707,30.3352],[-97.6769,30.33469],[-97.67741,30.3341],[-97.67583,30.33319],[-97.67829,30.32925],[-97.67879,30.32946],[-97.67889,30.32922],[-97.67596,30.32763],[-97.67323,30.32572],[-97.66956,30.32693],[-97.66428,30.32796],[-97.6443,30.3295],[-97.644,30.32954],[-97.64407,30.33042],[-97.62896,30.33148],[-97.62744,30.33383],[-97.62549,30.33293],[-97.62635,30.33163],[-97.62418,30.33176],[-97.6243,30.33115],[-97.62322,30.33093],[-97.62281,30.33236],[-97.61663,30.34185],[-97.61713,30.34083],[-97.61677,30.33875],[-97.61593,30.33763],[-97.61454,30.33657],[-97.61332,30.33608],[-97.61168,30.33601],[-97.61053,30.33569],[-97.60941,30.33457],[-97.60772,30.33502],[-97.60764,30.33474],[-97.60517,30.33537],[-97.59174,30.34041],[-97.59383,30.34424],[-97.59539,30.345],[-97.5948,30.34594],[-97.595,30.34781],[-97.59476,30.34959],[-97.59343,30.35265],[-97.59777,30.34616],[-97.60226,30.34837],[-97.59802,30.35496],[-97.60037,30.35624],[-97.5999,30.35669],[-97.60158,30.35873],[-97.60225,30.36035],[-97.60115,30.36069],[-97.59897,30.36059],[-97.59667,30.35976],[-97.59626,30.3599],[-97.59523,30.36098],[-97.59478,30.3611],[-97.59224,30.36012],[-97.59158,30.36014],[-97.59042,30.36071],[-97.58806,30.3593],[-97.58538,30.36337],[-97.58479,30.36466],[-97.58365,30.36977],[-97.58849,30.37059],[-97.59327,30.37287],[-97.59778,30.36593],[-97.60313,30.36848],[-97.60498,30.36565],[-97.60647,30.3668],[-97.60785,30.36747],[-97.61304,30.36859],[-97.61205,30.37212],[-97.60848,30.37801],[-97.60927,30.37838],[-97.61092,30.3758],[-97.61356,30.37702],[-97.61442,30.3757],[-97.61416,30.37472],[-97.61445,30.37429],[-97.61778,30.37583],[-97.62372,30.36818],[-97.62266,30.36804],[-97.62193,30.36683],[-97.62111,30.36626],[-97.62086,30.36566],[-97.62048,30.36579],[-97.62009,30.3655],[-97.6199,30.36521],[-97.62119,30.36501],[-97.61882,30.3627],[-97.61866,30.36204],[-97.62287,30.35544],[-97.61911,30.35367],[-97.62358,30.3468],[-97.63012,30.34984],[-97.63089,30.35046],[-97.6338,30.35124],[-97.63298,30.35133],[-97.63326,30.35179],[-97.63278,30.35271],[-97.63354,30.35334],[-97.63379,30.35436],[-97.63556,30.35584],[-97.63078,30.36015],[-97.6272,30.36953],[-97.62432,30.3736],[-97.6261,30.37452],[-97.6219,30.3806],[-97.62049,30.37967],[-97.62098,30.38017],[-97.62086,30.38053],[-97.62115,30.38087],[-97.62158,30.38058],[-97.62227,30.38129],[-97.62171,30.38282],[-97.62309,30.38313],[-97.62394,30.38301],[-97.62479,30.38337],[-97.62482,30.38439],[-97.62552,30.38464],[-97.62567,30.38495],[-97.6254,30.38525],[-97.62545,30.38577],[-97.62615,30.38597],[-97.62649,30.38564],[-97.62686,30.38624],[-97.62688,30.38682],[-97.62646,30.38659],[-97.6259,30.38689],[-97.62676,30.38743],[-97.62667,30.38766],[-97.62723,30.38778],[-97.6275,30.38838],[-97.62828,30.38914],[-97.62828,30.39026],[-97.6301,30.39065],[-97.63142,30.3919],[-97.63196,30.39278],[-97.63207,30.3937],[-97.63268,30.39509],[-97.63376,30.39652],[-97.63708,30.39841],[-97.63709,30.39886],[-97.63506,30.40203],[-97.6385,30.40375],[-97.64656,30.39118],[-97.64946,30.38519],[-97.65,30.38531],[-97.65028,30.38438],[-97.65125,30.38362],[-97.65269,30.38194],[-97.6546,30.38095],[-97.65497,30.38042],[-97.65599,30.37972],[-97.65701,30.37989],[-97.65829,30.37915],[-97.65874,30.37864],[-97.6587,30.37831],[-97.65941,30.37836],[-97.6597,30.37815],[-97.65871,30.37736],[-97.66019,30.37552],[-97.66126,30.37477],[-97.6655,30.37271],[-97.66651,30.37167],[-97.66879,30.36783],[-97.66862,30.36247],[-97.67443,30.35344],[-97.67583,30.35393],[-97.67735,30.35155],[-97.67773,30.3516],[-97.67778,30.35115],[-97.67853,30.3501],[-97.67804,30.34971],[-97.68013,30.34645],[-97.67959,30.34552],[-97.67982,30.34519],[-97.67969,30.3446],[-97.67983,30.34453],[-97.68082,30.34597],[-97.68256,30.34627],[-97.68298,30.34516],[-97.68483,30.34225],[-97.68645,30.34055]],[[-97.60989,30.34227],[-97.61061,30.34263],[-97.60586,30.35008],[-97.60231,30.34827],[-97.60714,30.34089],[-97.60989,30.34227]]]},"properties":{"zip_code":"78754","county":"Travis"}},{"type":"Feature","geometry":{"type":"Polygon","coordinates":[[[-97.74975,30.3345],[-97.74897,30.33293],[-97.74741,30.33186],[-97.74637,30.33064],[-97.74698,30.32955],[-97.74699,30.32748],[-97.74589,30.32553],[-97.7459,30.32311],[-97.74516,30.32119],[-97.74546,30.32045],[-97.74591,30.32006],[-97.74846,30.32089],[-97.74926,30.32086],[-97.74921,30.31776],[-97.74888,30.31712],[-97.74925,30.31567],[-97.74899,30.31352],[-97.74861,30.3126],[-97.74897,30.3109],[-97.74883,30.30891],[-97.748,30.30722],[-97.74638,30.30671],[-97.74311,30.3052],[-97.73663,30.31469],[-97.73547,30.31553],[-97.73218,30.3167],[-97.73146,30.31776],[-97.73113,30.31826],[-97.73354,30.31942],[-97.73187,30.32226],[-97.73118,30.32194],[-97.72981,30.32403],[-97.72885,30.32358],[-97.72843,30.32424],[-97.72898,30.32453],[-97.72819,30.32582],[-97.7272,30.32535],[-97.72698,30.32567],[-97.72662,30.3255],[-97.72633,30.32596],[-97.72712,30.32674],[-97.72787,30.32893],[-97.7295,30.32989],[-97.72878,30.33057],[-97.73112,30.33168],[-97.73135,30.33128],[-97.7343,30.33268],[-97.73465,30.33233],[-97.73676,30.33338],[-97.73658,30.33375],[-97.73871,30.33475],[-97.73892,30.33442],[-97.74051,30.33501],[-97.74164,30.33625],[-97.74191,30.3351],[-97.746,30.33579],[-97.74975,30.3345]]]},"properties":{"zip_code":"78756","county":"Travis"}},{"type":"Feature","geometry":{"type":"Polygon","coordinates":[[[-97.75516,30.33695],[-97.75528,30.33641],[-97.75501,30.33623],[-97.75237,30.33486],[-97.75088,30.33448],[-97.74918,30.33461],[-97.746,30.33579],[-97.74191,30.3351],[-97.74164,30.33625],[-97.74051,30.33501],[-97.73892,30.33442],[-97.73871,30.33475],[-97.73658,30.33375],[-97.73676,30.33338],[-97.73465,30.33233],[-97.7343,30.33268],[-97.73135,30.33128],[-97.73112,30.33168],[-97.72878,30.33057],[-97.7295,30.32989],[-97.72818,30.32924],[-97.7276,30.32853],[-97.72741,30.32889],[-97.72704,30.32871],[-97.72612,30.32988],[-97.72548,30.32963],[-97.72483,30.33067],[-97.72371,30.33012],[-97.71955,30.3367],[-97.7215,30.33765],[-97.72176,30.33907],[-97.72156,30.33952],[-97.7209,30.33975],[-97.72099,30.3403],[-97.72269,30.3409],[-97.72164,30.34267],[-97.72251,30.34711],[-97.72192,30.34719],[-97.72055,30.34082],[-97.71879,30.34109],[-97.71882,30.34091],[-97.71735,30.34016],[-97.71308,30.34684],[-97.71398,30.34801],[-97.71767,30.34991],[-97.71664,30.35028],[-97.71539,30.35216],[-97.71626,30.35261],[-97.71588,30.3533],[-97.71852,30.35464],[-97.71713,30.35666],[-97.71582,30.35694],[-97.71675,30.36041],[-97.71759,30.36035],[-97.71927,30.36129],[-97.71909,30.36202],[-97.71922,30.3628],[-97.71738,30.36323],[-97.71836,30.36741],[-97.71959,30.36964],[-97.72087,30.37073],[-97.73178,30.37593],[-97.73618,30.37868],[-97.74084,30.36745],[-97.74192,30.36793],[-97.74398,30.3613],[-97.74345,30.36119],[-97.74799,30.3516],[-97.74884,30.35172],[-97.74961,30.34874],[-97.7549,30.3379],[-97.75516,30.33695]]]},"properties":{"zip_code":"78757","county":"Travis"}},{"type":"Feature","geometry":{"type":"Polygon","coordinates":[[[-97.73618,30.37868],[-97.73178,30.37593],[-97.72087,30.37073],[-97.71936,30.36936],[-97.71836,30.36741],[-97.71738,30.36323],[-97.71922,30.3628],[-97.71909,30.36202],[-97.71927,30.36129],[-97.71759,30.36035],[-97.71675,30.36041],[-97.71582,30.35694],[-97.71713,30.35666],[-97.71852,30.35464],[-97.71588,30.3533],[-97.71626,30.35261],[-97.71539,30.35216],[-97.71664,30.35028],[-97.71767,30.34991],[-97.71398,30.34801],[-97.71308,30.34684],[-97.71049,30.35006],[-97.70564,30.35335],[-97.70839,30.35477],[-97.70855,30.35507],[-97.70689,30.35611],[-97.70443,30.35496],[-97.70407,30.35452],[-97.70011,30.35765],[-97.70145,30.35831],[-97.70157,30.35951],[-97.70108,30.36104],[-97.70119,30.3619],[-97.70025,30.3625],[-97.69975,30.36252],[-97.69899,30.36401],[-97.69991,30.36444],[-97.69893,30.3641],[-97.69828,30.36497],[-97.69823,30.36546],[-97.69931,30.36582],[-97.69963,30.36655],[-97.69842,30.36599],[-97.69549,30.37073],[-97.69476,30.37107],[-97.69301,30.37017],[-97.68768,30.37954],[-97.69351,30.38238],[-97.69279,30.38378],[-97.69232,30.38355],[-97.6919,30.38432],[-97.68637,30.38193],[-97.68515,30.38456],[-97.68787,30.38574],[-97.68638,30.38725],[-97.68604,30.38816],[-97.6854,30.38898],[-97.68494,30.39041],[-97.6844,30.39079],[-97.68418,30.39135],[-97.68343,30.39165],[-97.68333,30.39238],[-97.68283,30.39299],[-97.68084,30.39433],[-97.68052,30.39512],[-97.68138,30.39554],[-97.68196,30.39641],[-97.6805,30.39625],[-97.68006,30.39744],[-97.68034,30.39772],[-97.6817,30.39803],[-97.68099,30.39946],[-97.68156,30.39973],[-97.68173,30.4009],[-97.68043,30.39939],[-97.6794,30.39915],[-97.67908,30.40282],[-97.67817,30.4079],[-97.68142,30.40895],[-97.69325,30.4145],[-97.70156,30.41864],[-97.70519,30.42103],[-97.70821,30.4179],[-97.70841,30.41798],[-97.71004,30.41603],[-97.71045,30.41489],[-97.71094,30.41089],[-97.71308,30.40973],[-97.71609,30.40906],[-97.71565,30.40698],[-97.71569,30.40573],[-97.71866,30.40023],[-97.71997,30.40062],[-97.71883,30.40342],[-97.71891,30.40471],[-97.72113,30.40418],[-97.72157,30.4054],[-97.72308,30.40485],[-97.72384,30.40336],[-97.72463,30.40361],[-97.72515,30.40434],[-97.72805,30.40209],[-97.72785,30.3997],[-97.72868,30.39603],[-97.72967,30.39425],[-97.73618,30.37868]]]},"properties":{"zip_code":"78758","county":"Travis"}},{"type":"Feature","geometry":{"type":"Polygon","coordinates":[[[-97.80834,30.41048],[-97.81167,30.40499],[-97.7889,30.39408],[-97.78864,30.39445],[-97.78528,30.39627],[-97.78363,30.39657],[-97.78311,30.3965],[-97.78294,30.39623],[-97.78217,30.39622],[-97.78052,30.39525],[-97.7794,30.3949],[-97.77894,30.3946],[-97.77895,30.39415],[-97.77936,30.39403],[-97.77997,30.39432],[-97.7801,30.39396],[-97.78163,30.39329],[-97.78055,30.39276],[-97.78107,30.39192],[-97.78266,30.39273],[-97.78344,30.39144],[-97.7788,30.38924],[-97.7784,30.3897],[-97.77771,30.38942],[-97.77703,30.38953],[-97.7748,30.39029],[-97.77493,30.39039],[-97.77408,30.39081],[-97.77321,30.39071],[-97.7719,30.3899],[-97.77092,30.3885],[-97.77032,30.38648],[-97.77006,30.38458],[-97.77041,30.38382],[-97.77048,30.38269],[-97.76874,30.38243],[-97.76848,30.38203],[-97.76739,30.38165],[-97.767,30.38122],[-97.76701,30.37961],[-97.76768,30.37936],[-97.76676,30.37838],[-97.76702,30.37778],[-97.7666,30.37737],[-97.76665,30.37689],[-97.76722,30.37599],[-97.76813,30.37559],[-97.76827,30.37385],[-97.76909,30.37272],[-97.76877,30.37164],[-97.76821,30.37086],[-97.76732,30.37021],[-97.76604,30.36995],[-97.76557,30.37066],[-97.76171,30.36893],[-97.76056,30.37065],[-97.75982,30.3707],[-97.75784,30.37185],[-97.75726,30.37146],[-97.75819,30.36979],[-97.75654,30.36892],[-97.75682,30.36843],[-97.75842,30.36944],[-97.75873,30.36899],[-97.75703,30.36816],[-97.75741,30.3675],[-97.759,30.36863],[-97.75935,30.36816],[-97.75729,30.36686],[-97.75687,30.36705],[-97.75565,30.36663],[-97.75597,30.36607],[-97.75527,30.36574],[-97.75412,30.36786],[-97.75313,30.36696],[-97.75057,30.36537],[-97.74945,30.36382],[-97.74691,30.36183],[-97.74581,30.3614],[-97.74398,30.3613],[-97.74192,30.36793],[-97.74084,30.36745],[-97.72967,30.39425],[-97.72868,30.39603],[-97.72785,30.3997],[-97.72805,30.40209],[-97.72515,30.40434],[-97.72463,30.40361],[-97.72384,30.40336],[-97.72308,30.40485],[-97.72157,30.4054],[-97.72113,30.40418],[-97.71891,30.40471],[-97.71883,30.40342],[-97.71997,30.40062],[-97.71866,30.40023],[-97.71569,30.40573],[-97.71565,30.40698],[-97.71609,30.40906],[-97.71308,30.40973],[-97.71094,30.41089],[-97.71032,30.41541],[-97.70978,30.41644],[-97.70841,30.41798],[-97.71569,30.42153],[-97.72204,30.41163],[-97.72346,30.41184],[-97.72626,30.41173],[-97.72686,30.41244],[-97.72849,30.4134],[-97.72871,30.41487],[-97.72922,30.4152],[-97.72939,30.41614],[-97.72955,30.41615],[-97.72952,30.41562],[-97.72997,30.41544],[-97.72987,30.41513],[-97.73057,30.41412],[-97.73026,30.41376],[-97.73034,30.4132],[-97.73086,30.41351],[-97.73158,30.4125],[-97.7384,30.41577],[-97.73862,30.41536],[-97.74108,30.41654],[-97.74168,30.41567],[-97.74297,30.41628],[-97.74212,30.41755],[-97.74544,30.41911],[-97.7467,30.41907],[-97.74721,30.42157],[-97.74767,30.42262],[-97.74843,30.42356],[-97.74975,30.42461],[-97.75361,30.42651],[-97.75234,30.4284],[-97.75115,30.42907],[-97.75141,30.4295],[-97.75212,30.42898],[-97.75322,30.42949],[-97.75476,30.42967],[-97.7581,30.43099],[-97.75804,30.43291],[-97.76606,30.43241],[-97.76973,30.4342],[-97.77013,30.43408],[-97.77552,30.43682],[-97.77635,30.4356],[-97.77833,30.43491],[-97.77809,30.4345],[-97.77922,30.43419],[-97.7784,30.43241],[-97.77829,30.43163],[-97.77931,30.43134],[-97.78182,30.42982],[-97.78327,30.42815],[-97.78471,30.42709],[-97.78515,30.42598],[-97.78496,30.42405],[-97.78544,30.42328],[-97.78606,30.42284],[-97.78818,30.42246],[-97.79087,30.42325],[-97.7931,30.42278],[-97.79455,30.42184],[-97.79381,30.42099],[-97.79379,30.42007],[-97.79656,30.41961],[-97.79879,30.41858],[-97.80005,30.41844],[-97.80205,30.41774],[-97.80345,30.41781],[-97.80575,30.41877],[-97.80648,30.41767],[-97.80405,30.41712],[-97.80834,30.41048]]]},"properties":{"zip_code":"78759","county":"Travis"}},{"type":"Feature","geometry":{"type":"Polygon","coordinates":[[[-97.26117,29.78769],[-97.26021,29.78571],[-97.25972,29.78373],[-97.25887,29.78396],[-97.25856,29.78461],[-97.24724,29.78472],[-97.24525,29.78433],[-97.24337,29.78298],[-97.23643,29.78153],[-97.23601,29.78183],[-97.23603,29.78438],[-97.23537,29.78566],[-97.22563,29.78585],[-97.22538,29.78061],[-97.25474,29.77717],[-97.25455,29.76719],[-97.2552,29.75943],[-97.25515,29.75482],[-97.25562,29.75334],[-97.25554,29.75057],[-97.24341,29.7505],[-97.24416,29.75231],[-97.24271,29.76069],[-97.24042,29.76049],[-97.23776,29.75944],[-97.23649,29.75847],[-97.233,29.75937],[-97.23058,29.75969],[-97.23066,29.75641],[-97.23128,29.75541],[-97.23199,29.75484],[-97.2313,29.75445],[-97.22714,29.75438],[-97.22538,29.75357],[-97.21871,29.74669],[-97.21626,29.74243],[-97.21443,29.74128],[-97.21181,29.74069],[-97.2117,29.73615],[-97.21018,29.7359],[-97.2101,29.73377],[-97.2093,29.69686],[-97.21052,29.69682],[-97.21038,29.68292],[-97.19147,29.6803],[-97.19123,29.6798],[-97.19095,29.66417],[-97.19169,29.6574],[-97.19176,29.65255],[-97.20613,29.65232],[-97.2186,29.6328],[-97.222,29.63422],[-97.22264,29.63415],[-97.22374,29.63502],[-97.231,29.63863],[-97.23148,29.63701],[-97.23232,29.63619],[-97.23262,29.63527],[-97.23533,29.63255],[-97.23585,29.63153],[-97.23553,29.62963],[-97.2367,29.62892],[-97.23659,29.62778],[-97.23902,29.62564],[-97.23951,29.62429],[-97.23908,29.62329],[-97.23936,29.62205],[-97.23836,29.62141],[-97.23783,29.6202],[-97.23798,29.61915],[-97.23738,29.61867],[-97.23742,29.61741],[-97.23862,29.61554],[-97.23838,29.61428],[-97.2388,29.61384],[-97.23884,29.61344],[-97.24317,29.61568],[-97.24292,29.6065],[-97.24317,29.60617],[-97.24238,29.60469],[-97.24205,29.59603],[-97.22912,29.5961],[-97.22922,29.61359],[-97.20803,29.61376],[-97.20235,29.60965],[-97.19451,29.60513],[-97.19187,29.60287],[-97.18432,29.59741],[-97.18332,29.59646],[-97.17768,29.58875],[-97.17675,29.58784],[-97.17521,29.5896],[-97.17389,29.59055],[-97.17218,29.59121],[-97.16992,29.59156],[-97.16944,29.5951],[-97.16712,29.60168],[-97.1669,29.60393],[-97.16665,29.60416],[-97.16582,29.60417],[-97.16576,29.60671],[-97.16472,29.60878],[-97.16716,29.60896],[-97.16721,29.60944],[-97.1484,29.62414],[-97.14264,29.6281],[-97.04938,29.62955],[-97.04921,29.63016],[-97.04894,29.63005],[-97.04068,29.63151],[-97.03983,29.63274],[-97.03694,29.63508],[-97.03552,29.63479],[-97.03179,29.63499],[-97.03215,29.65054],[-97.03537,29.65089],[-97.03598,29.65437],[-97.03946,29.65411],[-97.03984,29.67244],[-97.04631,29.67266],[-97.04636,29.67973],[-97.04847,29.67977],[-97.04845,29.7004],[-97.05211,29.7005],[-97.05225,29.70895],[-97.05288,29.71045],[-97.05298,29.72002],[-97.04863,29.72011],[-97.04909,29.73501],[-97.05457,29.73483],[-97.05465,29.74614],[-97.06065,29.74219],[-97.0615,29.74117],[-97.0619,29.74012],[-97.0667,29.74007],[-97.06527,29.74541],[-97.0569,29.77034],[-97.07266,29.77002],[-97.08481,29.76941],[-97.10173,29.76943],[-97.0994,29.77404],[-97.09896,29.78175],[-97.09863,29.78343],[-97.09472,29.79054],[-97.09497,29.79066],[-97.09523,29.79021],[-97.09775,29.79046],[-97.09838,29.79066],[-97.09967,29.79164],[-97.10373,29.79175],[-97.13194,29.79132],[-97.1327,29.79338],[-97.13411,29.79574],[-97.1355,29.79703],[-97.13607,29.79923],[-97.13848,29.80342],[-97.13885,29.80524],[-97.13889,29.80851],[-97.13958,29.81151],[-97.13898,29.81859],[-97.13769,29.82215],[-97.1369,29.834],[-97.13621,29.83558],[-97.14209,29.83549],[-97.14183,29.83398],[-97.14191,29.83143],[-97.14363,29.82985],[-97.14454,29.82979],[-97.14556,29.82981],[-97.14563,29.83013],[-97.14666,29.83005],[-97.14762,29.83134],[-97.14788,29.8328],[-97.14772,29.83369],[-97.14785,29.83541],[-97.15167,29.83536],[-97.15408,29.83565],[-97.15337,29.86233],[-97.15432,29.86212],[-97.15456,29.86238],[-97.16536,29.86529],[-97.16546,29.88295],[-97.17446,29.88289],[-97.17462,29.89599],[-97.19422,29.89571],[-97.1946,29.92013],[-97.19387,29.92217],[-97.18796,29.92993],[-97.18455,29.93712],[-97.18515,29.93772],[-97.1856,29.93777],[-97.18651,29.93847],[-97.18806,29.93838],[-97.1882,29.93898],[-97.18857,29.93903],[-97.18959,29.9391],[-97.19052,29.93877],[-97.19136,29.93932],[-97.19172,29.94012],[-97.21995,29.93968],[-97.21998,29.93491],[-97.21955,29.93263],[-97.22123,29.92359],[-97.22183,29.9217],[-97.22137,29.90243],[-97.22164,29.90228],[-97.2335,29.90228],[-97.23408,29.90203],[-97.23437,29.90159],[-97.23433,29.89904],[-97.23453,29.89885],[-97.24089,29.89869],[-97.24037,29.88213],[-97.24011,29.88189],[-97.23788,29.88182],[-97.2377,29.87321],[-97.23787,29.87173],[-97.23841,29.87121],[-97.24632,29.86852],[-97.24369,29.86516],[-97.24318,29.86341],[-97.239,29.85623],[-97.25839,29.83855],[-97.25403,29.83875],[-97.25312,29.84061],[-97.2504,29.84078],[-97.25027,29.84272],[-97.23729,29.84301],[-97.23707,29.83529],[-97.23207,29.8352],[-97.2272,29.82212],[-97.22658,29.82106],[-97.22614,29.80194],[-97.22684,29.80264],[-97.24227,29.80259],[-97.25994,29.80217],[-97.25957,29.79881],[-97.2593,29.79195],[-97.26032,29.79138],[-97.26061,29.78928],[-97.26117,29.78769]]]},"properties":{"zip_code":"78941","county":"Bastrop"}},{"type":"Feature","geometry":{"type":"MultiPolygon","coordinates":[[[[-97.06357,30.07664],[-97.0638,30.07619],[-97.06168,30.07614],[-97.06134,30.07582],[-97.0603,30.04205],[-97.0343,30.04239],[-97.02446,30.05144],[-97.01916,30.032],[-97.01111,30.03617],[-96.98714,30.04779],[-96.98438,30.04884],[-96.98319,30.0496],[-96.97093,30.06363],[-96.96897,30.06232],[-96.96661,30.05868],[-96.96631,30.05786],[-96.93491,30.07314],[-96.93427,30.07252],[-96.93235,30.06754],[-96.93103,30.06557],[-96.93136,30.06517],[-96.9369,30.06245],[-96.93776,30.06189],[-96.93826,30.06093],[-96.93892,30.06033],[-96.94081,30.0596],[-96.94126,30.05918],[-96.94149,30.05836],[-96.94125,30.05765],[-96.93964,30.05615],[-96.93911,30.05526],[-96.93879,30.05255],[-96.93919,30.05272],[-96.94094,30.05251],[-96.94756,30.05303],[-96.94978,30.05088],[-96.95345,30.04956],[-96.95401,30.04955],[-96.9561,30.05064],[-96.95582,30.04967],[-96.95411,30.04766],[-96.95349,30.04587],[-96.95024,30.04448],[-96.94986,30.04525],[-96.93546,30.03891],[-96.92512,30.04206],[-96.91928,30.04052],[-96.91525,30.04152],[-96.91466,30.04325],[-96.91397,30.04347],[-96.91423,30.05143],[-96.89915,30.05434],[-96.8853,30.058],[-96.88298,30.05888],[-96.88216,30.05894],[-96.86245,30.06503],[-96.86688,30.07272],[-96.86416,30.07456],[-96.86514,30.07587],[-96.86437,30.077],[-96.86729,30.0795],[-96.84763,30.09845],[-96.8446,30.09853],[-96.83911,30.09431],[-96.83656,30.09672],[-96.83602,30.09682],[-96.83502,30.09633],[-96.83433,30.0965],[-96.82604,30.10442],[-96.82437,30.11305],[-96.82451,30.11382],[-96.82604,30.11512],[-96.82606,30.11543],[-96.8247,30.11676],[-96.81908,30.12502],[-96.82657,30.13167],[-96.81816,30.13926],[-96.81863,30.1397],[-96.81052,30.14672],[-96.81114,30.14791],[-96.81218,30.14849],[-96.81254,30.14931],[-96.81228,30.15099],[-96.81238,30.1522],[-96.81146,30.1533],[-96.81141,30.15506],[-96.81241,30.15651],[-96.81415,30.15788],[-96.81307,30.15847],[-96.81263,30.15908],[-96.82131,30.16248],[-96.82532,30.16338],[-96.82346,30.16564],[-96.81767,30.17083],[-96.81917,30.17225],[-96.81858,30.18261],[-96.83019,30.19539],[-96.84606,30.21919],[-96.85776,30.22857],[-96.85839,30.22853],[-96.85889,30.22894],[-96.85944,30.22897],[-96.85998,30.2286],[-96.86025,30.22898],[-96.86045,30.23055],[-96.86237,30.23294],[-96.86243,30.23337],[-96.8631,30.23343],[-96.86359,30.2344],[-96.86424,30.23487],[-96.8643,30.23532],[-96.85859,30.23496],[-96.84858,30.23554],[-96.84555,30.23647],[-96.8415,30.23503],[-96.83434,30.24151],[-96.83226,30.24295],[-96.82901,30.2423],[-96.82318,30.24214],[-96.82,30.2422],[-96.81598,30.24277],[-96.81916,30.24539],[-96.81801,30.24683],[-96.82167,30.24998],[-96.81684,30.25454],[-96.82745,30.26342],[-96.81931,30.26866],[-96.81898,30.26835],[-96.82059,30.26683],[-96.80759,30.25554],[-96.80917,30.25424],[-96.80835,30.25303],[-96.8089,30.25053],[-96.80424,30.24973],[-96.79509,30.25723],[-96.80226,30.26388],[-96.78975,30.27509],[-96.78626,30.27842],[-96.78625,30.27873],[-96.79153,30.28323],[-96.79295,30.28379],[-96.79341,30.28475],[-96.7941,30.28534],[-96.79614,30.28624],[-96.79836,30.28778],[-96.80012,30.28948],[-96.80211,30.29097],[-96.80323,30.29137],[-96.80591,30.29035],[-96.8074,30.29038],[-96.81446,30.29623],[-96.8153,30.29642],[-96.81614,30.29759],[-96.81763,30.2985],[-96.81797,30.29918],[-96.81909,30.30005],[-96.81617,30.3031],[-96.81964,30.30611],[-96.81804,30.30782],[-96.81741,30.30884],[-96.81739,30.30933],[-96.81826,30.30987],[-96.81945,30.30948],[-96.81955,30.31035],[-96.82076,30.31056],[-96.82253,30.31013],[-96.82283,30.30976],[-96.82174,30.30884],[-96.82216,30.30857],[-96.82341,30.30887],[-96.82254,30.30767],[-96.82254,30.30729],[-96.82299,30.30726],[-96.82555,30.3091],[-96.82742,30.30914],[-96.82795,30.30871],[-96.82842,30.30869],[-96.82935,30.30898],[-96.83056,30.30988],[-96.83188,30.30979],[-96.83236,30.31011],[-96.8327,30.31098],[-96.83402,30.31215],[-96.83613,30.31231],[-96.83642,30.31251],[-96.83608,30.31318],[-96.83629,30.31348],[-96.83991,30.31398],[-96.8431,30.31265],[-96.84458,30.31281],[-96.84508,30.31332],[-96.84529,30.31396],[-96.84645,30.31396],[-96.84606,30.31474],[-96.84717,30.31559],[-96.84751,30.3166],[-96.84857,30.31724],[-96.84851,30.31783],[-96.84917,30.31902],[-96.84891,30.31962],[-96.8497,30.32015],[-96.84981,30.32067],[-96.8497,30.32095],[-96.84901,30.32129],[-96.84954,30.32271],[-96.8497,30.32427],[-96.85055,30.32503],[-96.85025,30.32592],[-96.85147,30.32526],[-96.85129,30.32335],[-96.8515,30.32322],[-96.8529,30.32384],[-96.85514,30.32439],[-96.85517,30.32498],[-96.85709,30.3253],[-96.85736,30.32604],[-96.8582,30.32691],[-96.8586,30.32681],[-96.85928,30.32611],[-96.85992,30.32677],[-96.86071,30.32695],[-96.8609,30.32686],[-96.86092,30.32535],[-96.8615,30.32542],[-96.86214,30.32611],[-96.86414,30.32533],[-96.86568,30.32563],[-96.86515,30.3248],[-96.86562,30.32466],[-96.86554,30.32361],[-96.86602,30.32315],[-96.86639,30.32315],[-96.86713,30.32402],[-96.86747,30.32404],[-96.86782,30.32354],[-96.86874,30.32306],[-96.86974,30.32393],[-96.86974,30.32443],[-96.87043,30.32457],[-96.87064,30.32524],[-96.87114,30.32528],[-96.87154,30.32475],[-96.87149,30.32434],[-96.87117,30.32411],[-96.87141,30.3237],[-96.87281,30.32368],[-96.8736,30.32427],[-96.8745,30.32347],[-96.87487,30.32272],[-96.87526,30.3226],[-96.87613,30.32285],[-96.87658,30.32258],[-96.87719,30.32334],[-96.8792,30.3232],[-96.88018,30.32251],[-96.88194,30.32198],[-96.88242,30.32146],[-96.88308,30.32132],[-96.88369,30.32079],[-96.88511,30.32043],[-96.88543,30.32024],[-96.88548,30.31978],[-96.88781,30.31944],[-96.8886,30.31846],[-96.88926,30.31811],[-96.88971,30.31729],[-96.89179,30.31637],[-96.89203,30.31589],[-96.89156,30.31417],[-96.89084,30.31424],[-96.89066,30.31387],[-96.89111,30.31312],[-96.89126,30.31193],[-96.89034,30.31174],[-96.89031,30.31137],[-96.89097,30.31023],[-96.89251,30.30892],[-96.89441,30.30833],[-96.89472,30.30746],[-96.8953,30.30698],[-96.89615,30.30668],[-96.89742,30.30691],[-96.89874,30.30521],[-96.89868,30.30393],[-96.89924,30.30319],[-96.89932,30.30269],[-96.8985,30.30168],[-96.89842,30.30001],[-96.8977,30.29891],[-96.89781,30.29855],[-96.90043,30.29761],[-96.90098,30.29607],[-96.90135,30.2957],[-96.90269,30.29495],[-96.9038,30.29476],[-96.90446,30.29387],[-96.90643,30.29219],[-96.90561,30.2915],[-96.90489,30.28791],[-96.90348,30.2858],[-96.90245,30.28579],[-96.89872,30.28273],[-96.89717,30.28256],[-96.89016,30.27669],[-96.89065,30.27586],[-96.89097,30.27399],[-96.89241,30.27261],[-96.89242,30.27163],[-96.88651,30.2664],[-96.88658,30.26598],[-96.89006,30.26109],[-96.89034,30.26104],[-96.89005,30.26083],[-96.89871,30.2487],[-96.90917,30.25753],[-96.91034,30.25686],[-96.91401,30.25739],[-96.91556,30.25767],[-96.91802,30.25866],[-96.92036,30.25929],[-96.92167,30.25264],[-96.92398,30.25302],[-96.92421,30.25322],[-96.92394,30.25492],[-96.92597,30.25519],[-96.92541,30.25823],[-96.93151,30.25906],[-96.93041,30.26438],[-96.93558,30.26524],[-96.9355,30.26341],[-96.94218,30.26359],[-96.94359,30.26903],[-96.95062,30.26953],[-96.97011,30.27235],[-96.97322,30.27148],[-96.97648,30.27138],[-96.97874,30.2707],[-96.98159,30.2705],[-96.98972,30.26919],[-97.00085,30.26827],[-97.00673,30.26895],[-97.01063,30.27],[-97.01144,30.26292],[-96.99036,30.2455],[-96.99257,30.24252],[-96.99217,30.23365],[-97.01643,30.22937],[-97.02074,30.2327],[-97.02492,30.23176],[-97.02171,30.22681],[-97.02074,30.2259],[-97.01949,30.22518],[-97.02356,30.21549],[-97.02563,30.21548],[-97.02788,30.2127],[-97.02847,30.21079],[-97.02674,30.21004],[-97.01813,30.20871],[-97.01907,30.20289],[-97.01864,30.19935],[-97.01502,30.19871],[-97.01586,30.19324],[-97.0075,30.19204],[-97.00836,30.18516],[-97.01136,30.18403],[-97.01978,30.18306],[-97.02805,30.18286],[-97.03193,30.18354],[-97.03208,30.18289],[-97.03357,30.18318],[-97.03375,30.18268],[-97.035,30.18195],[-97.03819,30.17899],[-97.03864,30.17839],[-97.03881,30.17763],[-97.03932,30.17726],[-97.04095,30.17695],[-97.04197,30.17753],[-97.04471,30.17647],[-97.04478,30.17598],[-97.04416,30.17428],[-97.04443,30.17357],[-97.04402,30.17223],[-97.05162,30.17094],[-97.04959,30.16231],[-97.04884,30.16235],[-97.04768,30.16049],[-97.05419,30.1598],[-97.04821,30.13795],[-97.0549,30.13783],[-97.05904,30.1381],[-97.06321,30.13802],[-97.06138,30.07936],[-97.06155,30.07888],[-97.06315,30.07734],[-97.06357,30.07664]]],[[[-97.03301,30.28322],[-97.03108,30.2785],[-97.03166,30.27764],[-97.03132,30.27742],[-97.02517,30.27525],[-97.02139,30.2742],[-97.01784,30.27228],[-97.01418,30.27144],[-97.01063,30.27],[-97.00961,30.27375],[-97.00836,30.2807],[-97.00606,30.28047],[-97.00539,30.28122],[-97.00261,30.28158],[-97.00149,30.28116],[-97.00008,30.28115],[-96.99868,30.28203],[-96.99812,30.2828],[-96.99644,30.28289],[-96.99565,30.28251],[-96.99362,30.28341],[-96.9921,30.28325],[-96.99024,30.28497],[-96.98799,30.28633],[-96.98667,30.2886],[-96.98428,30.29134],[-96.98312,30.29207],[-96.98296,30.29253],[-96.9833,30.29308],[-96.98477,30.29417],[-96.98452,30.29554],[-96.98581,30.29548],[-96.98686,30.29488],[-96.98763,30.29511],[-96.9884,30.29726],[-96.99164,30.29655],[-96.99341,30.29689],[-96.99428,30.29682],[-96.99484,30.29572],[-96.9941,30.29515],[-96.99428,30.29469],[-96.99758,30.29398],[-96.99842,30.29416],[-96.99898,30.29528],[-96.99964,30.29799],[-97.00026,30.29876],[-97.00026,30.29955],[-97.00096,30.29996],[-97.00165,30.29992],[-97.00424,30.29816],[-97.0049,30.29619],[-97.00556,30.29587],[-97.0068,30.29036],[-97.02206,30.28578],[-97.02247,30.28583],[-97.02349,30.28542],[-97.02352,30.28508],[-97.02774,30.28352],[-97.02843,30.28483],[-97.03301,30.28322]]]]},"properties":{"zip_code":"78942","county":"Bastrop"}},{"type":"Feature","geometry":{"type":"Polygon","coordinates":[[[-97.06911,30.04274],[-97.06875,30.04106],[-97.06707,30.03647],[-97.06717,30.03335],[-97.06804,30.03134],[-97.06797,30.02937],[-97.0681,30.02889],[-97.06854,30.02857],[-97.06853,30.02821],[-97.06542,30.02477],[-97.0643,30.02479],[-97.06339,30.0253],[-97.06219,30.02454],[-97.06062,30.02294],[-97.06031,30.02226],[-97.06151,30.02151],[-97.06226,30.0207],[-97.06248,30.01915],[-97.06221,30.01886],[-97.06282,30.01741],[-97.06261,30.01712],[-97.05771,30.01555],[-97.05724,30.01518],[-97.05687,30.01463],[-97.05666,30.01356],[-97.0574,30.01152],[-97.05724,30.0101],[-97.05635,30.00781],[-97.05595,30.00739],[-97.05538,30.00714],[-97.05469,30.00723],[-97.05414,30.00778],[-97.05314,30.00962],[-97.05224,30.00994],[-97.05158,30.00959],[-97.05129,30.00895],[-97.0518,30.0062],[-97.05151,30.00455],[-97.05206,30.00359],[-97.05209,30.00205],[-97.05135,30.00143],[-97.04859,30.00047],[-97.04825,29.99981],[-97.04731,29.99938],[-97.04717,29.99871],[-97.04797,29.99697],[-97.04947,29.99535],[-97.05076,29.99457],[-97.05086,29.9937],[-97.05179,29.99409],[-97.05218,29.99473],[-97.05331,29.99551],[-97.05947,29.99599],[-97.06,29.9956],[-97.05989,29.99506],[-97.05908,29.99418],[-97.05634,29.99228],[-97.05545,29.99187],[-97.05326,29.99148],[-97.05113,29.98948],[-97.05095,29.98767],[-97.05058,29.98696],[-97.0509,29.98579],[-97.0515,29.9857],[-97.0535,29.98639],[-97.05456,29.98593],[-97.05487,29.98541],[-97.05493,29.98481],[-97.05466,29.98442],[-97.0534,29.98398],[-97.05322,29.98357],[-97.05259,29.98002],[-97.05159,29.97864],[-97.05104,29.97839],[-97.05048,29.97846],[-97.05009,29.97947],[-97.0503,29.98096],[-97.04956,29.98311],[-97.04914,29.98352],[-97.04782,29.98414],[-97.047,29.98423],[-97.04637,29.9854],[-97.04589,29.98561],[-97.04449,29.98616],[-97.04243,29.98629],[-97.04081,29.98529],[-97.03624,29.98418],[-97.03453,29.98416],[-97.03464,29.98375],[-97.03131,29.98278],[-97.0284,29.98107],[-97.02492,29.97824],[-97.02036,29.97565],[-97.01987,29.975],[-97.01963,29.97413],[-97.0197,29.97303],[-97.02006,29.97237],[-97.02163,29.97177],[-97.02214,29.97112],[-97.02243,29.97063],[-97.02256,29.96852],[-97.02448,29.96574],[-97.02663,29.96443],[-97.02716,29.96377],[-97.02757,29.96285],[-97.02749,29.96188],[-97.02693,29.96114],[-97.0243,29.95956],[-97.02206,29.95949],[-97.01987,29.96059],[-97.01376,29.95956],[-97.01137,29.95873],[-97.00921,29.95929],[-97.00716,29.96109],[-97.00628,29.96252],[-97.00464,29.96687],[-97.00377,29.96779],[-97.00018,29.97003],[-96.99685,29.97091],[-96.99685,29.97033],[-96.99485,29.97039],[-96.99288,29.96996],[-96.99201,29.96881],[-96.99058,29.9682],[-96.98883,29.96846],[-96.98719,29.96925],[-96.98496,29.97198],[-96.98441,29.97411],[-96.98423,29.97801],[-96.98333,29.98085],[-96.98273,29.98145],[-96.98068,29.98243],[-96.9756,29.98329],[-96.97309,29.98329],[-96.96942,29.98419],[-96.96801,29.98413],[-96.96692,29.98301],[-96.96654,29.98217],[-96.96636,29.98059],[-96.9668,29.97804],[-96.96827,29.97545],[-96.96825,29.97355],[-96.9688,29.97138],[-96.97125,29.96453],[-96.971,29.96266],[-96.97026,29.96184],[-96.96929,29.96143],[-96.96787,29.96132],[-96.96271,29.96347],[-96.95848,29.96398],[-96.95631,29.96451],[-96.95594,29.96247],[-96.95511,29.9515],[-96.95489,29.94029],[-96.94887,29.93631],[-96.95091,29.93454],[-96.96824,29.93716],[-96.96889,29.93654],[-96.96816,29.93601],[-96.96849,29.93556],[-96.97537,29.92913],[-96.9756,29.92845],[-96.97553,29.92149],[-96.98269,29.91493],[-96.98414,29.9138],[-96.98415,29.9146],[-96.98444,29.91482],[-96.99168,29.9147],[-96.99581,29.91487],[-96.99543,29.90139],[-96.99556,29.90045],[-96.99583,29.90028],[-96.99789,29.89396],[-96.99785,29.88645],[-96.99804,29.88605],[-96.99835,29.87409],[-96.99921,29.87428],[-97.00026,29.87389],[-97.00075,29.87341],[-97.00149,29.87325],[-97.0018,29.87238],[-97.00262,29.87167],[-97.00336,29.87137],[-97.00346,29.87098],[-97.00289,29.87014],[-97.00199,29.86965],[-97.00197,29.8694],[-97.00265,29.86881],[-97.00436,29.86883],[-97.00478,29.86778],[-97.00433,29.86739],[-97.00352,29.86762],[-97.00273,29.86668],[-97.00273,29.8662],[-97.00331,29.86551],[-97.00528,29.86448],[-97.00531,29.8498],[-97.00464,29.8498],[-97.00472,29.84274],[-97.0033,29.83777],[-97.00257,29.8376],[-97.00166,29.83674],[-97.00028,29.83503],[-97.00007,29.83445],[-96.99722,29.83338],[-96.99659,29.83269],[-96.99724,29.83152],[-96.99702,29.83012],[-96.99687,29.82274],[-96.99596,29.82239],[-96.99624,29.82126],[-96.99808,29.82109],[-96.99828,29.82077],[-96.99811,29.80723],[-96.99785,29.80705],[-96.99171,29.80713],[-96.99112,29.80694],[-96.9988,29.80183],[-96.99864,29.79023],[-96.99842,29.79004],[-96.99078,29.79004],[-96.99055,29.78023],[-96.98955,29.77929],[-96.98937,29.77728],[-96.96679,29.77689],[-96.96654,29.77671],[-96.96667,29.77978],[-96.96266,29.77999],[-96.96281,29.7876],[-96.95629,29.7877],[-96.95276,29.7867],[-96.95211,29.78912],[-96.95227,29.79715],[-96.94715,29.79725],[-96.94575,29.7991],[-96.93929,29.79916],[-96.93809,29.79952],[-96.9367,29.79921],[-96.93107,29.79928],[-96.93088,29.80515],[-96.91701,29.80549],[-96.91696,29.80386],[-96.91651,29.80372],[-96.91634,29.80075],[-96.91015,29.80062],[-96.90998,29.79148],[-96.88834,29.79484],[-96.88828,29.79395],[-96.88668,29.79432],[-96.86371,29.79486],[-96.86244,29.79456],[-96.8615,29.79388],[-96.86099,29.793],[-96.86065,29.79081],[-96.85893,29.78913],[-96.84508,29.78939],[-96.84323,29.78916],[-96.84145,29.78841],[-96.84042,29.78894],[-96.82157,29.78952],[-96.82032,29.79015],[-96.81949,29.79118],[-96.81935,29.7933],[-96.81883,29.79453],[-96.81798,29.79526],[-96.81681,29.79565],[-96.79668,29.79607],[-96.79651,29.78856],[-96.79618,29.78651],[-96.79609,29.7837],[-96.79568,29.78167],[-96.79496,29.77996],[-96.79309,29.77751],[-96.78301,29.76897],[-96.78156,29.76707],[-96.76875,29.7673],[-96.769,29.77586],[-96.74125,29.78787],[-96.73828,29.78753],[-96.72886,29.79185],[-96.72841,29.79132],[-96.72824,29.7928],[-96.72798,29.79217],[-96.72797,29.79109],[-96.72596,29.78818],[-96.72757,29.79091],[-96.72745,29.7923],[-96.72856,29.79487],[-96.7304,29.79766],[-96.73082,29.79873],[-96.73327,29.7996],[-96.73516,29.80127],[-96.73698,29.8045],[-96.74016,29.80833],[-96.74047,29.80897],[-96.7404,29.81197],[-96.73985,29.81363],[-96.73985,29.81467],[-96.74032,29.81545],[-96.74124,29.81608],[-96.74275,29.81646],[-96.74354,29.81638],[-96.74664,29.81532],[-96.75088,29.80854],[-96.75216,29.80695],[-96.75361,29.8061],[-96.75692,29.80494],[-96.75905,29.80574],[-96.7595,29.80633],[-96.76093,29.80942],[-96.76117,29.81136],[-96.76072,29.81203],[-96.75939,29.8129],[-96.75922,29.81428],[-96.75944,29.81532],[-96.76048,29.81678],[-96.76071,29.82155],[-96.76026,29.82247],[-96.75855,29.82435],[-96.75734,29.82682],[-96.75731,29.82895],[-96.75775,29.83071],[-96.75791,29.83126],[-96.75872,29.83223],[-96.7598,29.83289],[-96.763,29.83335],[-96.76871,29.83198],[-96.77063,29.83208],[-96.77641,29.83174],[-96.77728,29.83183],[-96.77904,29.83256],[-96.78287,29.83334],[-96.7792,29.83698],[-96.74637,29.8669],[-96.75058,29.87066],[-96.75016,29.87105],[-96.74881,29.87146],[-96.75251,29.87567],[-96.73112,29.89539],[-96.74566,29.88649],[-96.74938,29.88676],[-96.74976,29.88733],[-96.74968,29.88869],[-96.74945,29.88898],[-96.74889,29.88901],[-96.74684,29.88793],[-96.74619,29.8883],[-96.74595,29.88878],[-96.74646,29.89177],[-96.74568,29.89199],[-96.74528,29.89124],[-96.74479,29.89092],[-96.74362,29.8912],[-96.74346,29.89245],[-96.74422,29.89378],[-96.74425,29.89494],[-96.74343,29.89593],[-96.74191,29.89659],[-96.74125,29.89738],[-96.74147,29.89889],[-96.74307,29.90191],[-96.74307,29.90326],[-96.74252,29.90361],[-96.74023,29.90202],[-96.73948,29.90182],[-96.73893,29.90197],[-96.73813,29.9029],[-96.73811,29.9054],[-96.73685,29.90714],[-96.73619,29.90851],[-96.73621,29.90896],[-96.75037,29.92037],[-96.74919,29.92142],[-96.74917,29.92163],[-96.74988,29.92222],[-96.74983,29.92268],[-96.74922,29.92335],[-96.7473,29.92388],[-96.74694,29.92491],[-96.74194,29.92606],[-96.74199,29.92635],[-96.7466,29.92544],[-96.74817,29.92626],[-96.74949,29.92603],[-96.75007,29.92545],[-96.75053,29.92587],[-96.7509,29.92587],[-96.75219,29.92468],[-96.75283,29.92234],[-96.77295,29.93847],[-96.77175,29.93943],[-96.77136,29.94007],[-96.77041,29.94056],[-96.7659,29.94428],[-96.77098,29.94826],[-96.77142,29.94788],[-96.77353,29.94963],[-96.77301,29.95016],[-96.77512,29.95207],[-96.77479,29.95278],[-96.77366,29.95392],[-96.77317,29.95478],[-96.76943,29.95826],[-96.77789,29.96432],[-96.77723,29.96465],[-96.77761,29.96489],[-96.77741,29.96498],[-96.78182,29.96844],[-96.78522,29.96559],[-96.7873,29.96608],[-96.78999,29.96806],[-96.79065,29.96727],[-96.79855,29.97381],[-96.79432,29.97756],[-96.7975,29.98022],[-96.80212,29.97606],[-96.8062,29.97901],[-96.80536,29.9797],[-96.80668,29.98073],[-96.80664,29.98116],[-96.81047,29.98434],[-96.80577,29.98901],[-96.80575,29.98941],[-96.80686,29.98915],[-96.80842,29.98917],[-96.80949,29.98949],[-96.81079,29.99027],[-96.8138,29.99272],[-96.81575,29.99525],[-96.8248,30.00238],[-96.82294,30.00375],[-96.82227,30.00398],[-96.8226,30.00483],[-96.82212,30.0058],[-96.82432,30.00653],[-96.81618,30.01434],[-96.83372,30.02824],[-96.83093,30.03127],[-96.8368,30.03607],[-96.83363,30.04049],[-96.83604,30.04233],[-96.83742,30.04314],[-96.83918,30.04358],[-96.84823,30.04377],[-96.85672,30.04768],[-96.85891,30.04782],[-96.86077,30.04699],[-96.86154,30.04767],[-96.86167,30.04835],[-96.86117,30.04956],[-96.86148,30.05083],[-96.8564,30.05487],[-96.85692,30.05579],[-96.85731,30.05569],[-96.86245,30.06503],[-96.88216,30.05894],[-96.88298,30.05888],[-96.8853,30.058],[-96.89915,30.05434],[-96.91423,30.05143],[-96.91397,30.04347],[-96.91466,30.04325],[-96.91525,30.04152],[-96.91928,30.04052],[-96.92512,30.04206],[-96.93546,30.03891],[-96.94986,30.04525],[-96.95024,30.04448],[-96.95349,30.04587],[-96.95411,30.04766],[-96.95588,30.04977],[-96.9561,30.05064],[-96.95373,30.04952],[-96.9501,30.05071],[-96.94756,30.05303],[-96.94094,30.05251],[-96.93919,30.05272],[-96.93879,30.05255],[-96.93911,30.05526],[-96.93964,30.05615],[-96.94125,30.05765],[-96.94149,30.05836],[-96.94126,30.05918],[-96.94081,30.0596],[-96.93892,30.06033],[-96.93826,30.06093],[-96.93776,30.06189],[-96.9369,30.06245],[-96.93136,30.06517],[-96.93103,30.06557],[-96.93235,30.06754],[-96.93427,30.07252],[-96.93491,30.07314],[-96.96631,30.05786],[-96.96661,30.05868],[-96.96897,30.06232],[-96.97093,30.06363],[-96.98319,30.0496],[-96.98438,30.04884],[-96.98714,30.04779],[-97.01111,30.03617],[-97.01916,30.032],[-97.02446,30.05144],[-97.0343,30.04239],[-97.0599,30.04193],[-97.0603,30.04205],[-97.06043,30.04285],[-97.06911,30.04274]]]},"properties":{"zip_code":"78945","county":"Bastrop"}},{"type":"Feature","geometry":{"type":"Polygon","coordinates":[[[-97.47774,29.82675],[-97.47605,29.8256],[-97.47033,29.82051],[-97.47036,29.81173],[-97.46767,29.81164],[-97.46576,29.80852],[-97.46131,29.8084],[-97.45953,29.80728],[-97.45784,29.80764],[-97.45684,29.80721],[-97.45615,29.80406],[-97.45667,29.80308],[-97.45662,29.80162],[-97.45714,29.80105],[-97.45584,29.79988],[-97.45491,29.79859],[-97.45421,29.79548],[-97.45423,29.79378],[-97.44958,29.79375],[-97.44711,29.79798],[-97.44694,29.79753],[-97.43717,29.7942],[-97.43722,29.79365],[-97.43843,29.79156],[-97.43838,29.79086],[-97.43257,29.78499],[-97.43099,29.78281],[-97.42984,29.78052],[-97.42935,29.78002],[-97.42574,29.77813],[-97.42146,29.77551],[-97.41831,29.7741],[-97.41732,29.77393],[-97.41654,29.77309],[-97.41933,29.76773],[-97.40946,29.75929],[-97.40947,29.75894],[-97.40906,29.75887],[-97.4032,29.75395],[-97.40188,29.75293],[-97.39832,29.7513],[-97.3972,29.74915],[-97.39591,29.7481],[-97.39575,29.74977],[-97.396,29.75057],[-97.39512,29.75416],[-97.39504,29.75543],[-97.39363,29.75527],[-97.39226,29.75441],[-97.39169,29.7544],[-97.39176,29.75506],[-97.39089,29.75795],[-97.39082,29.75883],[-97.38965,29.76209],[-97.38942,29.76172],[-97.3862,29.76029],[-97.38565,29.75948],[-97.38246,29.7584],[-97.38182,29.75833],[-97.38129,29.75859],[-97.38003,29.75966],[-97.378,29.75881],[-97.37629,29.75862],[-97.37612,29.7585],[-97.37624,29.75718],[-97.3759,29.75571],[-97.37483,29.75445],[-97.37488,29.75374],[-97.37567,29.75289],[-97.3363,29.77452],[-97.33724,29.77498],[-97.3387,29.77507],[-97.33982,29.77471],[-97.33986,29.77548],[-97.34082,29.776],[-97.3409,29.77665],[-97.34161,29.77722],[-97.34335,29.77731],[-97.34353,29.77827],[-97.34413,29.77912],[-97.3445,29.7807],[-97.34434,29.7813],[-97.34354,29.78241],[-97.34299,29.78495],[-97.34344,29.78549],[-97.34356,29.7862],[-97.34348,29.78859],[-97.34444,29.78963],[-97.34382,29.79218],[-97.34288,29.7934],[-97.34317,29.79447],[-97.34298,29.79523],[-97.34335,29.79887],[-97.34214,29.80062],[-97.33965,29.80085],[-97.33946,29.80114],[-97.33962,29.80268],[-97.33899,29.80339],[-97.33918,29.80467],[-97.33844,29.80554],[-97.33676,29.80914],[-97.33571,29.81036],[-97.33379,29.81143],[-97.33298,29.81153],[-97.33229,29.81208],[-97.33033,29.81628],[-97.32874,29.81552],[-97.32541,29.81298],[-97.32694,29.81091],[-97.3276,29.80835],[-97.32766,29.80408],[-97.32894,29.79789],[-97.32875,29.79754],[-97.32031,29.79411],[-97.3154,29.80411],[-97.31496,29.80596],[-97.31489,29.8087],[-97.3007,29.80321],[-97.29882,29.80273],[-97.29705,29.80595],[-97.29377,29.80654],[-97.239,29.85623],[-97.24318,29.86341],[-97.24369,29.86516],[-97.24632,29.86852],[-97.23805,29.87135],[-97.23772,29.87279],[-97.23788,29.88182],[-97.24011,29.88189],[-97.24037,29.88213],[-97.24107,29.90673],[-97.24223,29.90674],[-97.24407,29.90625],[-97.24479,29.90647],[-97.24563,29.9072],[-97.24793,29.90775],[-97.25682,29.90702],[-97.2568,29.90788],[-97.25709,29.9081],[-97.2656,29.90857],[-97.26634,29.90819],[-97.26666,29.90597],[-97.267,29.90581],[-97.26731,29.90758],[-97.26862,29.90988],[-97.26867,29.91197],[-97.26837,29.91363],[-97.26854,29.91487],[-97.26897,29.91556],[-97.26984,29.91621],[-97.27144,29.91656],[-97.27298,29.91741],[-97.27463,29.91923],[-97.27697,29.92061],[-97.28188,29.92258],[-97.28289,29.92267],[-97.28576,29.92456],[-97.28794,29.92487],[-97.28745,29.92813],[-97.29227,29.9287],[-97.29332,29.92927],[-97.28816,29.93192],[-97.2866,29.93229],[-97.28499,29.93214],[-97.28154,29.93059],[-97.27969,29.93025],[-97.26512,29.93116],[-97.26277,29.93189],[-97.26094,29.93312],[-97.26201,29.93438],[-97.26243,29.93797],[-97.2604,29.94795],[-97.27314,29.94993],[-97.2736,29.95094],[-97.27413,29.9508],[-97.27472,29.95016],[-97.27708,29.9505],[-97.27959,29.95154],[-97.2804,29.95097],[-97.28326,29.9514],[-97.28348,29.9512],[-97.28378,29.94963],[-97.28599,29.93721],[-97.29249,29.93803],[-97.29472,29.93479],[-97.29514,29.93522],[-97.30358,29.9393],[-97.30535,29.93656],[-97.31704,29.94237],[-97.31671,29.94377],[-97.32295,29.94708],[-97.32206,29.94868],[-97.3243,29.94954],[-97.32361,29.95141],[-97.32846,29.95379],[-97.32525,29.95922],[-97.32733,29.96021],[-97.32565,29.96307],[-97.34281,29.97151],[-97.3439,29.96785],[-97.34443,29.96789],[-97.34501,29.96735],[-97.34555,29.96736],[-97.34733,29.96839],[-97.34822,29.96853],[-97.34673,29.9673],[-97.34514,29.96492],[-97.34278,29.95905],[-97.34142,29.95717],[-97.34043,29.95518],[-97.34293,29.95573],[-97.34281,29.95542],[-97.34333,29.95452],[-97.35251,29.95907],[-97.35211,29.95878],[-97.35196,29.95816],[-97.35284,29.9564],[-97.35298,29.95493],[-97.35352,29.9539],[-97.35489,29.95303],[-97.35579,29.95174],[-97.35561,29.95133],[-97.35511,29.95112],[-97.35432,29.95131],[-97.35272,29.95111],[-97.35247,29.9501],[-97.35315,29.94862],[-97.35306,29.94821],[-97.35198,29.94721],[-97.35063,29.94651],[-97.35134,29.94236],[-97.35112,29.94069],[-97.35396,29.93936],[-97.35691,29.93699],[-97.35807,29.93696],[-97.35908,29.93663],[-97.35945,29.93623],[-97.36178,29.93663],[-97.36261,29.93616],[-97.36691,29.93497],[-97.36648,29.9341],[-97.36409,29.93207],[-97.36336,29.93087],[-97.36122,29.93027],[-97.35982,29.92863],[-97.36012,29.92785],[-97.36164,29.92678],[-97.36705,29.91812],[-97.37054,29.91976],[-97.37014,29.921],[-97.37344,29.92185],[-97.37344,29.9221],[-97.38357,29.92703],[-97.38407,29.92577],[-97.38319,29.92518],[-97.38303,29.92483],[-97.38362,29.92382],[-97.38471,29.92343],[-97.38451,29.92215],[-97.38741,29.92127],[-97.38989,29.91972],[-97.39116,29.91927],[-97.39198,29.91713],[-97.39177,29.91622],[-97.3912,29.91533],[-97.39133,29.91362],[-97.3948,29.91198],[-97.39621,29.91168],[-97.39667,29.91225],[-97.3971,29.91205],[-97.39783,29.90901],[-97.39753,29.9074],[-97.39689,29.90767],[-97.39685,29.90738],[-97.39744,29.90632],[-97.3985,29.90528],[-97.39838,29.90416],[-97.39863,29.90343],[-97.39945,29.90298],[-97.39896,29.90236],[-97.39914,29.901],[-97.40095,29.90064],[-97.40301,29.89826],[-97.40367,29.89694],[-97.40478,29.89617],[-97.40565,29.89511],[-97.40785,29.89521],[-97.40948,29.89445],[-97.41046,29.89362],[-97.41082,29.89371],[-97.4113,29.8932],[-97.4117,29.89197],[-97.41509,29.89159],[-97.41595,29.89188],[-97.417,29.89125],[-97.41803,29.89023],[-97.41946,29.88954],[-97.41997,29.88701],[-97.42009,29.88583],[-97.41992,29.88541],[-97.42594,29.87922],[-97.42068,29.87476],[-97.43219,29.8563],[-97.43675,29.85878],[-97.44611,29.86318],[-97.45159,29.86674],[-97.45972,29.85417],[-97.46022,29.85399],[-97.46082,29.8533],[-97.46441,29.84794],[-97.47774,29.82675]]]},"properties":{"zip_code":"78953","county":"Bastrop"}},{"type":"Feature","geometry":{"type":"Polygon","coordinates":[[[-97.34295,29.97311],[-97.34281,29.97151],[-97.32565,29.96307],[-97.32733,29.96021],[-97.32525,29.95922],[-97.32846,29.95379],[-97.32361,29.95141],[-97.3243,29.94954],[-97.32206,29.94868],[-97.32295,29.94708],[-97.31671,29.94377],[-97.31704,29.94237],[-97.30535,29.93656],[-97.30358,29.9393],[-97.29514,29.93522],[-97.29472,29.93479],[-97.29249,29.93803],[-97.28599,29.93721],[-97.28378,29.94963],[-97.28348,29.9512],[-97.28326,29.9514],[-97.2804,29.95097],[-97.27959,29.95154],[-97.27708,29.9505],[-97.27472,29.95016],[-97.27413,29.9508],[-97.2736,29.95094],[-97.27314,29.94993],[-97.2604,29.94795],[-97.26243,29.93797],[-97.26201,29.93438],[-97.26094,29.93312],[-97.26277,29.93189],[-97.26512,29.93116],[-97.27969,29.93025],[-97.28154,29.93059],[-97.28499,29.93214],[-97.2866,29.93229],[-97.28816,29.93192],[-97.29332,29.92927],[-97.29227,29.9287],[-97.28745,29.92813],[-97.28794,29.92487],[-97.28576,29.92456],[-97.28289,29.92267],[-97.28188,29.92258],[-97.27697,29.92061],[-97.27463,29.91923],[-97.27298,29.91741],[-97.27144,29.91656],[-97.26984,29.91621],[-97.26897,29.91556],[-97.26854,29.91487],[-97.26837,29.91363],[-97.26867,29.91197],[-97.26862,29.90988],[-97.26731,29.90758],[-97.267,29.90581],[-97.26666,29.90597],[-97.26634,29.90819],[-97.2656,29.90857],[-97.25709,29.9081],[-97.2568,29.90788],[-97.25682,29.90702],[-97.24793,29.90775],[-97.24563,29.9072],[-97.24479,29.90647],[-97.24407,29.90625],[-97.24223,29.90674],[-97.24107,29.90673],[-97.24089,29.89869],[-97.23453,29.89885],[-97.23433,29.89904],[-97.23437,29.90159],[-97.23408,29.90203],[-97.2335,29.90228],[-97.22164,29.90228],[-97.22137,29.90243],[-97.22183,29.9217],[-97.22123,29.92359],[-97.21955,29.93263],[-97.21998,29.93491],[-97.21995,29.93968],[-97.19172,29.94012],[-97.19136,29.93932],[-97.19052,29.93877],[-97.18959,29.9391],[-97.1882,29.93898],[-97.18806,29.93838],[-97.18651,29.93847],[-97.1856,29.93777],[-97.18515,29.93772],[-97.18455,29.93712],[-97.18796,29.92993],[-97.19387,29.92217],[-97.19453,29.92051],[-97.19466,29.91933],[-97.19423,29.89678],[-97.16535,29.92297],[-97.16403,29.92299],[-97.16382,29.92188],[-97.16472,29.92081],[-97.16583,29.92006],[-97.16386,29.91957],[-97.16182,29.91938],[-97.16208,29.91903],[-97.16185,29.91787],[-97.162,29.91483],[-97.15829,29.91447],[-97.15533,29.9107],[-97.15242,29.91041],[-97.14935,29.90916],[-97.14564,29.90883],[-97.14456,29.90915],[-97.13656,29.90922],[-97.13667,29.91221],[-97.13713,29.91331],[-97.12765,29.91352],[-97.1274,29.91134],[-97.12156,29.91173],[-97.12155,29.91721],[-97.12214,29.9165],[-97.12351,29.91595],[-97.12465,29.91596],[-97.12609,29.91649],[-97.12644,29.91687],[-97.12653,29.91978],[-97.14164,29.91954],[-97.14183,29.92049],[-97.14134,29.92338],[-97.08582,29.92382],[-97.08576,29.93412],[-97.08657,29.93566],[-97.08795,29.93676],[-97.08894,29.93721],[-97.08947,29.93869],[-97.0906,29.93959],[-97.09099,29.94042],[-97.09132,29.94074],[-97.092,29.9408],[-97.09239,29.94154],[-97.09239,29.9427],[-97.09305,29.94387],[-97.09313,29.94467],[-97.0939,29.94667],[-97.09409,29.94929],[-97.09383,29.94974],[-97.09193,29.95078],[-97.09133,29.95145],[-97.09104,29.95218],[-97.09121,29.95334],[-97.08893,29.95323],[-97.08639,29.95381],[-97.08583,29.95309],[-97.08585,29.95709],[-97.07315,29.95969],[-97.0714,29.9603],[-97.0703,29.95993],[-97.06568,29.95986],[-97.06341,29.95893],[-97.06121,29.95879],[-97.05375,29.96214],[-97.05288,29.96325],[-97.0521,29.96382],[-97.04963,29.96476],[-97.04809,29.9659],[-97.04594,29.97105],[-97.04418,29.97287],[-97.04408,29.97393],[-97.04582,29.97746],[-97.04614,29.98141],[-97.04679,29.98343],[-97.04636,29.98475],[-97.04586,29.98529],[-97.04359,29.98595],[-97.04214,29.98576],[-97.0409,29.98501],[-97.03855,29.98418],[-97.03464,29.98375],[-97.03453,29.98416],[-97.03624,29.98418],[-97.03944,29.98487],[-97.04081,29.98529],[-97.04243,29.98629],[-97.04449,29.98616],[-97.04637,29.9854],[-97.047,29.98423],[-97.04858,29.98384],[-97.04956,29.98311],[-97.0503,29.98096],[-97.05009,29.97947],[-97.05048,29.97846],[-97.05104,29.97839],[-97.05204,29.97901],[-97.05277,29.9805],[-97.0534,29.98398],[-97.05466,29.98442],[-97.05493,29.98481],[-97.05456,29.98593],[-97.05382,29.98632],[-97.05282,29.9863],[-97.0515,29.9857],[-97.0509,29.98579],[-97.05058,29.98696],[-97.05095,29.98767],[-97.05113,29.98948],[-97.05326,29.99148],[-97.05545,29.99187],[-97.05634,29.99228],[-97.05908,29.99418],[-97.05989,29.99506],[-97.06,29.9956],[-97.05947,29.99599],[-97.05331,29.99551],[-97.05218,29.99473],[-97.05179,29.99409],[-97.05086,29.9937],[-97.05076,29.99457],[-97.04947,29.99535],[-97.04797,29.99697],[-97.04717,29.99871],[-97.04731,29.99938],[-97.04825,29.99981],[-97.04859,30.00047],[-97.05135,30.00143],[-97.05209,30.00205],[-97.05206,30.00359],[-97.05151,30.00455],[-97.0518,30.0062],[-97.05129,30.00895],[-97.05158,30.00959],[-97.05224,30.00994],[-97.05314,30.00962],[-97.05414,30.00778],[-97.05469,30.00723],[-97.05538,30.00714],[-97.05595,30.00739],[-97.05635,30.00781],[-97.05724,30.0101],[-97.0574,30.01152],[-97.05666,30.01356],[-97.05687,30.01463],[-97.05724,30.01518],[-97.05771,30.01555],[-97.06261,30.01712],[-97.06282,30.01741],[-97.06221,30.01886],[-97.06248,30.01915],[-97.06226,30.0207],[-97.06151,30.02151],[-97.06031,30.02226],[-97.06062,30.02294],[-97.06219,30.02454],[-97.06339,30.0253],[-97.0643,30.02479],[-97.06542,30.02477],[-97.06853,30.02821],[-97.06854,30.02857],[-97.0681,30.02889],[-97.06797,30.02937],[-97.06804,30.03134],[-97.06717,30.03335],[-97.06707,30.03647],[-97.06875,30.04106],[-97.06911,30.04274],[-97.06043,30.04285],[-97.06134,30.07582],[-97.06168,30.07614],[-97.0638,30.07619],[-97.06325,30.07721],[-97.06155,30.07888],[-97.06138,30.07936],[-97.06265,30.12046],[-97.06369,30.1217],[-97.0746,30.13776],[-97.08527,30.13754],[-97.08562,30.13731],[-97.08557,30.13369],[-97.08577,30.13342],[-97.10085,30.13308],[-97.10084,30.13263],[-97.10338,30.1326],[-97.10608,30.13139],[-97.10838,30.13071],[-97.11353,30.12993],[-97.11422,30.12964],[-97.11449,30.12932],[-97.11473,30.12778],[-97.11534,30.12743],[-97.11665,30.12733],[-97.12298,30.12818],[-97.12398,30.12809],[-97.12523,30.1276],[-97.13093,30.13138],[-97.1454,30.12656],[-97.15098,30.12592],[-97.15623,30.12417],[-97.15742,30.12347],[-97.16261,30.12291],[-97.16997,30.11984],[-97.17364,30.11701],[-97.17707,30.11534],[-97.17929,30.11441],[-97.18318,30.11347],[-97.18441,30.11338],[-97.18448,30.12151],[-97.19473,30.12125],[-97.19476,30.12288],[-97.19926,30.1228],[-97.2037,30.10779],[-97.23022,30.11366],[-97.23193,30.10822],[-97.2338,30.10049],[-97.23804,30.08556],[-97.23885,30.08283],[-97.23923,30.08261],[-97.23466,30.08136],[-97.23602,30.07645],[-97.22973,30.07518],[-97.2307,30.07159],[-97.22596,30.07035],[-97.22614,30.07012],[-97.22829,30.07067],[-97.2293,30.06683],[-97.22979,30.06352],[-97.22761,30.06139],[-97.22128,30.05702],[-97.22281,30.05592],[-97.22403,30.05405],[-97.2243,30.05296],[-97.22552,30.05176],[-97.22673,30.05118],[-97.22598,30.05031],[-97.2261,30.04909],[-97.22832,30.04732],[-97.22836,30.04673],[-97.22873,30.04636],[-97.22834,30.04611],[-97.22842,30.04573],[-97.22788,30.04535],[-97.22788,30.04491],[-97.22822,30.04445],[-97.22772,30.04412],[-97.22752,30.04331],[-97.2263,30.04201],[-97.22551,30.04037],[-97.22374,30.0395],[-97.22266,30.03945],[-97.2231,30.04077],[-97.222,30.04129],[-97.22096,30.04257],[-97.2193,30.0438],[-97.21853,30.04554],[-97.21825,30.04694],[-97.21694,30.04768],[-97.21612,30.04865],[-97.21464,30.04927],[-97.21367,30.04999],[-97.21296,30.04997],[-97.20992,30.05083],[-97.20683,30.05277],[-97.20595,30.05375],[-97.20421,30.05367],[-97.20247,30.05252],[-97.20226,30.0521],[-97.20379,30.05166],[-97.20458,30.05081],[-97.20541,30.04848],[-97.20548,30.04741],[-97.2054,30.04616],[-97.20392,30.04284],[-97.20321,30.04012],[-97.20251,30.03588],[-97.20239,30.03467],[-97.20263,30.03298],[-97.20314,30.03202],[-97.20488,30.02988],[-97.21075,30.02366],[-97.21175,30.02347],[-97.21301,30.02339],[-97.21412,30.02369],[-97.21691,30.02595],[-97.21849,30.02651],[-97.2217,30.0269],[-97.22552,30.02779],[-97.22774,30.02808],[-97.22893,30.02792],[-97.23169,30.02679],[-97.2333,30.02544],[-97.23351,30.02473],[-97.23328,30.02282],[-97.232,30.02064],[-97.23222,30.01878],[-97.23377,30.01641],[-97.23555,30.01502],[-97.24279,30.01373],[-97.24398,30.01274],[-97.24699,30.01111],[-97.24738,30.01056],[-97.24778,30.01042],[-97.24868,30.01091],[-97.24915,30.01201],[-97.246,30.0168],[-97.24536,30.0187],[-97.24591,30.02002],[-97.24603,30.02159],[-97.246,30.02332],[-97.24555,30.0256],[-97.24633,30.02632],[-97.24724,30.02653],[-97.25076,30.02628],[-97.2543,30.02646],[-97.25534,30.0272],[-97.25715,30.02727],[-97.25875,30.02634],[-97.25911,30.02563],[-97.26005,30.02484],[-97.26422,30.02325],[-97.26638,30.02266],[-97.26826,30.02248],[-97.27108,30.02265],[-97.27378,30.02244],[-97.27462,30.0228],[-97.27506,30.02328],[-97.27538,30.02417],[-97.2773,30.02524],[-97.27873,30.02548],[-97.2804,30.02549],[-97.28118,30.02528],[-97.28185,30.02543],[-97.28465,30.02769],[-97.29216,30.03213],[-97.29284,30.03328],[-97.29337,30.0379],[-97.2941,30.03864],[-97.29636,30.03919],[-97.30114,30.03923],[-97.3064,30.03812],[-97.30842,30.03836],[-97.30928,30.03931],[-97.31031,30.04196],[-97.31193,30.04423],[-97.3129,30.04506],[-97.31455,30.04502],[-97.31611,30.04265],[-97.3171,30.0406],[-97.31684,30.04004],[-97.31307,30.03802],[-97.31244,30.03715],[-97.31249,30.0367],[-97.31299,30.03605],[-97.31421,30.03541],[-97.31461,30.03474],[-97.3154,30.03452],[-97.31468,30.03227],[-97.31348,30.03215],[-97.31327,30.03191],[-97.31356,30.03048],[-97.31505,30.03013],[-97.31572,30.02937],[-97.31559,30.02856],[-97.3139,30.0269],[-97.31375,30.02638],[-97.3146,30.02581],[-97.31638,30.02558],[-97.31675,30.02507],[-97.31602,30.02421],[-97.31474,30.02347],[-97.31463,30.02291],[-97.31592,30.02189],[-97.31668,30.0207],[-97.31924,30.02072],[-97.32094,30.02009],[-97.32194,30.01862],[-97.32293,30.01768],[-97.32492,30.0166],[-97.32565,30.01489],[-97.32776,30.01396],[-97.32879,30.013],[-97.32921,30.01136],[-97.32817,30.00939],[-97.32759,30.00873],[-97.32621,30.00827],[-97.32474,30.00888],[-97.3241,30.00889],[-97.32363,30.00854],[-97.32314,30.0049],[-97.32378,30.0034],[-97.32481,30.00309],[-97.32633,30.00312],[-97.32721,30.00263],[-97.32838,30.00244],[-97.32916,30.00297],[-97.32929,30.00354],[-97.32893,30.00387],[-97.32931,30.00451],[-97.33068,30.00397],[-97.33179,30.00403],[-97.3333,30.00432],[-97.33367,30.00511],[-97.33473,30.00575],[-97.33664,30.00555],[-97.33701,30.00371],[-97.33838,30.00138],[-97.33859,29.99796],[-97.33765,29.99652],[-97.33486,29.99391],[-97.33305,29.99327],[-97.3328,29.99211],[-97.33418,29.99112],[-97.33423,29.99031],[-97.3347,29.98962],[-97.33567,29.98963],[-97.33597,29.99021],[-97.33634,29.9904],[-97.33682,29.99014],[-97.33683,29.98711],[-97.3359,29.98663],[-97.33564,29.9849],[-97.33637,29.98483],[-97.33747,29.98529],[-97.33903,29.98503],[-97.34014,29.98361],[-97.33992,29.98224],[-97.33926,29.98088],[-97.33852,29.98068],[-97.33874,29.97928],[-97.33951,29.97857],[-97.33987,29.97758],[-97.33899,29.9767],[-97.339,29.97494],[-97.33931,29.97479],[-97.3406,29.97519],[-97.34184,29.97517],[-97.34266,29.97451],[-97.34295,29.97311]]]},"properties":{"zip_code":"78957","county":"Bastrop"}},{"type":"Feature","geometry":{"type":"Polygon","coordinates":[[[-97.40994,29.71983],[-97.40898,29.71938],[-97.40665,29.71727],[-97.40064,29.71487],[-97.3987,29.71436],[-97.3927,29.71119],[-97.39005,29.70921],[-97.38909,29.70737],[-97.38838,29.70533],[-97.38781,29.70481],[-97.38663,29.70431],[-97.38501,29.7041],[-97.38277,29.70326],[-97.38184,29.70316],[-97.38118,29.70142],[-97.37811,29.69598],[-97.39198,29.69213],[-97.3914,29.69107],[-97.39205,29.69002],[-97.40015,29.68734],[-97.40029,29.66013],[-97.3888,29.66182],[-97.39012,29.6561],[-97.39275,29.65051],[-97.39288,29.64706],[-97.39495,29.64113],[-97.38105,29.64118],[-97.38176,29.59347],[-97.38123,29.59347],[-97.38173,29.59331],[-97.38173,29.5931],[-97.38115,29.59239],[-97.38128,29.59145],[-97.38055,29.59108],[-97.38041,29.59046],[-97.38083,29.59002],[-97.38004,29.58981],[-97.38015,29.58935],[-97.37912,29.58937],[-97.37909,29.58898],[-97.3788,29.5888],[-97.37791,29.58886],[-97.37702,29.58842],[-97.37683,29.58815],[-97.3772,29.58778],[-97.37712,29.58757],[-97.37586,29.58693],[-97.37475,29.58691],[-97.37376,29.58599],[-97.37381,29.58493],[-97.3735,29.58449],[-97.37346,29.58295],[-97.37309,29.58226],[-97.3739,29.58059],[-97.37335,29.58001],[-97.3734,29.57902],[-97.37313,29.57889],[-97.3725,29.57927],[-97.37221,29.57875],[-97.37174,29.57858],[-97.37168,29.57803],[-97.37233,29.57686],[-97.37171,29.57636],[-97.36602,29.58375],[-97.35806,29.58786],[-97.35397,29.59194],[-97.3537,29.58945],[-97.35328,29.58904],[-97.35335,29.58705],[-97.35293,29.58666],[-97.35296,29.58607],[-97.35231,29.58543],[-97.35229,29.58456],[-97.35167,29.58364],[-97.35162,29.58321],[-97.35218,29.58291],[-97.3522,29.58257],[-97.35164,29.58167],[-97.35198,29.58073],[-97.35147,29.58035],[-97.3521,29.57978],[-97.35206,29.57776],[-97.35235,29.57758],[-97.35235,29.57728],[-97.3517,29.57712],[-97.35135,29.57527],[-97.348,29.57524],[-97.34719,29.57551],[-97.34708,29.57899],[-97.34653,29.57957],[-97.34644,29.58042],[-97.3396,29.58051],[-97.33943,29.58105],[-97.33947,29.58553],[-97.33867,29.58639],[-97.33872,29.58989],[-97.33847,29.59012],[-97.33734,29.59017],[-97.33711,29.59054],[-97.33714,29.5958],[-97.33881,29.59577],[-97.3391,29.59595],[-97.33913,29.60123],[-97.33701,29.60247],[-97.33539,29.60417],[-97.33357,29.60564],[-97.32661,29.6142],[-97.3218,29.62161],[-97.32081,29.62488],[-97.31875,29.62306],[-97.31716,29.62223],[-97.31638,29.62249],[-97.31503,29.62391],[-97.3124,29.62362],[-97.30951,29.6241],[-97.30846,29.6232],[-97.30873,29.62102],[-97.30909,29.62015],[-97.31072,29.61841],[-97.31103,29.61708],[-97.3105,29.61673],[-97.30982,29.61673],[-97.30841,29.61726],[-97.30785,29.61698],[-97.30794,29.61615],[-97.30931,29.61478],[-97.30996,29.61372],[-97.30832,29.61238],[-97.3081,29.61059],[-97.30848,29.60982],[-97.31041,29.60919],[-97.31113,29.6086],[-97.31168,29.60739],[-97.31155,29.60615],[-97.31236,29.60541],[-97.31397,29.60467],[-97.314,29.60441],[-97.31236,29.6031],[-97.3096,29.60246],[-97.30845,29.60136],[-97.30763,29.60125],[-97.3071,29.60089],[-97.30542,29.60059],[-97.30408,29.60146],[-97.30332,29.60123],[-97.30311,29.60097],[-97.30314,29.59921],[-97.30476,29.59719],[-97.30487,29.59682],[-97.3045,29.59629],[-97.30335,29.59622],[-97.30101,29.59796],[-97.2998,29.59849],[-97.29865,29.5975],[-97.2977,29.59711],[-97.29679,29.59562],[-97.29496,29.59554],[-97.29492,29.59365],[-97.29364,29.59236],[-97.2932,29.58981],[-97.29368,29.58949],[-97.29418,29.58851],[-97.29397,29.58656],[-97.29329,29.58569],[-97.29326,29.58509],[-97.29268,29.58431],[-97.29224,29.58149],[-97.29279,29.58062],[-97.29392,29.58065],[-97.29426,29.58019],[-97.29431,29.57902],[-97.29499,29.57741],[-97.29499,29.57682],[-97.29463,29.57645],[-97.29292,29.57769],[-97.29166,29.57739],[-97.29056,29.57744],[-97.29033,29.5773],[-97.2903,29.57691],[-97.29067,29.57508],[-97.29001,29.57409],[-97.28946,29.57391],[-97.28812,29.57443],[-97.28739,29.57425],[-97.28715,29.57395],[-97.28792,29.57207],[-97.28818,29.57205],[-97.28923,29.57301],[-97.29048,29.57267],[-97.29075,29.57217],[-97.28826,29.56974],[-97.28807,29.56877],[-97.28891,29.56781],[-97.28891,29.56722],[-97.28813,29.56708],[-97.28666,29.56625],[-97.28634,29.5666],[-97.28682,29.56717],[-97.28666,29.56744],[-97.28598,29.56738],[-97.28535,29.56687],[-97.28495,29.5671],[-97.28548,29.56763],[-97.28503,29.56813],[-97.28506,29.56843],[-97.28572,29.56864],[-97.28598,29.56909],[-97.28545,29.56948],[-97.28545,29.56992],[-97.28461,29.57017],[-97.28464,29.57091],[-97.2849,29.57125],[-97.28456,29.57189],[-97.2848,29.57343],[-97.28419,29.5743],[-97.26846,29.58788],[-97.26691,29.58873],[-97.26599,29.59042],[-97.26657,29.59143],[-97.26764,29.59175],[-97.26746,29.59279],[-97.26489,29.59482],[-97.26463,29.59528],[-97.26169,29.59654],[-97.26116,29.59773],[-97.26001,29.59765],[-97.25988,29.5974],[-97.25956,29.5974],[-97.25822,29.59803],[-97.25715,29.5989],[-97.25704,29.59973],[-97.25798,29.60061],[-97.25796,29.60092],[-97.25593,29.60192],[-97.25533,29.60273],[-97.25517,29.60339],[-97.25403,29.60329],[-97.25394,29.60053],[-97.25377,29.60032],[-97.24234,29.6003],[-97.24238,29.60469],[-97.24317,29.60617],[-97.24292,29.6065],[-97.24317,29.61568],[-97.23884,29.61344],[-97.2388,29.61384],[-97.23838,29.61428],[-97.23862,29.61554],[-97.23742,29.61741],[-97.23738,29.61867],[-97.23798,29.61915],[-97.23783,29.6202],[-97.23836,29.62141],[-97.23936,29.62205],[-97.23908,29.62329],[-97.23951,29.62429],[-97.23902,29.62564],[-97.23659,29.62778],[-97.2367,29.62892],[-97.23553,29.62963],[-97.23585,29.63153],[-97.23533,29.63255],[-97.23262,29.63527],[-97.23232,29.63619],[-97.23148,29.63701],[-97.231,29.63863],[-97.22374,29.63502],[-97.22264,29.63415],[-97.222,29.63422],[-97.2186,29.6328],[-97.20613,29.65232],[-97.19176,29.65255],[-97.19169,29.6574],[-97.19095,29.66417],[-97.19132,29.68027],[-97.21038,29.68292],[-97.21052,29.69682],[-97.2093,29.69686],[-97.2101,29.73377],[-97.21018,29.7359],[-97.2117,29.73615],[-97.21181,29.74069],[-97.21443,29.74128],[-97.21626,29.74243],[-97.21871,29.74669],[-97.22538,29.75357],[-97.22714,29.75438],[-97.2313,29.75445],[-97.23199,29.75484],[-97.23128,29.75541],[-97.23066,29.75641],[-97.23058,29.75969],[-97.233,29.75937],[-97.23649,29.75847],[-97.23776,29.75944],[-97.24042,29.76049],[-97.24271,29.76069],[-97.24416,29.75231],[-97.24341,29.7505],[-97.25554,29.75057],[-97.25562,29.75334],[-97.25515,29.75482],[-97.2552,29.75943],[-97.25455,29.76719],[-97.25474,29.77717],[-97.22538,29.78061],[-97.22563,29.78585],[-97.23537,29.78566],[-97.23603,29.78438],[-97.23601,29.78183],[-97.23643,29.78153],[-97.24337,29.78298],[-97.24525,29.78433],[-97.24724,29.78472],[-97.25856,29.78461],[-97.25887,29.78396],[-97.25972,29.78373],[-97.26058,29.78669],[-97.26116,29.7876],[-97.26061,29.78928],[-97.26032,29.79138],[-97.2593,29.79195],[-97.25957,29.79881],[-97.25994,29.80217],[-97.24227,29.80259],[-97.22684,29.80264],[-97.22614,29.80194],[-97.22658,29.82106],[-97.2272,29.82212],[-97.23207,29.8352],[-97.23707,29.83529],[-97.23729,29.84301],[-97.25027,29.84272],[-97.2504,29.84078],[-97.25312,29.84061],[-97.25403,29.83875],[-97.25839,29.83855],[-97.29377,29.80654],[-97.29705,29.80595],[-97.29882,29.80273],[-97.3007,29.80321],[-97.31489,29.8087],[-97.31496,29.80596],[-97.3154,29.80411],[-97.32031,29.79411],[-97.3289,29.79767],[-97.32766,29.80408],[-97.3276,29.80835],[-97.32694,29.81091],[-97.32541,29.81298],[-97.32874,29.81552],[-97.33033,29.81628],[-97.33229,29.81208],[-97.33298,29.81153],[-97.33379,29.81143],[-97.33571,29.81036],[-97.33676,29.80914],[-97.33844,29.80554],[-97.33918,29.80467],[-97.33899,29.80339],[-97.33962,29.80268],[-97.33946,29.80114],[-97.33965,29.80085],[-97.34214,29.80062],[-97.34335,29.79887],[-97.34298,29.79523],[-97.34317,29.79447],[-97.34288,29.7934],[-97.34382,29.79218],[-97.34444,29.78963],[-97.34348,29.78859],[-97.34356,29.7862],[-97.34344,29.78549],[-97.34299,29.78495],[-97.34354,29.78241],[-97.34434,29.7813],[-97.3445,29.7807],[-97.34413,29.77912],[-97.34353,29.77827],[-97.34335,29.77731],[-97.34161,29.77722],[-97.3409,29.77665],[-97.34082,29.776],[-97.33986,29.77548],[-97.33982,29.77471],[-97.3387,29.77507],[-97.33724,29.77498],[-97.3363,29.77452],[-97.37567,29.75289],[-97.37488,29.75374],[-97.37483,29.75445],[-97.3759,29.75571],[-97.37624,29.75718],[-97.37612,29.7585],[-97.37629,29.75862],[-97.378,29.75881],[-97.38003,29.75966],[-97.38129,29.75859],[-97.38182,29.75833],[-97.38246,29.7584],[-97.38565,29.75948],[-97.3862,29.76029],[-97.38942,29.76172],[-97.38965,29.76209],[-97.39082,29.75883],[-97.39089,29.75795],[-97.39176,29.75506],[-97.39169,29.7544],[-97.39226,29.75441],[-97.39363,29.75527],[-97.39504,29.75543],[-97.39512,29.75416],[-97.396,29.75057],[-97.39575,29.74977],[-97.39591,29.7481],[-97.3972,29.74915],[-97.39832,29.7513],[-97.40197,29.75299],[-97.40906,29.75887],[-97.40947,29.75894],[-97.40994,29.71983]]]},"properties":{"zip_code":"78959","county":"Caldwell"}}]}