organization_name,title_es,title_en,summary_es,summary_en,description_es,description_en,slug,primary_category,additional_categories,keywords_es,keywords_en,languages,service_methods,cost_type,eligibility_es,eligibility_en,required_documents_es,required_documents_en,application_steps_es,application_steps_en,hours_es,hours_en,accessibility_notes_es,accessibility_notes_en,service_area_es,service_area_en,phone,sms_phone,whatsapp_phone,email,website_url,address_line_1,address_line_2,city,state,postal_code,county,latitude,longitude,source_url,is_featured,is_emergency,last_verified_at,verification_notes
"Bastrop County Emergency Food Pantry","Despensa de Emergencia del Condado de Bastrop","Bastrop County Emergency Food Pantry","Despensa de alimentos de emergencia para residentes del condado.","Emergency food pantry for county residents.","Alimentos de emergencia para residentes del condado de Bastrop en crisis; también ayuda a agendar citas para TANF, Medicaid, SNAP y otros programas de acción comunitaria.","Emergency food for Bastrop County residents in crisis; also helps schedule appointments for TANF, Medicaid, SNAP, and other community action programs.","","comida","","","","en","in_person","unknown","","","","","","","Lunes, miércoles y viernes, 8:00 a.m.–11:30 a.m. y 1:00 p.m.–3:30 p.m.; primer jueves, 4:00 p.m.–7:00 p.m.","Monday, Wednesday and Friday, 8:00–11:30 a.m. and 1:00–3:30 p.m.; first Thursday, 4:00–7:00 p.m.","","","Condado de Bastrop","Bastrop County","512-303-0033","","","","https://bastropfoodpantry.org","806 Fayette St","","Bastrop","TX","78602","Bastrop","","","https://www.centraltexasfoodbank.org/media/824/download","false","false","2026-08-18","Volante de referencia puede estar desactualizado (2016) — confirmar horario/fondos vigentes por teléfono. Origen: Recursos_Bastrop.csv, fila 2."
"Open Door Soup Kitchen","Cocina de Sopa Open Door","Open Door Soup Kitchen","Comidas preparadas para personas necesitadas en Bastrop.","Prepared meals for people in need in Bastrop.","Agencia asociada de Central Texas Food Bank que sirve comidas preparadas; detalles de elegibilidad no confirmados en fuente oficial.","Central Texas Food Bank partner agency serving prepared meals; eligibility details not confirmed from an official source.","","comida","","","","en","in_person","unknown","","","","","","","","","","","Condado de Bastrop","Bastrop County","512-317-7503","","","","https://business.bastropchamber.com/list/member/open-door-soup-kitchen-in-the-streets-hands-up-high-ministry-6299","987 TX Hwy 95","","Bastrop","TX","78602","Bastrop","","","https://www.cityofbastrop.org/page/winterweather2024","false","false","2026-08-18","PENDIENTE — confirmar teléfono, horario y elegibilidad por llamada directa. Origen: Recursos_Bastrop.csv, fila 3."
"Primera Baptist Church","Despensa de la Iglesia Primera Bautista (Bastrop)","Primera Baptist Church Food Pantry (Bastrop)","Iglesia hispana con despensa de alimentos y ropero comunitario.","Spanish-speaking church with food pantry and community clothing closet.","Despensa y ropero gratuitos abiertos dos sábados al mes en una congregación hispanohablante; requisitos de documentación no especificados.","Free pantry and clothing closet open two Saturdays a month at a Spanish-speaking congregation; documentation requirements not specified.","","comida","","","","es|en","in_person","free","","","","","","","1er y 3er sábado del mes, 7:00–10:00am","","","","Condado de Bastrop","Bastrop County","512-303-2082","","","","https://facebook.com/PrimeraBastrop","306 Paul C. Bell St","","Bastrop","TX","78602","Bastrop","","","https://www.centraltexasfoodbank.org/media/824/download","false","false","2026-08-18","Dirección varía levemente entre fuentes (306 vs 301 Paul Bell St) — confirmar antes de publicar. Origen: Recursos_Bastrop.csv, fila 4."
"Community Cupboard","Despensa Comunitaria (Community Cupboard) — Elgin","Community Cupboard — Elgin","Despensa de alimentos comunitaria en Elgin.","Community food pantry in Elgin.","Agencia asociada de Central Texas Food Bank en la porción de Elgin dentro del condado de Bastrop.","Central Texas Food Bank partner agency in the Bastrop County portion of Elgin.","","comida","","","","en","in_person","unknown","","","","","","","Martes, 10:00 a.m.–12:00 p.m.","Tuesday, 10:00 a.m.–12:00 p.m.","","","Condado de Bastrop","Bastrop County","512-797-0796","","","","https://www.elgincommunitycupboard.org/","303 N. Avenue C","","Elgin","TX","78621","Bastrop","","","https://www.elgincommunitycupboard.org/","false","false","2026-08-18","Elgin también se extiende al condado de Travis — confirmar que esta dirección cae del lado de Bastrop. Origen: Recursos_Bastrop.csv, fila 5."
"Sacred Heart Catholic Church","Despensa de la Iglesia Católica Sagrado Corazón (Elgin)","Sacred Heart Catholic Church Food Pantry (Elgin)","Despensa de alimentos de una parroquia católica en Elgin.","Catholic parish food pantry in Elgin.","Agencia asociada de Central Texas Food Bank; las parroquias católicas de la zona suelen atender en español, aunque no está confirmado explícitamente para este sitio.","Central Texas Food Bank partner agency; Catholic parishes in the area commonly serve Spanish speakers, though not explicitly confirmed for this site.","","comida","","","","es|en","in_person","unknown","","","","","","","Con cita previa.","By appointment.","","","Condado de Bastrop","Bastrop County","512-285-3882","","","","https://www.sacredheartofelgin.org/","302 West 11th St","","Elgin","TX","78621","Bastrop","","","https://www.bastropcares.org/wp-content/uploads/2025/10/Bastrop-County-Cares-Charitable-Food-Assistance-Directory-2025-2026.pdf","false","false","2026-08-18","Misma parroquia también opera un programa de asistencia financiera de San Vicente de Paúl (ver categoría Recursos Financieros). Origen: Recursos_Bastrop.csv, fila 6."
"First Baptist Church Elgin","Despensa de la Primera Iglesia Bautista de Elgin","First Baptist Church Elgin Food Pantry","Despensa de alimentos operada por una iglesia bautista en Elgin.","Food pantry run by a Baptist church in Elgin.","Agencia asociada de Central Texas Food Bank en Elgin; horario y elegibilidad exactos no confirmados en fuente oficial.","Central Texas Food Bank partner agency in Elgin; exact hours and eligibility not confirmed from an official source.","","comida","","","","en","in_person","unknown","","","","","","","","","","","Condado de Bastrop","Bastrop County","512-285-4161","","","","https://fbcelgin.org/","205 West 2nd St","","Elgin","TX","78621","Bastrop","","","https://www.centraltexasfoodbank.org/find-food-now","false","false","2026-08-18","PENDIENTE — confirmar horario y teléfono directamente. Origen: Recursos_Bastrop.csv, fila 7."
"Smithville Food Pantry","Despensa de Alimentos de Smithville","Smithville Food Pantry","Despensa de alimentos comunitaria que sirve a Smithville y alrededores.","Community food pantry serving Smithville and surrounding areas.","Agencia asociada de Central Texas Food Bank que sirve el área de Smithville dentro del condado de Bastrop.","Central Texas Food Bank partner agency serving the Smithville area within Bastrop County.","","comida","","","","en","in_person","unknown","","","","","","","Miércoles, 9:00 a.m.–11:30 a.m.","Wednesday, 9:00–11:30 a.m.","","","Condado de Bastrop","Bastrop County","512-237-2322","","","foodpantrysmithville@gmail.com","https://smithvillefoodpantry.org/","301 Lee Street","","Smithville","TX","78957","Bastrop","","","https://smithvillefoodpantry.org/contact-us/","false","false","2026-08-18","PENDIENTE — confirmar teléfono y horario llamando a Central Texas Food Bank (512-282-2111). Origen: Recursos_Bastrop.csv, fila 8."
"Friendship Bible Baptist Church / Community of Hope Inc.","Despensa Comunidad de Esperanza (Friendship Bible Baptist Church) — Cedar Creek","Community of Hope Food Pantry (Friendship Bible Baptist Church) — Cedar Creek","Despensa con programa especial para adultos mayores de 55+ en Cedar Creek.","Food pantry with a special program for adults 55+ in Cedar Creek.","Distribuye aproximadamente 20 libras de alimentos no perecederos al mes; el programa HOPE (55+) permite recogida por representante o entrega a domicilio. Se recomienda llamar antes de ir.","Distributes approximately 20 lbs of non-perishable food per month; the HOPE program (55+) allows proxy pickup or home delivery. Calling ahead is recommended.","","comida","","","","en","in_person|home_visit","unknown","","","","","","","3er miércoles/jueves 9–11am; 2do/4to miércoles 9–11am (solo programa HOPE); recogida/entrega HOPE 2do y 4to viernes","","","","Condado de Bastrop","Bastrop County","512-321-9040","","","","","111 Pearce Lane","","Cedar Creek","TX","78612","Bastrop","","","https://www.centraltexasfoodbank.org/find-food-now","false","false","2026-08-18","Verificado vía Texas Center for Local Food; sin sitio web propio confirmado. Origen: Recursos_Bastrop.csv, fila 9."
"Cedar Creek United Methodist Church","Despensa de la Iglesia Metodista Unida de Cedar Creek","Cedar Creek United Methodist Church Food Pantry","Despensa tipo ""drive-through"" de una iglesia metodista en Cedar Creek.","Drive-through food pantry at a Methodist church in Cedar Creek.","El personal carga los alimentos directamente en el vehículo; para necesidades fuera del horario regular, se puede llamar a la oficina de la iglesia.","Staff load food directly into vehicles; for needs outside regular hours, call the church office.","","comida","","","","en","in_person","unknown","","","","","","","2do y 4to miércoles del mes, 9:00am–12:00pm","","","","Condado de Bastrop","Bastrop County","512-303-1393","","","","https://cedarcreekumc.org/food-pantry","5630 FM 535","","Cedar Creek","TX","78621","Bastrop","","","https://cedarcreekumc.org/food-pantry","false","false","","Verificado directamente en el sitio oficial de la iglesia. Origen: Recursos_Bastrop.csv, fila 10."
"Central Texas Food Bank","Despensa Móvil de Cedar Creek (Central Texas Food Bank)","Cedar Creek Mobile Pantry (Central Texas Food Bank)","Distribución móvil mensual de alimentos en Cedar Creek.","Monthly mobile food distribution in Cedar Creek.","Sitio de distribución móvil operado por Central Texas Food Bank; sirve la comunidad de Cedar Creek dentro del condado de Bastrop.","Mobile distribution site operated by Central Texas Food Bank; serves the Cedar Creek community within Bastrop County.","","comida","","","","en","in_person","unknown","","","","","","","Fechas y horarios variables — consultar la herramienta ""Find Food Now"" en línea","","","","Condado de Bastrop","Bastrop County","512-282-2111","","","","https://centraltexasfoodbank.org/find-food","793 Union Chapel Rd","","Cedar Creek","TX","78612","Bastrop","","","https://centraltexasfoodbank.org/find-food","false","false","","Confirmar fecha exacta de la próxima distribución antes de referir a una familia. Origen: Recursos_Bastrop.csv, fila 11."
"Central Texas Food Bank","Despensa Móvil de Elgin (Central Texas Food Bank)","Elgin Mobile Pantry (Central Texas Food Bank)","Distribución móvil mensual de alimentos en Elgin, en el campus de ACC.","Monthly mobile food distribution in Elgin, at the ACC campus.","Sitio de distribución móvil de Central Texas Food Bank en el campus de Austin Community College en Elgin.","Central Texas Food Bank mobile distribution site at the Austin Community College Elgin campus.","","comida","","","","en","in_person","unknown","","","","","","","Fechas y horarios variables — consultar la herramienta ""Find Food Now"" en línea","","","","Condado de Bastrop","Bastrop County","512-282-2111","","","","https://centraltexasfoodbank.org/find-food","1501 US-290","","Elgin","TX","78621","Bastrop","","","https://centraltexasfoodbank.org/find-food","false","false","","Confirmar fecha exacta de la próxima distribución antes de referir a una familia. Origen: Recursos_Bastrop.csv, fila 12."
"Central Texas Food Bank (programa Golden Harvest)","Golden Harvest — Comidas para Personas Mayores (Meals on Wheels)","Golden Harvest Senior Meals (Meals on Wheels)","Programa de comidas para adultos mayores de 60+ años en Bastrop y Smithville.","Meal program for adults 60+ in Bastrop and Smithville.","Programa de Central Texas Food Bank con presencia en el Centro de Adultos Mayores de Bastrop y en Smithville; se recomienda llamar para confirmar elegibilidad (típicamente 60+) e inscripción.","Central Texas Food Bank program with sites at the Bastrop Senior Center and in Smithville; call to confirm eligibility (typically 60+) and enrollment.","","comida","","","","en","home_visit","unknown","","","","","","","","","","","Condado de Bastrop","Bastrop County","512-282-2111","","","","https://centraltexasfoodbank.org","Bastrop Community Senior Center, 1209 Linden St","","Bastrop","TX","78602","Bastrop","","","https://centraltexasfoodbank.org","false","false","","PENDIENTE — no se encontró una organización separada ""Meals on Wheels of Bastrop County""; confirmar con CTFB (512-282-2111) si es entrega a domicilio o comida congregada. Origen: Recursos_Bastrop.csv, fila 13."
"Austin Public Health (administra WIC para el área de Bastrop)","Clínica WIC de Bastrop","WIC Bastrop Clinic","Programa de nutrición WIC para mujeres embarazadas, madres lactantes, bebés y niños pequeños.","WIC nutrition program for pregnant/breastfeeding women, infants, and young children.","Provee asistencia nutricional, alimentos suplementarios y referencias de salud para familias de bajos ingresos con niños menores de 5 años o mujeres embarazadas/lactantes. La ubicación de Bastrop opera 100% móvil, sin dirección fija de atención regular.","Provides nutrition assistance, supplemental foods, and health referrals for low-income families with children under 5, or pregnant/breastfeeding women. The Bastrop location currently operates 100% mobile with no fixed regular service address.","","comida","","","","es|en","phone","unknown","","","","","","","","","","","Condado de Bastrop","Bastrop County","512-972-4942","","","BastropWIC@austintexas.gov","https://wicaustin.net/places/bastrop-clinic/","443 TX-71","","Bastrop","TX","78602","Bastrop","","","https://wicaustin.net/places/bastrop-clinic/","false","false","","Confirmar por teléfono antes de referir, ya que la clínica no tiene ubicación fija regular. Origen: Recursos_Bastrop.csv, fila 14."
"Bastrop Housing Authority","Autoridad de Vivienda de Bastrop","Bastrop Housing Authority","Vivienda pública y vales de Sección 8 para familias, adultos mayores y personas con discapacidad de bajos ingresos.","Public housing and Section 8 vouchers for low-income families, seniors, and disabled residents.","Administra vivienda pública y el Programa de Vales de Elección de Vivienda (Sección 8), además de Piney Creek North (Sección 8 basado en proyecto). Todas las listas de espera estaban cerradas al momento de la verificación.","Administers public housing and the Housing Choice Voucher (Section 8) program, plus Piney Creek North (project-based Section 8). All waiting lists were closed at time of verification.","","vivienda","","","","en","online","unknown","","","","","","","Listas de espera actualmente cerradas (verificar estado en línea)","","","","Condado de Bastrop","Bastrop County","512-321-3398","","","","https://bastropha.org","502 Farm Street","","Bastrop","TX","78602","Bastrop","","","https://bastropha.org","false","false","","Verificado en bastropha.org (ago. 2026); las listas de espera cambian con frecuencia — reconfirmar antes de referir. Origen: Recursos_Bastrop.csv, fila 15."
"Elgin Housing Authority","Autoridad de Vivienda de Elgin","Elgin Housing Authority","Vivienda pública y vales de Sección 8 para residentes de bajos ingresos de Elgin.","Public housing and Section 8 vouchers for low-income Elgin residents.","Ofrece el Programa federal de Vales de Elección de Vivienda y 28 unidades de vale basado en proyecto en Village East. También refiere a otros recursos del área (CEAP, Family Crisis Center, Habitat, Advocacy Outreach).","Offers the federal Housing Choice Voucher program and 28 project-based voucher units at Village East. Also refers to other area resources (CEAP, Family Crisis Center, Habitat, Advocacy Outreach).","","vivienda","","","","en","online","unknown","","","","","","","Listas de espera reportadas como ""muy largas""","","","","Condado de Bastrop","Bastrop County","512-281-2772","","","","https://elginhousing.org","515 Old McDade Road","","Elgin","TX","78621","Bastrop","","","https://elginhousing.org","false","false","","Elgin se extiende parcialmente al condado de Travis, pero esta autoridad y su oficina están del lado de Bastrop. Origen: Recursos_Bastrop.csv, fila 16."
"Advocacy Outreach","Advocacy Outreach (Elgin)","Advocacy Outreach (Elgin)","Ayuda de emergencia con renta, depósito y servicios públicos para familias de bajos ingresos en crisis.","Emergency rent, deposit, and utility help for low-income families in crisis.","Da renta de emergencia y depósito/primer mes para quienes enfrentan desalojo o falta de vivienda, y ayuda con servicios públicos vía programas federales. Requiere comprobante de ingresos, identificación y documentación de la crisis (aviso de desalojo/corte).","Provides emergency rent and deposit/first-month assistance for those facing eviction or homelessness, plus utility help via federal grant programs. Requires proof of income, ID, and crisis documentation (eviction/disconnect notice).","","vivienda","","","","en","phone","unknown","","","","","","","Lun 10am–12pm/1–4pm; Mar–Jue 9am–12pm/1–4pm; cerrado Vie–Dom","","","","Condado de Bastrop","Bastrop County","512-281-4180","","","","https://advocacyoutreach.org","200-A Depot Street","","Elgin","TX","78621","Bastrop","","","https://advocacyoutreach.org","false","false","","Sitio web con redirecciones inconsistentes al momento de verificar — confirmar horarios vigentes por teléfono. Origen: Recursos_Bastrop.csv, fila 17."
"Combined Community Action, Inc.","Combined Community Action — Climatización y Asistencia de Utilities (CEAP)","Combined Community Action — Weatherization and Utility Assistance (CEAP)","Asistencia para pagar electricidad/gas y climatización gratuita de la vivienda para hogares de bajos ingresos.","Help paying electric/gas bills and free home weatherization for low-income households.","Programa estatal (financiado por TDHCA) de asistencia de crisis y regular con la factura de energía (CEAP), más el Programa de Asistencia de Climatización (WAP): aislamiento, sellado de aire y reparaciones de calefacción/refrigeración. Prioridad a adultos mayores, personas con discapacidad y familias con niños de 5 años o menos.","State-funded (TDHCA) crisis and regular energy-bill assistance program (CEAP), plus the Weatherization Assistance Program (WAP): insulation, air sealing, and heating/cooling repairs. Priority to seniors, people with disabilities, and families with children age 5 or under.","","vivienda","","","","en","phone","free","","","","","","","Lun–Jue 8am–5pm, Vie 8am–3pm","","","","Condado de Bastrop","Bastrop County","979-540-2980","","","","https://ccaction.com","165 W. Austin St","","Giddings","TX","78942","Bastrop","","","https://ccaction.com","false","false","","Cobertura de Bastrop inferida de listados cruzados oficiales (Bastrop HA, Elgin HA); confirmar por teléfono antes de referir. Origen: Recursos_Bastrop.csv, fila 18."
"Austin Habitat for Humanity","Austin Habitat for Humanity — Reparación de Vivienda (Bastrop)","Austin Habitat for Humanity — Home Repair (Bastrop)","Construye/repara viviendas asequibles en una región de 5 condados que incluye Bastrop.","Builds/repairs affordable homes in a 5-county region that includes Bastrop.","Programa de Reparación de Vivienda y Programa de Vivienda Propia Asequible, más revitalización de vecindarios. El sitio afirma explícitamente que revitalizan vecindarios de Bastrop por el aumento del costo de vivienda en la zona.","Home Repair Program and Affordable Homeownership Program, plus neighborhood revitalization. The site explicitly states they revitalize Bastrop neighborhoods due to rising local housing costs.","","vivienda","","","","en","phone","unknown","","","","","","","","","","","Condado de Travis, Condado de Bastrop","Travis County, Bastrop County","512-472-8788","","","","https://austinhabitat.org","500 W Ben White Blvd","","Austin","TX","78704","Travis","","","https://austinhabitat.org","false","false","","También listados en el sitio de Bastrop Housing Authority como recurso de propiedad de vivienda. Confirmar directamente si el área de servicio incluye estas comunidades específicas Origen: Recursos_Bastrop.csv, fila 19; Recursos_Travis_No_Austin.csv, fila 49. Consolidado de 2 entradas equivalentes."
"Bastrop County Long Term Recovery Team (BCLTRT)","Equipo de Recuperación a Largo Plazo del Condado de Bastrop","Bastrop County Long Term Recovery Team","Ayuda a reconstruir/reparar hogares de familias de bajos ingresos tras desastres naturales.","Helps rebuild/repair low-income families' homes after natural disasters.","Organización voluntaria que reconstruye/repara hogares dañados por incendios forestales, inundaciones y tornados (surgió de la respuesta a los incendios de 2011 y el Hidden Pines Fire de 2015), con gestión de caso para necesidades no cubiertas.","Volunteer organization rebuilding/repairing homes damaged by wildfires, floods, and tornadoes (grew out of the 2011 wildfire response and the 2015 Hidden Pines Fire), with case management for unmet needs.","","vivienda","","","","en","phone","unknown","","","","","","","","","","","Condado de Bastrop","Bastrop County","512-521-3001","","","","https://bcltrt.org","15 American Legion Drive","","Bastrop","TX","78602","Bastrop","","","https://bcltrt.org","false","false","","Confirmar disponibilidad de fondos/proyectos activos al referir, ya que depende de financiamiento específico por desastre. Origen: Recursos_Bastrop.csv, fila 20."
"Community Health Centers of South Central Texas (CHCSCT)","Centro de Salud Comunitario de Bastrop","Bastrop Community Health Center","Centro de salud comunitario federal (FQHC) con atención primaria, dental y de salud mental a bajo costo.","Federally qualified community health center offering low-cost primary, dental, and mental health care.","Ofrece exámenes anuales, consultas por enfermedad, dental, pediatría, salud de la mujer/hombre, salud mental, atención geriátrica y vacunas/laboratorio, sin importar estatus de seguro, ingresos o antecedentes.","Offers annual exams, sick visits, dental, pediatrics, women's/men's health, mental health, senior care, and vaccines/labs, regardless of insurance status, income, or background.","","salud","","","","es|en","in_person","unknown","","","","","","","Lun–Jue 8am–5pm (Mar hasta 8pm), Vie 8am–12pm; cerrado fines de semana","","","","Condado de Bastrop","Bastrop County","512-321-7137","","","","https://communityhealthtx.com/clinics/bastrop/","275 Jackson Street","","Bastrop","TX","78602","Bastrop","","","https://communityhealthtx.com/clinics/bastrop/","false","false","","Porcentajes exactos de la escala de tarifas no publicados en línea — confirmar directamente. Origen: Recursos_Bastrop.csv, fila 22."
"Community Health Centers of South Central Texas (CHCSCT)","Centro de Salud Familiar de Elgin","Family Health Center at Elgin","Clínica comunitaria FQHC en Elgin con atención primaria, dental y salud mental para todas las edades.","FQHC community clinic in Elgin offering primary, dental, and mental health care for all ages.","Ofrece exámenes anuales, dental, salud del hombre/mujer, salud mental, pediatría, atención de adultos mayores, vacunas/laboratorio, sin importar seguro, ingresos o antecedentes.","Offers annual exams, dental, men's/women's health, mental health, pediatrics, senior care, and vaccines/labs, regardless of insurance, income, or background.","","salud","","","","es|en","in_person","unknown","","","","","","","Lun–Jue 8am–5pm, Vie 8am–12pm; cerrado fines de semana","","","","Condado de Travis, Condado de Bastrop","Travis County, Bastrop County","512-229-3334","","","","https://communityhealthtx.com/clinics/elgin/","711 W 10th St","","Elgin","TX","78621","Travis","","","https://communityhealthtx.com/clinics/elgin/","false","false","","Elgin se extiende entre los condados de Bastrop y Travis; no se confirmó en cuál cae esta dirección exacta. Confirmar si esta ubicación específica cae dentro del límite de Travis County antes de referir como recurso ""de Travis"" Origen: Recursos_Bastrop.csv, fila 23; Recursos_Travis_No_Austin.csv, fila 30. Consolidado de 2 entradas equivalentes."
"Lone Star Circle of Care (LSCC)","Lone Star Circle of Care en Bastrop","Lone Star Circle of Care at Bastrop","FQHC con medicina familiar, pediatría y salud del comportamiento, con escala de tarifas por ingresos.","FQHC offering family medicine, pediatrics, and behavioral health, with an income-based discount program.","Ofrece medicina familiar, pediatría, salud del comportamiento y visitas virtuales. ""No se niega servicio a ningún paciente por incapacidad de pago."" Acepta Medicaid, Medicare, CHIP y la mayoría de seguros; también atiende a personas sin seguro.","Offers family medicine, pediatrics, behavioral health, and virtual visits. ""No patient is ever denied services based on inability to pay."" Accepts Medicaid, Medicare, CHIP, and most insurance; uninsured patients also accepted.","","salud","","","","es|en","in_person","sliding_scale","","","","","","","Lun–Vie 8am–5pm","","","","Condado de Bastrop","Bastrop County","877-800-5722","","","","https://lonestarcares.org/location/lone-star-circle-of-care-at-bastrop/","605 Old Austin Hwy","","Bastrop","TX","78602","Bastrop","","","https://lonestarcares.org/location/lone-star-circle-of-care-at-bastrop/","false","false","","Verificado en lonestarcares.org (ago. 2026). Origen: Recursos_Bastrop.csv, fila 24."
"CommUnityCare Health Centers","Clínica OB/GYN de CommUnityCare en Bastrop","CommUnityCare OB/GYN Clinic: Bastrop","Clínica FQHC especializada en salud de la mujer, prenatal y parto.","FQHC clinic specializing in women's health, prenatal care, and delivery.","Ofrece atención prenatal y posparto, trabajo de parto y parto, ginecología, exámenes de bienestar y pruebas de embarazo. Como parte de CommUnityCare (FQHC), generalmente atiende sin importar el seguro.","Offers prenatal/postnatal care, labor and delivery, gynecology, wellness exams, and pregnancy testing. As part of CommUnityCare (an FQHC), it generally serves patients regardless of insurance.","","salud","","","","en","in_person","unknown","","","","","","","Clínica: Lun–Vie 8am–5pm; Laboratorio: Lun–Vie 8am–4:30pm (cerrado 11:30am–1pm)","","","","Condado de Bastrop","Bastrop County","512-978-8700","","","","https://communitycaretx.org/all-locations/ob-gyn-clinic-bastrop-office/","301 Hwy 71 W, Suite 111","","Bastrop","TX","78602","Bastrop","","","https://communitycaretx.org/all-locations/ob-gyn-clinic-bastrop-office/","false","false","","Escala de tarifas y elegibilidad exacta no confirmadas en esta página — verificar llamando al 512-978-9015. Origen: Recursos_Bastrop.csv, fila 25."
"Bastrop County Government","Departamento de Salud Pública del Condado de Bastrop","Bastrop County Public Health Department","Departamento de salud pública del condado: vacunas, pruebas de ITS/VIH y control de enfermedades.","County public health department: immunizations, STI/HIV testing, and disease control.","Ofrece inmunizaciones (programa TVFC/ASN), pruebas y tratamiento de ITS/VIH, pruebas de tuberculosis, vigilancia de enfermedades y coordinación de acceso a atención médica.","Provides immunizations (TVFC/ASN program), STI/HIV testing and treatment, TB testing, disease surveillance, and healthcare access coordination.","","salud","","","","en","phone","unknown","","","","","","","","","","","Condado de Bastrop","Bastrop County","512-581-4237","","","","https://bastropcounty.gov/page/public_health","Grady Tuck Building, 104 Loop 150","","Bastrop","TX","78602","Bastrop","","","https://bastropcounty.gov/page/public_health","false","false","","Departamento gubernamental, no clínica de atención primaria; confirmar servicios de WIC/salud ambiental directamente. Origen: Recursos_Bastrop.csv, fila 26."
"Bluebonnet Trails Community Services","Bluebonnet Trails Community Services — Bastrop","Bluebonnet Trails Community Services — Bastrop","Centro certificado de salud del comportamiento: salud mental, uso de sustancias y servicios de crisis.","Certified Community Behavioral Health Clinic: mental health, substance use, and crisis services.","Ofrece servicios de autismo, intervención temprana infantil, discapacidades intelectuales/del desarrollo, servicios para personas involucradas con el sistema de justicia, salud mental, servicios para veteranos, tratamiento de uso de sustancias y vivienda/empleo con apoyo.","Offers autism services, early childhood intervention, intellectual/developmental disability services, justice-involved services, mental health, veteran services, substance use treatment, and supportive housing/employment.","","salud","","","","en","in_person","unknown","","","","","","","Línea de citas 7:30am–5:30pm","","","","Condado de Williamson, Condado de Bastrop, Condado de Hays, Condado de Burnet","Williamson County, Bastrop County, Hays County, Burnet County","844-309-6385","","","","https://bbtrails.org/bastrop/","275 Jackson St","","Bastrop","TX","78602","Williamson","","","https://bbtrails.org/bastrop/","false","false","","Detalles de escala de tarifas e idiomas no confirmados en el sitio — verificar llamando directamente. Origen: Recursos_Bastrop.csv, fila 27."
"Smithville Community Clinic (organización sin fines de lucro independiente)","Clínica Comunitaria de Smithville","Smithville Community Clinic","La única clínica gratuita y caritativa del condado para personas sin seguro médico.","The only free and charitable healthcare clinic in the county for the medically uninsured.","Clínica gratuita y caritativa para personas médicamente sin seguro; ofrece atención médica, chequeos de bienestar de la mujer (mensual), consejería de salud del comportamiento, servicios dentales y un programa especial de mamografías para residentes de 50+ años.","Free and charitable clinic for the medically uninsured; offers medical care, monthly well-woman check-ups, behavioral health counseling, dental services, and a special mammogram program for qualifying residents 50+.","","salud","","","","en","phone","free","","","","","","","Médico: miércoles; Bienestar de la mujer: mensual; Salud del comportamiento: lunes–viernes; Dental: viernes y sábado","","","","Condado de Bastrop, Condado de Caldwell","Bastrop County, Caldwell County","512-237-2772","","","","https://smithvillecommunityclinic.org","808 SE Martin Luther King Drive","","Smithville","TX","78957","Bastrop","","","https://smithvillecommunityclinic.org","false","false","","Verificado en sitio oficial (ago. 2026); no acepta pacientes sin cita previa. Origen: Recursos_Bastrop.csv, fila 28."
"Bastrop County Government","Programa de Atención Médica para Indigentes del Condado de Bastrop","Bastrop County Indigent Health Care Program","Programa del condado que ayuda a cubrir costos médicos para residentes de bajos ingresos que califican.","County program that helps cover medical costs for qualifying low-income residents.","Programa financiado por el condado bajo el Código de Salud y Seguridad de Texas que ayuda a residentes de bajos ingresos sin seguro a acceder a atención médica. Elegibilidad exacta y servicios cubiertos no publicados en línea.","County-funded program under the Texas Health and Safety Code that helps qualifying low-income, uninsured residents access medical care. Exact eligibility and covered services not published online.","","salud","","","","en","phone","unknown","","","","","","","","","","","Condado de Bastrop","Bastrop County","512-581-7170","","","","https://bastropcounty.gov/page/co.indigent_health","104 Loop 150 W","","Bastrop","TX","78602","Bastrop","","","https://bastropcounty.gov/page/co.indigent_health","false","false","","Página oficial solo lista personal de contacto; se recomienda llamar directamente antes de referir. Origen: Recursos_Bastrop.csv, fila 29."
"Capital Area Rural Transportation System (CARTS)","Autobús Rural CARTS (Country Bus) — Condado de Bastrop","CARTS Country Bus — Bastrop County","Servicio de autobús rural con reservación que conecta Bastrop, Smithville y Elgin.","Reservation-based rural bus service connecting Bastrop, Smithville, and Elgin.","Tarifa local $2.00 general/$1.00 reducida; tramo intracondado hasta $4.00/$2.00 según destino. Adultos mayores de 60+ viajan gratis según las preguntas frecuentes oficiales de CARTS.","Local fare $2.00 general/$1.00 reduced; intra-county fare up to $4.00/$2.00 depending on destination. Riders 60+ ride free per CARTS' official FAQ.","","transporte","","","","en","phone","free","","","","","","","Reservaciones L–V 8am–4pm con 24 horas de anticipación; servicio local Bastrop L–V 8am–4:30pm, Smithville L–J 10am–3pm, Elgin L/Ma/Ju 10am–4pm","","","","Condado de Bastrop","Bastrop County","512-478-7433","","","","https://ridecarts.com","Estación Bastrop: 310 Hospital Dr","","Bastrop","TX","78602","Bastrop","","","https://ridecarts.com","false","false","","ridecarts.com bloquea el acceso automatizado a varias subpáginas — confirmar tarifas vigentes llamando directamente. Origen: Recursos_Bastrop.csv, fila 30."
"Capital Area Rural Transportation System (CARTS)","CARTS Now Bastrop (servicio a demanda)","CARTS Now Bastrop (on-demand service)","Transporte a demanda, puerta a puerta, dentro de una zona designada de la ciudad de Bastrop.","On-demand, curb-to-curb ride service within a designated zone in the City of Bastrop.","Servicio tipo ""rideshare"" comunitario dentro de una zona designada; según cobertura de noticias, cobra tarifa desde $2 por viaje (tarifa actual no confirmada de forma independiente).","Community rideshare-style service within a designated zone; per news coverage, fares start around $2 per ride (current fare not independently confirmed).","","transporte","","","","en","online","unknown","","","","","","","","","","","Condado de Bastrop","Bastrop County","512-478-7433","","","","https://ridecarts.com/route/carts-now/","","","","","","","","","https://ridecarts.com/route/carts-now/","false","false","","Tarifa exacta vigente no confirmada en fuente primaria accesible — confirmar llamando al (512) 478-7433. Origen: Recursos_Bastrop.csv, fila 31."
"Capital Area Rural Transportation System (CARTS)","CARTS Now Elgin (servicio a demanda)","CARTS Now Elgin (on-demand service)","Transporte a demanda dentro de una zona designada de la ciudad de Elgin.","On-demand ride service within a designated zone in the City of Elgin.","Servicio confirmado por la página de rutas de CARTS y un evento de inauguración publicado por CARTS/Cámara de Comercio de Elgin; tarifa y horario exactos no confirmados de forma independiente.","Service confirmed via CARTS' route page and a ribbon-cutting event posted by CARTS/Elgin Chamber of Commerce; exact fare and hours not independently confirmed.","","transporte","","","","en","online","unknown","","","","","","","","","","","Condado de Bastrop","Bastrop County","512-478-7433","","","","https://ridecarts.com/route/carts-now-elgin/","","","","","","","","","https://ridecarts.com/route/carts-now-elgin/","false","false","","Confirmar con CARTS que la zona de servicio cubre la parte de Elgin en Bastrop. Origen: Recursos_Bastrop.csv, fila 32."
"CARTS, en contrato con la Ciudad de Smithville","Servicio Local de la Ciudad de Smithville (CARTS)","City of Smithville Local Service (CARTS)","Ruta municipal de autobús operada por CARTS dentro de Smithville.","Municipal bus route operated by CARTS within Smithville.","Ruta local de autobús que conecta puntos dentro de Smithville (tiendas, clínicas, oficinas de gobierno); tarifa $2.00 general/$1.00 reducida. Ni Bastrop ni Smithville operan tránsito municipal propio — ambas contratan a CARTS.","Local fixed route connecting points within Smithville (stores, clinics, government offices); fare $2.00 general/$1.00 reduced. Neither Bastrop nor Smithville operate their own municipal transit — both contract with CARTS.","","transporte","","","","en","phone","unknown","","","","","","","L–J 10am–3pm (sujeto a cambios)","","","","Condado de Bastrop","Bastrop County","512-478-7433","","","","https://ridecarts.com/route/city-of-smithville-local-service/","","","","","","","","","https://ridecarts.com/route/city-of-smithville-local-service/","false","false","","Horario sujeto a cambios estacionales — confirmar antes de referir. Origen: Recursos_Bastrop.csv, fila 33."
"CARTS, en coordinación con Capital Metro","CARTS Metro Connector / Ruta 990 Manor–Elgin Express","CARTS Metro Connector / Route 990 Manor/Elgin Express","Autobús de cercanías de ruta fija que conecta Elgin y Manor con el centro de Austin.","Fixed-route commuter bus connecting Elgin and Manor to downtown Austin.","Permite a residentes de Elgin viajar a Austin para trabajo o citas sin reservar con anticipación. Tarifa de rutas tipo Interurban Coach de CARTS inicia en $4.00 por viaje sencillo.","Allows Elgin residents to travel to Austin for work or appointments without advance reservation. CARTS Interurban Coach-type route fares start at $4.00 one-way.","","transporte","","","","en","in_person","unknown","","","","","","","Ruta fija con horario publicado (horario exacto no confirmado)","","","","Condado de Bastrop","Bastrop County","512-478-7433","","","","https://ridecarts.com/service/metro-connector/","","","","","","","","","https://ridecarts.com/service/metro-connector/","false","false","","Ruta co-anunciada por CARTS y Capital Metro; confirmar horario y tarifa exacta directamente con CARTS. Origen: Recursos_Bastrop.csv, fila 34."
"Texas HHSC / Texas Medicaid & Healthcare Partnership (TMHP)","Programa de Transporte Médico (MTP) de Medicaid de Texas","Texas Medicaid Medical Transportation Program (MTP)","Transporte médico no urgente gratuito para beneficiarios de Medicaid sin otro medio de transporte a citas médicas.","Free non-emergency medical transportation for Medicaid beneficiaries with no other means of transportation to medical appointments.","Sin costo para el beneficiario elegible. Se debe llamar con identificación de Medicaid, información de la cita y del proveedor médico; los viajes pueden programarse hasta 30 días de anticipación.","No cost to the eligible client. Call with Medicaid ID, appointment, and provider information; trips can be booked up to 30 days in advance.","","transporte","","","","en","phone","free","","","","","","","Programar con 2 días hábiles de anticipación para citas dentro del condado, 5 días fuera del condado; excepciones urgentes con menos de 48 horas","","","","Todos los condados de Texas","All Texas counties","877-633-8747","","","","https://tmhp.com/programs/mtp","","","","","","","","","https://tmhp.com/programs/mtp","false","false","","El corredor/proveedor de transporte específico designado para la región de Bastrop no se pudo confirmar — verificar directamente con TMHP/su plan de Medicaid. Origen: Recursos_Bastrop.csv, fila 35."
"Drive a Senior (antes ""Chariot"")","Drive a Senior — Transporte para Adultos Mayores del Centro de Texas","Drive a Senior — Central Texas Senior Transportation","Programa de conductores voluntarios con transporte gratuito puerta a puerta para adultos mayores en Bastrop (incluye Elgin).","Volunteer-driver program offering free door-to-door transportation for seniors in Bastrop County (including Elgin).","Programa gratuito de conductores voluntarios para adultos mayores a citas médicas y mandados; incluye paseos comunitarios grupales semanales. Para inscribirse, completar solicitud en línea o llamar a la oficina regional.","Free volunteer-driver program for seniors to medical appointments and errands; includes weekly group community rides. To enroll, complete an online application or call the relevant regional office.","","transporte","","","","en","phone","free","","","","","","","Lun–Jue 9am–4pm; Vie 9am–2pm; el viaje se programa tras enviar solicitud","","","","Condado de Bastrop","Bastrop County","512-281-6553","","","","https://driveasenior.org","","","","","","","","","https://driveasenior.org","false","false","","Verificar edad mínima y proceso de admisión exactos directamente. Origen: Recursos_Bastrop.csv, fila 36."
"Community Action, Inc. of Central Texas","Educación para Adultos de Community Action Inc. (Bastrop)","Community Action Inc. Adult Education (Bastrop)","Clases gratuitas de inglés (ESL) y preparación para el GED en español e inglés.","Free adult ESL classes and GED preparation (English/Spanish).","Programa gratuito para adultos de 19+ años (jóvenes de 16-18 elegibles si no están inscritos en escuela) autorizados a trabajar en EE.UU. Incluye ESL, preparación GED, alfabetización digital e inglés para profesionales capacitados internacionalmente.","Free program for adults 19+ (16-18 year-olds eligible if not enrolled in school) authorized to work in the U.S. Includes ESL, GED prep, digital literacy, and English for internationally trained professionals.","","educacion","","","","es|en","in_person","free","","","","","","","Clases diurnas y nocturnas según sede","","","","Condado de Travis, Condado de Williamson, Condado de Bastrop, Condado de Hays, Condado de Caldwell, Condado de Blanco, Condado de Burnet","Travis County, Williamson County, Bastrop County, Hays County, Caldwell County, Blanco County, Burnet County","737-331-0372","","","","https://communityaction.com/adulteducation","Sede de clases: BISD Family Resource Center, 1000 Cedar St","","Bastrop","TX","78602","Travis","","","https://communityaction.com/adulteducation","false","false","","Varios números de teléfono aparecen en distintas páginas oficiales — confirmar el vigente antes de publicar. Origen: Recursos_Bastrop.csv, fila 37."
"Cen-Tex Family Services, Inc.","Head Start / Early Head Start ""Hearts of Texas""","Hearts of Texas Head Start","Cuidado infantil y desarrollo temprano gratuito para familias de bajos ingresos con niños de 0-3 y 3 años.","Free early childhood education/childcare for low-income families with children ages 0-3 (Early Head Start) and age 3 (Head Start).","Programa federal sin costo para familias de bajos ingresos, sirviendo Bastrop, Lee, Fayette y Colorado. Requiere comprobante de ingresos y acta de nacimiento del niño; incluye comidas, servicios de salud preventiva y clases para padres.","No-cost federal program for low-income families, serving Bastrop, Lee, Fayette, and Colorado. Requires proof of income and the child's birth certificate; includes meals, preventive health services, and parenting classes.","","educacion","","","","en","in_person","free","","","","","","","","","","","Condado de Bastrop","Bastrop County","512-303-7737","","","","https://ctfhs.org","2402 N Main St","","Bastrop","TX","78602","Bastrop","","","https://ctfhs.org","false","false","","Lista completa de centros dentro del condado no confirmada — recomendable verificar por teléfono. Origen: Recursos_Bastrop.csv, fila 38."
"Bastrop Independent School District (BISD)","Centro de Recursos Familiares de BISD (GED/ESL nocturno)","BISD Family Resource & Health Center (Evening GED/ESL)","Clases nocturnas gratuitas de GED e inglés (ESL) para adultos de la comunidad.","Free evening GED and English (ESL) classes for adults in the community.","Clases operadas en asociación con Community Action Inc.; el centro también ofrece clínica pediátrica, ropero de emergencia y alimentos de emergencia para familias de BISD.","Classes operated in partnership with Community Action Inc.; the center also houses a pediatric clinic, emergency clothes closet, and food assistance for BISD families.","","educacion","","","","es|en","in_person","free","","","","","","","Clases nocturnas","","","","Condado de Bastrop","Bastrop County","512-985-5169","","","","https://bisdtx.org/departments/student-services/student-family-support-services","1602 Hill Street","","Bastrop","TX","78602","Bastrop","","","https://bisdtx.org/departments/student-services/student-family-support-services","false","false","","Verificado vía bisdtx.org; horario exacto de clases no confirmado. Origen: Recursos_Bastrop.csv, fila 39."
"Bastrop Independent School District (BISD)","Servicios de Enlace McKinney-Vento de BISD","BISD McKinney-Vento Homeless Liaison Services","Apoyo escolar y de matrícula para estudiantes y familias sin vivienda estable.","School enrollment and support services for students/families experiencing housing instability.","El distrito designa personal para ayudar a estudiantes/familias que califican bajo la ley McKinney-Vento con matrícula inmediata, transporte y otros apoyos escolares, sin costo.","The district designates staff to help qualifying students/families under the McKinney-Vento Act with immediate enrollment, transportation, and other school supports, at no cost.","","educacion","","","","es|en","in_person","free","","","","","","","Horario de oficina escolar","","","","Condado de Bastrop","Bastrop County","512-772-7151","","","","https://bisdtx.org/departments/student-services/student-family-support-services","1602 Hill Street","","Bastrop","TX","78602","Bastrop","","","https://bisdtx.org/departments/student-services/student-family-support-services","false","false","","Elgin ISD tiene un programa similar llamado ""Families in Transition"" (elginisd.net) y Smithville ISD también matricula bajo esta ley — no se pudo confirmar el enlace exacto de cada distrito; llamar directamente. Origen: Recursos_Bastrop.csv, fila 40."
"City of Bastrop","Biblioteca Pública de Bastrop","Bastrop Public Library","Biblioteca pública gratuita con computadoras, ayuda con tareas y programas para todas las edades.","Free public library with computers, homework help, and programs for all ages.","Ofrece computadoras, ayuda tecnológica, recursos de tarea, bases de datos digitales, Mango Languages para aprender idiomas, y programas para niños, jóvenes, adultos y genealogía. Solo se requiere tarjeta de biblioteca gratuita.","Offers computers, tech help, homework resources, digital databases, Mango Languages for language learning, and programs for kids, teens, adults, and genealogy researchers. Only a free library card is required.","","educacion","","","","en","in_person","free","","","","","","","Lun/Mié/Vie 10am–6pm; Mar/Jue 10am–9pm; Sáb 10am–4pm; Dom cerrado","","","","Condado de Bastrop","Bastrop County","512-332-8880","","","","https://cityofbastrop.org/page/lib.home","1100 Church Street","","Bastrop","TX","78602","Bastrop","","","https://cityofbastrop.org/page/lib.home","false","false","","Horario mostrado corresponde a horario de verano y puede cambiar estacionalmente. Origen: Recursos_Bastrop.csv, fila 41."
"City of Smithville","Biblioteca Pública de Smithville","Smithville Public Library","Biblioteca pública con computadoras, wifi gratuito y programas infantiles.","Public library with public computers, free wifi, and children's programs.","Ofrece computadoras públicas, wifi gratuito, club de lectura, programas infantiles, recursos ESL en el catálogo, preparación para examen de manejo y herramientas de búsqueda de empleo.","Offers public computers, free wifi, a book club, children's programs, ESL resources in the catalog, driving-test prep, and job-search tools.","","educacion","","","","en","in_person","free","","","","","","","Lun–Mié 10am–6pm; Mar–Jue 10am–7pm; Vie 10am–5pm; Sáb 9am–1pm; Dom cerrado","","","","Condado de Bastrop","Bastrop County","512-237-3282","","","","https://smithvillepubliclibrary.org","507 Main St","","Smithville","TX","78957","Bastrop","","","https://smithvillepubliclibrary.org","false","false","","Verificado vía smithvillepubliclibrary.org. Origen: Recursos_Bastrop.csv, fila 42."
"City of Elgin","Biblioteca Pública de Elgin","Elgin Public Library","Biblioteca pública de la ciudad de Elgin con catálogo, libros electrónicos y programas comunitarios.","City of Elgin public library with catalog access, eBooks, and community programs.","Ofrece catálogo, préstamo de libros electrónicos vía app y programas comunitarios. Detalles específicos de programas de tarea, ESL o alfabetización digital no confirmados en el sitio oficial.","Offers catalog access, eBook lending via an app, and community programs. Specific homework-help, ESL, or digital-literacy program details not confirmed on the official site.","","educacion","","","","en","in_person","unknown","","","","","","","Mar–Jue 9am–7pm; Mié y Vie 9am–6pm; Sáb 9am–2pm; Dom–Lun cerrado","","","","Condado de Travis, Condado de Bastrop","Travis County, Bastrop County","512-281-5678","","","","https://elgintexas.gov/240/Public-Library","404 N Main Street","","Elgin","TX","78621","Travis","","","https://elgintexas.gov/240/Public-Library","false","false","","Confirmar que la dirección de residencia del usuario esté en la porción de Bastrop si la elegibilidad depende del condado. Origen: Recursos_Bastrop.csv, fila 43."
"Austin Community College District (ACC)","Campus de Austin Community College en Elgin","Austin Community College — Elgin Campus","Campus universitario público en Elgin con cursos de nivel universitario y programas técnicos/agrícolas.","Public college campus in Elgin offering university-transfer courses and technical/agricultural programs.","Enfocado en ciencias agrícolas, tecnología veterinaria y cursos de núcleo curricular para transferencia universitaria. Costo de matrícula y ayuda financiera no confirmados en la página revisada; las clases de GED/ESL en Elgin se imparten aquí a través de Community Action Inc.","Focused on agricultural sciences, veterinary technology, and university-transfer core curriculum courses. Tuition and financial aid details not confirmed on the reviewed page; GED/ESL classes in Elgin are held here through Community Action Inc.","","educacion","","","","en","in_person","unknown","","","","","","","Lun–Jue 7am–8pm; Vie 8am–5pm; Sáb–Dom cerrado","","","","Condado de Bastrop","Bastrop County","512-223-9400","","","","https://austincc.edu/campuses/elgin-campus/","1501 W US Hwy 290","","Elgin","TX","78621","Bastrop","","","https://austincc.edu/campuses/elgin-campus/","false","false","","Contactar directamente para matrícula, ayuda financiera y elegibilidad específica. Origen: Recursos_Bastrop.csv, fila 44."
"Bastrop County Emergency Food Pantry","Programa de Asistencia de Renta/Utilities — Despensa de Emergencia del Condado de Bastrop","Rent/Utility Assistance Program — Bastrop County Emergency Food Pantry","Ayuda de emergencia con renta y servicios públicos para clientes de la despensa que viven en el condado.","Emergency rent and utility help for food pantry clients residing in the county.","Debe ser cliente actual de la despensa, residir en el condado y estar en crisis o bajo amenaza de desalojo (con contrato válido) o corte de servicios (con aviso de corte). También ayuda a agendar citas para TANF, Medicaid y SNAP.","Must be a current pantry client, reside in the county, and be in crisis or facing eviction (with valid lease) or utility shut-off (with notice). Also helps schedule appointments for TANF, Medicaid, and SNAP.","","recursos-financieros","","","","en","in_person","unknown","","","","","","","Martes y jueves, 8:00–11:30am y 1:00–3:30pm; se requiere cita","","","","Condado de Bastrop","Bastrop County","512-303-0033","","","","https://bastropfoodpantry.org","806 Fayette St","","Bastrop","TX","78602","Bastrop","","","https://bastropfoodpantry.org","false","false","","Volante puede estar desactualizado (2016) — confirmar vigencia de horarios/fondos por teléfono. Origen: Recursos_Bastrop.csv, fila 45."
"Sacred Heart Catholic Church / Sociedad de San Vicente de Paúl","Sociedad de San Vicente de Paúl — Iglesia Sagrado Corazón (Elgin)","Society of St. Vincent de Paul — Sacred Heart Catholic Church (Elgin)","Asistencia financiera de emergencia para renta, hipoteca, servicios públicos, gasolina y medicinas.","Emergency financial assistance for rent, mortgage, utilities, gas, and medicine.","Ayuda de emergencia caso por caso mediante visita domiciliaria; cubre renta, hipoteca, servicios públicos, gasolina y medicamentos recetados, sujeto a fondos disponibles.","Case-by-case emergency help via home visit; covers rent, mortgage, utilities, gas, and prescription drugs, subject to available funds.","","recursos-financieros","","","","es|en","phone","unknown","","","","","","","","","","","Condado de Bastrop","Bastrop County","512-285-3882","","","","https://sacredheartofelgin.org","302 W. 11th St","","Elgin","TX","78621","Bastrop","","","https://sacredheartofelgin.org","false","false","","Teléfono varía entre fuentes agregadoras; horas y proceso de solicitud no confirmados directamente. Origen: Recursos_Bastrop.csv, fila 46."
"St. Paul Catholic Church / Sociedad de San Vicente de Paúl","Sociedad de San Vicente de Paúl — Iglesia St. Paul (Smithville)","Society of St. Vincent de Paul — St. Paul Catholic Church (Smithville)","Asistencia financiera de emergencia para renta y transporte.","Emergency financial assistance for rent and transportation.","Asistencia de emergencia limitada para renta y transporte; se recomienda llamar primero, ya que la disponibilidad de fondos varía.","Limited emergency assistance for rent and transportation; calling ahead is recommended as fund availability varies.","","recursos-financieros","","","","en","phone","unknown","","","","","","","","","","","Condado de Bastrop","Bastrop County","512-718-2614","","","","https://stpaulsmithville.org/st-vincent-de-paul","204 Mills St","","Smithville","TX","78957","","","","https://stpaulsmithville.org/st-vincent-de-paul","false","false","2026-08-18","Nombre de la organización varía entre fuentes — confirmar por teléfono antes de referir. Origen: Recursos_Bastrop.csv, fila 47."
"Texas Health and Human Services Commission (HHSC)","Oficina de Beneficios de HHSC — Bastrop","Texas HHSC Benefits Office — Bastrop","Oficina local para solicitar SNAP, Medicaid y TANF.","Local office to apply for SNAP, Medicaid, and TANF.","Oficina local de HHSC donde residentes del condado pueden solicitar o dar seguimiento a SNAP, Medicaid y TANF; se recomienda llamar para confirmar documentos requeridos.","Local HHSC office where county residents can apply for or follow up on SNAP, Medicaid, and TANF; call ahead to confirm required documents.","","recursos-financieros","","","","es|en","in_person|phone|online","unknown","","","","","","","","","","","Condado de Bastrop","Bastrop County","512-321-3995","","","","https://hhs.texas.gov","3809 Loop 150 East","","Bastrop","TX","78602","Bastrop","","","https://hhs.texas.gov","false","false","","Dirección y teléfono confirmados por agregador — verificar con hhs.texas.gov o 211 antes de visitar. Origen: Recursos_Bastrop.csv, fila 48."
"Texas Health and Human Services Commission (HHSC)","Oficina de Beneficios de HHSC — Elgin","Texas HHSC Benefits Office — Elgin","Oficina local para solicitar SNAP, Medicaid y TANF en el área de Elgin.","Local office to apply for SNAP, Medicaid, and TANF in the Elgin area.","Misma función que la oficina de Bastrop; sirve a residentes de Elgin y áreas cercanas del condado para trámites de SNAP, Medicaid y TANF.","Same function as the Bastrop office; serves Elgin and nearby county residents for SNAP, Medicaid, and TANF applications.","","recursos-financieros","","","","es|en","in_person|phone|online","unknown","","","","","","","","","","","Condado de Bastrop","Bastrop County","512-285-9665","","","","https://hhs.texas.gov","218 S. Main St","","Elgin","TX","78621","Bastrop","","","https://hhs.texas.gov","false","false","","Corroborado por dos fuentes independientes. Origen: Recursos_Bastrop.csv, fila 49."
"Workforce Solutions Rural Capital Area","Workforce Solutions Rural Capital Area — Oficina de Bastrop","Workforce Solutions Rural Capital Area — Bastrop Office","Servicios gratuitos de empleo, búsqueda de trabajo e información sobre desempleo.","Free employment services, job search help, and unemployment information.","Servicios sin costo de reclutamiento, empleo e información, incluyendo ayuda con solicitudes de desempleo, ferias de empleo, redacción de currículum, acceso a computadoras/internet y asistencia de cuidado infantil relacionada con el empleo.","No-cost recruitment, employment, and information services, including unemployment application help, job fairs, resume writing, computer/internet access, and employment-related child care assistance.","","recursos-financieros","","","","es|en","in_person|online","free","","","","","","","Lunes a viernes, 8:00am–5:00pm","","","","Condado de Bastrop","Bastrop County","512-303-3916","","","","https://workforcesolutionsrca.com/locations/bastrop","53 Loop 150 West","","Bastrop","TX","78602","Bastrop","","","https://workforcesolutionsrca.com/locations/bastrop","false","false","","Confirmado directamente en sitio oficial y corroborado por bakerripley.org. Origen: Recursos_Bastrop.csv, fila 50."
"The Salvation Army – Texas Division","Salvation Army — Unidad de Servicio del Condado de Bastrop","The Salvation Army — Bastrop County TX Service Unit","Asistencia comunitaria flexible para individuos y familias necesitadas.","Flexible community-based assistance for individuals and families in need.","Existe una ""Unidad de Servicio"" designada para el condado dentro de la red de Salvation Army de Texas; el sitio institucional confirma su existencia pero no publica detalles operativos exactos.","A designated ""Service Unit"" exists for the county within the Texas Salvation Army network; the institutional site confirms its existence but does not publish exact operational details.","","recursos-financieros","","","","en","phone","unknown","","","","","","","","","","","Condado de Bastrop","Bastrop County","","","","","https://salvationarmyusa.org/tx/bastrop/","","","","","","","","","https://salvationarmyusa.org/tx/bastrop/","false","false","","PENDIENTE — usar el ""Location Finder"" de salvationarmyusa.org o llamar a información general para confirmar teléfono/horario antes de referir. Origen: Recursos_Bastrop.csv, fila 51."
"Texas RioGrande Legal Aid, Inc.","Ayuda Legal RioGrande de Texas (TRLA)","Texas RioGrande Legal Aid (TRLA)","Asistencia legal civil gratuita para familias de bajos ingresos, incluye el condado de Bastrop.","Free civil legal aid for low-income families, includes Bastrop County.","TRLA declara servir 68 condados del suroeste de Texas; Bastrop está confirmado incluido (vía TexasLawHelp.org y otras fuentes) atendido por la oficina de Austin. Maneja derecho familiar, violencia doméstica, vivienda, beneficios públicos y más. Elegibilidad basada en ingresos.","TRLA states it serves 68 Southwest Texas counties; Bastrop is confirmed included (via TexasLawHelp.org and other sources), served via the Austin office. Handles family law, domestic violence, housing, public benefits, and more. Income-based eligibility.","","ayuda-legal","","","","es|en","phone","sliding_scale","","","","","","","Lun–Vie 9am–5pm","","","","Condado de Travis, Condado de Bastrop","Travis County, Bastrop County","833-329-8752","","","","https://trla.org","Oficina de Austin: 4920 North IH-35","","Austin","TX","78751","Travis","","","https://trla.org","false","false","","trla.org bloquea el acceso automatizado (robots.txt); confirmado por 3 fuentes secundarias independientes. Se recomienda reconfirmar por teléfono. Origen: Recursos_Bastrop.csv, fila 53; Recursos_Travis_No_Austin.csv, fila 35. Consolidado de 2 entradas equivalentes."
"Volunteer Legal Services of Central Texas","Servicios Legales Voluntarios del Centro de Texas (VLSoCT)","Volunteer Legal Services of Central Texas (VLSoCT)","Ayuda legal civil gratuita mediante abogados voluntarios para residentes de Bastrop, Travis, Williamson y Hays.","Free civil legal help via volunteer attorneys for Bastrop, Travis, Williamson, and Hays residents.","Sirve explícitamente los condados de Travis, Williamson, Bastrop y Hays. Solo casos civiles (no penal, no inmigración). Elegibilidad depende de ingresos, activos y tipo de caso; se accede vía clínicas de asesoría legal.","Explicitly serves Travis, Williamson, Bastrop, and Hays counties. Civil matters only (no criminal, no immigration). Eligibility depends on income, assets, and case type; access is via Legal Advice Clinics.","","ayuda-legal","","","","en","phone","free","","","","","","","","","","","Condado de Travis, Condado de Williamson, Condado de Bastrop, Condado de Hays","Travis County, Williamson County, Bastrop County, Hays County","512-476-5550","","","","https://vlsoct.org","1812 Centre Creek Drive, Suite 215","","Austin","TX","78754","Travis","","","https://vlsoct.org","false","false","","Horario de clínicas no confirmado — llamar directamente. Origen: Recursos_Bastrop.csv, fila 54; Recursos_Travis_No_Austin.csv, fila 37. Consolidado de 2 entradas equivalentes."
"American Gateways","American Gateways","American Gateways","Servicios legales de inmigración para 23 condados del centro de Texas, incluido Bastrop.","Immigration legal services for 23 Central Texas counties, including Bastrop.","Confirmado en su propia página ""About"" que sirve Bastrop. Maneja asilo, VAWA, visas U/T, defensa de deportación, residencia permanente y naturalización. Requiere llamada telefónica de evaluación; capacidad de nuevos casos puede ser limitada.","Confirmed on its own ""About"" page to serve Bastrop. Handles asylum, VAWA, U/T visas, deportation defense, permanent residency, and naturalization. Requires a phone screening; new-case capacity may be limited.","","ayuda-legal","","","","en","phone","unknown","","","","","","","2ª y 4ª semana del mes, L–J 9am–5pm (Austin)","","","","Condado de Bastrop","Bastrop County","512-478-0546","","","","https://americangateways.org","314 E. Highland Mall Blvd, Suite 501","","Austin","TX","78752","Bastrop","","","https://americangateways.org","false","false","","Confirmado con fuente primaria (sitio oficial de la organización). Origen: Recursos_Bastrop.csv, fila 55."
"Bastrop County Government","Autoayuda Legal — Juez de Paz, Precinto 1, Condado de Bastrop","Bastrop County Justice of the Peace Pct. 1 Self-Help","Paquetes de autoayuda y formularios para casos de reclamos menores sin abogado.","Self-help packets and forms for small claims cases without a lawyer.","Recurso oficial del condado: paquetes de autoayuda para presentar o responder a una demanda de reclamos menores, formulario de solicitud de indigencia civil, y un directorio de referencia a servicios de ayuda legal externos. No es representación legal.","Official county resource: self-help packets for filing or responding to a small-claims case, a civil indigent-status request form, and a referral directory to outside legal aid organizations. Not legal representation.","","ayuda-legal","","","","es|en","phone","unknown","","","","","","","Lun–Vie 8am–4pm; español disponible L–V 8am–3pm (representante bilingüe)","","","","Condado de Bastrop","Bastrop County","512-581-4258","","","","https://bastropcounty.gov/page/jp1","Bastrop County Courthouse, 803 Pine St","","Bastrop","TX","78602","Bastrop","","","https://bastropcounty.gov/page/jp1","false","false","","Fuente primaria (bastropcounty.gov), alta confiabilidad. Origen: Recursos_Bastrop.csv, fila 56."
"State Bar of Texas","Servicio de Referencia e Información de Abogados del Colegio de Abogados de Texas","State Bar of Texas Lawyer Referral & Information Service (LRIS)","Servicio de referencia a abogados de pago reducido, disponible en todo Texas.","Reduced-fee attorney referral service, available statewide.","Servicio de referencia estatal que conecta al solicitante con un abogado según el tipo de caso; costo típico de $20 por consulta de 30 minutos. Disponible para todos los condados de Texas, incluido Bastrop.","Statewide referral service matching callers with an attorney by case type; typical cost is $20 for a 30-minute consultation. Available for all Texas counties, including Bastrop.","","ayuda-legal","","","","en","phone","unknown","","","","","","","Lun–Vie 8:30am–4:30pm","","","","Condado de Bastrop","Bastrop County","800-252-9690","","","","https://texasbar.com/lris/","1414 Colorado St","","Austin","TX","78701","Bastrop","","","https://texasbar.com/lris/","false","false","","Es un servicio de referencia de pago reducido, no asistencia legal gratuita — aclarar esta distinción al referir. Origen: Recursos_Bastrop.csv, fila 57."
"Family Crisis Center, Inc.","Centro de Crisis Familiar (Refugio del Condado de Bastrop)","Family Crisis Center (Bastrop County Women's Shelter)","Refugio de emergencia y línea de crisis 24/7 para sobrevivientes de violencia doméstica y agresión sexual.","Emergency shelter and 24/7 crisis line for survivors of domestic violence and sexual assault.","Fundado en 1983; refugio de 30 camas (máx. 30 días), intervención en crisis, consejería, asistencia legal con órdenes de protección y vivienda de transición. Gratuito y confidencial; sirve mujeres, hombres, adolescentes, inmigrantes y sobrevivientes de trata. Servicios especializados para personas sordas, con discapacidad, militares y LGBTQ.","Founded in 1983; 30-bed shelter (30-day max stay), crisis intervention, counseling, legal help with protective orders, and transitional housing. Free and confidential; serves women, men, teens, immigrants, and trafficking survivors. Specialized services for deaf, disabled, military, and LGBTQ individuals.","","otros-recursos","ayuda-legal","","","es|en","phone","free","","","","","","","Línea de crisis 24/7/365; oficina L–V 9am–5pm","","","","Condado de Bastrop","Bastrop County","512-303-7755","","","","https://family-crisis-center.org","","","","","","","","","https://family-crisis-center.org","false","false","","Dirección del refugio no publicada por seguridad — práctica estándar, no una falta de información. Hope Alliance fue verificado como recurso de Williamson County, NO de Bastrop — no incluir como referido de Bastrop. Origen: Recursos_Bastrop.csv, fila 58."
"Bastrop County Government","Oficina de Servicios para Veteranos del Condado de Bastrop","Bastrop County Veteran Services Office","Asesoría gratuita sobre beneficios federales, estatales y locales para veteranos y familias.","Free counseling on federal, state, and local veterans' benefits for veterans and families.","Oficiales acreditados ayudan con solicitudes y navegación de beneficios VA, estatales y del condado; son empleados del condado, no del VA. No ofrece transporte directamente, pero refiere a CARTS para llegar a citas.","Accredited officers help veterans/families apply for and navigate VA, state, and county benefits; they are county employees, not VA staff. Does not directly provide transportation, but refers veterans to CARTS for appointments.","","otros-recursos","","","","en","in_person","free","","","","","","","Bastrop: L–J 8am–5pm (con cita); Elgin: jueves 1:30–3pm; Smithville: miércoles 1:30–3pm (todo con cita)","","","","Condado de Bastrop","Bastrop County","512-581-4006","","","","https://bastropcounty.gov/page/co.veteran_services","Oficina: 104 Loop 150 W","","Bastrop","TX","78602","Bastrop","","","https://bastropcounty.gov/page/co.veteran_services","false","false","","Verificado en fuente oficial (bastropcounty.gov). Correo: veterans.service@co.bastrop.tx.us. Origen: Recursos_Bastrop.csv, fila 59."
"Red, White & Blue Veterans of Bastrop County","Veteranos Rojo, Blanco y Azul del Condado de Bastrop","Red, White & Blue Veterans of Bastrop County","Organización que recauda y distribuye fondos benévolos a veteranos del condado.","Nonprofit raising and distributing benevolent funds to county veterans.","501(c)(3) que otorga fondos a veteranos y organizaciones de veteranos, becas NJROTC y ceremonias conmemorativas.","501(c)(3) granting funds to veterans and veteran organizations, NJROTC scholarships, and memorial ceremonies.","","otros-recursos","","","","en","phone","unknown","","","","","","","Reuniones mensuales (mar–nov); banquete anual en noviembre","","","","Condado de Bastrop","Bastrop County","330-418-9164","","","","https://rwbveterans.com","","","","","","","","","https://rwbveterans.com","false","false","","Correo: rwbveteransofbastropcounty@gmail.com. Origen: Recursos_Bastrop.csv, fila 61."
"Workforce Solutions Rural Capital Area (WSRCA)","Servicios de Cuidado Infantil — Workforce Solutions Rural Capital Area","Child Care Services — Workforce Solutions Rural Capital Area","Becas/subsidios de cuidado infantil para familias elegibles del condado.","Child care tuition scholarships/subsidies for eligible county families.","Asistencia financiera para cuidado infantil de familias que trabajan/estudian/buscan empleo (mínimo 25 horas/semana un padre soltero, 50 horas combinadas dos padres); límites de ingresos según tamaño familiar; residencia en uno de nueve condados del Área Rural de la Capital, incluido Bastrop.","Financial assistance for child care for families working/studying/job-seeking (minimum 25 hrs/week single parent, 50 combined hrs two-parent); income limits by household size; residence in one of nine Rural Capital Area counties, including Bastrop.","","otros-recursos","","","","es|en","online","unknown","","","","","","","","","","","Condado de Bastrop","Bastrop County","877-223-0404","","","","https://workforcesolutionsrca.com/childcare/parents","","","","","","","","","https://workforcesolutionsrca.com/childcare/parents","false","false","","Confirmar límites de ingreso vigentes directamente. Origen: Recursos_Bastrop.csv, fila 62."
"Bastrop Community Senior Center","Centro Comunitario de Adultos Mayores de Bastrop","Bastrop Community Senior Center","Centro para adultos de 50+ años con actividades recreativas y de bienestar.","Center for adults 50+ with recreational and wellness activities.","Actividades recreativas, saludables y educativas para adultos de 50+ años; dirigido por junta comunitaria, sin requisitos más allá de la edad.","Recreational, health, and educational activities for adults 50+; community board-led, no requirements beyond age.","","otros-recursos","","","","en","in_person","unknown","","","","","","","","","","","Condado de Bastrop","Bastrop County","512-303-0072","","","","https://bastropcommunityseniorcenter.org","1209-A Linden St","","Bastrop","TX","78602","Bastrop","","","https://bastropcommunityseniorcenter.org","false","false","","Verificado en directorio de la Cámara de Bastrop y sitio propio; horario no confirmado. Origen: Recursos_Bastrop.csv, fila 63."
"Ciudad de Elgin, Parques y Recreación","Actividades para Adultos Mayores de Elgin","Elgin Senior Activities","Programa municipal con clases y actividades sociales gratuitas para adultos mayores.","Municipal program with free classes and social activities for older adults.","Clases de caminata, tai chi, yoga suave, meditación, club social de café, bingo y manualidades para adultos mayores activos.","Walking classes, tai chi, gentle yoga, meditation, coffee social club, bingo, and crafts for active older adults.","","otros-recursos","","","","en","in_person","free","","","","","","","Clases entre semana 8–10am; algunos sábados 10–11:30am; club de café L–V 8–11am; ""Prime Timer"" lunes 2–4pm","","","","Condado de Bastrop","Bastrop County","","","","","https://elgintexas.gov/604/Senior-Activities","","","","","","","","","https://elgintexas.gov/604/Senior-Activities","false","false","","Teléfono y dirección exactos no confirmados — verificar en elgintexas.gov. Origen: Recursos_Bastrop.csv, fila 64."
"Ladies of Charity of Bastrop / Ascension Catholic Church","Damas de la Caridad de Bastrop (Iglesia Ascension)","Ladies of Charity of Bastrop (Ascension Catholic Church)","Ministerio católico con tienda de segunda mano y ayuda con ropa, servicios públicos y apoyo médico.","Catholic ministry with thrift store and help with clothing, utilities, and medical support.","Programa de San Vicente de Paúl en la parroquia Ascension; ofrece ropa/enseres, programa ""Pink Santa"", ayuda con desastres, pago de servicios públicos, apoyo médico (recetas, lentes, equipo) y Meals on Wheels; sin restricciones documentadas de elegibilidad.","St. Vincent de Paul program at Ascension parish; offers clothing/goods, the ""Pink Santa"" program, disaster relief, utility bill help, medical support (prescriptions, glasses, equipment), and Meals on Wheels; no documented eligibility restrictions.","","otros-recursos","","","","es|en","in_person","unknown","","","","","","","Lun y Vie 9am–12:30pm; Mié 12–4pm; 1er/3er sábado 9am–12:30pm","","","","Condado de Bastrop","Bastrop County","512-321-9819","","","","https://ascensionbastrop.com/locbastrop","1202 Pine St","","Bastrop","TX","78602","Bastrop","","","https://ascensionbastrop.com/locbastrop","false","false","","Algunas fuentes de terceros lo listan bajo el nombre antiguo ""Sacred Heart Catholic Church""; la parroquia actual es Ascension. Origen: Recursos_Bastrop.csv, fila 65."
"Born Again Emporium (esfuerzo conjunto de 8 iglesias de Smithville)","Tienda Born Again Emporium","Born Again Emporium Thrift Store","Tienda de segunda mano de ocho iglesias que reinvierte ganancias en organizaciones comunitarias.","Thrift store run by eight churches, reinvesting proceeds into community organizations.","Esfuerzo conjunto de Calvary Baptist, First Baptist, First United Methodist, First Presbyterian, Grace Lutheran, Lost Pines Bible Church, St. Paul Catholic y RVICS; otorga subvenciones a organizaciones de servicios humanos del condado.","Joint effort of Calvary Baptist, First Baptist, First United Methodist, First Presbyterian, Grace Lutheran, Lost Pines Bible Church, St. Paul Catholic, and RVICS; awards grants to county human-services organizations.","","otros-recursos","","","","en","in_person","unknown","","","","","","","Viernes y sábado, 9am–2pm","","","","Condado de Bastrop","Bastrop County","512-237-2060","","","","https://bornagaine.com","1642 NE Loop 230","","Smithville","TX","78957","Bastrop","","","https://bornagaine.com","false","false","","Verificado en bornagaine.com. Origen: Recursos_Bastrop.csv, fila 66."
"Bastrop County Cares","Bastrop County Cares","Bastrop County Cares","Hub sin fines de lucro que conecta a familias con recursos de educación, salud y estabilidad.","Nonprofit hub connecting families to education, health, and stability resources.","Conecta a residentes con pañales, sillas de auto, apoyo alimentario/WIC, transporte médico, comidas y capacitación vocacional; funciona como punto central de referidos para el condado.","Connects residents to diapers, car seats, food/WIC support, medical transportation, meals, and vocational training; serves as a central referral hub for the county.","","otros-recursos","","","","es|en","online","unknown","","","","","","","Línea de llamadas L–V 9am–4pm","","","","Condado de Bastrop","Bastrop County","512-409-3116","","","","https://bastropcares.org","","","","","","","","","https://bastropcares.org","false","false","","Dirección física no confirmada. Origen: Recursos_Bastrop.csv, fila 67."
"Circle of Hope Community Center","Circle of Hope Community Center","Circle of Hope Community Center","Despensa de alimentos y centro de recursos comunitarios en Pflugerville.","Food pantry and community resource center in Pflugerville.","Despensa de alimentos tipo drive-thru, centro de aprendizaje y recursos comunitarios. Ver reglas específicas de elegibilidad en el sitio.","Drive-thru food pantry, learning center, and community resources. See specific eligibility rules on the website.","","comida","","","","es|en","in_person","unknown","","","","","","","Despensa ""drive-thru"": lunes y viernes, 8–11 a.m.; no se requiere cita","","","","Condado de Travis, Condado de Williamson","Travis County, Williamson County","512-692-8001","","","","https://circleofhopecc.org","2900 W. Pecan St. (entrada por Three Points Rd)","","Pflugerville","TX","78660","Travis","","","https://circleofhopecc.org","false","false","","Origen: Recursos_Travis_No_Austin.csv, fila 2."
"Travis County Health and Human Services","Centro Comunitario del Condado de Travis — Pflugerville","Travis County Community Center — Pflugerville","Centro multiservicio del condado: despensa, ayuda de servicios públicos, empleo y más.","County multi-service center: food pantry, utility assistance, employment help, and more.","Uno de los 6 centros comunitarios de Travis County: despensa de alimentos, asistencia con servicios públicos, computadoras públicas para búsqueda de empleo, ropero, trabajo social/manejo de casos, almuerzo para adultos mayores (lun/mié/vie, 60+), y reparaciones menores del hogar.","One of Travis County's 6 community centers: food pantry, utility assistance, public computers for job searching, clothing closet, social work/case management, senior lunch (Mon/Wed/Fri, 60+), and minor home repairs.","","otros-recursos","","","","es|en","in_person","unknown","","","","","","","Lun–Vie 8am–5pm (despensa cerrada martes por la mañana para reabastecer); ropero 8:30am–4:30pm","","","","Condado de Travis","Travis County","512-854-1530","","","","https://traviscountytx.gov/health-human-services/individuals-families/pflugerville","15822 Foothill Farms Loop","","Pflugerville","TX","78660","Travis","","","https://traviscountytx.gov/health-human-services/individuals-families/pflugerville","false","false","","Origen: Recursos_Travis_No_Austin.csv, fila 3."
"CommUnityCare Health Centers","Pflugerville Health Center (CommUnityCare)","Pflugerville Health Center (CommUnityCare)","Clínica de salud familiar, pediátrica y dental con tarifas según ingreso.","Family, pediatric, and dental health clinic with income-based fees.","Medicina familiar e interna, pediatría, salud de la mujer, consejería de salud conductual, y odontología para adultos y niños. Escala móvil de pago según ingresos; asistencia financiera disponible.","Family and internal medicine, pediatrics, women's health, behavioral health counseling, and dental care for adults and children. Sliding-scale fees based on income; financial assistance available.","","salud","","","","en","in_person","sliding_scale","","","","","","","Médico: Lun–Jue 7am–7pm, Vie 7am–5pm, Sáb 8am–12pm; Dental adultos Lun–Jue 7:30am–6pm; Dental pediátrica Mar–Jue 7:30am–6pm","","","","Condado de Travis","Travis County","512-978-9840","","","","https://communitycaretx.org/all-locations/pflugerville-health-center/","2700 W. Pecan St., Suite #450","","Pflugerville","TX","78660","Travis","","","https://communitycaretx.org/all-locations/pflugerville-health-center/","false","false","","Origen: Recursos_Travis_No_Austin.csv, fila 4."
"Pflugerville Independent School District","Distrito Escolar de Pflugerville — Trabajo Social y Asistencia Alimentaria","Pflugerville ISD — Social Work & Local Food Assistance","Directorio de asistencia alimentaria y recursos familiares para familias del distrito.","Directory of food assistance and family resources for district families.","Directorio de recursos de asistencia alimentaria y apoyo familiar para estudiantes y familias inscritas en Pflugerville ISD, coordinado por el equipo de trabajo social del distrito.","Directory of food assistance and family support resources for students and families enrolled in Pflugerville ISD, coordinated by the district's social work team.","","otros-recursos","","","","en","online","unknown","","","","","","","","","","","Condado de Travis","Travis County","","","","","https://pfisd.net/programs/social-work/local-food-assistance","","","","","","","","","https://pfisd.net/programs/social-work/local-food-assistance","false","false","","Origen: Recursos_Travis_No_Austin.csv, fila 5."
"City of Pflugerville / Pflugerville Community Development Corporation","Biblioteca Pública de Pflugerville — Recursos de Empleo","Pflugerville Public Library — Employment Resources","Asesoría de currículum, búsqueda de empleo y conexión con oficios calificados.","Résumé help, job search assistance, and connections to skilled trades.","Programa de asistencia de búsqueda de empleo (revisión de currículum y carta de presentación, orientación, taller con IA) y el programa ""Blue Career Workforce"" en colaboración con la Corporación de Desarrollo Comunitario, que conecta a buscadores de empleo con carreras de oficios calificados.","Job search assistance program (résumé and cover letter review, guidance, AI-assisted workshop) and the ""Blue Career Workforce"" program with the Community Development Corporation, connecting job seekers to skilled trades careers.","","educacion","otros-recursos","","","en","in_person|online","unknown","","","","","","","Asistencia presencial 2do y 4to sábado, 11am–1pm; talleres con registro previo","","","","Condado de Travis","Travis County","512-990-6375","","","","https://library.pflugervilletx.gov","1008 W. Pfluger St.","","Pflugerville","TX","78660","Travis","","","https://library.pflugervilletx.gov","false","false","","Origen: Recursos_Travis_No_Austin.csv, fila 6."
"City of Pflugerville","Pflugerville Parks & Recreation — Programas para Adultos Mayores","Pflugerville Parks & Recreation — Senior Programs","Actividades y clubes para adultos mayores de 55+.","Activities and clubs for adults 55+.","Programas para adultos de 55+: manualidades, clubes sociales, eventos y acceso a FabLab.","Programs for adults 55+: crafts, social clubs, events, and FabLab access.","","otros-recursos","","","","en","in_person","unknown","","","","","","","Varía por programa","","","","Condado de Travis","Travis County","","","","","https://pflugervilletx.gov/368/Senior-Programs","Pflugerville Recreation Center, 400 Immanuel Rd","","Pflugerville","TX","78660","Travis","","","https://pflugervilletx.gov/368/Senior-Programs","false","false","","Origen: Recursos_Travis_No_Austin.csv, fila 7."
"Travis County Health and Human Services","Centro Comunitario del Condado de Travis — Manor","Travis County Community Center — Manor","Centro multiservicio del condado: despensa, servicios públicos, comidas para mayores y empleo.","County multi-service center: food pantry, utility assistance, senior meals, and employment help.","Despensa de alimentos (~5 días de provisiones frescas y congeladas), asistencia con servicios públicos, trabajo social/manejo de casos, y comidas gratuitas para adultos de 60+ con actividades recreativas.","Food pantry (~5 days of fresh and frozen provisions), utility assistance, social work/case management, and free meals for adults 60+ with recreational activities.","","otros-recursos","","","","es","in_person","free","","","","","","","Lun–Vie 8am–5pm; despensa cerrada martes por la mañana para reabastecer; comidas de mayores lun/mié/vie 10am–1pm","","","","Condado de Travis","Travis County","512-854-1550","","","","https://traviscountytx.gov/health-human-services/individuals-families/manor","600 W. Carrie Manor St.","","Manor","TX","78653","Travis","","","https://traviscountytx.gov/health-human-services/individuals-families/manor","false","false","","Origen: Recursos_Travis_No_Austin.csv, fila 9."
"Travis County Health and Human Services","Centro Comunitario del Condado de Travis — Del Valle","Travis County Community Center — Del Valle","Centro multiservicio del condado: despensa, WIC, ropero y ayuda de empleo.","County multi-service center: food pantry, WIC, clothing closet, and job help.","Despensa de alimentos mensual, servicios de WIC, ropero comunitario, asistencia con servicios públicos, reparaciones de eficiencia energética, computadoras para búsqueda de empleo, y comidas gratuitas para adultos mayores.","Monthly food pantry, WIC services, community clothing closet, utility assistance, energy-efficiency repairs, job-search computers, and free meals for older adults.","","otros-recursos","","","","es|en","in_person","free","","","","","","","Lun–Vie 8am–5pm; despensa mensual; comidas de mayores mar–jue 10am–1pm","","","","Condado de Travis","Travis County","512-854-1520","","","","https://traviscountytx.gov/health-human-services/individuals-families/del-valle","3518 FM 973","","Del Valle","TX","78617","Travis","","","https://traviscountytx.gov/health-human-services/individuals-families/del-valle","false","false","","Origen: Recursos_Travis_No_Austin.csv, fila 10."
"Central Texas Food Bank / Del Valle ISD","Despensa Móvil de Del Valle HS (Central Texas Food Bank / DVISD)","Del Valle HS Mobile Food Pantry (Central Texas Food Bank / DVISD)","Distribución mensual de alimentos gratuitos en el plantel escolar.","Monthly free food distribution at the school campus.","Distribución móvil mensual de alimentos gratuitos para la comunidad, en las instalaciones de Del Valle High School.","Monthly mobile distribution of free food for the community, held at Del Valle High School.","","comida","","","","en","phone","free","","","","","","","","","","","Condado de Travis","Travis County","","","","","https://centraltexasfoodbank.org/location/del-valle-hs-del-valle-mobile-food-pantry","Del Valle High School","","Del Valle","TX","78617","Travis","","","https://centraltexasfoodbank.org/location/del-valle-hs-del-valle-mobile-food-pantry","false","false","","Origen: Recursos_Travis_No_Austin.csv, fila 11."
"CommUnityCare Health Centers","Del Valle Health & Wellness Center (CommUnityCare / Central Health)","Del Valle Health & Wellness Center (CommUnityCare / Central Health)","Clínica, farmacia y dental en Del Valle.","Clinic, pharmacy, and dental care in Del Valle.","Atención clínica primaria, farmacia y servicios dentales para la comunidad de Del Valle.","Primary care, pharmacy, and dental services for the Del Valle community.","","salud","","","","en","in_person","unknown","","","","","","","Clínica Lun–Vie 7am–6pm; Farmacia Lun–Vie 8am–6pm","","","","Condado de Travis","Travis County","","","","","https://communitycaretx.org/all-locations/del-valle-health-and-wellness-center/","7050 Elroy Rd.","","Del Valle","TX","78617","Travis","","","https://communitycaretx.org/all-locations/del-valle-health-and-wellness-center/","false","false","","Origen: Recursos_Travis_No_Austin.csv, fila 12."
"People's Community Clinic / Integral Care","Manor Mustang Health Center (People's Community Clinic + Integral Care)","Manor Mustang Health Center (People's Community Clinic + Integral Care)","Clínica escolar de salud física y emocional para Manor ISD.","School-based physical and behavioral health clinic for Manor ISD.","Atención primaria de salud y bienestar emocional, ubicada dentro de un plantel de Manor ISD. Elegibilidad limitada a estudiantes de Manor ISD y sus hermanos menores — no atiende a la comunidad general.","Primary care and behavioral health, located within a Manor ISD campus. Eligibility limited to Manor ISD students and their younger siblings — does not serve the general community.","","salud","","","","en","in_person","unknown","","","","","","","Lun–Mar 8:15am–4:30pm; Mié y Vie 8:15am–12pm; Jue 12:45–4:30pm","","","","Condado de Travis","Travis County","512-684-1944","","","","https://austinpcc.org/our-programs/other/manor-isd-clinic/","10323 US Hwy 290 E, Bldg 35 (detrás de Manor New Tech)","","Manor","TX","78653","Travis","","","https://austinpcc.org/our-programs/other/manor-isd-clinic/","false","false","","Servicio restringido a familias de Manor ISD, no es un recurso comunitario abierto Origen: Recursos_Travis_No_Austin.csv, fila 13."
"Manor Independent School District","Manor ISD — Project Hope (McKinney-Vento)","Manor ISD — Project Hope (McKinney-Vento)","Apoyo y protección de derechos educativos para familias sin vivienda estable.","Educational rights support and protection for families without stable housing.","Protege los derechos educativos y ofrece apoyo a estudiantes y familias en situación de ""homeless"" según la definición federal (McKinney-Vento), dentro de Manor ISD.","Protects the educational rights of and provides support to students and families experiencing homelessness under the federal McKinney-Vento definition, within Manor ISD.","","otros-recursos","","","","en","phone","unknown","","","","","","","","","","","Condado de Travis","Travis County","512-278-4099","","","","https://manorisd.net/Page/2159","","","","","","","","","https://manorisd.net/Page/2159","false","false","","Origen: Recursos_Travis_No_Austin.csv, fila 14."
"Del Valle Independent School District","Del Valle ISD — Apoyo Estudiantil y Familiar","Del Valle ISD — Student and Family Support","Bienestar emocional estudiantil, enlace de vivienda inestable y salud escolar.","Student emotional wellness, homeless liaison, and school health services.","Departamento distrital de bienestar emocional estudiantil, compromiso familiar-comunitario, servicios de salud escolar, y enlace para familias en situación de vivienda inestable (incluye Del Valle, Creedmoor y Mustang Ridge dentro del distrito).","District department covering student emotional wellness, family-community engagement, school health services, and a homeless-liaison contact (covers Del Valle, Creedmoor, and Mustang Ridge within the district).","","otros-recursos","","","","en","phone","unknown","","","","","","","","","","","Condado de Travis","Travis County","512-386-3000","","","","https://dvisd.net/departments/student-and-family-support","5301 Ross Rd","","Del Valle","TX","78617","Travis","","","https://dvisd.net/departments/student-and-family-support","false","false","","Origen: Recursos_Travis_No_Austin.csv, fila 15."
"East Travis Gateway Library District","Biblioteca Garfield / East Travis Gateway Library District","Garfield Library / East Travis Gateway Library District","Biblioteca pública con wifi, impresión y servicio de notario.","Public library with wifi, printing, and notary service.","Biblioteca pública que sirve a un distrito específico del este rural de Travis County (~17,000 residentes): acceso a internet/wifi, impresión, copias y notario.","Public library serving a specific rural east Travis County district (~17,000 residents): internet/wifi access, printing, copies, and notary service.","","otros-recursos","","","","en","in_person","unknown","","","","","","","","","","","Condado de Travis","Travis County","512-247-7371","","","","https://etgld.org","5121 Albert Brown Dr.","","Del Valle","TX","78617","Travis","","","https://etgld.org","false","false","","Origen: Recursos_Travis_No_Austin.csv, fila 16."
"Lake Travis Crisis Ministries","Lake Travis Crisis Ministries","Lake Travis Crisis Ministries","Despensa, asistencia financiera de emergencia y referencias médicas para el área de Lake Travis.","Food pantry, emergency financial assistance, and medical referrals for the Lake Travis area.","Recurso ancla del área: despensa de alimentos semanal, asistencia financiera de emergencia para renta y servicios públicos, referencias médicas/dentales y lentes. Elegibilidad: vivir o trabajar dentro de los límites de Lake Travis ISD.","The area's anchor resource: weekly food pantry, emergency financial assistance for rent and utilities, medical/dental referrals, and eyeglasses. Eligibility: live or work within Lake Travis ISD boundaries.","","recursos-financieros","comida|vivienda","","","en","in_person|online","unknown","","","","","","","Mié 5–7pm, Jue 10am–12pm","","","","Condado de Travis","Travis County","512-266-9810","","","","https://ltcrisisministries.org","1304 Ranch Road 620 N. #100","","Lakeway","TX","78734","Travis","","","https://ltcrisisministries.org","false","false","","Origen: Recursos_Travis_No_Austin.csv, fila 17."
"Travis County Health and Human Services","Centro Comunitario del Condado de Travis — Jonestown","Travis County Community Center — Jonestown (North West Rural)","Centro multiservicio: despensa, ayuda de emergencia, trámites de beneficios y empleo para mayores.","Multi-service center: food pantry, emergency assistance, benefits enrollment help, and senior employment.","Despensa (cada 30 días), ayuda de emergencia para renta/hipoteca/servicios (cada 3 meses), trámites de SNAP/WIC/SSI, comidas para mayores de 60+, revisiones de salud gratuitas mensuales, y programa de empleo para mayores (SCSEP, 55+ desempleados de bajo ingreso).","Food pantry (every 30 days), emergency rent/mortgage/utility assistance (every 3 months), SNAP/WIC/SSI enrollment help, meals for seniors 60+, free monthly health screenings, and a senior employment program (SCSEP, for low-income unemployed adults 55+).","","otros-recursos","","","","en","in_person|phone","free","","","","","","","Lun–Vie 8am–5pm; revisiones de salud gratis último lunes del mes 10am–12pm","","","","Condado de Travis","Travis County","512-854-1500","","","","https://traviscountytx.gov/health-human-services/individuals-families/jonestown","18649 FM 1431, Ste. 6A","","Jonestown","TX","78645","Travis","","","https://traviscountytx.gov/health-human-services/individuals-families/jonestown","false","false","","Origen: Recursos_Travis_No_Austin.csv, fila 18."
"Lone Star Circle of Care","Lone Star Circle of Care at Jonestown","Lone Star Circle of Care at Jonestown","Medicina familiar y atención de urgencia con tarifas según ingreso.","Family medicine and urgent care with income-based fees.","Medicina familiar y atención de urgencia, con visitas virtuales disponibles; escala móvil de pago para pacientes con o sin seguro.","Family medicine and urgent care, with virtual visits available; sliding-scale fees for insured and uninsured patients.","","salud","","","","en","in_person|online","sliding_scale","","","","","","","Lun–Vie 8am–5pm","","","","Condado de Travis","Travis County","877-800-5722","","","","https://lonestarcares.org/location/lone-star-circle-of-care-at-jonestown/","18220 FM 1431, Suite D","","Jonestown","TX","78645","Travis","","","https://lonestarcares.org/location/lone-star-circle-of-care-at-jonestown/","false","false","","Origen: Recursos_Travis_No_Austin.csv, fila 19."
"Hill Country Community Ministries","Hill Country Community Ministries (HCCM)","Hill Country Community Ministries (HCCM)","Despensa de alimentos y tienda de segunda mano, con distribución móvil en Jonestown.","Food pantry and thrift store, with mobile distribution in Jonestown.","Despensa de alimentos, programa ""Fresh Food For All"" y tienda de segunda mano, para familias en crisis por desempleo, pobreza o enfermedad. Su sede está en Leander, pero realiza distribución móvil confirmada en el Jonestown Community Center — confirmar calendario vigente.","Food pantry, ""Fresh Food For All"" program, and thrift store for families in crisis due to unemployment, poverty, or illness. Headquartered in Leander, but confirmed to run mobile distribution at the Jonestown Community Center — confirm current schedule.","","comida","","","","en","in_person","unknown","","","","","","","Despensa en sede: Lun–Vie 9am–3pm (jueves hasta 7pm)","","","","Condado de Williamson","Williamson County","512-259-0360","","","","https://hccm.org","Sede: 1005 Lacy Drive","","Leander","TX","78641","Williamson","","","https://hccm.org","false","false","","Verificar calendario vigente de distribución móvil en Jonestown antes de referir Origen: Recursos_Travis_No_Austin.csv, fila 20."
"Service League of Greater Lakeway","Service League of Greater Lakeway","Service League of Greater Lakeway","Préstamo de equipo médico para residentes de Lakeway y The Hills.","Medical equipment loans for residents of Lakeway and The Hills.","Préstamo de equipo médico (sillas de ruedas, andadores, etc.) para residentes de Lakeway y The Hills. Anteriormente ofrecía transporte, actualmente pausado.","Medical equipment loans (wheelchairs, walkers, etc.) for residents of Lakeway and The Hills. Previously offered transportation, currently paused.","","salud","otros-recursos","","","en","phone","unknown","","","","","","","","","","","Condado de Travis","Travis County","512-261-3514","","","","https://lakeway-tx.gov/1092/Service-League-of-Greater-Lakeway","","","","","","","","","https://lakeway-tx.gov/1092/Service-League-of-Greater-Lakeway","false","false","","Origen: Recursos_Travis_No_Austin.csv, fila 21."
"City of Lakeway","Lakeway Activity Center","Lakeway Activity Center","Clubes, clases y eventos para adultos y adultos mayores en Lakeway.","Clubs, classes, and events for adults and seniors in Lakeway.","Clubes y clases para adultos y adultos mayores, feria de salud anual, notaría gratuita para miembros, y salones para eventos. Abierto a residentes y no residentes (membresía opcional).","Clubs and classes for adults and seniors, an annual health fair, free notary for members, and event spaces. Open to residents and non-residents (optional membership).","","otros-recursos","","","","en","in_person","free","","","","","","","Oficina Lun–Vie 8am–5pm; eventos hasta 10–11pm según el día","","","","Condado de Travis","Travis County","512-261-1010","","","","https://lakeway-tx.gov/64/Activity-Center","105 Cross Creek","","Lakeway","TX","78734","Travis","","","https://lakeway-tx.gov/64/Activity-Center","false","false","","Origen: Recursos_Travis_No_Austin.csv, fila 22."
"Lake Travis Community Library","Lake Travis Community Library — Servicios para Adultos Mayores","Lake Travis Community Library — Senior Services","Programas y servicios para adultos mayores en la biblioteca de Lakeway.","Programs and services for older adults at the Lakeway library.","Serie de programas ""Lake Travis Senior Services"" además de programas juveniles/adultos y oportunidades de voluntariado.","""Lake Travis Senior Services"" program series, plus youth/adult programs and volunteer opportunities.","","otros-recursos","","","","en","in_person","unknown","","","","","","","No confirmado","","","","Condado de Travis","Travis County","","","","","https://laketravislibrary.org/series/lake-travis-senior-services/","","","","","","","","","https://laketravislibrary.org/series/lake-travis-senior-services/","false","false","","El sitio devolvió error de acceso (403) durante la verificación; confirmar dirección exacta directamente Origen: Recursos_Travis_No_Austin.csv, fila 23."
"Lake Travis Independent School District","Lake Travis ISD — Oficina de Programas Comunitarios","Lake Travis ISD — Office of Community Programs","Cuidado infantil extendido y campamentos de verano (de pago) para familias del distrito.","Extended childcare and summer camps (paid) for district families.","Centro de desarrollo infantil, cuidado extendido después de clases y campamentos de verano, para familias inscritas en LTISD. Nota: son programas de pago, no asistencia gratuita.","Child development center, after-school extended care, and summer camps for LTISD families. Note: these are paid programs, not free assistance.","","otros-recursos","","","","en","in_person","free","","","","","","","Cuidado extendido hasta 6pm; campamento de verano 7am–6pm","","","","Condado de Travis","Travis County","512-533-6011","","","","https://ltisdschools.org/community/community-programs","","","","","","","","","https://ltisdschools.org/community/community-programs","false","false","","Programas de pago, no asistencia gratuita — útil como recurso informativo, no como ayuda económica Origen: Recursos_Travis_No_Austin.csv, fila 24."
"Manchaca United Methodist Church","Manchaca United Methodist Church — Despensa de Alimentos","Manchaca United Methodist Church — Food Pantry","Alimentos frescos, pañales y artículos de higiene en Manchaca.","Fresh food, diapers, and hygiene items in Manchaca.","Alimentos frescos y empacados, pañales y artículos de higiene, distribuidos vía Central Texas Food Bank y Austin Diaper Bank.","Fresh and packaged food, diapers, and hygiene items, distributed via Central Texas Food Bank and Austin Diaper Bank.","","comida","","","","en","in_person","unknown","","","","","","","Sábados 9–11am","","","","Condado de Travis","Travis County","512-282-7274","","","","https://manchacaumc.org/food-pantry","1011 FM 1626","","Manchaca","TX","78652","Travis","","","https://manchacaumc.org/food-pantry","false","false","","Origen: Recursos_Travis_No_Austin.csv, fila 26."
"City of Creedmoor / Central Texas Food Bank","Mercado Móvil y Distribución de Alimentos de Creedmoor","Creedmoor Mobile Market & Food Distribution","Mercado móvil de alimentos mensual en el centro comunitario de Creedmoor.","Monthly mobile food market at the Creedmoor community center.","Distribución de alimentos / mercado móvil mensual; se recomienda traer bolsas propias.","Monthly mobile food market/distribution; bring your own bags.","","comida","","","","en","in_person","unknown","","","","","","","3er martes del mes, 9:00–10:30am","","","","Condado de Travis","Travis County","512-243-6700","","","","https://cityofcreedmoortx.gov","Creedmoor Community Center, 12513 FM 1625","","Creedmoor","TX","78610","Travis","","","https://cityofcreedmoortx.gov","false","false","","Origen: Recursos_Travis_No_Austin.csv, fila 27."
"Central Texas Food Bank / Del Valle ISD","Despensa Móvil de Creedmoor Elementary (CTFB / Del Valle ISD)","Creedmoor Elementary Mobile Food Pantry (CTFB / Del Valle ISD)","Despensa móvil mensual en el plantel escolar de Creedmoor.","Monthly mobile pantry at the Creedmoor school campus.","Despensa móvil de alimentos abierta a la comunidad, con asistencia adicional para solicitar beneficios como SNAP. Sirve el área de Creedmoor y Mustang Ridge dentro de Del Valle ISD.","Community-open mobile food pantry, with additional help applying for benefits like SNAP. Serves the Creedmoor and Mustang Ridge area within Del Valle ISD.","","comida","","","","en","in_person","unknown","","","","","","","3er martes del mes, 8:30–9:30am (confirmar en calendario móvil)","","","","Condado de Travis","Travis County","855-366-3401","","","","https://centraltexasfoodbank.org/location/creedmoor-elementary-del-valle-mobile-food-pantry","5604 FM 1327","","Austin","TX","78747","Travis","","","https://centraltexasfoodbank.org/location/creedmoor-elementary-del-valle-mobile-food-pantry","false","false","","Origen: Recursos_Travis_No_Austin.csv, fila 28."
"Elgin Community Cupboard","Elgin Community Cupboard","Elgin Community Cupboard","Despensa de alimentos para residentes del código postal de Elgin.","Food pantry for residents of the Elgin ZIP code.","Despensa de alimentos para residentes del código postal 78621.","Food pantry for residents of ZIP code 78621.","","comida","","","","en","in_person","unknown","","","","","","","Donaciones: lunes 10am–12pm; Distribución: martes 10am–12pm","","","","Condado de Travis, Condado de Bastrop","Travis County, Bastrop County","512-797-0796","","","","https://facebook.com/ElginCommunityCupboard","303 North Ave C","","Elgin","TX","78621","Travis","","","https://facebook.com/ElginCommunityCupboard","false","false","","El código postal 78621 abarca tanto Bastrop como una porción de Travis County; no se confirmó si esta despensa está estrictamente dentro del límite de Travis County Origen: Recursos_Travis_No_Austin.csv, fila 29."
"Eanes Independent School District","Eanes Care (Eanes ISD)","Eanes Care (Eanes ISD)","Educación temprana y cuidado después de clases (de pago) en West Lake Hills.","Early education and after-school care (paid) in West Lake Hills.","Educación temprana (0–5 años) y cuidado después de clases (K–5), para empleados de Eanes ISD o residentes dentro de los límites del distrito. Nota: es un programa de pago, no asistencia gratuita.","Early education (ages 0–5) and after-school care (K–5), for Eanes ISD employees or residents within district boundaries. Note: this is a paid program, not free assistance.","","otros-recursos","","","","en","in_person|online","free","","","","","","","","","","","Condado de Travis","Travis County","512-732-3232","","","","https://eanesisd.net/dept/eanescare","","","","","","","","","https://eanesisd.net/dept/eanescare","false","false","","Programa de pago, no asistencia gratuita Origen: Recursos_Travis_No_Austin.csv, fila 31."
"Elgin Independent School District","Elgin ISD — Families in Transition","Elgin ISD — Families in Transition","Apoyo para familias en inestabilidad de vivienda (probable enlace McKinney-Vento).","Support for families facing housing instability (likely McKinney-Vento liaison).","Programa para familias en transición o inestabilidad de vivienda, probablemente ligado al programa federal McKinney-Vento; los detalles específicos no se pudieron confirmar en la página oficial.","Program for families in transition or housing instability, likely tied to the federal McKinney-Vento program; specific details could not be confirmed on the official page.","","otros-recursos","","","","en","phone","unknown","","","","","","","","","","","Condado de Travis, Condado de Bastrop","Travis County, Bastrop County","","","","","https://elginisd.net/departments/administrative-student-services/families-in-transition","","","","","","","","","https://elginisd.net/departments/administrative-student-services/families-in-transition","false","false","","Detalles del programa muy limitados en la fuente oficial — confirmar por teléfono antes de referir Origen: Recursos_Travis_No_Austin.csv, fila 32."
"City of West Lake Hills","West Lake Hills — Registro de Emergencias STEAR","West Lake Hills — STEAR Emergency Registry","Registro para residentes con discapacidad o necesidades especiales de emergencia.","Registry for residents with disabilities or special emergency needs.","Registro estatal (State of Texas Emergency Assistance Registry) para residentes con discapacidad o necesidades especiales, usado para dar apoyo adicional en evacuaciones y respuesta de emergencias. No es un programa de asistencia social directa.","State of Texas Emergency Assistance Registry sign-up for residents with disabilities or special needs, used to provide extra support during evacuations and emergency response. Not a direct social-assistance program.","","otros-recursos","","","","en","online","unknown","","","","","","","","","","","Condado de Travis","Travis County","","","","","https://westlakehills.gov","","","","","","","","","https://westlakehills.gov","false","false","","Origen: Recursos_Travis_No_Austin.csv, fila 33."
"Westbank Community Library District","Westbank Libraries","Westbank Libraries","Bibliotecas públicas compartidas que sirven West Lake Hills y Rollingwood.","Shared public libraries serving West Lake Hills and Rollingwood.","Biblioteca pública, tutoría, computadoras/impresión, programas comunitarios y salas de reunión — el recurso comunitario más cercano para Rollingwood y West Lake Hills, que no tienen servicios sociales dedicados propios.","Public library, tutoring, computers/printing, community programs, and meeting rooms — the closest community resource for Rollingwood and West Lake Hills, which have no dedicated social services of their own.","","otros-recursos","","","","en","in_person","unknown","","","","","","","Lun–Jue 10am–7pm; Vie–Dom 10am–5pm","","","","Condado de Travis","Travis County","512-327-3045","","","","https://westbanklibrary.com","1309 Westbank Dr","","Austin","TX","78746","Travis","","","https://westbanklibrary.com","false","false","","Origen: Recursos_Travis_No_Austin.csv, fila 34."
"Texas RioGrande Legal Aid","TRLA — LASSA (Asistencia Legal para Sobrevivientes de Agresión Sexual)","TRLA — LASSA (Legal Aid for Survivors of Sexual Assault)","Asistencia legal gratuita para sobrevivientes de agresión sexual.","Free legal help for survivors of sexual assault.","Divorcio, custodia, salarios no pagados, beneficios, discriminación laboral, órdenes de protección, protección de expedientes médicos/de consejería, e inmigración para sobrevivientes de agresión sexual. Opera bajo TRLA, que cubre todo Travis County.","Divorce, custody, unpaid wages, benefits, employment discrimination, protective orders, medical/counseling record protection, and immigration relief for sexual assault survivors. Operates under TRLA, which covers all of Travis County.","","ayuda-legal","otros-recursos","","","es|en","in_person","free","","","","","","","Admisión por línea directa o mediante defensores en refugios/centros de crisis","","","","Condado de Travis","Travis County","800-991-5153","","","","https://trla.org/lassa","","","","","","","","","https://trla.org/lassa","false","false","","Origen: Recursos_Travis_No_Austin.csv, fila 36."
"Travis County","Biblioteca de Leyes y Centro de Autoayuda del Condado de Travis","Travis County Law Library and Self-Help Center","Investigación legal, formularios y ayuda de autoservicio, gratis y remoto.","Legal research, forms, and self-help assistance, free and remote.","Investigación legal, formularios, revisión de casos de familia no disputados, licencias ocupacionales y limpieza de antecedentes de arresto. Biblioteca pública de autoayuda sin límite de ingresos, con opciones remotas/telefónicas útiles para residentes fuera de Austin.","Legal research, forms, review of uncontested family cases, occupational licensing, and arrest record expunction. A free public self-help library with no income limit, offering remote/phone options useful for residents outside Austin.","","ayuda-legal","","","","en","in_person|online","free","","","","","","","Lun–Vie 8am–5pm","","","","Condado de Travis","Travis County","512-854-8677","","","","https://lawlibrary.traviscountytx.gov","1700 Guadalupe St., 2do piso","","Austin","TX","78701","Travis","","","https://lawlibrary.traviscountytx.gov","false","false","","Origen: Recursos_Travis_No_Austin.csv, fila 38."
"The SAFE Alliance","The SAFE Alliance — Servicios Legales","The SAFE Alliance — Legal Services","Servicios legales para sobrevivientes de violencia doméstica y agresión sexual.","Legal services for survivors of domestic violence and sexual assault.","Familia (divorcio, custodia), inmigración (visa U, VAWA), órdenes de protección, vivienda/desalojo, testamentos, cambio de nombre y derechos de víctimas, para sobrevivientes de violencia doméstica/agresión sexual.","Family law (divorce, custody), immigration relief (U-visa, VAWA), protective orders, housing/eviction, wills, name changes, and victims' rights, for survivors of domestic violence/sexual assault.","","ayuda-legal","otros-recursos","","","es","in_person|online","unknown","","","","","","","Contacto vía SAFEline 24/7 (llamada, texto, chat en línea)","","","","Condado de Travis","Travis County","512-267-7233","","","","https://safeaustin.org/our-services/face-to-face-support/legal-services","P.O. Box 19454","","Austin","TX","78760","Travis","","","https://safeaustin.org/our-services/face-to-face-support/legal-services","false","false","","Confirmar explícitamente si su cobertura declarada incluye zonas fuera de Austin antes de presentarlo como recurso countywide Origen: Recursos_Travis_No_Austin.csv, fila 39."
"Capital Area Rural Transportation System (CARTS)","CARTS Country Bus","CARTS Country Bus","Transporte rural bajo reservación, abierto a todo público, con tarifa reducida para mayores.","Reservation-based rural transportation open to the general public, with reduced fares for seniors.","Transporte curb-to-curb abierto al público general de todas las edades; $2/$4/$6 según zona (mayores de 60 viajan gratis). Cubre zonas rurales de Travis entre una región de 10 condados — llamar para confirmar cobertura exacta en Manor/Del Valle/Lake Travis.","Curb-to-curb transportation open to the general public of all ages; $2/$4/$6 by zone (adults 60+ ride free). Covers rural Travis County within a 10-county region — call to confirm exact coverage in Manor/Del Valle/Lake Travis.","","transporte","","","","en","online","free","","","","","","","Lun–Vie 8am–4pm; reservación requerida (hasta 2 semanas antes)","","","","Condado de Travis","Travis County","512-478-7433","","","","https://ridecarts.com/service/country-bus","","","","","","","","","https://ridecarts.com/service/country-bus","false","false","","Origen: Recursos_Travis_No_Austin.csv, fila 40."
"Capital Metropolitan Transportation Authority (CapMetro)","CapMetro Ruta 990 (Manor Express)","CapMetro Route 990 (Manor Express)","Ruta de autobús fija que conecta Manor con Austin.","Fixed bus route connecting Manor to Austin.","Autobús público de tarifa estándar ($1.25) que conecta Manor con Elgin, UT Austin y el centro de Austin.","Standard-fare ($1.25) public bus connecting Manor with Elgin, UT Austin, and downtown Austin.","","transporte","","","","es","phone","unknown","","","","","","","Según horario publicado; sin reservación","","","","Condado de Travis","Travis County","512-474-1200","","","","https://capmetro.org/centraltexasservice","","","","","","","","","https://capmetro.org/centraltexasservice","false","false","","Origen: Recursos_Travis_No_Austin.csv, fila 41."
"Capital Metropolitan Transportation Authority (CapMetro)","CapMetro Ruta 271 (Del Valle Feeder)","CapMetro Route 271 (Del Valle Feeder)","Ruta de autobús fija que conecta Del Valle con el resto del sistema CapMetro.","Fixed bus route connecting Del Valle to the rest of the CapMetro system.","Autobús público de tarifa estándar que sirve a la comunidad de Del Valle.","Standard-fare public bus serving the Del Valle community.","","transporte","","","","es","phone","unknown","","","","","","","Lun–Dom, aprox. 5am–10:39pm entre semana, servicio reducido fines de semana","","","","Condado de Travis","Travis County","512-474-1200","","","","https://capmetro.org","","","","","","","","","https://capmetro.org","false","false","","Origen: Recursos_Travis_No_Austin.csv, fila 42."
"Capital Metropolitan Transportation Authority (CapMetro)","CapMetro Ruta 214","CapMetro Route 214","Ruta de autobús que conecta Lago Vista y Jonestown con MetroRail.","Bus route connecting Lago Vista and Jonestown to MetroRail.","Autobús público de tarifa estándar que conecta Lago Vista y Jonestown con la estación MetroRail Lakeline.","Standard-fare public bus connecting Lago Vista and Jonestown to the Lakeline MetroRail station.","","transporte","","","","es","phone","unknown","","","","","","","Según horario publicado","","","","Condado de Travis","Travis County","512-474-1200","","","","https://lagovistatexas.gov/387/Transportation","","","","","","","","","https://lagovistatexas.gov/387/Transportation","false","false","","Origen: Recursos_Travis_No_Austin.csv, fila 43."
"Capital Metropolitan Transportation Authority (CapMetro)","CapMetro Pickup (Manor, Dessau, Lago Vista)","CapMetro Pickup (Manor, Dessau, Lago Vista)","Transporte bajo demanda por zona, abierto al público general.","Zone-based on-demand transportation, open to the general public.","Transporte compartido bajo demanda dentro de zonas designadas; $1.25/viaje o $2.50 pase diario, niños ≤18 gratis con código. Nota: el servicio Pickup que antes cubría Pflugerville fue reemplazado por ""Pfetch a Ride"" (ver otra entrada).","On-demand shared transportation within designated zones; $1.25/ride or $2.50 day pass, children ≤18 ride free with code. Note: Pickup service that previously covered Pflugerville was replaced by ""Pfetch a Ride"" (see separate entry).","","transporte","","","","es|en","phone|online","free","","","","","","","Manor y Lago Vista: Lun–Vie 7am–7pm; Dessau: Lun–Vie 7am–7pm, Sáb 10am–6pm","","","","Condado de Travis","Travis County","512-369-6200","","","","https://capmetro.org/pickup","","","","","","","","","https://capmetro.org/pickup","false","false","","Origen: Recursos_Travis_No_Austin.csv, fila 44."
"City of Pflugerville","Pfetch a Ride (Ciudad de Pflugerville + Uber)","Pfetch a Ride (City of Pflugerville + Uber)","Viajes subsidiados por la ciudad vía Uber, abiertos a todo público.","City-subsidized rides via Uber, open to the general public.","Programa de transporte público general (no limitado a residentes) donde el usuario paga los primeros $4 y la ciudad subsidia hasta $10 adicionales; los viajes deben iniciar o terminar dentro de los límites de Pflugerville o en el Park & Ride de Tech Ridge.","General-public transportation program (not limited to residents) where the rider pays the first $4 and the city subsidizes up to $10 more; trips must start or end within Pflugerville city limits or at the Tech Ridge Park & Ride.","","transporte","","","","en","online","unknown","","","","","","","24/7 vía app de Uber; máximo 10 viajes/mes por cuenta (sin límite para vehículos accesibles)","","","","Condado de Travis","Travis County","","","","","https://pflugervilletx.gov/pfetch-a-ride","","","","","","","","","https://pflugervilletx.gov/pfetch-a-ride","false","false","","Verificar vigencia actual — programa lanzado en 2022, confirmar si sigue activo Origen: Recursos_Travis_No_Austin.csv, fila 45."
"Housing Authority of Travis County","Housing Authority of Travis County (HATC)","Housing Authority of Travis County (HATC)","Vales de vivienda (Sección 8) y vivienda pública para todo el condado.","Housing choice vouchers (Section 8) and public housing countywide.","Vales de vivienda (Sección 8) y vivienda pública, para ingresos muy bajos, adultos mayores y personas con discapacidad. Autoridad separada de la de la Ciudad de Austin (HACA) — cubre específicamente Pflugerville, Manor, Del Valle y el área de Lake Travis. Lista de espera actualmente cerrada, con lotería aleatoria cuando abre.","Housing choice vouchers (Section 8) and public housing for very-low-income households, seniors, and people with disabilities. A separate authority from the City of Austin's (HACA) — specifically covers Pflugerville, Manor, Del Valle, and the Lake Travis area. Waitlist currently closed, opens via random lottery.","","vivienda","","","","en","in_person|online","unknown","","","","","","","Lun–Jue 8am–12pm, 1–4pm; Vie 8am–12pm","","","","Condado de Travis","Travis County","512-854-8245","","","","https://hatctx.com","502 E Highland Mall Blvd, Suite 106-B","","Austin","TX","78752","Travis","","","https://hatctx.com","false","false","","Origen: Recursos_Travis_No_Austin.csv, fila 46."
"Texas Housing Foundation","Pflugerville Meadows (vivienda asequible)","Pflugerville Meadows (affordable housing)","Apartamentos de renta según ingreso en Pflugerville.","Income-based rental apartments in Pflugerville.","Apartamentos de 1–2 recámaras con renta según ingreso (programas LIHTC / USDA Rural Housing), sujeto a verificación de ingresos.","1–2 bedroom apartments with income-based rent (LIHTC / USDA Rural Housing programs), subject to income verification.","","vivienda","","","","en","in_person","sliding_scale","","","","","","","","","","","Condado de Travis","Travis County","512-251-3729","","","","https://txhf.org/communities/pflugerville-meadows/","201 Meadow Lane","","Pflugerville","TX","78660","Travis","","","https://txhf.org/communities/pflugerville-meadows/","false","false","","Origen: Recursos_Travis_No_Austin.csv, fila 47."
"Travis County Health and Human Services","Asistencia de Weatherización del Hogar — Travis County HHS","Home Weatherization Assistance — Travis County HHS","Mejoras gratuitas de eficiencia energética para propietarios de bajos ingresos.","Free energy-efficiency home improvements for low-income homeowners.","Aislamiento de ático, sellado de ductos de HVAC y pantallas solares, gratis, con verificación de ingresos. Cubre todo Travis County, incluyendo Pflugerville, Manor, Del Valle y Jonestown/Lake Travis.","Attic insulation, HVAC duct sealing, and solar screens, free, with income verification. Covers all of Travis County, including Pflugerville, Manor, Del Valle, and Jonestown/Lake Travis.","","vivienda","","","","es|en","in_person|online","free","","","","","","","","","","","Condado de Travis","Travis County","512-854-7250","","","","https://traviscountytx.gov/health-human-services/apply-for-assistance/home-weatherization","Centros comunitarios del condado, incl. 18649 FM 1431 Ste 6A","","Jonestown","TX","78645","Travis","","","https://traviscountytx.gov/health-human-services/apply-for-assistance/home-weatherization","false","false","","Origen: Recursos_Travis_No_Austin.csv, fila 48."
"Rebuilding Together Austin","Rebuilding Together Austin (RTASA)","Rebuilding Together Austin (RTASA)","Reparaciones críticas gratuitas y modificaciones de accesibilidad.","Free critical repairs and accessibility modifications.","Reparaciones críticas y modificaciones de accesibilidad gratuitas, dirigidas a adultos mayores, personas con discapacidad y propietarios de bajos ingresos.","Free critical repairs and accessibility modifications, aimed at seniors, people with disabilities, and low-income homeowners.","","vivienda","","","","en","phone","free","","","","","","","","","","","Condado de Travis","Travis County","512-993-8230","","","","https://rebuildingtogetheraustin.org/programs","","","","","","","","","https://rebuildingtogetheraustin.org/programs","false","false","","PENDIENTE — muchos campos sin confirmar; llamar directamente antes de referir como recurso de estas comunidades Origen: Recursos_Travis_No_Austin.csv, fila 50."
"Travis County Housing Finance Corporation","Asistencia de Pago Inicial Hill Country Home — Travis County Housing Finance Corporation","Hill Country Home Down Payment Assistance — Travis County Housing Finance Corporation","Ayuda para el pago inicial de vivienda en todo el condado.","Down payment assistance for homebuyers countywide.","4–6% de asistencia para el pago inicial, como segunda hipoteca condonable a 10 años con 0% de interés. Requiere puntaje FICO ≥640 e ingreso ≤140% del ingreso medio del área (≈$138,460), más un curso de educación para compradores primerizos aprobado por HUD.","4–6% down payment assistance, as a forgivable 10-year second mortgage at 0% interest. Requires a FICO score ≥640 and income ≤140% of area median income (≈$138,460), plus a HUD-approved first-time homebuyer education course.","","vivienda","","","","en","phone","unknown","","","","","","","","","","","Condado de Travis","Travis County","512-854-9116","","","","https://corporations.traviscountytx.gov/homebuyers","","","","","","","","","https://corporations.traviscountytx.gov/homebuyers","false","false","","Origen: Recursos_Travis_No_Austin.csv, fila 51."
"Lake Travis Independent School District","Lake Travis ISD — Programas para Estudiantes sin Hogar (McKinney-Vento)","Lake Travis ISD — Programs for Homeless Students (McKinney-Vento)","Apoyo a estudiantes y familias en situación de vivienda inestable.","Support for students and families experiencing housing instability.","Apoyo a estudiantes sin hogar según la definición federal McKinney-Vento; refiere a la Texas Homeless Education Office (theotx.org) para recursos adicionales.","Support for students experiencing homelessness under the federal McKinney-Vento definition; refers families to the Texas Homeless Education Office (theotx.org) for additional resources.","","otros-recursos","","","","en","phone","unknown","","","","","","","Año escolar","","","","Condado de Travis","Travis County","512-533-6000","","","","https://ltisdschools.org/about/required-postings/programs-and-services-for-homeless-students","3322 Ranch Road 620 South","","Austin","TX","78738","Travis","","","https://ltisdschools.org/about/required-postings/programs-and-services-for-homeless-students","false","false","","Origen: Recursos_Travis_No_Austin.csv, fila 52."
"St. Elizabeth of Hungary Catholic Church","Iglesia Católica St. Elizabeth of Hungary — Despensa de Alimentos","St. Elizabeth of Hungary Catholic Church — Food Pantry","Distribución de comida abierta a toda la comunidad de Pflugerville.","Food distribution open to the entire Pflugerville community.","Distribución de comida a vecinos necesitados, explícitamente abierta a toda la comunidad de Pflugerville, no solo feligreses.","Food distribution for neighbors in need, explicitly open to the whole Pflugerville community, not just parishioners.","","comida","","","","en","in_person","unknown","","","","","","","1er y 3er lunes 6–7pm; 1er y 3er jueves 7–10am","","","","Condado de Travis","Travis County","512-251-9838","","","","https://stelizabethpf.org/social-outreach","1520 N Railroad Ave","","Pflugerville","TX","78660","Travis","","","https://stelizabethpf.org/social-outreach","false","false","","Origen: Recursos_Travis_No_Austin.csv, fila 53."
"St. Elizabeth of Hungary Catholic Church","St. Elizabeth of Hungary — Sociedad de San Vicente de Paúl","St. Elizabeth of Hungary — Society of St. Vincent de Paul","Visitas domiciliarias con ayuda financiera de corto plazo y despensa.","Home visits offering short-term financial help and pantry access.","Ayuda financiera limitada de corto plazo, manejo de despensa y apoyo emocional, abierta a todos los residentes de Pflugerville sin importar afiliación religiosa.","Limited short-term financial help, pantry access, and emotional support, open to all Pflugerville residents regardless of religious affiliation.","","recursos-financieros","comida","","","en","home_visit","unknown","","","","","","","Visitas domiciliarias, previa cita","","","","Condado de Travis","Travis County","888-801-7837","","","","https://stelizabethpf.org/social-outreach","1520 N Railroad Ave","","Pflugerville","TX","78660","Travis","","","https://stelizabethpf.org/social-outreach","false","false","","Origen: Recursos_Travis_No_Austin.csv, fila 54."
"First Baptist Church Pflugerville","First Baptist Church Pflugerville — Despensa de Alimentos","First Baptist Church Pflugerville — Food Pantry","Distribución semanal de alimentos no perecederos.","Weekly distribution of non-perishable food.","Distribución de alimentos no perecederos, descrita como abierta a la comunidad.","Distribution of non-perishable food, described as open to the community.","","comida","","","","en","in_person","unknown","","","","","","","Miércoles 9–11am","","","","Condado de Travis","Travis County","512-251-3052","","","","https://fbcpville.org/go/food-pantry/","","","","","","","","","https://fbcpville.org/go/food-pantry/","false","false","","Origen: Recursos_Travis_No_Austin.csv, fila 55."
"First United Methodist Church of Pflugerville","First United Methodist Church of Pflugerville — Despensa Paula's y Ropero","First United Methodist Church of Pflugerville — Paula's Food Pantry & Clothes Closet","Comida y ropa gratis para la comunidad.","Free food and clothing for the community.","Despensa de alimentos (""Paula's Food Pantry"") y ropero comunitario (""Clothes Closet""); detalles no confirmados por problemas técnicos del sitio oficial durante la investigación.","Food pantry (""Paula's Food Pantry"") and community clothes closet; details unconfirmed due to technical issues on the official site during research.","","comida","","","","en","in_person","free","","","","","","","No confirmado","","","","Condado de Travis","Travis County","","","","","https://pflugervilleumc.org/community-care","","","","","","","","","https://pflugervilleumc.org/community-care","false","false","","PENDIENTE — verificar por teléfono antes de publicar, el sitio oficial tuvo problemas de acceso Origen: Recursos_Travis_No_Austin.csv, fila 56."
"St. Joseph Catholic Church","St. Joseph Catholic Church (Manor) — Sociedad de San Vicente de Paúl","St. Joseph Catholic Church (Manor) — Society of St. Vincent de Paul","Ayuda con renta/servicios y despensa mensual en Manor.","Rent/utility help and a monthly pantry in Manor.","Ayuda con renta y servicios públicos (electricidad, agua, propano) una vez cada 6 meses; despensa (arroz, pastas, enlatados) y artículos de higiene una vez al mes. Disponible para familias del código postal 78653 o feligreses de St. Joseph.","Rent and utility help (electricity, water, propane) once every 6 months; pantry items (rice, pasta, canned goods) and hygiene items once a month. Available to families in ZIP 78653 or St. Joseph parishioners.","","recursos-financieros","comida","","","es|en","phone","unknown","","","","","","","Lunes y martes solamente (por llamada); cerrado el resto de la semana","","","","Condado de Travis","Travis County","512-573-6834","","","","https://sjmanor.org/svdp","","","","","","","","","https://sjmanor.org/svdp","false","false","","Origen: Recursos_Travis_No_Austin.csv, fila 57."
"Sacred Heart Catholic Church","Sacred Heart Catholic Church (Elgin) — Sociedad de San Vicente de Paúl","Sacred Heart Catholic Church (Elgin) — Society of St. Vincent de Paul","Asistencia de necesidades básicas en Elgin.","Basic needs assistance in Elgin.","Asistencia de necesidades básicas (""Basic Needs Assistance"") para la comunidad de Elgin.","Basic needs assistance for the Elgin community.","","recursos-financieros","","","","en","phone","unknown","","","","","","","","","","","Condado de Travis, Condado de Bastrop","Travis County, Bastrop County","512-281-3536","","","","https://sacredheartofelgin.org/st-vincent-de-paul-society","302 W 11th St","","Elgin","TX","78621","Travis","","","https://sacredheartofelgin.org/st-vincent-de-paul-society","false","false","","El código postal 78621 cruza Bastrop y Travis County; confirmar jurisdicción exacta antes de listar como recurso ""de Travis"" Origen: Recursos_Travis_No_Austin.csv, fila 58."
"Haynie Chapel United Methodist Church","Haynie Chapel United Methodist Church — Despensa de Alimentos","Haynie Chapel United Methodist Church — Food Pantry","Despensa de alimentos en Del Valle.","Food pantry in Del Valle.","Despensa de alimentos comunitaria; detalles limitados disponibles más allá del nombre y la dirección.","Community food pantry; limited details available beyond name and address.","","comida","","","","en","in_person","unknown","","","","","","","No confirmado","","","","Condado de Travis","Travis County","512-247-4454","","","HCPASTORBOB@gmail.com","https://www.hayniechapel.com/","16309 Greenwood Dr","","Del Valle","TX","78617","Travis","","","https://directory.plentiful.org/ht/texas/del-valle/haynie-chapel-umc-e0f8300c","false","false","2026-08-18","Información limitada — confirmar horario y requisitos por teléfono Origen: Recursos_Travis_No_Austin.csv, fila 59."
"Rolling Hills Community Church","Rolling Hills Community Church — Despensa Comunitaria / Shepherd's Heart","Rolling Hills Community Church — Community Food Pantry / Shepherd's Heart","Comida mensual y tarjeta de alimentos frescos para el área de Lago Vista.","Monthly food and a fresh-food gift card for the Lago Vista area.","Una caja de comida por familia al mes más una tarjeta de $20 para Lowes Market (perecederos), además de productos no perecederos. Descrito como ""disponible para todas las personas"" en necesidad.","One food box per family per month plus a $20 Lowes Market gift card (for perishables), plus non-perishable goods. Described as ""available to anyone"" in need.","","comida","","","","en","in_person|home_visit","unknown","","","","","","","Martes y jueves, 10am–2pm","","","","Condado de Travis","Travis County","512-267-2942","","","","https://rhcc4.org/community_food_pantry","6201 Lohman Ford Rd","","Lago Vista","TX","78645","Travis","","","https://rhcc4.org/community_food_pantry","false","false","","Origen: Recursos_Travis_No_Austin.csv, fila 60."
