"organization_name","title_es","title_en","summary_es","summary_en","description_es","description_en","slug","primary_category","additional_categories","keywords_es","keywords_en","languages","service_methods","cost_type","eligibility_es","eligibility_en","required_documents_es","required_documents_en","application_steps_es","application_steps_en","hours_es","hours_en","accessibility_notes_es","accessibility_notes_en","service_area_es","service_area_en","phone","sms_phone","whatsapp_phone","email","website_url","address_line_1","address_line_2","city","state","postal_code","county","latitude","longitude","source_url","is_featured","is_emergency","last_verified_at","verification_notes"
"Con Mi Madre","Apoyo comunitario para personas y familias","Community support for individuals and families","En Con Mi MADRE, brindamos un conjunto integral de servicios diseñados para empoderar tanto a los cuidadores como a las hijas en su viaje educativo: Apoyo académico bilingüe: ofrece asistencia tanto en inglés como en español en diversas materias, garantizando que el idioma no sea una barrera para la educación. Talleres culturalmente relevantes: sesiones cuidadosamente diseñadas...","At Con Mi MADRE, we provide a comprehensive suite of services designed to empower both caregivers and daughters on their educational journey: Bilingual Academic Support: Offering assistance in both English and Spanish across various subjects, ensuring language isn't a barrier to education.  Culturally Relevant Workshops: Thoughtfully crafted sessions…","En Con Mi MADRE, brindamos un conjunto integral de servicios diseñados para empoderar tanto a los cuidadores como a las hijas en su viaje educativo: Apoyo académico bilingüe: ofrece asistencia tanto en inglés como en español en diversas materias, garantizando que el idioma no sea una barrera para la educación. Talleres culturalmente relevantes: sesiones cuidadosamente diseñadas que abordan la identidad cultural, la navegación educativa y otros temas relevantes adaptados a diversos orígenes. Orientación universitaria y profesional: orientar a las mujeres jóvenes y a sus cuidadores a través de solicitudes universitarias, búsqueda de becas y exploración profesional a través de talleres y tutorías individuales. Talleres de bienestar emocional: centrados en desarrollar resiliencia, autoestima y habilidades de comunicación efectiva para apoyar el crecimiento personal. Programa de empoderamiento de los padres: Equipar a las madres con habilidades académicas, profesionales y de liderazgo para crear efectos positivos en el éxito de sus hijos y de la comunidad en general. Programación durante todo el año: apoyo continuo a través de reuniones regulares en el campus, conferencias y viajes universitarios, fomentando la creación de redes, el aprendizaje y la construcción de comunidades. Con Mi MADRE se esfuerza por brindar un sistema de apoyo integral, fomentando el crecimiento general y el éxito tanto de madres como de hijas.","At Con Mi MADRE, we provide a comprehensive suite of services designed to empower both caregivers and daughters on their educational journey: Bilingual Academic Support: Offering assistance in both English and Spanish across various subjects, ensuring language isn't a barrier to education. Culturally Relevant Workshops: Thoughtfully crafted sessions addressing cultural identity, educational navigation, and other relevant topics tailored to diverse backgrounds. College and Career Guidance: Guiding young women and their caregivers through college applications, scholarship searches, and career exploration via workshops and one-on-one mentoring. Emotional Well-being Workshops: Focusing on building resilience, self-esteem, and effective communication skills to support personal growth. Parent Empowerment Program: Equipping mothers with academic, professional, and leadership skills to create positive ripple effects in their children's success and the broader community. Year-round Programming: Continuous support through regular campus meetings, conferences, and college trips, fostering networking, learning, and community building. Con Mi MADRE strives to provide a holistic support system, nurturing the overall growth and success of both mothers and daughters.","con-mi-madre-community-support-for-individuals-and-families","otros-recursos","educacion","Apoyo comunitario para personas y familias|Con Mi Madre","Community support for individuals and families|Con Mi Madre","es|en","in_person","unknown","","","","","Comunícate con la organización para confirmar disponibilidad, requisitos y cómo solicitar el servicio.","Contact the organization to confirm availability, requirements and how to request the service.","","","","","Austin, Georgetown, Round Rock, Pflugerville, Condado de Travis, Condado de Williamson, Condado de Bastrop, Condado de Hays, Condado de Caldwell, Condado de Blanco, Condado de Burnet, Otras áreas","Austin, Georgetown, Round Rock, Pflugerville, Travis County, Williamson County, Bastrop County, Hays County, Caldwell County, Blanco County, Burnet County, Other","512-467-4483","","","info@conmimadre.org","https://www.conmimadre.org/","","","","TX","","","","","https://www.conmimadre.org/","false","false","","Convertido de “Complete Family Resource Guide List.xlsx”, fila 7, el 2026-08-10. Revisar datos y fuente oficial antes de publicar."
"Todos Juntos Learning Center","Apoyo comunitario para personas y familias","Community support for individuals and families","Educación para adultos: clases gratuitas de ESL, preparación para el trabajo y clases de computación. Clases de educación infantil para niños de 1 a 5 años en una guardería autorizada.","Adult Education: Free ESL classes, workforce readiness and computer classes.  Early childhood education classes for children 1-5 years old in onsite licensed childcare center.","Educación para adultos: clases gratuitas de ESL, preparación para el trabajo y clases de computación. Clases de educación infantil para niños de 1 a 5 años en una guardería autorizada. Educación familiar, apoyo de pares, aumento de la capacidad de los padres, administración de casos, referencias, asistencia financiera de emergencia para estudiantes elegibles. Todos los servicios se brindan en el lugar en la ubicación del sur de Austin.","Adult Education: Free ESL classes, workforce readiness and computer classes. Early childhood education classes for children 1-5 years old in onsite licensed childcare center. Family education, peer support, increasing parent's capacity, case management, referrals, emergency financial assistance for eligible students. All services provided onsite at South Austin location.","todos-juntos-learning-center-community-support-for-individuals-and-families","otros-recursos","educacion","Apoyo comunitario para personas y familias|Todos Juntos Learning Center","Community support for individuals and families|Todos Juntos Learning Center","es|en","in_person","free","","","","","Comunícate con la organización para confirmar disponibilidad, requisitos y cómo solicitar el servicio.","Contact the organization to confirm availability, requirements and how to request the service.","","","","","Austin, Georgetown, Round Rock, Pflugerville, Condado de Travis, Condado de Williamson, Condado de Bastrop, Condado de Hays, Condado de Caldwell, Condado de Blanco, Condado de Burnet, Otras áreas","Austin, Georgetown, Round Rock, Pflugerville, Travis County, Williamson County, Bastrop County, Hays County, Caldwell County, Blanco County, Burnet County, Other","512-788-7255","","","info@todosjuntoslc.org","http://todosjuntoslc.org","","","","TX","","","","","http://todosjuntoslc.org","false","false","","Convertido de “Complete Family Resource Guide List.xlsx”, fila 8, el 2026-08-10. Revisar datos y fuente oficial antes de publicar."
"CARY (Council on At Risk Youth)","Programas educativos y apoyo al aprendizaje","Education and learning support programs","Somos un programa escolar que brinda apoyo grupal e individual a los estudiantes, utilizando un plan de estudios basado en evidencia, que aborda el manejo de la ira, las habilidades sociales y la formación del carácter.","We are a school-based program that provides group and individual support to students, utilizing an evidence based curriculum, that addresses anger management, social skills, and character building.","Somos un programa escolar que brinda apoyo grupal e individual a los estudiantes, utilizando un plan de estudios basado en evidencia, que aborda el manejo de la ira, las habilidades sociales y la formación del carácter.","We are a school-based program that provides group and individual support to students, utilizing an evidence based curriculum, that addresses anger management, social skills, and character building.","cary-council-on-at-risk-youth-education-and-learning-support-programs","educacion","","Programas educativos y apoyo al aprendizaje|CARY (Council on At Risk Youth)","Education and learning support programs|CARY (Council on At Risk Youth)","en","in_person","unknown","","","","","Comunícate con la organización para confirmar disponibilidad, requisitos y cómo solicitar el servicio.","Contact the organization to confirm availability, requirements and how to request the service.","","","","","Austin, Condado de Travis","Austin, Travis County","512-451-4592","","","info@cary4kids.org","http://www.cary4kids.org","","","","TX","","","","","http://www.cary4kids.org","false","false","","Convertido de “Complete Family Resource Guide List.xlsx”, fila 9, el 2026-08-10. Revisar datos y fuente oficial antes de publicar."
"Autism Society of Texas","Apoyo comunitario para personas y familias","Community support for individuals and families","AST ofrece apoyo y recursos a través de su programa Navigating Autism; grupos de apoyo para padres y cuidadores; eventos educativos en línea; grupos sociales para personas autistas; y esfuerzos de promoción a nivel estatal.","AST offers support and resources through its Navigating Autism program; support groups for parents and caregivers; educational events online; social groups for Autistic individuals; and advocacy efforts at the State level.","AST ofrece apoyo y recursos a través de su programa Navigating Autism; grupos de apoyo para padres y cuidadores; eventos educativos en línea; grupos sociales para personas autistas; y esfuerzos de promoción a nivel estatal.","AST offers support and resources through its Navigating Autism program; support groups for parents and caregivers; educational events online; social groups for Autistic individuals; and advocacy efforts at the State level.","autism-society-of-texas-community-support-for-individuals-and-families","otros-recursos","educacion","Apoyo comunitario para personas y familias|Autism Society of Texas","Community support for individuals and families|Autism Society of Texas","en","in_person|online","unknown","","","","","Comunícate con la organización para confirmar disponibilidad, requisitos y cómo solicitar el servicio.","Contact the organization to confirm availability, requirements and how to request the service.","","","","","Austin, Georgetown, Round Rock, Pflugerville, Condado de Travis, Condado de Williamson, Condado de Bastrop, Condado de Hays, Condado de Caldwell, Condado de Blanco, Condado de Burnet, Otras áreas","Austin, Georgetown, Round Rock, Pflugerville, Travis County, Williamson County, Bastrop County, Hays County, Caldwell County, Blanco County, Burnet County, Other","512-479-4199","","","info@texasautismsociety.org","http://www.texasautismsociety.org","","","","TX","","","","","http://www.texasautismsociety.org","false","false","","Convertido de “Complete Family Resource Guide List.xlsx”, fila 10, el 2026-08-10. Revisar datos y fuente oficial antes de publicar."
"Colin's Hope","Apoyo comunitario para personas y familias","Community support for individuals and families","Educación sobre seguridad en el agua para familias para garantizar que los niños estén más seguros cerca del agua. Nuestro sitio web bilingüe gratuito: www.","Water safety education for families to ensure children are safer around water.  Our free, bilingual website: www.","Educación sobre seguridad en el agua para familias para garantizar que los niños estén más seguros cerca del agua. Nuestro sitio web bilingüe gratuito: www.drowningispreventable.org tiene lecciones para educar a los niños a usar un chaleco salvavidas y esperar a un adulto antes de dirigirse a la piscina, lago u otra masa de agua. ¡Sabemos que juntos podemos salvar vidas!","Water safety education for families to ensure children are safer around water. Our free, bilingual website: www.drowningispreventable.org has lessons to educate children to wear a life jacket and wait for a grownup before heading to the pool, lake, or other body of water. We know that together, we can save lives!","colin-s-hope-community-support-for-individuals-and-families","otros-recursos","educacion","Apoyo comunitario para personas y familias|Colin's Hope","Community support for individuals and families|Colin's Hope","en","online","free","","","","","Comunícate con la organización para confirmar disponibilidad, requisitos y cómo solicitar el servicio.","Contact the organization to confirm availability, requirements and how to request the service.","","","","","Georgetown, Round Rock, Pflugerville, Condado de Travis, Condado de Williamson, Condado de Bastrop, Condado de Hays, Condado de Burnet, Austin","Georgetown, Round Rock, Pflugerville, Travis County, Williamson County, Bastrop County, Hays County, Burnet County, Austin","512-720-1778","","","info@colinshope.org","http://www.colinshope.org/","","","","TX","","","","","http://www.colinshope.org/","false","false","","Convertido de “Complete Family Resource Guide List.xlsx”, fila 11, el 2026-08-10. Revisar datos y fuente oficial antes de publicar."
"Live Like Cati","Apoyo comunitario para personas y familias","Community support for individuals and families","Nuestra organización sin fines de lucro proporciona chalecos salvavidas sin costo a los niños que no saben nadar y están inscritos en un campamento de verano. Brindamos capacitación sobre seguridad en el agua al personal de cuidado infantil en todo el estado.","Our non profit provides life jackets at no cost to children who can not swim and are enrolled in a summer camp.  We provide child care staff water safety training across the state.","Nuestra organización sin fines de lucro proporciona chalecos salvavidas sin costo a los niños que no saben nadar y están inscritos en un campamento de verano. Brindamos capacitación sobre seguridad en el agua al personal de cuidado infantil en todo el estado.","Our non profit provides life jackets at no cost to children who can not swim and are enrolled in a summer camp. We provide child care staff water safety training across the state.","live-like-cati-community-support-for-individuals-and-families","otros-recursos","educacion","Apoyo comunitario para personas y familias|Live Like Cati","Community support for individuals and families|Live Like Cati","en","in_person","free","","","","","Comunícate con la organización para confirmar disponibilidad, requisitos y cómo solicitar el servicio.","Contact the organization to confirm availability, requirements and how to request the service.","","","","","Austin, Georgetown, Round Rock, Pflugerville, Condado de Travis, Condado de Williamson, Condado de Bastrop, Condado de Hays, Condado de Caldwell, Condado de Blanco, Condado de Burnet, Otras áreas","Austin, Georgetown, Round Rock, Pflugerville, Travis County, Williamson County, Bastrop County, Hays County, Caldwell County, Blanco County, Burnet County, Other","512-947-0356","","","kori@livelikecati.org","http://www.livelikecati.org","","","","TX","","","","","http://www.livelikecati.org","false","false","","Convertido de “Complete Family Resource Guide List.xlsx”, fila 12, el 2026-08-10. Revisar datos y fuente oficial antes de publicar."
"Partnerships for Children","Apoyo comunitario para personas y familias","Community support for individuals and families","Mentoría tradicional (sin límite de edad) Mentoría musical Rainbow Room (recursos para aquellos con un número de caso) Heart Gallery (concientización sobre la adopción) Foster Community (apoyo a las comunidades, fortalecimiento de las familias)","Traditional Mentoring (no age limit) Music Mentoring Rainbow Room (resources for those with a case number) Heart Gallery (adoption awareness) Foster Community (supporting communities, strengthening families)","Mentoría tradicional (sin límite de edad) Mentoría musical Rainbow Room (recursos para aquellos con un número de caso) Heart Gallery (concientización sobre la adopción) Foster Community (apoyo a las comunidades, fortalecimiento de las familias)","Traditional Mentoring (no age limit)  Music Mentoring  Rainbow Room (resources for those with a case number)  Heart Gallery (adoption awareness)  Foster Community (supporting communities, strengthening families)","partnerships-for-children-community-support-for-individuals-and-families","otros-recursos","educacion","Apoyo comunitario para personas y familias|Partnerships for Children","Community support for individuals and families|Partnerships for Children","en","in_person","unknown","","","","","Comunícate con la organización para confirmar disponibilidad, requisitos y cómo solicitar el servicio.","Contact the organization to confirm availability, requirements and how to request the service.","","","","","Austin, Georgetown, Round Rock, Pflugerville, Condado de Travis, Condado de Williamson, Condado de Bastrop, Condado de Hays, Condado de Caldwell, Condado de Blanco, Condado de Burnet, Otras áreas","Austin, Georgetown, Round Rock, Pflugerville, Travis County, Williamson County, Bastrop County, Hays County, Caldwell County, Blanco County, Burnet County, Other","512-834-4756","","","info@partnershipsforchildren.org","https://partnershipsforchildren.org","","","","TX","","","","","https://partnershipsforchildren.org","false","false","","Convertido de “Complete Family Resource Guide List.xlsx”, fila 13, el 2026-08-10. Revisar datos y fuente oficial antes de publicar."
"Austin Angels","Apoyo para jóvenes y familias de cuidado temporal","Support for foster youth and families","Austin Angels brinda apoyo mensual constante a familias con al menos un niño en cuidado de crianza en su hogar, así como también ofrece un programa de tutoría para jóvenes bajo cuidado o jóvenes que recientemente han superado la edad (de 11 a 22 años).","Austin Angels provides consistent monthly support to families with at least one child in foster care in their home as well as provides a mentoring program for youth in care or youth who have recently aged out (11 - 22 years old).","Austin Angels brinda apoyo mensual constante a familias con al menos un niño en cuidado de crianza en su hogar, así como también ofrece un programa de tutoría para jóvenes bajo cuidado o jóvenes que recientemente han superado la edad (de 11 a 22 años).","Austin Angels provides consistent monthly support to families with at least one child in foster care in their home as well as provides a mentoring program for youth in care or youth who have recently aged out (11 - 22 years old).","austin-angels-support-for-foster-youth-and-families","otros-recursos","salud","Apoyo para jóvenes y familias de cuidado temporal|Austin Angels","Support for foster youth and families|Austin Angels","en","home_visit","unknown","","","","","Comunícate con la organización para confirmar disponibilidad, requisitos y cómo solicitar el servicio.","Contact the organization to confirm availability, requirements and how to request the service.","","","","","Austin, Georgetown, Round Rock, Pflugerville, Condado de Travis, Condado de Williamson, Condado de Hays","Austin, Georgetown, Round Rock, Pflugerville, Travis County, Williamson County, Hays County","512-387-4307","","","hannah@austinangels.com","http://austinangels.com","","","","TX","","","","","http://austinangels.com","false","false","","Convertido de “Complete Family Resource Guide List.xlsx”, fila 14, el 2026-08-10. Revisar datos y fuente oficial antes de publicar."
"Foster Angels of Central Texas","Apoyo para jóvenes y familias de cuidado temporal","Support for foster youth and families","Proporcionar necesidades básicas y oportunidades para mejorar la vida de niños y jóvenes en hogares de crianza.","Providing basic needs and life-enhancing opportunities to children and youth in foster care.","Proporcionar necesidades básicas y oportunidades para mejorar la vida de niños y jóvenes en hogares de crianza.","Providing basic needs and life-enhancing opportunities to children and youth in foster care.","foster-angels-of-central-texas-support-for-foster-youth-and-families","otros-recursos","salud","Apoyo para jóvenes y familias de cuidado temporal|Foster Angels of Central Texas","Support for foster youth and families|Foster Angels of Central Texas","en","in_person","unknown","","","","","Comunícate con la organización para confirmar disponibilidad, requisitos y cómo solicitar el servicio.","Contact the organization to confirm availability, requirements and how to request the service.","","","","","Austin, Georgetown, Round Rock, Pflugerville, Condado de Travis, Condado de Williamson, Condado de Bastrop, Condado de Hays, Condado de Caldwell, Condado de Blanco, Condado de Burnet","Austin, Georgetown, Round Rock, Pflugerville, Travis County, Williamson County, Bastrop County, Hays County, Caldwell County, Blanco County, Burnet County","512-732-2329","","","info@fosterangelsctx.org","http://fosterangelsctx.org","","","","TX","","","","","http://fosterangelsctx.org","false","false","","Convertido de “Complete Family Resource Guide List.xlsx”, fila 15, el 2026-08-10. Revisar datos y fuente oficial antes de publicar."
"Foster Village","Apoyo para jóvenes y familias de cuidado temporal","Support for foster youth and families","Creamos una aldea de apoyo en torno a los cuidadores equipándolos con recursos críticos, conectando a las familias con una comunidad sustentadora y abogando por la comunidad más allá del sistema. A través de nuestros dos centros de recursos hogareños, equipamos a las familias con artículos esenciales en el momento de la colocación (y durante las transiciones de la colocación) y luego brindamos...","We wrap a village of support around caregivers by equipping them with critical resources, connecting families to a sustaining community, and advocating for community beyond the system.  Through our two home-like resource centers, we equip families with essential items at the time of placement (and during transitions of placement) and then provide…","Creamos una aldea de apoyo en torno a los cuidadores equipándolos con recursos críticos, conectando a las familias con una comunidad sustentadora y abogando por la comunidad más allá del sistema. A través de nuestros dos centros de recursos hogareños, equipamos a las familias con artículos esenciales en el momento de la colocación (y durante las transiciones de la colocación) y luego brindamos apoyo continuo a través de la participación en nuestros programas y reuniones. El Proyecto SOOTHe es para que los cuidadores aprendan a apoyar las necesidades de procesamiento sensorial de sus hijos y las suyas propias. El Programa de Apoyo Terapéutico brinda apoyo individualizado y nuestro Programa Socios en Permanencia ayuda a las familias a crear una permanencia segura y estable después de la reunificación al construir relaciones entre los padres biológicos y los padres de crianza para que puedan trabajar juntos para cuidar a los niños que todos aman. Únase a nosotros en una de nuestras reuniones de apoyo semestrales, citas de juego sensorial o eventos para conectarse durante todo el año. Nuestras reuniones y programación también están abiertas a familias adoptivas. Sabemos que la necesidad de apoyo continuo no termina con la permanencia.","We wrap a village of support around caregivers by equipping them with critical resources, connecting families to a sustaining community, and advocating for community beyond the system.  Through our two home-like resource centers, we equip families with essential items at the time of placement (and during transitions of placement) and then provide on-going support through engagement with our programs and gatherings.  Project SOOTHe is for caregivers learning to support their child’s sensory processing needs as well as their own. Therapeutic Support Program provides individualized support and our Partners in Permanency Program helps families create safe and stable permanency after reunification by building relationships between birth parents and foster parents so they can work together to care for the children they all love. Join us at one of our six monthly support gatherings, sensory play dates, or events for connection throughout the year. Our gatherings and programming are open to adoptive families as well. We know the need for on-going support does not end at permanency.","foster-village-support-for-foster-youth-and-families","otros-recursos","salud","Apoyo para jóvenes y familias de cuidado temporal|Foster Village","Support for foster youth and families|Foster Village","en","in_person","unknown","","","","","Comunícate con la organización para confirmar disponibilidad, requisitos y cómo solicitar el servicio.","Contact the organization to confirm availability, requirements and how to request the service.","","","","","Austin, Georgetown, Round Rock, Pflugerville, Condado de Travis, Condado de Williamson, Condado de Bastrop, Condado de Hays, Condado de Caldwell, Condado de Blanco, Condado de Burnet","Austin, Georgetown, Round Rock, Pflugerville, Travis County, Williamson County, Bastrop County, Hays County, Caldwell County, Blanco County, Burnet County","512-599-4144","","","info@fostervillageaustin.org","http://www.fostervillageaustin.org","","","","TX","","","","","http://www.fostervillageaustin.org","false","false","","Convertido de “Complete Family Resource Guide List.xlsx”, fila 16, el 2026-08-10. Revisar datos y fuente oficial antes de publicar."
"Texas Baptist Children's Home","Apoyo para jóvenes y familias de cuidado temporal","Support for foster youth and families","El programa Family Care at TBCH ofrece viviendas de transición a madres solteras vulnerables y sus hijos. Estabiliza y equipa a las familias a través de la gestión de casos, asesoramiento sin costo, capacitación para padres y habilidades para la vida, asistencia financiera y tangible, becas universitarias y más.","The Family Care at TBCH program offers transitional housing to vulnerable single mothers and their children.  It stabilizes and equips families through case management, no-cost counseling, life skills & parenting training, tangible & financial assistance, college scholarships, and more.","El programa Family Care at TBCH ofrece viviendas de transición a madres solteras vulnerables y sus hijos. Estabiliza y equipa a las familias a través de la gestión de casos, asesoramiento sin costo, capacitación para padres y habilidades para la vida, asistencia financiera y tangible, becas universitarias y más. Mientras las familias viven en TBCH, constantemente las aman y las alientan a perseguir sus sueños para crear un futuro prometedor no solo para ellos, sino también para sus generaciones futuras. El Programa Home Base de TBCH ofrece viviendas de transición a adultos jóvenes, de 18 a 24 años, que están saliendo del sistema de cuidado de crianza, servicios juveniles o que se enfrentan a la falta de hogar. Proporciona un puente de estabilidad y orientación mientras sueñan con su futuro y alcanzan sus metas. Al igual que nuestro Programa de atención familiar, los adultos jóvenes tienen acceso a servicios como administración de casos, asesoramiento sin costo, como capacitación en habilidades y más. Nuestro Programa Hope Counseling ofrece servicios de asesoramiento profesional sin costo a clientes residenciales de TBCH, así como a niños, jóvenes, familias, adultos mayores y otras personas de la comunidad. Los servicios incluyen asesoramiento individual, familiar y grupal, así como terapia centrada en los niños.","The Family Care at TBCH program offers transitional housing to vulnerable single mothers and their children. It stabilizes and equips families through case management, no-cost counseling, life skills & parenting training, tangible & financial assistance, college scholarships, and more. While families are living at TBCH, they are constantly loved on and encouraged to pursue their dreams in order to create a promising future for not only them, but their future generations.   The TBCH Home Base Program offers transitional housing to young adults, ages 18-24, who are aging out of the foster care system, juvenile services, or who are facing homelessness. It provides a bridge of stability and guidance as they dream about their future and reach for their goals. Much like our Family Care Program, the young adults have access to services such as case management, no-cost counseling, like skills training, and more.   Our Hope Program Counseling offers no-cost professional counseling services to TBCH residential clients, as well as children, youth, families, senior adults, and other individuals in the community. Services include individual, family, and group counseling, as well as child focused therapy.","texas-baptist-children-s-home-support-for-foster-youth-and-families","otros-recursos","salud","Apoyo para jóvenes y familias de cuidado temporal|Texas Baptist Children's Home","Support for foster youth and families|Texas Baptist Children's Home","en","in_person","free","","","","","Comunícate con la organización para confirmar disponibilidad, requisitos y cómo solicitar el servicio.","Contact the organization to confirm availability, requirements and how to request the service.","","","","","Austin, Georgetown, Round Rock, Pflugerville, Condado de Travis, Condado de Williamson, Condado de Bastrop, Condado de Hays, Condado de Caldwell, Condado de Blanco, Condado de Burnet","Austin, Georgetown, Round Rock, Pflugerville, Travis County, Williamson County, Bastrop County, Hays County, Caldwell County, Blanco County, Burnet County","512-255-3682","","","info@tbch.org","http://www.tbch.org","","","","TX","","","","","http://www.tbch.org","false","false","","Convertido de “Complete Family Resource Guide List.xlsx”, fila 17, el 2026-08-10. Revisar datos y fuente oficial antes de publicar."
"The Settlement Home for Children Post-Adoption Services","Apoyo para jóvenes y familias de cuidado temporal","Support for foster youth and families","Terapia individual y familiar, asesoramiento para padres, capacitación, grupos de apoyo, defensa y conexión","Individual and Family Therapy, Parent Coaching, Training, Support Groups, Advocacy and Connection","Terapia individual y familiar, asesoramiento para padres, capacitación, grupos de apoyo, defensa y conexión","Individual and Family Therapy, Parent Coaching, Training, Support Groups, Advocacy and Connection","the-settlement-home-for-children-post-adoption-services-support-for-foster-youth-and-families","otros-recursos","salud","Apoyo para jóvenes y familias de cuidado temporal|The Settlement Home for Children Post-Adoption Services","Support for foster youth and families|The Settlement Home for Children Post-Adoption Services","en","in_person","unknown","","","","","Comunícate con la organización para confirmar disponibilidad, requisitos y cómo solicitar el servicio.","Contact the organization to confirm availability, requirements and how to request the service.","","","","","Austin, Georgetown, Round Rock, Pflugerville, Condado de Travis, Condado de Williamson, Condado de Bastrop, Condado de Hays, Condado de Caldwell, Condado de Blanco, Condado de Burnet","Austin, Georgetown, Round Rock, Pflugerville, Travis County, Williamson County, Bastrop County, Hays County, Caldwell County, Blanco County, Burnet County","(512)836-2150 ext 176","","","maveryzellner@settlementhome.org","https://www.settlementhomepostadoption.org/","","","","TX","","","","","https://www.settlementhomepostadoption.org/","false","false","","Convertido de “Complete Family Resource Guide List.xlsx”, fila 18, el 2026-08-10. Revisar datos y fuente oficial antes de publicar."
"Upbring","Apoyo para jóvenes y familias de cuidado temporal","Support for foster youth and families","Upbring Child Welfare Organization se dedica a fomentar el bienestar de los niños y las familias a través de una gama integral de servicios compasivos. Nuestra organización está comprometida a crear un entorno seguro y de apoyo donde los niños puedan prosperar emocional, física y académicamente.","Upbring Child Welfare Organization is dedicated to nurturing the well-being of children and families through a comprehensive range of compassionate services.  Our organization is committed to creating a safe and supportive environment where children can thrive emotionally, physically, and academically.","Upbring Child Welfare Organization se dedica a fomentar el bienestar de los niños y las familias a través de una gama integral de servicios compasivos. Nuestra organización está comprometida a crear un entorno seguro y de apoyo donde los niños puedan prosperar emocional, física y académicamente. Ofrecemos servicios de colocación en hogares de acogida, garantizando que los niños necesitados encuentren hogares amorosos que promuevan la estabilidad y el crecimiento. Nuestro equipo de profesionales dedicados brinda asesoramiento y apoyo a las familias, abordando los desafíos únicos que pueden enfrentar. Upbring también ofrece programas educativos para capacitar a los niños con las habilidades que necesitan para un futuro mejor. Con un enfoque en el desarrollo infantil integral, nos esforzamos por romper el ciclo de la adversidad y construir una base para el éxito de por vida. Junto con comunidades, socios y cuidadores, Upbring está dando forma a un mañana mejor y más esperanzador para los niños en circunstancias difíciles.","Upbring Child Welfare Organization is dedicated to nurturing the well-being of children and families through a comprehensive range of compassionate services. Our organization is committed to creating a safe and supportive environment where children can thrive emotionally, physically, and academically. We offer foster care placement services, ensuring that children in need find loving homes that promote stability and growth. Our team of dedicated professionals provides counseling and support to families, addressing the unique challenges they may face. Upbring also offers educational programs to empower children with the skills they need for a brighter future. With a focus on holistic child development, we strive to break the cycle of adversity and build a foundation for lifelong success. Together with communities, partners, and caregivers, Upbring is shaping a better, more hopeful tomorrow for children in challenging circumstances.","upbring-support-for-foster-youth-and-families","otros-recursos","salud","Apoyo para jóvenes y familias de cuidado temporal|Upbring","Support for foster youth and families|Upbring","en","in_person","unknown","","","","","Comunícate con la organización para confirmar disponibilidad, requisitos y cómo solicitar el servicio.","Contact the organization to confirm availability, requirements and how to request the service.","","","","","Austin","Austin","512-459-1000","","","myron.peck@upbring.org","https://upbring.org/","","","","TX","","","","","https://upbring.org/","false","false","","Convertido de “Complete Family Resource Guide List.xlsx”, fila 19, el 2026-08-10. Revisar datos y fuente oficial antes de publicar."
"Hill Country Community Ministries","Alimentos y asistencia para necesidades básicas","Food and basic-needs assistance","Nuestra Despensa de Alimentos es el corazón de nuestros esfuerzos y cuenta con alimentos no perecederos, frutas y verduras frescas, pan, pasteles y artículos esenciales para el cuidado personal. En nuestro Community Cupboard, creemos que todos merecen acceso a alimentos frescos y saludables.","Our Food Pantry is the heart of our efforts, stocked with nonperishable food, fresh fruits and vegetables, bread, pastries, and essential personal care items.  At our Community Cupboard, we believe that everyone deserves access to fresh and wholesome food.","Nuestra Despensa de Alimentos es el corazón de nuestros esfuerzos y cuenta con alimentos no perecederos, frutas y verduras frescas, pan, pasteles y artículos esenciales para el cuidado personal. En nuestro Community Cupboard, creemos que todos merecen acceso a alimentos frescos y saludables. Abrimos nuestras puertas a todos, ofreciendo una variedad de artículos, que incluyen frutas, verduras, pan, pasteles y más, asegurando que nadie en nuestra comunidad pase hambre. Eres bienvenido a venir una vez al día, todos los días. Alimentos frescos para todos: nuestro enfoque específico para combatir el hambre y promover una mejor nutrición. HCCM da un paso adelante al extender la ayuda a áreas desatendidas, otorgando a los clientes acceso directo a productos frescos y permitiéndoles seleccionar sus frutas y verduras preferidas, ¡todo GRATIS! Actualmente contamos con 10 sitios de distribución para el programa de Alimentos Frescos. Más allá de la comida y la ropa, HCCM amplía su apoyo para incluir vales para exámenes de la vista y anteojos de cortesía, asistencia con los servicios públicos, suministros para mochilas, abrigos y mantas, ventiladores y calzado deportivo nuevo a través de nuestro programa Laces.","Our Food Pantry is the heart of our efforts, stocked with nonperishable food, fresh fruits and vegetables, bread, pastries, and essential personal care items. At our Community Cupboard, we believe that everyone deserves access to fresh and wholesome food. We open our doors to all, offering a variety of items, including fruits, vegetables, bread, pastries, and more, ensuring that no one in our community goes hungry.  You are welcome to come once a day, every day. Fresh Food for All – our targeted approach to tackling hunger and promoting better nutrition. HCCM steps up by extending help to underserved areas, granting clients direct access to fresh produce, and allowing them to select their preferred fruits and vegetables - all for FREE!  We currently have 10 distribution sites for the Fresh Food program. Beyond food and clothing, HCCM extends its support to include vouchers for complimentary eye exams and glasses, utility assistance, backpack supplies, coats and blankets, fans, and brand-new athletic shoes through our Laces program.","hill-country-community-ministries-food-and-basic-needs-assistance","comida","recursos-financieros|vivienda","Alimentos y asistencia para necesidades básicas|Hill Country Community Ministries","Food and basic-needs assistance|Hill Country Community Ministries","en","in_person","free","","","","","Comunícate con la organización para confirmar disponibilidad, requisitos y cómo solicitar el servicio.","Contact the organization to confirm availability, requirements and how to request the service.","","","","","Austin, Condado de Williamson","Austin, Williamson County","512-259-0360","","","kandy.chimento@hccm.org","http://www.hccm.org","","","","TX","","","","","http://www.hccm.org","false","false","","Convertido de “Complete Family Resource Guide List.xlsx”, fila 20, el 2026-08-10. Revisar datos y fuente oficial antes de publicar."
"Workforce Solutions Rural Capital Area- Child Care Services","Asistencia financiera y apoyo para necesidades básicas","Financial and basic-needs assistance","Workforce Solutions Rural Capital Area ofrece becas de cuidado infantil a familias elegibles.","Workforce Solutions Rural Capital Area offers child care scholarships to eligible families.","Workforce Solutions Rural Capital Area ofrece becas de cuidado infantil a familias elegibles.","Workforce Solutions Rural Capital Area offers child care scholarships to eligible families.","workforce-solutions-rural-capital-area-child-care-services-financial-and-basic-needs-assistance","recursos-financieros","","Asistencia financiera y apoyo para necesidades básicas|Workforce Solutions Rural Capital Area- Child Care Services","Financial and basic-needs assistance|Workforce Solutions Rural Capital Area- Child Care Services","en","in_person","unknown","","","","","Comunícate con la organización para confirmar disponibilidad, requisitos y cómo solicitar el servicio.","Contact the organization to confirm availability, requirements and how to request the service.","","","","","Georgetown, Round Rock, Pflugerville, Condado de Travis, Condado de Williamson, Condado de Bastrop, Condado de Hays, Condado de Caldwell, Condado de Blanco, Condado de Burnet","Georgetown, Round Rock, Pflugerville, Travis County, Williamson County, Bastrop County, Hays County, Caldwell County, Blanco County, Burnet County","512-260-1937","","","baleigh.dua@ruralcapital.net","https://workforcesolutionsrca.com/","","","","TX","","","","","https://workforcesolutionsrca.com/","false","false","","Convertido de “Complete Family Resource Guide List.xlsx”, fila 21, el 2026-08-10. Revisar datos y fuente oficial antes de publicar."
"Cross Creek Behavioral Health Hospital","Servicios de salud mental y bienestar","Mental health and wellness services","Cross Creek es un hospital de salud mental que ofrece servicios para pacientes hospitalizados y ambulatorios, con algunas opciones virtuales para pacientes ambulatorios disponibles. También ofrecemos transporte para nuestros programas ambulatorios hasta 25 millas en las áreas circundantes.","Cross Creek is a mental health hospital that offers services in inpatient and outpatient settings, with some virtual outpatient options available .  We also offer transportation for our outpatient programs up to 25 miles in the surrounding areas.","Cross Creek es un hospital de salud mental que ofrece servicios para pacientes hospitalizados y ambulatorios, con algunas opciones virtuales para pacientes ambulatorios disponibles. También ofrecemos transporte para nuestros programas ambulatorios hasta 25 millas en las áreas circundantes.","Cross Creek is a mental health hospital that offers services in inpatient and outpatient settings, with some virtual outpatient options available . We also offer transportation for our outpatient programs up to 25 miles in the surrounding areas.","cross-creek-behavioral-health-hospital-mental-health-and-wellness-services","salud","","Servicios de salud mental y bienestar|Cross Creek Behavioral Health Hospital","Mental health and wellness services|Cross Creek Behavioral Health Hospital","en","in_person|online","unknown","","","","","Comunícate con la organización para confirmar disponibilidad, requisitos y cómo solicitar el servicio.","Contact the organization to confirm availability, requirements and how to request the service.","","","","","Georgetown, Round Rock, Pflugerville, Condado de Travis, Condado de Williamson, Condado de Bastrop, Condado de Hays, Condado de Caldwell, Condado de Blanco, Condado de Burnet, Austin","Georgetown, Round Rock, Pflugerville, Travis County, Williamson County, Bastrop County, Hays County, Caldwell County, Blanco County, Burnet County, Austin","737-900-2379","","","alicia.hernandez@crosscreekhospital.com","http://www.crosscreekhospital.com","","","","TX","","","","","http://www.crosscreekhospital.com","false","false","","Convertido de “Complete Family Resource Guide List.xlsx”, fila 22, el 2026-08-10. Revisar datos y fuente oficial antes de publicar."
"Dell Children's Health Plan","Servicios de salud mental y bienestar","Mental health and wellness services","A través de los programas de Medicaid del Programa de seguro médico para niños (CHIP) y de la reforma de acceso del estado de Texas (STAR), Dell Children's Health Plan ofrece atención médica de calidad y beneficios adicionales para las familias, con médicos y clínicas locales. Dell Children's Health Plan es una organización de mantenimiento de la salud (HMO) comprometida a brindarle la atención adecuada cerca de casa.","Through the Children’s Health Insurance Program (CHIP) and State of Texas Access Reform (STAR) Medicaid programs, Dell Children’s Health Plan offers quality healthcare and extra benefits for families, with local doctors and clinics.  Dell Children’s Health Plan is a Health Maintenance Organization (HMO) committed to getting you the right care close to home.","A través de los programas de Medicaid del Programa de seguro médico para niños (CHIP) y de la reforma de acceso del estado de Texas (STAR), Dell Children's Health Plan ofrece atención médica de calidad y beneficios adicionales para las familias, con médicos y clínicas locales. Dell Children's Health Plan es una organización de mantenimiento de la salud (HMO) comprometida a brindarle la atención adecuada cerca de casa. Los beneficios de Dell Children's Health Plan son beneficios STAR o CHIP, además de los beneficios adicionales que obtiene por ser nuestro miembro.","Through the Children’s Health Insurance Program (CHIP) and State of Texas Access Reform (STAR) Medicaid programs, Dell Children’s Health Plan offers quality healthcare and extra benefits for families, with local doctors and clinics.  Dell Children’s Health Plan is a Health Maintenance Organization (HMO) committed to getting you the right care close to home. Dell Children’s Health Plan benefits are STAR or CHIP benefits, plus the extra benefits you get for being our member.","dell-children-s-health-plan-mental-health-and-wellness-services","salud","","Servicios de salud mental y bienestar|Dell Children's Health Plan","Mental health and wellness services|Dell Children's Health Plan","en","in_person","unknown","","","","","Comunícate con la organización para confirmar disponibilidad, requisitos y cómo solicitar el servicio.","Contact the organization to confirm availability, requirements and how to request the service.","","","","","Georgetown, Round Rock, Pflugerville, Condado de Travis, Condado de Williamson, Condado de Bastrop, Condado de Hays, Condado de Caldwell, Condado de Blanco, Condado de Burnet, Austin","Georgetown, Round Rock, Pflugerville, Travis County, Williamson County, Bastrop County, Hays County, Caldwell County, Blanco County, Burnet County, Austin","512-324-3247","","","dchpcommunityoutreach@ascension.org","http://www.dellchildrenshealthplan.com","","","","TX","","","","","http://www.dellchildrenshealthplan.com","false","false","","Convertido de “Complete Family Resource Guide List.xlsx”, fila 23, el 2026-08-10. Revisar datos y fuente oficial antes de publicar."
"Healing Wings LLC","Servicios de salud mental y bienestar","Mental health and wellness services","Ofrecemos servicios de terapia desde los 5 a los 18 años para desafíos con cambios en la estructura del hogar, TDAH, Ansiedad, Depresión, Dificultades en la regulación de las emociones, Habilidades de crianza, Problemas de oposición y comportamiento, Terapia de juego, Autismo, Dificultades relacionadas con el trauma, Manejo de la ira, LGBTQ, Entrenamiento en habilidades sociales, Transiciones de vida y Desarrollo de habilidades.…","We offer therapy services from the ages of 5-18 for challenges with changes in the home structure, ADHD, Anxiety, Depression, Emotion Regulation Difficulties, Parenting Skills, Oppositional and Behavioral Problems, Play Therapy, Autism, Difficulties related to Trauma, Anger Management, LGBTQ, Social Skills Training, Life Transitions, and Skill Building.…","Ofrecemos servicios de terapia desde los 5 a los 18 años para desafíos con cambios en la estructura del hogar, TDAH, ansiedad, depresión, dificultades de regulación de las emociones, habilidades de crianza, problemas de oposición y comportamiento, terapia de juego, autismo, dificultades relacionadas con el trauma, manejo de la ira, LGBTQ, entrenamiento de habilidades sociales, transiciones de vida y desarrollo de habilidades. Los enfoques terapéuticos incluyen TCC, atención plena y terapia de juego. La evaluación psicológica para edades de 6 a 18 años ayuda a determinar si un niño o adolescente cumple con los criterios de TDAH, depresión, ansiedad, trauma, trastornos del aprendizaje, desafío e ira y problemas de adaptación.","We offer therapy services from the ages of 5-18 for challenges with changes in the home structure, ADHD, Anxiety, Depression, Emotion Regulation Difficulties, Parenting Skills, Oppositional and Behavioral Problems, Play Therapy, Autism, Difficulties related to Trauma, Anger Management, LGBTQ, Social Skills Training, Life Transitions, and Skill Building. Therapy approaches include CBT, Mindfulness, and Play Therapy. Psychological assessment for ages 6-18 help determine if a child or teen meets criteria for ADHD, Depression, Anxiety, Trauma, Learning Disorders, Defiance and Anger, and Adjustment Issues.","healing-wings-llc-mental-health-and-wellness-services","salud","","Servicios de salud mental y bienestar|Healing Wings LLC","Mental health and wellness services|Healing Wings LLC","en","in_person","unknown","","","","","Comunícate con la organización para confirmar disponibilidad, requisitos y cómo solicitar el servicio.","Contact the organization to confirm availability, requirements and how to request the service.","","","","","Georgetown, Round Rock, Pflugerville, Condado de Travis, Condado de Williamson, Condado de Hays, Austin","Georgetown, Round Rock, Pflugerville, Travis County, Williamson County, Hays County, Austin","512-690-8708","","","drgacita@healingwingsllc.com","http://healingwingsllc.com","","","","TX","","","","","http://healingwingsllc.com","false","false","","Convertido de “Complete Family Resource Guide List.xlsx”, fila 24, el 2026-08-10. Revisar datos y fuente oficial antes de publicar."
"Impact Counseling Services, Inc","Servicios de salud mental y bienestar","Mental health and wellness services","Brindamos servicios gratuitos de salud mental en la escuela a estudiantes, familias y personal escolar. También brindamos servicios de asesoramiento para pacientes ambulatorios, así como servicios de trabajadores de salud comunitarios para mujeres embarazadas y posparto hasta los 12 meses.","We provide free school-based mental health services to students, families, and school staff.  We also provide outpatient counseling services as well as Community Health Worker services for pregnant women and postpartum up to 12 months.","Brindamos servicios gratuitos de salud mental en la escuela a estudiantes, familias y personal escolar. También brindamos servicios de asesoramiento para pacientes ambulatorios, así como servicios de trabajadores de salud comunitarios para mujeres embarazadas y posparto hasta los 12 meses.","We provide free school-based mental health services to students, families, and school staff.  We also provide outpatient counseling services as well as Community Health Worker services for pregnant women and postpartum up to 12 months.","impact-counseling-services-inc-mental-health-and-wellness-services","salud","","Servicios de salud mental y bienestar|Impact Counseling Services, Inc","Mental health and wellness services|Impact Counseling Services, Inc","en","in_person","free","","","","","Comunícate con la organización para confirmar disponibilidad, requisitos y cómo solicitar el servicio.","Contact the organization to confirm availability, requirements and how to request the service.","","","","","Georgetown, Round Rock, Condado de Williamson","Georgetown, Round Rock, Williamson County","512-713-9886","","","info@impactcounselingservices.org","http://www.impactcounselingservices.org","","","","TX","","","","","http://www.impactcounselingservices.org","false","false","","Convertido de “Complete Family Resource Guide List.xlsx”, fila 25, el 2026-08-10. Revisar datos y fuente oficial antes de publicar."
"Samaritan Center","Servicios de salud mental y bienestar","Mental health and wellness services","Brindamos servicios de salud mental que incluyen asesoramiento individual para niños y adultos. También brindamos asesoramiento familiar, asesoramiento de parejas y asesoramiento grupal.","We provide mental health services including individual counseling for children and adults.  We also provide family counseling, couples counseling and group counseling.","Brindamos servicios de salud mental que incluyen asesoramiento individual para niños y adultos. También brindamos asesoramiento familiar, asesoramiento de parejas y asesoramiento grupal. Ofrecemos clases para padres y talleres educativos para desarrollar habilidades y resiliencia, y aprender habilidades de afrontamiento. Los servicios en persona se ofrecen en nuestras ubicaciones en Austin, Dripping Springs, Georgetown y Wimberley. Una oficina adicional en San Marcos es solo para veteranos y sus familias, y esas familias de militares también se pueden ver en nuestras otras ubicaciones. Los servicios de telesalud también están disponibles según sus preferencias. Los servicios de acupuntura y medicina integrativa están disponibles en nuestra ubicación de Austin.","We provide mental health services including individual counseling for children and adults.  We also provide family counseling, couples counseling and group counseling.  We offer parenting classes and educational workshops to build skills and resilience, and to learn coping skills. In person services are offered at our locations in Austin, Dripping Springs, Georgetown and Wimberley.  An additional office in San Marcos is only for veterans and their families, and those military families can also be seen at our other locations.  Tele-health services are also available based on your preference. Acupuncture and integrative medicine services are available at our Austin location.","samaritan-center-mental-health-and-wellness-services","salud","","Servicios de salud mental y bienestar|Samaritan Center","Mental health and wellness services|Samaritan Center","en","in_person|online","unknown","","","","","Comunícate con la organización para confirmar disponibilidad, requisitos y cómo solicitar el servicio.","Contact the organization to confirm availability, requirements and how to request the service.","","","","","Georgetown, Round Rock, Pflugerville, Condado de Travis, Condado de Williamson, Condado de Bastrop, Condado de Hays, Condado de Caldwell, Condado de Blanco, Condado de Burnet, Austin","Georgetown, Round Rock, Pflugerville, Travis County, Williamson County, Bastrop County, Hays County, Caldwell County, Blanco County, Burnet County, Austin","512-451-7337","","","anne@samaritan-center.org","https://samaritan-center.org/","","","","TX","","","","","https://samaritan-center.org/","false","false","","Convertido de “Complete Family Resource Guide List.xlsx”, fila 26, el 2026-08-10. Revisar datos y fuente oficial antes de publicar."
"Austin Youth Fitness","Programas de desarrollo y recreación juvenil","Youth development and recreation programs","Austin Youth Fitness ofrece clubes para correr, andar en bicicleta y yoga después de la escuela en los parques de Austin, las escuelas del AISD y las escuelas del EISD. Para probar nuestros programas, su hijo puede unirse a AYF para campamentos de vacaciones escolares y campamentos de verano: Fit n' Fun Running, Cycle the City y Beginner Biking.","Austin Youth Fitness offers after-school running, biking and yoga clubs at Austin parks, AISD schools and EISD schools.  For a taste of our programs, your child can join AYF for school holiday camps and summer camps - Fit n' Fun Running, Cycle the City, and Beginner Biking.","Austin Youth Fitness ofrece clubes para correr, andar en bicicleta y yoga después de la escuela en los parques de Austin, las escuelas del AISD y las escuelas del EISD. Para probar nuestros programas, su hijo puede unirse a AYF para campamentos de vacaciones escolares y campamentos de verano: Fit n' Fun Running, Cycle the City y Beginner Biking. También contamos con servicios de entrenamiento personal para correr, andar en bicicleta, andar en bicicleta para principiantes y yoga. Por último, ¡podemos llevar la diversión del fitness a fiestas de cumpleaños, de clase o de equipo! Hay becas disponibles para cualquier club o campamento.","Austin Youth Fitness offers after-school running, biking and yoga clubs at Austin parks, AISD schools and EISD schools. For a taste of our programs, your child can join AYF for school holiday camps and summer camps - Fit n' Fun Running, Cycle the City, and Beginner Biking. We also have personal training services for running, biking, beginner biking and yoga. Lastly, we can bring the fitness fun to birthday, classroom or team parties! Scholarships are available for any club or camp.","austin-youth-fitness-youth-development-and-recreation-programs","educacion","otros-recursos","Programas de desarrollo y recreación juvenil|Austin Youth Fitness","Youth development and recreation programs|Austin Youth Fitness","en","in_person","unknown","","","","","Comunícate con la organización para confirmar disponibilidad, requisitos y cómo solicitar el servicio.","Contact the organization to confirm availability, requirements and how to request the service.","","","","","Austin, Condado de Travis","Austin, Travis County","512-537-9795","","","info@austinyouthfitness.com","http://austinyouthfitness.com","","","","TX","","","","","http://austinyouthfitness.com","false","false","","Convertido de “Complete Family Resource Guide List.xlsx”, fila 27, el 2026-08-10. Revisar datos y fuente oficial antes de publicar."
"Boys and Girls Club of Georgetown","Programas de desarrollo y recreación juvenil","Youth development and recreation programs","Nuestro programa se basa en tres puntos principales para el crecimiento y bienestar de nuestros jóvenes y adolescentes. Nos enfocamos en el éxito académico, el estilo de vida saludable y el carácter - liderazgo.","Our program is based on three main points for the growth and well being of our youth and teens.  We focus on Academic success, Healthy lifestyle and Character - Leadership.","Nuestro programa se basa en tres puntos principales para el crecimiento y bienestar de nuestros jóvenes y adolescentes. Nos enfocamos en el éxito académico, el estilo de vida saludable y el carácter - liderazgo. Nuestra misión es permitir que todos los jóvenes, especialmente aquellos que más nos necesitan, alcancen su máximo potencial como ciudadanos productivos, solidarios y responsables.","Our program is based on three main points for the growth and well being of our youth and teens. We focus on Academic success, Healthy lifestyle and Character - Leadership. Our mission is to enable all young people, especially those who need us the most, to reach their full potential as productive, caring, responsible citizens.","boys-and-girls-club-of-georgetown-youth-development-and-recreation-programs","educacion","otros-recursos","Programas de desarrollo y recreación juvenil|Boys and Girls Club of Georgetown","Youth development and recreation programs|Boys and Girls Club of Georgetown","en","in_person","unknown","","","","","Comunícate con la organización para confirmar disponibilidad, requisitos y cómo solicitar el servicio.","Contact the organization to confirm availability, requirements and how to request the service.","","","","","Georgetown, Round Rock, Condado de Williamson, Pflugerville","Georgetown, Round Rock, Williamson County, Pflugerville","512-868-3700","","","rmireles@bgctx.org","http://bgctx.org/Georgetown","","","","TX","","","","","http://bgctx.org/Georgetown","false","false","","Convertido de “Complete Family Resource Guide List.xlsx”, fila 28, el 2026-08-10. Revisar datos y fuente oficial antes de publicar."
"Candlelight Ranch","Programas de desarrollo y recreación juvenil","Youth development and recreation programs","Candlelight Ranch promueve la salud física y mental a través de programas nocturnos, de fin de semana y diurnos llenos de educación, terapia y cursos de desafío sobre ciencias naturales y al aire libre.","Candlelight Ranch promotes physical and mental health through overnight, weekend and day programs filled with outdoor and natural science education, therapy, and challenge courses.","Candlelight Ranch promueve la salud física y mental a través de programas nocturnos, de fin de semana y diurnos llenos de educación, terapia y cursos de desafío sobre ciencias naturales y al aire libre. Las comodidades incluyen circuitos de desafío con cuerdas bajas, tirolinas accesibles y torre para escalar, Carolyn's Canyon Crawl (un puente de 225 pies que cruza el cañón de 80 pies de profundidad), una fuente de agua accesible y área educativa de Chillville, una instalación de aprendizaje equino, jardinería y un bosque de alimentos en expansión, proyectos de arte que utilizan materiales naturales encontrados, sistema de agua de lluvia, casa en el árbol accesible para sillas de ruedas, tiro con arco y exploración de senderos.","Candlelight Ranch promotes physical and mental health through overnight, weekend and day programs filled with outdoor and natural science education, therapy, and challenge courses. Amenities include low ropes challenge courses, accessible zip lines and climbing tower, Carolyn’s Canyon Crawl (225’ bridge spanning the 80’ deep canyon), Chillville accessible water feature and education area, an equine learning facility, gardening and an expanding food forest, art projects using found natural materials, rainwater system, wheelchair-accessible treehouse, archery, and trail exploration","candlelight-ranch-youth-development-and-recreation-programs","educacion","otros-recursos","Programas de desarrollo y recreación juvenil|Candlelight Ranch","Youth development and recreation programs|Candlelight Ranch","en","in_person","unknown","","","","","Comunícate con la organización para confirmar disponibilidad, requisitos y cómo solicitar el servicio.","Contact the organization to confirm availability, requirements and how to request the service.","","","","","Georgetown, Round Rock, Pflugerville, Condado de Travis, Condado de Williamson, Condado de Bastrop, Condado de Hays, Condado de Caldwell, Condado de Blanco, Condado de Burnet, Austin","Georgetown, Round Rock, Pflugerville, Travis County, Williamson County, Bastrop County, Hays County, Caldwell County, Blanco County, Burnet County, Austin","512-323-5300","","","info@candlelightranch.org","http://www.candlelightranch.org","","","","TX","","","","","http://www.candlelightranch.org","false","false","","Convertido de “Complete Family Resource Guide List.xlsx”, fila 29, el 2026-08-10. Revisar datos y fuente oficial antes de publicar."
"David Phillips Foundation","Programas de desarrollo y recreación juvenil","Youth development and recreation programs","La Fundación David Phillips (DPF) financia programas gratuitos de enriquecimiento deportivo y recreativo después de la escuela en las escuelas Título I del AISD, llevando “juego” a niños que de otro modo no tendrían acceso. Los programas incluyen correr, yoga, andar en patineta, andar en bicicleta y kárate.","The David Phillips Foundation (DPF) funds free after-school sports and recreation enrichment programs in AISD Title-I schools, bringing “play” to children who wouldn’t otherwise have access.  Programs include Running, Yoga, Skateboarding, Biking, and Karate.","La Fundación David Phillips (DPF) financia programas gratuitos de enriquecimiento deportivo y recreativo después de la escuela en las escuelas Título I del AISD, llevando “juego” a niños que de otro modo no tendrían acceso. Los programas incluyen correr, yoga, andar en patineta, andar en bicicleta y kárate. Si su escuela de Título I aún no tiene un grupo financiado por DPF, envíe un correo electrónico a info@davidphillipsfoundation.org para discutir la creación de uno.","The David Phillips Foundation (DPF) funds free after-school sports and recreation enrichment programs in AISD Title-I schools, bringing “play” to children who wouldn’t otherwise have access. Programs include Running, Yoga, Skateboarding, Biking, and Karate. If your Title-I school does not already have a DPF funded group, email info@davidphillipsfoundation.org to discuss getting one set up.","david-phillips-foundation-youth-development-and-recreation-programs","educacion","otros-recursos","Programas de desarrollo y recreación juvenil|David Phillips Foundation","Youth development and recreation programs|David Phillips Foundation","en","in_person","free","","","","","Comunícate con la organización para confirmar disponibilidad, requisitos y cómo solicitar el servicio.","Contact the organization to confirm availability, requirements and how to request the service.","","","","","Austin, Condado de Travis","Austin, Travis County","512-423-8839","","","info@davidphillipsfoundation.org","https://www.davidphillipsfoundation.org/","","","","TX","","","","","https://www.davidphillipsfoundation.org/","false","false","","Convertido de “Complete Family Resource Guide List.xlsx”, fila 30, el 2026-08-10. Revisar datos y fuente oficial antes de publicar."
"Explore Austin","Programas de desarrollo y recreación juvenil","Youth development and recreation programs","Explore Austin es un programa de seis años 100% gratuito que utiliza un plan de estudios de aventuras al aire libre basado en el liderazgo junto con componentes de aprendizaje socioemocional y tutoría a largo plazo para empoderar a los jóvenes de comunidades económicamente desfavorecidas. En este programa que dura todo el año, equipos de 15 jóvenes (llamados ""Exploradores) se combinan con cinco mentores adultos para aprender...","Explore Austin is a 100% free six-year program that uses a leadership-based outdoor adventure curriculum coupled with social-emotional learning components and long-term mentoring to empower youth from economically disadvantaged communities.  In this year-round program, teams of 15 youth (called ""Explorers) are paired with five adult Mentors to learn…","Explore Austin es un programa de seis años 100% gratuito que utiliza un plan de estudios de aventuras al aire libre basado en el liderazgo junto con componentes de aprendizaje socioemocional y tutoría a largo plazo para empoderar a los jóvenes de comunidades económicamente desfavorecidas. En este programa que dura todo el año, equipos de 15 jóvenes (llamados ""Exploradores) se combinan con cinco mentores adultos para aprender juntos habilidades al aire libre, como acampar, andar en canoa, escalar rocas, andar en bicicleta de montaña y más. Los exploradores y mentores completan nueve desafíos de los sábados por año escolar y se embarcan en un viaje de una semana a la naturaleza fuera del estado cada verano. Los exploradores ingresan al programa en la primavera del sexto grado y continúan hasta la graduación de la escuela secundaria.","Explore Austin is a 100% free six-year program that uses a leadership-based outdoor adventure curriculum coupled with social-emotional learning components and long-term mentoring to empower youth from economically disadvantaged communities. In this year-round program, teams of 15 youth (called ""Explorers) are paired with five adult Mentors to learn outdoor skills together, such as camping, canoeing, rock climbing, mountain biking and more. Explorers and Mentors complete nine Saturday Challenges per school year and embark on a weeklong, out-of-state Summer Wilderness Trip each summer. Explorers enter the program in the spring of sixth grade and continue through high school graduation.","explore-austin-youth-development-and-recreation-programs","educacion","otros-recursos","Programas de desarrollo y recreación juvenil|Explore Austin","Youth development and recreation programs|Explore Austin","en","in_person","free","","","","","Comunícate con la organización para confirmar disponibilidad, requisitos y cómo solicitar el servicio.","Contact the organization to confirm availability, requirements and how to request the service.","","","","","Austin, Condado de Travis, Round Rock, Pflugerville, Condado de Williamson, Condado de Bastrop, Condado de Hays","Austin, Travis County, Round Rock, Pflugerville, Williamson County, Bastrop County, Hays County","512-320-8899","","","info@exploreaustin.org","https://exploreaustin.org/","","","","TX","","","","","https://exploreaustin.org/","false","false","","Convertido de “Complete Family Resource Guide List.xlsx”, fila 31, el 2026-08-10. Revisar datos y fuente oficial antes de publicar."
"just keep livin Foundation","Programas de desarrollo y recreación juvenil","Youth development and recreation programs","La Fundación Just Keep Livin implementa programas de acondicionamiento físico después de la escuela en 45 escuelas secundarias/sitios de Título I. En nuestros programas, alentamos a los estudiantes a tomar decisiones de vida positivas que mejoren su salud física y mental a través del ejercicio, el trabajo en equipo, la gratitud, la nutrición y el servicio comunitario.","The just keep livin Foundation implements after school fitness programs in 45 Title I high schools/sites.  In our programs, we encourage students to make positive life choices that improve their physical and mental health through exercise, teamwork, gratitude, nutrition, and community service.","La Fundación Just Keep Livin implementa programas de acondicionamiento físico después de la escuela en 45 escuelas secundarias/sitios de Título I. En nuestros programas, alentamos a los estudiantes a tomar decisiones de vida positivas que mejoren su salud física y mental a través del ejercicio, el trabajo en equipo, la gratitud, la nutrición y el servicio comunitario. Los estudiantes participantes tienen un lugar seguro para mejorar sus vidas con entrenadores físicos y expertos en salud. Los resultados han sido increíbles. Los participantes se ponen en forma y ganan confianza al mismo tiempo que mejoran sus calificaciones, asistencia y comportamiento. Se construyen amistades y se superan miedos. En nuestro j.k. Al vivir programas extraescolares, los niños aprenden a ser autosuficientes y a tener un comienzo saludable hoy, para poder tener un mejor mañana.","The just keep livin Foundation implements after school fitness programs in 45 Title I high schools/sites. In our programs, we encourage students to make positive life choices that improve their physical and mental health through exercise, teamwork, gratitude, nutrition, and community service. Participating students have a safe place to enhance their lives with fitness coaches and health experts. The results have been incredible. Participants get in shape and gain confidence while also improving their grades, attendance and behavior. Friendships are built and fears are overcome. At our j.k. livin after school programs, kids learn self-reliance and get a healthy start today, so they can make a better tomorrow.","just-keep-livin-foundation-youth-development-and-recreation-programs","educacion","otros-recursos","Programas de desarrollo y recreación juvenil|just keep livin Foundation","Youth development and recreation programs|just keep livin Foundation","en","in_person","unknown","","","","","Comunícate con la organización para confirmar disponibilidad, requisitos y cómo solicitar el servicio.","Contact the organization to confirm availability, requirements and how to request the service.","","","","","Austin","Austin","310-857-1555","","","jenny@jklivin.net","https://jklivinfoundation.org/contact/","","","","TX","","","","","https://jklivinfoundation.org/contact/","false","false","","Convertido de “Complete Family Resource Guide List.xlsx”, fila 32, el 2026-08-10. Revisar datos y fuente oficial antes de publicar."
"Rowing Dock","Programas de desarrollo y recreación juvenil","Youth development and recreation programs","Rowing Dock es el tesoro escondido de Austin para el alquiler de embarcaciones recreativas en el lago Lady Bird. Contamos con una sólida flota de alquiler completa con kayaks individuales, kayaks tándem, kayaks a pedales y tablas de remo.","Rowing Dock is Austin’s hidden treasure for recreational watercraft rentals on Lady Bird Lake.  We have a robust rental fleet complete with Single Kayaks, Tandem Kayaks, Pedal Kayaks, and Stand Up Paddleboards.","Rowing Dock es el tesoro escondido de Austin para el alquiler de embarcaciones recreativas en el lago Lady Bird. Contamos con una sólida flota de alquiler completa con kayaks individuales, kayaks tándem, kayaks a pedales y tablas de remo. Después de registrarse para su alquiler, nuestro equipo capacitado lo ayudará a elegir el bote, el PFD y el remo adecuados para su experiencia. También le brindarán información detallada sobre cómo remar de manera segura y exitosa mientras lo ayudan a entrar y salir de su embarcación. Además del alquiler asequible de embarcaciones por horas, Rowing Dock ofrece visitas guiadas que usted mismo puede reservar, reservas para grupos y paquetes de juegos y trabajo en equipo. ¡También organizamos días comunitarios trimestrales donde los socios de la comunidad local, incluidos Austin Sunshine Campers y sus familias, pueden remar de forma gratuita!","Rowing Dock is Austin’s hidden treasure for recreational watercraft rentals on Lady Bird Lake. We have a robust rental fleet complete with Single Kayaks, Tandem Kayaks, Pedal Kayaks, and Stand Up Paddleboards. After checking in for your rental, our knowledgeable team will help you pick the right boat, PFD, and paddle for your experience. They will also provide detailed information about how to paddle safely and successfully while helping you into and out of your vessel. In addition to affordable hourly watercraft rentals, Rowing Dock offers self-bookable guided tours, group reservations, and teambuilding and games packages. We also host quarterly community days where local community partners, including Austin Sunshine Campers and their families, can paddle free of charge!","rowing-dock-youth-development-and-recreation-programs","educacion","otros-recursos","Programas de desarrollo y recreación juvenil|Rowing Dock","Youth development and recreation programs|Rowing Dock","en","in_person","free","","","","","Comunícate con la organización para confirmar disponibilidad, requisitos y cómo solicitar el servicio.","Contact the organization to confirm availability, requirements and how to request the service.","","","","","Georgetown, Round Rock, Pflugerville, Condado de Travis, Condado de Williamson, Condado de Bastrop, Condado de Hays, Condado de Caldwell, Condado de Blanco, Condado de Burnet, Austin","Georgetown, Round Rock, Pflugerville, Travis County, Williamson County, Bastrop County, Hays County, Caldwell County, Blanco County, Burnet County, Austin","512-459-0999","","","info@rowingdock.com","http://www.rowingdock.com","","","","TX","","","","","http://www.rowingdock.com","false","false","","Convertido de “Complete Family Resource Guide List.xlsx”, fila 33, el 2026-08-10. Revisar datos y fuente oficial antes de publicar."
"Texas Parks and Wildlife Department (TPWD)","Programas de desarrollo y recreación juvenil","Youth development and recreation programs","El Departamento de Parques y Vida Silvestre de Texas ofrece una amplia gama de oportunidades y experiencias de aprendizaje para conectar a los tejanos de todas las edades y orígenes con el aire libre. Desde talleres para acampar en los parques estatales con Texas Outdoor Family, hasta clases de campo de Hunter Education para jóvenes y programas comunitarios de pesca en su vecindario, TPWD se complace en ayudarlo...","Texas Parks and Wildlife Department offers a wide range of learning opportunities and experiences to connect Texans of all ages and backgrounds to the outdoors.  From camping workshops in the State Parks with Texas Outdoor Family, to Hunter Education field classes for youth, to community fishing programs in your neighborhood, TPWD is excited to help you…","El Departamento de Parques y Vida Silvestre de Texas ofrece una amplia gama de oportunidades y experiencias de aprendizaje para conectar a los tejanos de todas las edades y orígenes con el aire libre. Desde talleres para acampar en los parques estatales con Texas Outdoor Family hasta clases de campo de Hunter Education para jóvenes y programas comunitarios de pesca en su vecindario, TPWD se complace en ayudarlo a adquirir el conocimiento y las habilidades que necesita para disfrutar de los espacios naturales de Texas. Visite tpwd.texas.gov/calendar para ver algunos de nuestros próximos eventos, o comuníquese para obtener más información e inscribirse en un programa o clase.","Texas Parks and Wildlife Department offers a wide range of learning opportunities and experiences to connect Texans of all ages and backgrounds to the outdoors. From camping workshops in the State Parks with Texas Outdoor Family, to Hunter Education field classes for youth, to community fishing programs in your neighborhood, TPWD is excited to help you gain the knowledge and skills you need to enjoy Texas’ natural spaces. Visit tpwd.texas.gov/calendar to see some of our upcoming events, or reach out to learn more and register for a program or class.","texas-parks-and-wildlife-department-tpwd-youth-development-and-recreation-programs","educacion","otros-recursos","Programas de desarrollo y recreación juvenil|Texas Parks and Wildlife Department (TPWD)","Youth development and recreation programs|Texas Parks and Wildlife Department (TPWD)","en","in_person","unknown","","","","","Comunícate con la organización para confirmar disponibilidad, requisitos y cómo solicitar el servicio.","Contact the organization to confirm availability, requirements and how to request the service.","","","","","Georgetown, Round Rock, Pflugerville, Condado de Travis, Condado de Williamson, Condado de Bastrop, Condado de Hays, Condado de Caldwell, Condado de Blanco, Condado de Burnet, Austin","Georgetown, Round Rock, Pflugerville, Travis County, Williamson County, Bastrop County, Hays County, Caldwell County, Blanco County, Burnet County, Austin","512-389-8713","","","charlotte.cisneros@tpwd.texas.gov","https://tpwd.texas.gov/","","","","TX","","","","","https://tpwd.texas.gov/","false","false","","Convertido de “Complete Family Resource Guide List.xlsx”, fila 34, el 2026-08-10. Revisar datos y fuente oficial antes de publicar."
"Westcave Outdoor Discovery Center","Programas de desarrollo y recreación juvenil","Youth development and recreation programs","Westcave es una organización naturalista sin fines de lucro que ha estado conectando exitosamente a los niños y sus familias con la naturaleza desde 1976. La misión de Westcave es inspirar a las personas a desarrollar una práctica permanente de disfrutar y proteger la naturaleza.","Westcave is a non-profit nature organization that has been successfully connecting children and their families to nature since 1976.  Westcave’s mission is to inspire people to develop a lifelong practice of enjoying and protecting nature.","Westcave es una organización naturalista sin fines de lucro que ha estado conectando exitosamente a los niños y sus familias con la naturaleza desde 1976. La misión de Westcave es inspirar a las personas a desarrollar una práctica permanente de disfrutar y proteger la naturaleza. Logramos esto a través de nuestro trabajo de conservación junto con programas que incluyen Girls+ Outside, excursiones escolares, excursiones a campamentos, programas de bienestar, colaboraciones artísticas y extensión comunitaria. Nuestras excursiones/excursiones guiadas por expertos llevan a los visitantes desde una sabana árida a través de una grieta de piedra caliza hasta un cañón protegido de exuberante vida vegetal. En la cabecera del cañón se encuentra Westcave, con una impresionante cascada de 40 pies que llena la piscina esmeralda que se encuentra debajo. Los estudiantes aprenden de primera mano cómo el agua subterránea se convierte en agua superficial en nuestra cascada natural que gotea y alimentada por un manantial. Girls Outside brinda oportunidades para que las niñas de kínder a 12.º grado aprendan y crezcan juntas en relaciones de mentora/aprendiz a través del tiempo en la naturaleza y mejoren una sensación de bienestar.","Westcave is a non-profit nature organization that has been successfully connecting children and their families to nature since 1976. Westcave’s mission is to inspire people to develop a lifelong practice of enjoying and protecting nature. We accomplish this through our conservation work along with programs including Girls+ Outside, school field trips, camp field trips, wellness programs art collaborations, and community outreach. Our expert-guided tours/field trips take visitors from an arid savanna through a limestone crevice into a sheltered canyon of lush plant life. At the head of the canyon stands Westcave, with a stunning 40-foot waterfall replenishing the emerald pool below. Students learn firsthand about how groundwater becomes surface water at our natural spring-fed, dripping spring waterfall. Girls Outside provides opportunities for k-12 girls to learn and grow together in mentor/mentee relationships through time in nature and enhance a sense of well-being.","westcave-outdoor-discovery-center-youth-development-and-recreation-programs","educacion","otros-recursos","Programas de desarrollo y recreación juvenil|Westcave Outdoor Discovery Center","Youth development and recreation programs|Westcave Outdoor Discovery Center","en","in_person","unknown","","","","","Comunícate con la organización para confirmar disponibilidad, requisitos y cómo solicitar el servicio.","Contact the organization to confirm availability, requirements and how to request the service.","","","","","Austin, Condado de Travis, Condado de Hays, Condado de Blanco","Austin, Travis County, Hays County, Blanco County","830-825-3442","","","meagan@westcave.org","https://www.westcave.org/","","","","TX","","","","","https://www.westcave.org/","false","false","","Convertido de “Complete Family Resource Guide List.xlsx”, fila 36, el 2026-08-10. Revisar datos y fuente oficial antes de publicar."
"Zilker Botanical Garden","Programas de desarrollo y recreación juvenil","Youth development and recreation programs","El Jardín Botánico Zilker está ubicado en 28 acres ubicado dentro del Parque Metropolitano Zilker en el corazón del centro de Austin. Esta “joya en el corazón de Austin” presenta robles patrimoniales ubicados en una ladera y ofrece un respiro exuberante y sombreado de la vida urbana cotidiana con vistas panorámicas al centro y más allá.","Zilker Botanical Garden is located on 28 acres nestled within Zilker Metropolitan Park in the heart of downtown Austin.  This “jewel in the heart of Austin” features heritage live oaks set into a hillside, and offers a lush, shady respite from everyday urban life with panoramic views to downtown and beyond.","El Jardín Botánico Zilker está ubicado en 28 acres ubicado dentro del Parque Metropolitano Zilker en el corazón del centro de Austin. Esta “joya en el corazón de Austin” presenta robles patrimoniales ubicados en una ladera y ofrece un respiro exuberante y sombreado de la vida urbana cotidiana con vistas panorámicas al centro y más allá. Los jardines temáticos incluyen el jardín japonés Taniguchi, el lecho ribereño, el jardín prehistórico Hartman y el jardín de rosas Mabel Davis. Estos y otros jardines están entrelazados con senderos, arroyos y estanques llenos de koi, creando un oasis urbano lleno de escondites sombreados, áreas de césped soleadas y miles de plantas nativas y cultivadas.","Zilker Botanical Garden is located on 28 acres nestled within Zilker Metropolitan Park in the heart of downtown Austin.  This “jewel in the heart of Austin” features heritage live oaks set into a hillside, and offers a lush, shady respite from everyday urban life with panoramic views to downtown and beyond.  Theme gardens include the Taniguchi Japanese Garden, The Riparian Streambed, The Hartman Prehistoric Garden, and The Mabel Davis Rose Garden.  These and other gardens are woven together with pathways, streams, and Koi-filled ponds, creating an urban oasis full of shaded hideaways, sunny lawn areas, and thousands of native and cultivated plants.","zilker-botanical-garden-youth-development-and-recreation-programs","educacion","otros-recursos","Programas de desarrollo y recreación juvenil|Zilker Botanical Garden","Youth development and recreation programs|Zilker Botanical Garden","en","in_person","unknown","","","","","Comunícate con la organización para confirmar disponibilidad, requisitos y cómo solicitar el servicio.","Contact the organization to confirm availability, requirements and how to request the service.","","","","","Georgetown, Round Rock, Pflugerville, Condado de Travis, Condado de Williamson, Condado de Bastrop, Condado de Hays, Condado de Caldwell, Condado de Blanco, Condado de Burnet, Austin","Georgetown, Round Rock, Pflugerville, Travis County, Williamson County, Bastrop County, Hays County, Caldwell County, Blanco County, Burnet County, Austin","512-477-8672","","","info@zbgconservancy.org","https://zilkergarden.org/hours-admissions/","","","","TX","","","","","https://zilkergarden.org/hours-admissions/","false","false","","Convertido de “Complete Family Resource Guide List.xlsx”, fila 37, el 2026-08-10. Revisar datos y fuente oficial antes de publicar."
"A Rocha USA","Apoyo comunitario para personas y familias","Community support for individuals and families","Picnics en el Arroyo es un programa que conecta a las familias hispanas con la naturaleza en el área de Austin. Ofrecemos eventos gratuitos al aire libre orientados a la familia en espacios verdes.","Picnics en el Arroyo is a program that connects Hispanic families with nature in the Austin area.  We offer free family-oriented outdoor events in green spaces.","Picnics en el Arroyo es un programa que conecta a las familias hispanas con la naturaleza en el área de Austin. Ofrecemos eventos gratuitos al aire libre orientados a la familia en espacios verdes. Nuestra programación es bilingüe (inglés-español) e incluye caminatas y paseos por la naturaleza, juegos y una amplia variedad de actividades en la naturaleza. Picnics en el Arroyo es un programa que conecta a familias hispanas con la naturaleza en la ciudad de Austin. Ofrecemos eventos al aire libre gratuitos para familias en espacios verdes. Nuestra programación es bilingüe (inglés-español) e incluye caminatas y paseos por la naturaleza, juegos y una amplia variedad de actividades en la naturaleza.","Picnics en el Arroyo is a program that connects Hispanic families with nature in the Austin area. We offer free family-oriented outdoor events in green spaces. Our programming is bilingual (English-Spanish) and includes hikes and nature walks, games, and wide variety of activities in nature.  Picnics en el Arroyo es un programa que conecta a familias hispanas con la naturaleza en la ciudad de Austin. Ofrecemos eventos al aire libre gratuitos para familias en espacios verdes. Nuestra programación es bilingüe (inglés-español) e incluye caminatas y paseos por la naturaleza, juegos y una amplia variedad de actividades en la naturaleza.","a-rocha-usa-community-support-for-individuals-and-families","otros-recursos","educacion","Apoyo comunitario para personas y familias|A Rocha USA","Community support for individuals and families|A Rocha USA","es|en","in_person","free","","","","","Comunícate con la organización para confirmar disponibilidad, requisitos y cómo solicitar el servicio.","Contact the organization to confirm availability, requirements and how to request the service.","","","","","Georgetown, Round Rock, Pflugerville, Condado de Travis, Condado de Williamson, Condado de Hays, Austin","Georgetown, Round Rock, Pflugerville, Travis County, Williamson County, Hays County, Austin","512-270-8308","","","picnicsenelarroyo@arocha.org","https://arocha.us/","","","","TX","","","","","https://arocha.us/","false","false","","Convertido de “Complete Family Resource Guide List.xlsx”, fila 38, el 2026-08-10. Revisar datos y fuente oficial antes de publicar."
"Dress for Success Austin","Apoyo comunitario para personas y familias","Community support for individuals and families","Empoderamos a las mujeres+ para que alcancen la independencia económica brindándoles una red de apoyo, vestimenta profesional y herramientas de desarrollo para ayudarlas a prosperar en el trabajo y en la vida.","We empower women+ to achieve economic independence by providing a network of support, professional attire and the development tools to help them thrive in work and in life.","Empoderamos a las mujeres+ para que alcancen la independencia económica brindándoles una red de apoyo, vestimenta profesional y herramientas de desarrollo para ayudarlas a prosperar en el trabajo y en la vida.","We empower women+ to achieve economic independence by providing a network of support, professional attire and the development tools to help them thrive in work and in life.","dress-for-success-austin-community-support-for-individuals-and-families","otros-recursos","educacion","Apoyo comunitario para personas y familias|Dress for Success Austin","Community support for individuals and families|Dress for Success Austin","es|en","in_person","unknown","","","","","Comunícate con la organización para confirmar disponibilidad, requisitos y cómo solicitar el servicio.","Contact the organization to confirm availability, requirements and how to request the service.","","","","","Georgetown, Round Rock, Pflugerville, Condado de Travis, Condado de Williamson, Condado de Bastrop, Condado de Hays, Condado de Caldwell, Condado de Blanco, Condado de Burnet, Austin","Georgetown, Round Rock, Pflugerville, Travis County, Williamson County, Bastrop County, Hays County, Caldwell County, Blanco County, Burnet County, Austin","512-389-3723","","","austin@dressforsuccess.org","https://www.dressforsuccessaustin.org/","","","","TX","","","","","https://www.dressforsuccessaustin.org/","false","false","","Convertido de “Complete Family Resource Guide List.xlsx”, fila 39, el 2026-08-10. Revisar datos y fuente oficial antes de publicar."
"VELA","Apoyo para personas con discapacidades y sus familias","Disability and family support","VELA es una organización sin fines de lucro que capacita a las familias de niños con discapacidades para que adquieran conocimiento, empoderamiento, resiliencia y comunidad para que puedan convertirse en los mejores defensores de sus hijos. Los servicios se ofrecen a cualquier padre/cuidador de un niño con una discapacidad, en Austin y más allá.","VELA is a nonprofit that empowers families of children with disabilities to gain knowledge, empowerment, resilience and community so they can become their child's greatest advocate.  Services are offered to any parent/caregiver of a child with a disability, in Austin and beyond.","VELA es una organización sin fines de lucro que capacita a las familias de niños con discapacidades para que adquieran conocimiento, empoderamiento, resiliencia y comunidad para que puedan convertirse en los mejores defensores de sus hijos. Los servicios se ofrecen a cualquier padre/cuidador de un niño con una discapacidad, en Austin y más allá. Todos los servicios son virtuales y presenciales y sin costo para los padres. A través de cursos interactivos, gestión de casos, grupos de apoyo virtuales mensuales y eventos familiares, los padres aprenden a navegar a través de sistemas confusos, adquieren estrategias de defensa y habilidades de comunicación y se convierten en parte de una comunidad de apoyo basada en fortalezas.","VELA is a nonprofit that empowers families of children with disabilities to gain knowledge, empowerment, resilience and community so they can become their child's greatest advocate. Services are offered to any parent/caregiver of a child with a disability, in Austin and beyond. All services are virtual and in person and at no cost for parents.  Through interactive courses, case management, monthly virtual support groups and family events, parents learn to navigate their way through confusing systems, acquire advocacy strategies and communication skills, and become part of a strengths-based community of support.","vela-disability-and-family-support","otros-recursos","salud","Apoyo para personas con discapacidades y sus familias|VELA","Disability and family support|VELA","es|en","in_person|online","free","","","","","Comunícate con la organización para confirmar disponibilidad, requisitos y cómo solicitar el servicio.","Contact the organization to confirm availability, requirements and how to request the service.","","","","","Austin","Austin","512-850-8281","","","Info@velafamilies.org","http://www.velafamilies.org/","","","","TX","","","","","http://www.velafamilies.org/","false","false","","Convertido de “Complete Family Resource Guide List.xlsx”, fila 40, el 2026-08-10. Revisar datos y fuente oficial antes de publicar."
"Beat 4 Beat","Programas educativos y apoyo al aprendizaje","Education and learning support programs","Beat 4 Beat brinda acceso equitativo a la educación musical para jóvenes desatendidos en Austin, fomentando la creatividad, la confianza y las habilidades para la vida a través de clases gratuitas dirigidas por músicos locales.","Beat 4 Beat provides equitable access to music education for underserved youth in Austin, fostering creativity, confidence, and life skills through free classes led by local musicians.","Beat 4 Beat brinda acceso equitativo a la educación musical para jóvenes desatendidos en Austin, fomentando la creatividad, la confianza y las habilidades para la vida a través de clases gratuitas dirigidas por músicos locales.","Beat 4 Beat provides equitable access to music education for underserved youth in Austin, fostering creativity, confidence, and life skills through free classes led by local musicians.","beat-4-beat-education-and-learning-support-programs","educacion","","Programas educativos y apoyo al aprendizaje|Beat 4 Beat","Education and learning support programs|Beat 4 Beat","en","in_person","free","","","","","Comunícate con la organización para confirmar disponibilidad, requisitos y cómo solicitar el servicio.","Contact the organization to confirm availability, requirements and how to request the service.","","","","","Georgetown, Round Rock, Pflugerville, Condado de Travis, Condado de Williamson, Condado de Bastrop, Condado de Hays, Condado de Caldwell, Condado de Blanco, Condado de Burnet, Austin","Georgetown, Round Rock, Pflugerville, Travis County, Williamson County, Bastrop County, Hays County, Caldwell County, Blanco County, Burnet County, Austin","512-484-0829","","","info@beat4beat.org","https://beat4beat.org/","","","","TX","","","","","https://beat4beat.org/","false","false","","Convertido de “Complete Family Resource Guide List.xlsx”, fila 41, el 2026-08-10. Revisar datos y fuente oficial antes de publicar."
"Breakthrough CTX","Programas educativos y apoyo al aprendizaje","Education and learning support programs","Breakthrough Central Texas crea un camino hacia y a través de la universidad para estudiantes que se convertirán en los primeros en sus familias en obtener un título universitario. A partir de la escuela intermedia, Breakthrough ofrece aprendizaje ampliado, asesoramiento personal y experiencias de liderazgo desde la escuela intermedia hasta la graduación universitaria.","Breakthrough Central Texas creates a path to and through college for students who will become the first in their families to earn a college degree.  Starting in middle school, Breakthrough provides extended learning, personal advising and leadership experiences from middle school through college graduation.","Breakthrough Central Texas crea un camino hacia y a través de la universidad para estudiantes que se convertirán en los primeros en sus familias en obtener un título universitario. A partir de la escuela intermedia, Breakthrough ofrece aprendizaje ampliado, asesoramiento personal y experiencias de liderazgo desde la escuela intermedia hasta la graduación universitaria. Cada año, Breakthrough Central Texas admite una nueva clase de 280 estudiantes de sexto grado en Manor, Del Valle y Austin ISD. Obtenga más información en BreakthroughCTX.com/Apply/","Breakthrough Central Texas creates a path to and through college for students who will become the first in their families to earn a college degree. Starting in middle school, Breakthrough provides extended learning, personal advising and leadership experiences from middle school through college graduation. Each year, Breakthrough Central Texas admits a new class of 280 6th graders in Manor, Del Valle, and Austin ISD. Learn more at BreakthroughCTX.com/Apply/","breakthrough-ctx-education-and-learning-support-programs","educacion","","Programas educativos y apoyo al aprendizaje|Breakthrough CTX","Education and learning support programs|Breakthrough CTX","es|en","in_person","unknown","","","","","Comunícate con la organización para confirmar disponibilidad, requisitos y cómo solicitar el servicio.","Contact the organization to confirm availability, requirements and how to request the service.","","","","","Georgetown, Round Rock, Pflugerville, Condado de Travis, Condado de Williamson, Condado de Bastrop, Condado de Hays, Condado de Caldwell, Condado de Blanco, Condado de Burnet, Austin","Georgetown, Round Rock, Pflugerville, Travis County, Williamson County, Bastrop County, Hays County, Caldwell County, Blanco County, Burnet County, Austin","512-692-9444","","","info@breakthroughctx.org","https://breakthroughctx.org/","","","","TX","","","","","https://breakthroughctx.org/","false","false","","Convertido de “Complete Family Resource Guide List.xlsx”, fila 42, el 2026-08-10. Revisar datos y fuente oficial antes de publicar."
"Center for Child Protection","Programas educativos y apoyo al aprendizaje","Education and learning support programs","Ofrezca una variedad de capacitaciones gratuitas para cuidadores, padres, organizaciones juveniles, educadores y la comunidad. Capacitaciones ofrecidas tanto en inglés como en español, en línea o en persona.","Offer a variety of free trainings for caretakers, parents, youth organizations, educators, and the community.  Trainings offered in both English & Spanish, online or in person.","Ofrezca una variedad de capacitaciones gratuitas para cuidadores, padres, organizaciones juveniles, educadores y la comunidad. Capacitaciones ofrecidas tanto en inglés como en español, en línea o en persona. Visite nuestro sitio web para obtener una lista de las capacitaciones ofrecidas y las fechas de los próximos seminarios web.","Offer a variety of free trainings for caretakers, parents, youth organizations, educators, and the community. Trainings offered in both English & Spanish, online or in person. Visit our website for a list of trainings offered and dates of upcoming webinars.","center-for-child-protection-education-and-learning-support-programs","educacion","","Programas educativos y apoyo al aprendizaje|Center for Child Protection","Education and learning support programs|Center for Child Protection","es|en","in_person|online","free","","","","","Comunícate con la organización para confirmar disponibilidad, requisitos y cómo solicitar el servicio.","Contact the organization to confirm availability, requirements and how to request the service.","","","","","Condado de Travis","Travis County","512-472-1162","","","training@centerforchildprotection.org","http://centerforchildprotection.org/","","","","TX","","","","","http://centerforchildprotection.org/","false","false","","Convertido de “Complete Family Resource Guide List.xlsx”, fila 43, el 2026-08-10. Revisar datos y fuente oficial antes de publicar."
"Keep Austin Beautiful","Programas educativos y apoyo al aprendizaje","Education and learning support programs","Los programas educativos de Keep Austin Beautiful enfatizan el aprendizaje-servicio y la resolución creativa de problemas. A través de proyectos atractivos e interactivos, nuestros educadores enseñan a los estudiantes sobre reciclaje, calidad del agua, conservación del hábitat y mucho más, inspirando a la próxima generación de líderes en sostenibilidad.","Keep Austin Beautiful’s education programs emphasize service-learning and creative problem solving.  Through engaging, interactive projects, our educators teach students about recycling, water quality, habitat conservation, and much more, inspiring the next generation of sustainability leaders.","Los programas educativos de Keep Austin Beautiful enfatizan el aprendizaje-servicio y la resolución creativa de problemas. A través de proyectos atractivos e interactivos, nuestros educadores enseñan a los estudiantes sobre reciclaje, calidad del agua, conservación del hábitat y mucho más, inspirando a la próxima generación de líderes en sostenibilidad. También ofrecemos recursos para el aprendizaje independiente. Ofrecemos programación educativa gratuita para escuelas, grupos de jóvenes y campamentos y ofrecemos kits de actividades gratuitos para que los miembros de la comunidad los revisen. Para obtener más detalles, visite https://keepaustinbeautiful.org/education/.","Keep Austin Beautiful’s education programs emphasize service-learning and creative problem solving. Through engaging, interactive projects, our educators teach students about recycling, water quality, habitat conservation, and much more, inspiring the next generation of sustainability leaders. We also offer resources for independent learning. We offer free education programming to schools, youth groups, camps and offer free activity kits for community members to check out. For more details, please visit https://keepaustinbeautiful.org/education/.","keep-austin-beautiful-education-and-learning-support-programs","educacion","","Programas educativos y apoyo al aprendizaje|Keep Austin Beautiful","Education and learning support programs|Keep Austin Beautiful","es|en","in_person","free","","","","","Comunícate con la organización para confirmar disponibilidad, requisitos y cómo solicitar el servicio.","Contact the organization to confirm availability, requirements and how to request the service.","","","","","Austin","Austin","(512)391-0617 ext. 713","","","carinne@keepaustinbeautiful.org","https://keepaustinbeautiful.org/","","","","TX","","","","","https://keepaustinbeautiful.org/","false","false","","Convertido de “Complete Family Resource Guide List.xlsx”, fila 44, el 2026-08-10. Revisar datos y fuente oficial antes de publicar."
"Williamson County Children's Advocacy Center","Programas educativos y apoyo al aprendizaje","Education and learning support programs","El Centro de Defensa de los Niños del Condado de Williamson (WCCAC) se complace en ofrecer una serie de programas de prevención de abuso a padres, profesionales y jóvenes de forma totalmente gratuita. La capacitación está disponible en persona y virtualmente.","Williamson County Children's Advocacy Center (WCCAC) is excited to offer a number of abuse prevention programs to parents, professionals, and youth totally free of charge.  Training is available in person & virtually.","El Centro de Defensa de los Niños del Condado de Williamson (WCCAC) se complace en ofrecer una serie de programas de prevención de abuso a padres, profesionales y jóvenes de forma totalmente gratuita. La capacitación está disponible en persona y virtualmente. Comuníquese para programar una capacitación o visite bit.ly/wccac-training para confirmar su asistencia a la capacitación según nuestro horario.","Williamson County Children's Advocacy Center (WCCAC) is excited to offer a number of abuse prevention programs to parents, professionals, and youth totally free of charge. Training is available in person & virtually. Reach out to schedule a training or visit bit.ly/wccac-training to RSVP to training on our schedule.","williamson-county-children-s-advocacy-center-education-and-learning-support-programs","educacion","","Programas educativos y apoyo al aprendizaje|Williamson County Children's Advocacy Center","Education and learning support programs|Williamson County Children's Advocacy Center","es|en","in_person|online","free","","","","","Comunícate con la organización para confirmar disponibilidad, requisitos y cómo solicitar el servicio.","Contact the organization to confirm availability, requirements and how to request the service.","","","","","Georgetown, Round Rock, Pflugerville, Condado de Travis, Condado de Williamson, Austin","Georgetown, Round Rock, Pflugerville, Travis County, Williamson County, Austin","512-943-3701","","","wccacinfo@wilcocactx.org","https://wilcocac.org/","","","","TX","","","","","https://wilcocac.org/","false","false","","Convertido de “Complete Family Resource Guide List.xlsx”, fila 45, el 2026-08-10. Revisar datos y fuente oficial antes de publicar."
"African American Youth Harvest Foundation","Apoyo comunitario para personas y familias","Community support for individuals and families","La African American Youth Harvest Foundation es una iniciativa colaborativa y culturalmente competente desarrollada para apoyar a los jóvenes y las familias a través de programas escolares y comunitarios. De 5 a 18 años y adultos, nuestra misión es defender, fortalecer y brindar servicios educativos, de salud, humanos y económicos culturalmente competentes y centrados en la familia...","The African American Youth Harvest Foundation is a culturally competent and collaborative initiative developed to support youth and families though school and community-based programs.  Ages 5-18 & Adults, our mission is to advocate for, strengthen, and provide culturally competent, family-centered educational, health, human services and economic…","La African American Youth Harvest Foundation es una iniciativa colaborativa y culturalmente competente desarrollada para apoyar a los jóvenes y las familias a través de programas escolares y comunitarios. De 5 a 18 años y adultos, nuestra misión es defender, fortalecer y brindar oportunidades de desarrollo económico, de salud, de servicios humanos y de educación culturalmente competentes y centradas en la familia para los afroamericanos y otros jóvenes y familias en riesgo que residen en el área metropolitana de Austin. Nuestros programas promueven el bienestar mental, físico y social además de oportunidades de desarrollo profesional.","The African American Youth Harvest Foundation is a culturally competent and collaborative initiative developed to support youth and families though school and community-based programs. Ages 5-18 & Adults, our mission is to advocate for, strengthen, and provide culturally competent, family-centered educational, health, human services and economic development opportunities to African Americans and other at-risk youth and families that reside in the Greater Austin area. Our programs promote mental, physical, and social well-being in addition to opportunities for professional development.","african-american-youth-harvest-foundation-community-support-for-individuals-and-families","otros-recursos","educacion","Apoyo comunitario para personas y familias|African American Youth Harvest Foundation","Community support for individuals and families|African American Youth Harvest Foundation","es|en","in_person","unknown","","","","","Comunícate con la organización para confirmar disponibilidad, requisitos y cómo solicitar el servicio.","Contact the organization to confirm availability, requirements and how to request the service.","","","","","Austin, Pflugerville, Condado de Travis","Austin, Pflugerville, Travis County","","","","contactus@aayhf.org","http://www.aayhf.org/","","","","TX","","","","","http://www.aayhf.org/","false","false","","Convertido de “Complete Family Resource Guide List.xlsx”, fila 46, el 2026-08-10. Revisar datos y fuente oficial antes de publicar."
"Any Baby Can","Apoyo comunitario para personas y familias","Community support for individuals and families","Any Baby Can ayuda a los niños a alcanzar hitos, a los padres a lograr estabilidad y a las familias a mejorar la salud y el bienestar.","Any Baby Can helps kids meet milestones, parents achieve stability, and families improve health and well-being.","Any Baby Can ayuda a los niños a alcanzar hitos, a los padres a lograr estabilidad y a las familias a mejorar la salud y el bienestar.","Any Baby Can helps kids meet milestones, parents achieve stability, and families improve health and well-being.","any-baby-can-community-support-for-individuals-and-families","otros-recursos","educacion","Apoyo comunitario para personas y familias|Any Baby Can","Community support for individuals and families|Any Baby Can","es|en","in_person","unknown","","","","","Comunícate con la organización para confirmar disponibilidad, requisitos y cómo solicitar el servicio.","Contact the organization to confirm availability, requirements and how to request the service.","","","","","Condado de Williamson, Condado de Hays, Condado de Bastrop, Condado de Travis, Condado de Caldwell, Condado de Blanco, Condado de Burnet","Williamson County, Hays County, Bastrop County, Travis County, Caldwell County, Blanco County, Burnet County","512-454-3743","","","Info@AnyBabyCan.org","http://www.anybabycan.org/","","","","TX","","","","","http://www.anybabycan.org/","false","false","","Convertido de “Complete Family Resource Guide List.xlsx”, fila 47, el 2026-08-10. Revisar datos y fuente oficial antes de publicar."
"Austin Voices for Education and Youth","Apoyo comunitario para personas y familias","Community support for individuals and families","Austin Voices for Education and Youth (AVEY) opera una red de Centros de Recursos Familiares que brindan administración de casos de servicios sociales para familias con un estudiante matriculado en 20 escuelas de Título 1 del AISD (Primarias: Allison, Barrington, Brown, Cook, Govalle, Graham, Hart, Houston, Pickle, Walnut Creek, Winn, Wooldridge; Intermedias: Burnet, Dobie, Martin, Webb;...","Austin Voices for Education and Youth (AVEY) operates a network of Family Resource Centers that provide social service case management for families with a student enrolled in 20 AISD Title 1 Schools (Elementary: Allison, Barrington, Brown, Cook, Govalle, Graham, Hart, Houston, Pickle, Walnut Creek, Winn, Wooldridge; Middle: Burnet, Dobie, Martin, Webb;…","Austin Voices for Education and Youth (AVEY) opera una red de Centros de Recursos Familiares que brindan administración de casos de servicios sociales para familias con un estudiante matriculado en 20 escuelas de Título 1 del AISD (Primarias: Allison, Barrington, Brown, Cook, Govalle, Graham, Hart, Houston, Pickle, Walnut Creek, Winn, Wooldridge; Intermedias: Burnet, Dobie, Martin, Webb; Altas: Internacional, Navarro, Navarro GPA, Noreste). AVEY también ofrece servicios a la comunidad, incluida la distribución de alimentos del Banco de Alimentos del Centro de Texas, festivales y clases de educación para adultos.","Austin Voices for Education and Youth (AVEY) operates a network of Family Resource Centers that provide social service case management for families with a student enrolled in 20 AISD Title 1 Schools (Elementary: Allison, Barrington, Brown, Cook, Govalle, Graham, Hart, Houston, Pickle, Walnut Creek, Winn, Wooldridge; Middle: Burnet, Dobie, Martin, Webb; High: International, Navarro, Navarro GPA, Northeast).  AVEY also offers services to the community including Central Texas Food Bank food distributions, festivals and adult education classes.","austin-voices-for-education-and-youth-community-support-for-individuals-and-families","otros-recursos","educacion","Apoyo comunitario para personas y familias|Austin Voices for Education and Youth","Community support for individuals and families|Austin Voices for Education and Youth","es|en","in_person","unknown","","","","","Comunícate con la organización para confirmar disponibilidad, requisitos y cómo solicitar el servicio.","Contact the organization to confirm availability, requirements and how to request the service.","","","","","Austin","Austin","512-493-4288","","","jweeks@austinvoices.org","https://www.austinvoices.org/","","","","TX","","","","","https://www.austinvoices.org/","false","false","","Convertido de “Complete Family Resource Guide List.xlsx”, fila 48, el 2026-08-10. Revisar datos y fuente oficial antes de publicar."
"Fostering Hope","Apoyo comunitario para personas y familias","Community support for individuals and families","En Fostering Hope, ofrecemos capacitación y comunidad. Estamos aquí para acompañarlo, ayudándolo a tomar decisiones informadas y equipándolo con estrategias basadas en el apego e informadas sobre el trauma que funcionan.","At Fostering Hope, we offer training and community.  We’re here to walk alongside you, helping you make informed decisions and equipping you with attachment-based, trauma-informed strategies that work.","En Fostering Hope, ofrecemos capacitación y comunidad. Estamos aquí para acompañarlo, ayudándolo a tomar decisiones informadas y equipándolo con estrategias basadas en el apego e informadas sobre el trauma que funcionan. Entendemos la importancia de una comunidad que brinde apoyo a las familias con niños de lugares difíciles, por lo que nos enfocamos en capacitar ministerios para comprender mejor las necesidades únicas de las familias de crianza, adoptivas y de parentesco. Brindamos un lugar fácil para aterrizar durante los momentos desafiantes de criar niños con trauma a través de grupos de apoyo, apoyo personalizado para padres y capacitaciones grupales de profesionales de TBRI®.","At Fostering Hope, we offer training and community. We’re here to walk alongside you, helping you make informed decisions and equipping you with attachment-based, trauma-informed strategies that work. We understand the importance of a supportive community to families with kids from hard places, which is why we focus on training ministries to better understand the unique needs of foster, adoptive, and kinship families. We provide a soft place to land during the challenging moments of parenting children with trauma through support groups, one-on-one parent support, and group trainings from TBRI® practitioners.","fostering-hope-community-support-for-individuals-and-families","otros-recursos","educacion","Apoyo comunitario para personas y familias|Fostering Hope","Community support for individuals and families|Fostering Hope","en","in_person","unknown","","","","","Comunícate con la organización para confirmar disponibilidad, requisitos y cómo solicitar el servicio.","Contact the organization to confirm availability, requirements and how to request the service.","","","","","Georgetown, Round Rock, Pflugerville, Condado de Travis, Condado de Williamson, Condado de Bastrop, Condado de Hays, Condado de Caldwell, Condado de Blanco, Condado de Burnet, Austin","Georgetown, Round Rock, Pflugerville, Travis County, Williamson County, Bastrop County, Hays County, Caldwell County, Blanco County, Burnet County, Austin","512-953-3421","","","lynn@iamfosteringhope.org","http://www.iamfosteringhope.org/","","","","TX","","","","","http://www.iamfosteringhope.org/","false","false","","Convertido de “Complete Family Resource Guide List.xlsx”, fila 49, el 2026-08-10. Revisar datos y fuente oficial antes de publicar."
"Texas Foster Family Association","Apoyo comunitario para personas y familias","Community support for individuals and families","TFFA es una organización sin fines de lucro que se dedica a apoyar y capacitar a padres de crianza en todo el estado de Texas. Nuestra conferencia de capacitación anual es un punto destacado que incluye entradas gratuitas, comidas y oradores informativos para completar la capacitación requerida.","TFFA is a non-profit that is dedicated to supporting and training foster parents across the state of Texas.  Our annual training conference is a highlight that includes a free entry tickets, meals, and informative speakers to fill required training.","TFFA es una organización sin fines de lucro que se dedica a apoyar y capacitar a padres de crianza en todo el estado de Texas. Nuestra conferencia de capacitación anual es un punto destacado que incluye entradas gratuitas, comidas y oradores informativos para completar la capacitación requerida. 2024 trae entradas gratuitas para las familias de los miembros al Shrine Circus. Ofrecemos a las familias de miembros retiros de fin de semana gratuitos en Camp Lutherhill en La Grange, gracias a una asociación con Project Liftoff. Las membresías pueden ser pagadas por su agencia de colocación infantil. Si no, ofrecemos membresías individuales por $15 y unifamiliares por $25. La membresía trae muchos beneficios que se encuentran en nuestro sitio web.","TFFA is a non-profit that is dedicated to supporting and training foster parents across the state of Texas. Our annual training conference is a highlight that includes a free entry tickets, meals, and informative speakers to fill required training. 2024 brings free tickets for member's families to the Shrine Circus. We offer families of members free weekend retreats at Camp Lutherhill in La Grange, thanks to a partnership with Project Liftoff. Memberships can be paid by your child placement agency.  If not, we offer individual memberships for $15 and a single family for $25. Membership brings many benefits found on our website.","texas-foster-family-association-community-support-for-individuals-and-families","otros-recursos","educacion","Apoyo comunitario para personas y familias|Texas Foster Family Association","Community support for individuals and families|Texas Foster Family Association","en","in_person|online","free","","","","","Comunícate con la organización para confirmar disponibilidad, requisitos y cómo solicitar el servicio.","Contact the organization to confirm availability, requirements and how to request the service.","","","","","Georgetown, Round Rock, Pflugerville, Condado de Travis, Condado de Williamson, Condado de Bastrop, Condado de Hays, Condado de Caldwell, Condado de Blanco, Condado de Burnet, Austin","Georgetown, Round Rock, Pflugerville, Travis County, Williamson County, Bastrop County, Hays County, Caldwell County, Blanco County, Burnet County, Austin","903-372-2400","","","techcomm@tffa.org","http://tffa.org/","","","","TX","","","","","http://tffa.org/","false","false","","Convertido de “Complete Family Resource Guide List.xlsx”, fila 50, el 2026-08-10. Revisar datos y fuente oficial antes de publicar."
"Christi Center","Servicios de salud mental y bienestar","Mental health and wellness services","Christi Center es un recurso gratuito para cualquier persona en duelo en el centro de Texas después de la pérdida de un familiar o amigo. Le brindamos el espacio para que usted construya su red de apoyo, conectándolo con otras personas que han tenido una pérdida similar.","Christi Center is a free resource for any grieving person in Central Texas after the loss of a family member or friend.  We provide the space for you to build your support network, by connecting you with others who have had a similar loss.","Christi Center es un recurso gratuito para cualquier persona en duelo en el centro de Texas después de la pérdida de un familiar o amigo. Le brindamos el espacio para que usted construya su red de apoyo, conectándolo con otras personas que han tenido una pérdida similar. Damos la bienvenida a todas las religiones, todos los orígenes y todas las edades a partir de los cinco años. Ofrecemos grupos de niños para el duelo de niños (5-12), un grupo de adolescentes (13-17) y grupos de adultos basados ​​en pares. Ofrecimos asesoramiento individual limitado para jóvenes menores de 18 años. También ofrecemos educación y capacitación comunitaria.","Christi Center is a free resource for any grieving person in Central Texas after the loss of a family member or friend. We provide the space for you to build your support network, by connecting you with others who have had a similar loss. We welcome all faiths, all backgrounds and all ages starting at age five.  We offer children's groups for children's grief (5-12), a teen group (13-17), and adult groups that are peer-based. We offered limited individual counseling for youth under 18. We also offer community education and training.","christi-center-mental-health-and-wellness-services","salud","","Servicios de salud mental y bienestar|Christi Center","Mental health and wellness services|Christi Center","en","in_person","free","","","","","Comunícate con la organización para confirmar disponibilidad, requisitos y cómo solicitar el servicio.","Contact the organization to confirm availability, requirements and how to request the service.","","","","","Georgetown, Round Rock, Pflugerville, Condado de Travis, Condado de Williamson, Condado de Bastrop, Condado de Hays, Condado de Caldwell, Condado de Blanco, Condado de Burnet, Austin","Georgetown, Round Rock, Pflugerville, Travis County, Williamson County, Bastrop County, Hays County, Caldwell County, Blanco County, Burnet County, Austin","512-467-2600","","","jocelyn@christicenter.org","http://christicenter.org/","","","","TX","","","","","http://christicenter.org/","false","false","","Convertido de “Complete Family Resource Guide List.xlsx”, fila 51, el 2026-08-10. Revisar datos y fuente oficial antes de publicar."
"Bridge Lacrosse","Programas de desarrollo y recreación juvenil","Youth development and recreation programs","Bridge Lacrosse es una organización sin fines de lucro de desarrollo juvenil basada en deportes con la misión de utilizar el deporte del lacrosse para ampliar los horizontes de los jóvenes de nuestra comunidad. Este verano, estamos entusiasmados de ofrecer sesiones de estilo semanales sin cita previa para todos los jóvenes, predominantemente del este y sureste de Austin.","Bridge Lacrosse is a sports-based youth development nonprofit with a mission to use the sport of lacrosse to broaden the horizons of our community's youth.  This summer, we are excited to be offering a weekly drop-in style sessions for all youth, predominantly from East and Southeast Austin.","Bridge Lacrosse es una organización sin fines de lucro de desarrollo juvenil basada en deportes con la misión de utilizar el deporte del lacrosse para ampliar los horizontes de los jóvenes de nuestra comunidad. Este verano, estamos entusiasmados de ofrecer sesiones de estilo semanales sin cita previa para todos los jóvenes, predominantemente del este y sureste de Austin. Una vez a la semana, organizaremos sesiones nocturnas de lacrosse informales y sin cita previa. Damos la bienvenida a todas las edades para que vengan y prueben el deporte por primera vez o realicen repeticiones adicionales con excelentes voluntarios y entrenadores. Las sesiones abiertas nos permiten trabajar con principiantes y principiantes, hasta estudiantes-atletas más experimentados que desean trabajar en sus habilidades.","Bridge Lacrosse is a sports-based youth development nonprofit with a mission to use the sport of lacrosse to broaden the horizons of our community's youth. This summer, we are excited to be offering a weekly drop-in style sessions for all youth, predominantly from East and Southeast Austin. Once a week, we will host evening drop-in style and casual lacrosse sessions. We welcome all ages to come and try the sport for the first time or get in extra reps with some great volunteers and coaches. Open sessions allow us to work with beginners and first-timers, to more experienced student-athletes who want to work on their skills.","bridge-lacrosse-youth-development-and-recreation-programs","educacion","otros-recursos","Programas de desarrollo y recreación juvenil|Bridge Lacrosse","Youth development and recreation programs|Bridge Lacrosse","en","in_person","unknown","","","","","Comunícate con la organización para confirmar disponibilidad, requisitos y cómo solicitar el servicio.","Contact the organization to confirm availability, requirements and how to request the service.","","","","","Austin","Austin","214-717-3191","","","beccers@bridgelacrosse.org","http://bridgelacrosse.org/","","","","TX","","","","","http://bridgelacrosse.org/","false","false","","Convertido de “Complete Family Resource Guide List.xlsx”, fila 52, el 2026-08-10. Revisar datos y fuente oficial antes de publicar."
"Girls Empowerment Network","Programas de desarrollo y recreación juvenil","Youth development and recreation programs","A través de conferencias y programas escolares, la misión de Girls Empowerment Network es encender el poder en las niñas de Texas enseñándoles las habilidades para prosperar y creer en su capacidad para ser imparables. Fundada en 1996, Girls Empowerment Network imagina un mundo donde todas las niñas crean en su poder.","Through school-based programs and conferences, Girls Empowerment Network’s mission is to ignite the power in Texas girls by teaching them the skills to thrive and believe in their ability to be unstoppable.  Founded in 1996, Girls Empowerment Network envisions a world where all girls believe in their power.","A través de conferencias y programas escolares, la misión de Girls Empowerment Network es encender el poder en las niñas de Texas enseñándoles las habilidades para prosperar y creer en su capacidad para ser imparables. Fundada en 1996, Girls Empowerment Network imagina un mundo donde todas las niñas crean en su poder.","Through school-based programs and conferences, Girls Empowerment Network’s mission is to ignite the power in Texas girls by teaching them the skills to thrive and believe in their ability to be unstoppable. Founded in 1996, Girls Empowerment Network envisions a world where all girls believe in their power.","girls-empowerment-network-youth-development-and-recreation-programs","educacion","otros-recursos","Programas de desarrollo y recreación juvenil|Girls Empowerment Network","Youth development and recreation programs|Girls Empowerment Network","es|en","in_person","unknown","","","","","Comunícate con la organización para confirmar disponibilidad, requisitos y cómo solicitar el servicio.","Contact the organization to confirm availability, requirements and how to request the service.","","","","","Austin","Austin","(512)808-4044 ext. 805","","","Marketing@girlsempowermentnetwork.org","http://www.girlsempowermentnetwork.org/","","","","TX","","","","","http://www.girlsempowermentnetwork.org/","false","false","","Convertido de “Complete Family Resource Guide List.xlsx”, fila 53, el 2026-08-10. Revisar datos y fuente oficial antes de publicar."
"Seedling","Programas de desarrollo y recreación juvenil","Youth development and recreation programs","Seedling proporciona mentores en las escuelas a estudiantes afectados por el encarcelamiento y la deportación de sus padres. Trabajando junto con escuelas asociadas, Seedling empareja a un mentor con un estudiante en los grados K-8 durante un mínimo de un año escolar.","Seedling provides school-based mentors to students impacted by parental incarceration and deportation.  Working together with partner schools, Seedling matches a mentor with a student in grades K-8 for a minimum of one school year.","Seedling proporciona mentores en las escuelas a estudiantes afectados por el encarcelamiento y la deportación de sus padres. Trabajando junto con escuelas asociadas, Seedling empareja a un mentor con un estudiante en los grados K-8 durante un mínimo de un año escolar. Los estudiantes se reúnen con sus mentores una vez por semana durante la hora del almuerzo. Los mentores están ahí para ser amigos de un estudiante al que le vendría bien un poco de apoyo adicional.","Seedling provides school-based mentors to students impacted by parental incarceration and deportation. Working together with partner schools, Seedling matches a mentor with a student in grades  K-8 for a minimum of one school year. Students meet with their mentors once a week during the student's lunch time. Mentors are there to be a friend to a student who could use some extra support.","seedling-youth-development-and-recreation-programs","educacion","otros-recursos","Programas de desarrollo y recreación juvenil|Seedling","Youth development and recreation programs|Seedling","es|en","in_person","unknown","","","","","Comunícate con la organización para confirmar disponibilidad, requisitos y cómo solicitar el servicio.","Contact the organization to confirm availability, requirements and how to request the service.","","","","","Austin","Austin","512-323-6371","","","info@seedlingmentors.org","http://www.seedlingmentors.org/","","","","TX","","","","","http://www.seedlingmentors.org/","false","false","","Convertido de “Complete Family Resource Guide List.xlsx”, fila 54, el 2026-08-10. Revisar datos y fuente oficial antes de publicar."
"Travis Audubon","Programas de desarrollo y recreación juvenil","Youth development and recreation programs","Ofrecemos programación ambiental gratuita y de alta calidad para personas de todas las edades. Para los jóvenes y las familias, tenemos (1) excursiones del Young Birders Club en las que las familias con niños interesados ​​en las aves y la observación de aves pueden participar en caminatas guiadas para observar aves por la ciudad, (2) eventos educativos en nuestra Reserva Natural Blair Woods en el este de Austin y (3) un día...","We provide free, high-quality environmental programming for people of all ages.  For youth and families, we have (1) Young Birders Club field trips in which families with kids interested in birds and birding can participate in guided birding hikes around town, (2) educational events at our Blair Woods Nature Preserve in East Austin, and (3) a one-day…","Ofrecemos programación ambiental gratuita y de alta calidad para personas de todas las edades. Para los jóvenes y las familias, tenemos (1) excursiones del Young Birders Club en las que las familias con niños interesados ​​en las aves y la observación de aves pueden participar en caminatas guiadas para observar aves por la ciudad, (2) eventos educativos en nuestra Reserva Natural Blair Woods en el este de Austin y (3) un campamento de observación de aves para jóvenes de un día durante el verano. Es posible que haya oportunidades adicionales disponibles previa solicitud.","We provide free, high-quality environmental programming for people of all ages. For youth and families, we have (1) Young Birders Club field trips in which families with kids interested in birds and birding can participate in guided birding hikes around town, (2) educational events at our Blair Woods Nature Preserve in East Austin, and (3) a one-day Youth Birding Camp during the summer. Additional opportunities may be available by request.","travis-audubon-youth-development-and-recreation-programs","educacion","otros-recursos","Programas de desarrollo y recreación juvenil|Travis Audubon","Youth development and recreation programs|Travis Audubon","en","in_person","free","","","","","Comunícate con la organización para confirmar disponibilidad, requisitos y cómo solicitar el servicio.","Contact the organization to confirm availability, requirements and how to request the service.","","","","","Georgetown, Round Rock, Pflugerville, Condado de Travis, Condado de Williamson, Austin, Condado de Bastrop","Georgetown, Round Rock, Pflugerville, Travis County, Williamson County, Austin, Bastrop County","512-300-2473","","","info@travisaudubon.org","http://www.travisaudubon.org/","","","","TX","","","","","http://www.travisaudubon.org/","false","false","","Convertido de “Complete Family Resource Guide List.xlsx”, fila 55, el 2026-08-10. Revisar datos y fuente oficial antes de publicar."
"Austin Creative Reuse","Programas educativos y apoyo al aprendizaje","Education and learning support programs","Operamos un centro de reutilización creativa en el vecindario de Windsor Park en el este de Austin, donde vendemos materiales educativos y creativos en buen estado donados por individuos y empresas a un precio asequible. ¡También organizamos talleres para niños, adolescentes y adultos junto con otros eventos comunitarios!","We operate a creative reuse center in the Windsor Park neighborhood of East Austin, where we sell gently used education and creative materials donated from individuals and businesses at an affordable price.  We also host workshops for kids, teens, and adults along with other community events!","Operamos un centro de reutilización creativa en el vecindario de Windsor Park en el este de Austin, donde vendemos materiales educativos y creativos en buen estado donados por individuos y empresas a un precio asequible. ¡También organizamos talleres para niños, adolescentes y adultos junto con otros eventos comunitarios! ¡Compre, done, sea voluntario o cree con nosotros!","We operate a creative reuse center in the Windsor Park neighborhood of East Austin, where we sell gently used education and creative materials donated from individuals and businesses at an affordable price. We also host workshops for kids, teens, and adults along with other community events! Shop, donate, volunteer, or create with us!","austin-creative-reuse-education-and-learning-support-programs","educacion","","Programas educativos y apoyo al aprendizaje|Austin Creative Reuse","Education and learning support programs|Austin Creative Reuse","es|en","in_person","unknown","","","","","Comunícate con la organización para confirmar disponibilidad, requisitos y cómo solicitar el servicio.","Contact the organization to confirm availability, requirements and how to request the service.","","","","","Austin, Round Rock, Pflugerville, Condado de Travis","Austin, Round Rock, Pflugerville, Travis County","512-375-3041","","","info@austincreativereuse.org","http://austincreativereuse.org/","","","","TX","","","","","http://austincreativereuse.org/","false","false","","Convertido de “Complete Family Resource Guide List.xlsx”, fila 56, el 2026-08-10. Revisar datos y fuente oficial antes de publicar."
"College Hub at Foundation Communities","Programas educativos y apoyo al aprendizaje","Education and learning support programs","College Hub se compone de dos “centros” integrales de acceso a la universidad que ofrecen servicios universitarios y profesionales al público en general. Cada año, College Hub ayuda a más de 1,000 miembros de la comunidad a: - Comprender las opciones de capacitación universitaria y profesional - Identificar objetivos y crear un plan sobre cómo utilizar un título o certificado universitario para lograr...","The College Hub is made up of two college access, one-stop “hubs” that offer college and career services to the general public.  Each year, the College Hub assists more than 1,000 community members with: - Understanding college and career training options - Identifying goals and creating a plan for how to use a college degree or certificate to achieve…","College Hub se compone de dos “centros” integrales de acceso a la universidad que ofrecen servicios universitarios y profesionales al público en general. Cada año, College Hub ayuda a más de 1,000 miembros de la comunidad a: - Comprender las opciones de capacitación universitaria y profesional - Identificar objetivos y crear un plan sobre cómo usar un título o certificado universitario para lograr ese objetivo - Presentación de FAFSA o TASFA - Apoyo en la búsqueda y solicitud de becas - Solicitud de admisión a la universidad Trabajamos con jóvenes en la escuela secundaria y con adultos de cualquier edad.","The College Hub is made up of two college access, one-stop “hubs” that offer college and career services to the general public. Each year, the College Hub assists more than 1,000 community members with: - Understanding college and career training options  - Identifying goals and creating a plan for how to use a college degree or certificate to achieve that aim - FAFSA or TASFA submission - Support with looking for and applying for scholarships - Applying for college admission We work with youth in high school and with adults of any age.","college-hub-at-foundation-communities-education-and-learning-support-programs","educacion","","Programas educativos y apoyo al aprendizaje|College Hub at Foundation Communities","Education and learning support programs|College Hub at Foundation Communities","es|en","in_person","unknown","","","","","Comunícate con la organización para confirmar disponibilidad, requisitos y cómo solicitar el servicio.","Contact the organization to confirm availability, requirements and how to request the service.","","","","","Austin, Georgetown, Round Rock, Pflugerville, Condado de Travis, Condado de Hays, Condado de Williamson, Condado de Bastrop, Condado de Caldwell, Condado de Blanco, Condado de Burnet","Austin, Georgetown, Round Rock, Pflugerville, Travis County, Hays County, Williamson County, Bastrop County, Caldwell County, Blanco County, Burnet County","512-610-4012","","","collegehub@foundcom.org","https://foundcom.org/education-pathways/college-hub/","","","","TX","","","","","https://foundcom.org/education-pathways/college-hub/","false","false","","Convertido de “Complete Family Resource Guide List.xlsx”, fila 57, el 2026-08-10. Revisar datos y fuente oficial antes de publicar."
"Partners For Education Agriculture and Sustainability (PEAS)","Programas educativos y apoyo al aprendizaje","Education and learning support programs","PEAS (Socios para la Educación, la Agricultura y la Sostenibilidad) es una organización sin fines de lucro 501c3 con sede en Austin, TX. Fundada con la misión de cultivar conexiones alegres con el mundo natural a través del aprendizaje al aire libre y la educación comestible.","PEAS (Partners for Education, Agriculture and Sustainability) is a 501c3 nonprofit organization based in Austin, TX.  Founded with the mission to cultivate joyful connections with the natural world through outdoor learning and edible education.","PEAS (Socios para la Educación, la Agricultura y la Sostenibilidad) es una organización sin fines de lucro 501c3 con sede en Austin, TX. Fundada con la misión de cultivar conexiones alegres con el mundo natural a través del aprendizaje al aire libre y la educación comestible. PEAS ofrece programas únicos de aprendizaje al aire libre y educación comestible en los campus escolares participantes, opera y mantiene una granja comunitaria, organiza campamentos y lidera el desarrollo profesional para ayudar a los maestros a unir conceptos clave de ciencia, nutrición, matemáticas y salud desde el jardín hasta el aula.","PEAS (Partners for Education, Agriculture and Sustainability) is a 501c3 nonprofit organization based in Austin, TX. Founded with the mission to cultivate joyful connections with the natural world through outdoor learning and edible education. PEAS delivers unique, outdoor learning and edible education programs to participating school campuses, operates and maintains a community farm, runs camps, and leads professional development to help teachers bridge key science, nutrition, math and health concepts from the garden to the classroom.","partners-for-education-agriculture-and-sustainability-peas-education-and-learning-support-programs","educacion","","Programas educativos y apoyo al aprendizaje|Partners For Education Agriculture and Sustainability (PEAS)","Education and learning support programs|Partners For Education Agriculture and Sustainability (PEAS)","es|en","in_person","unknown","","","","","Comunícate con la organización para confirmar disponibilidad, requisitos y cómo solicitar el servicio.","Contact the organization to confirm availability, requirements and how to request the service.","","","","","Austin, Pflugerville, Condado de Travis","Austin, Pflugerville, Travis County","512-348-8743","","","admin@peascommunity.org","http://peascommunity.org/","","","","TX","","","","","http://peascommunity.org/","false","false","","Convertido de “Complete Family Resource Guide List.xlsx”, fila 58, el 2026-08-10. Revisar datos y fuente oficial antes de publicar."
"Texas Wildlife Association","Programas educativos y apoyo al aprendizaje","Education and learning support programs","Revista juvenil Critter Connections: una revista impresa por suscripción donde los lectores aprenden sobre la vida silvestre nativa y los recursos naturales de Texas. Cada número trimestral incluye artículos, actividades, acertijos y acciones de administración dirigidas a los jóvenes.","Critter Connections Youth Magazine: A subscription-based print magazine where readers learn about native wildlife and natural resources in Texas.  Each quarterly issue includes articles, activities, puzzles, and stewardship actions geared for youth.","Revista juvenil Critter Connections: una revista impresa por suscripción donde los lectores aprenden sobre la vida silvestre nativa y los recursos naturales de Texas. Cada número trimestral incluye artículos, actividades, acertijos y acciones de administración dirigidas a los jóvenes. ¡Las suscripciones individuales y presenciales están disponibles sin costo alguno! Aprendizaje a distancia: lecciones en video para jóvenes sobre la vida silvestre, el agua y la conservación de Texas. ¡Mira uno en línea en cualquier momento sin costo! Puede encontrar una lista completa de programas de educación para jóvenes y adultos en línea en www.texas-wildlife.org. [http://www.texas-wildlife.org/critter-connections-magazine]","Critter Connections Youth Magazine: A subscription-based print magazine where readers learn about native wildlife and natural resources in Texas. Each quarterly issue includes articles, activities, puzzles, and stewardship actions geared for youth.  Individual and classroom subscriptions are available at no cost! Distance Learning: Youth video lessons featuring Texas wildlife, water, and conservation. Watch one online anytime at no cost! A complete listing of youth and adult education programs can be found online at www.texas-wildlife.org. [http://www.texas-wildlife.org/critter-connections-magazine]","texas-wildlife-association-education-and-learning-support-programs","educacion","","Programas educativos y apoyo al aprendizaje|Texas Wildlife Association","Education and learning support programs|Texas Wildlife Association","en","in_person|online","free","","","","","Comunícate con la organización para confirmar disponibilidad, requisitos y cómo solicitar el servicio.","Contact the organization to confirm availability, requirements and how to request the service.","","","","","Austin, Georgetown, Round Rock, Pflugerville, Condado de Travis, Condado de Hays, Condado de Williamson, Condado de Bastrop, Condado de Caldwell, Condado de Blanco, Condado de Burnet","Austin, Georgetown, Round Rock, Pflugerville, Travis County, Hays County, Williamson County, Bastrop County, Caldwell County, Blanco County, Burnet County","210-826-2904","","","outreach@texas-wildlife.org","http://www.texas-wildlife.org/","","","","TX","","","","","http://www.texas-wildlife.org/","false","false","","Convertido de “Complete Family Resource Guide List.xlsx”, fila 59, el 2026-08-10. Revisar datos y fuente oficial antes de publicar."
"Black Mamas ATX","Apoyo comunitario para personas y familias","Community support for individuals and families","Black Mamas ATX ofrece servicios de salud mental y doula (apoyo durante el embarazo, el parto y el posparto) y centrados en el cliente, culturalmente alineados y sin costo, que apoyan a las mujeres negras y a las personas que dan a luz durante su experiencia de embarazo y posparto. También brindamos educación, grupos de apoyo y otras oportunidades de desarrollo comunitario en nuestra Comunidad Sister Circle.","Black Mamas ATX provides no-cost culturally aligned and client-centered doula (pregnancy, birth & postpartum support) and mental health services that support Black women and birthing persons through your pregnancy and postpartum experience.  We also provide education, support groups and other community-building opportunities in our Sister Circle Community.","Black Mamas ATX ofrece servicios de salud mental y doula (apoyo durante el embarazo, el parto y el posparto) y centrados en el cliente, culturalmente alineados y sin costo, que apoyan a las mujeres negras y a las personas que dan a luz durante su experiencia de embarazo y posparto. También brindamos educación, grupos de apoyo y otras oportunidades de desarrollo comunitario en nuestra Comunidad Sister Circle.","Black Mamas ATX provides no-cost culturally aligned and client-centered doula (pregnancy, birth & postpartum support) and mental health services that support Black women and birthing persons through your pregnancy and postpartum experience. We also provide education, support groups and other community-building opportunities in our Sister Circle Community.","black-mamas-atx-community-support-for-individuals-and-families","otros-recursos","educacion","Apoyo comunitario para personas y familias|Black Mamas ATX","Community support for individuals and families|Black Mamas ATX","en","in_person","free","","","","","Comunícate con la organización para confirmar disponibilidad, requisitos y cómo solicitar el servicio.","Contact the organization to confirm availability, requirements and how to request the service.","","","","","","","","","","info@blackmamasatx.com","http://blackmamasatx.com/","","","","TX","","","","","http://blackmamasatx.com/","false","false","","Convertido de “Complete Family Resource Guide List.xlsx”, fila 60, el 2026-08-10. Revisar datos y fuente oficial antes de publicar."
"College Possible Texas","Apoyo comunitario para personas y familias","Community support for individuals and families","En College Possible Texas, creemos que cada estudiante merece una oportunidad en la universidad. Ofrecemos un programa de seis años que comienza en la escuela secundaria hasta la graduación universitaria, brindando capacitación personalizada y un plan de estudios probado para guiar a los estudiantes en cada paso del camino.","At College Possible Texas, we believe every student deserves a chance at college.  We offer a six-year program starting in high school through college graduation, providing personalized coaching and a proven curriculum to guide students every step of the way.","En College Possible Texas, creemos que cada estudiante merece una oportunidad en la universidad. Ofrecemos un programa de seis años que comienza en la escuela secundaria hasta la graduación universitaria, brindando capacitación personalizada y un plan de estudios probado para guiar a los estudiantes en cada paso del camino. Nuestros entrenadores ayudan a los estudiantes a encontrar la universidad adecuada, navegar por la ayuda financiera y mantenerse encaminados hasta la graduación. Ofrecemos apoyo en persona en 11 escuelas del área de Austin y virtualmente en todo Texas, llegando a los estudiantes dondequiera que estén. Nuestros entrenadores cercanos recientemente graduados ofrecen orientación identificable. Estamos aquí para hacer posible la universidad y encaminar a su estudiante hacia un futuro mejor.","At College Possible Texas, we believe every student deserves a chance at college. We offer a six-year program starting in high school through college graduation, providing personalized coaching and a proven curriculum to guide students every step of the way. Our coaches help students find the right college, navigate financial aid, and stay on track through graduation. We offer support in-person at 11 Austin-area schools and virtually across Texas, reaching students wherever they are. Our recently graduated near-peer coaches offer relatable guidance. We’re here to make college possible and set your student on the path to a brighter future.","college-possible-texas-community-support-for-individuals-and-families","otros-recursos","educacion","Apoyo comunitario para personas y familias|College Possible Texas","Community support for individuals and families|College Possible Texas","es|en","in_person|online","unknown","","","","","Comunícate con la organización para confirmar disponibilidad, requisitos y cómo solicitar el servicio.","Contact the organization to confirm availability, requirements and how to request the service.","","","","","Austin","Austin","512-452-4800","","","texasinfo@collegepossible.org","http://collegepossible.org/texas","","","","TX","","","","","http://collegepossible.org/texas","false","false","","Convertido de “Complete Family Resource Guide List.xlsx”, fila 61, el 2026-08-10. Revisar datos y fuente oficial antes de publicar."
"The Georgetown Project","Apoyo comunitario para personas y familias","Community support for individuals and families","Georgetown Projects presta servicios a niños y familias desde la cuna hasta la carrera. Nuestro programa Bridges to Growth ofrece talleres para padres, eventos para niños, clases de ESL, español y ciudadanía.","The Georgetown Projects serves children and families from cradle to career.  Our Bridges to Growth program offers parent workshops, children's events, ESL, Spanish, and Citizenship classes.","Georgetown Projects presta servicios a niños y familias desde la cuna hasta la carrera. Nuestro programa Bridges to Growth ofrece talleres para padres, eventos para niños, clases de ESL, español y ciudadanía. Nuestro NEST Empowerment Center ofrece un espacio seguro después de la escuela para niños en riesgo en GISD, ofreciendo habilidades para la vida, programación terapéutica, ayuda con las tareas y apoyo para las necesidades básicas. Nuestro Programa de Empleo Juvenil de Verano (SYEP) enseña habilidades laborales y combina a adolescentes mayores de 16 años en Georgetown con una pasantía en un lugar de trabajo que los nutre y apoya durante su primera experiencia laboral.","The Georgetown Projects serves children and families from cradle to career. Our Bridges to Growth program offers parent workshops, children's events, ESL, Spanish, and Citizenship classes. Our NEST Empowerment Center provides a safe space afterschool for at-risk kids in GISD, offering life skills, therapeutic programming, homework help, and basic needs support. Our Summer Youth Employment Program (SYEP) teaches job skills and matches teens 16+ in Georgetown with an internship at a worksite that nurtures and supports them through their first job experience.","the-georgetown-project-community-support-for-individuals-and-families","otros-recursos","educacion","Apoyo comunitario para personas y familias|The Georgetown Project","Community support for individuals and families|The Georgetown Project","es|en","in_person","unknown","","","","","Comunícate con la organización para confirmar disponibilidad, requisitos y cómo solicitar el servicio.","Contact the organization to confirm availability, requirements and how to request the service.","","","","","Georgetown","Georgetown","512-943-0074","","","general@georgetownproject.org","http://www.georgetownproject.org/","","","","TX","","","","","http://www.georgetownproject.org/","false","false","","Convertido de “Complete Family Resource Guide List.xlsx”, fila 62, el 2026-08-10. Revisar datos y fuente oficial antes de publicar."
"Wonders & Worries","Apoyo comunitario para personas y familias","Community support for individuals and families","Wonders & Worries brinda apoyo profesional gratuito a niños y adolescentes durante una enfermedad o lesión grave de uno de sus padres, para que puedan alcanzar su máximo potencial.","Wonders & Worries provides free, professional support for children and teenagers through a parent’s serious illness or injury, so that they can reach their full potential.","Wonders & Worries brinda apoyo profesional gratuito a niños y adolescentes durante una enfermedad o lesión grave de uno de sus padres, para que puedan alcanzar su máximo potencial.","Wonders & Worries provides free, professional support for children and teenagers through a parent’s serious illness or injury, so that they can reach their full potential.","wonders-and-worries-community-support-for-individuals-and-families","otros-recursos","educacion","Apoyo comunitario para personas y familias|Wonders & Worries","Community support for individuals and families|Wonders & Worries","es|en","in_person","free","","","","","Comunícate con la organización para confirmar disponibilidad, requisitos y cómo solicitar el servicio.","Contact the organization to confirm availability, requirements and how to request the service.","","","","","Austin, Georgetown, Round Rock, Pflugerville, Condado de Travis, Condado de Hays, Condado de Williamson, Condado de Bastrop, Condado de Caldwell, Condado de Blanco, Condado de Burnet","Austin, Georgetown, Round Rock, Pflugerville, Travis County, Hays County, Williamson County, Bastrop County, Caldwell County, Blanco County, Burnet County","512-329-3607","","","tatiana.sokolik@wondersandworries.org","https://wondersandworries.org/","","","","TX","","","","","https://wondersandworries.org/","false","false","","Convertido de “Complete Family Resource Guide List.xlsx”, fila 63, el 2026-08-10. Revisar datos y fuente oficial antes de publicar."
"Uplift Texas","Alimentos y asistencia para necesidades básicas","Food and basic-needs assistance","Brindar apoyo a la comunidad de personas sin hogar y áreas subrepresentadas en Texas mediante la distribución de artículos necesarios como ropa, alimentos, zapatos y suministros.","Provide support for the homeless community and underrepresented areas in Texas by distributing necessary items such as clothing, food, and shoes, supplies.","Brindar apoyo a la comunidad de personas sin hogar y áreas subrepresentadas en Texas mediante la distribución de artículos necesarios como ropa, alimentos, zapatos y suministros.","Provide support for the homeless community and underrepresented areas in Texas by distributing necessary items such as clothing, food, and shoes, supplies.","uplift-texas-food-and-basic-needs-assistance","comida","recursos-financieros|vivienda","Alimentos y asistencia para necesidades básicas|Uplift Texas","Food and basic-needs assistance|Uplift Texas","en","in_person","unknown","","","","","Comunícate con la organización para confirmar disponibilidad, requisitos y cómo solicitar el servicio.","Contact the organization to confirm availability, requirements and how to request the service.","","","","","Austin, Pflugerville, Condado de Travis","Austin, Pflugerville, Travis County","832-722-8414","","","texasuplift@gmail.com","http://uplifttexas.org/","","","","TX","","","","","http://uplifttexas.org/","false","false","","Convertido de “Complete Family Resource Guide List.xlsx”, fila 64, el 2026-08-10. Revisar datos y fuente oficial antes de publicar."
"Austin Clubhouse","Servicios de salud mental y bienestar","Mental health and wellness services","Austin Clubhouse es un servicio comunitario dedicado a apoyar y empoderar a las personas que viven con enfermedades mentales, conocidos como miembros de Clubhouse. Basado en el modelo Clubhouse de rehabilitación psicosocial, cada Clubhouse ofrece un entorno colaborativo y restaurativo donde los miembros del Clubhouse pueden recuperarse obteniendo acceso a oportunidades para...","Austin Clubhouse is a community-based service dedicated to supporting and empowering people living with mental illness, known as Clubhouse members.  Based on the Clubhouse Model of psychosocial rehabilitation, each Clubhouse offers a collaborative, restorative environment where Clubhouse members can recover by gaining access to opportunities for…","Austin Clubhouse es un servicio comunitario dedicado a apoyar y empoderar a las personas que viven con enfermedades mentales, conocidos como miembros de Clubhouse. Basado en el modelo Clubhouse de rehabilitación psicosocial, cada Clubhouse ofrece un entorno colaborativo y restaurativo donde los miembros del Clubhouse pueden recuperarse al obtener acceso a oportunidades de empleo, socialización, educación, desarrollo de habilidades, vivienda y mejor bienestar.","Austin Clubhouse is a community-based service dedicated to supporting and empowering people living with mental illness, known as Clubhouse members. Based on the Clubhouse Model of psychosocial rehabilitation, each Clubhouse offers a collaborative, restorative environment where Clubhouse members can recover by gaining access to opportunities for employment, socialization, education, skill development, housing and improved wellness.","austin-clubhouse-mental-health-and-wellness-services","salud","","Servicios de salud mental y bienestar|Austin Clubhouse","Mental health and wellness services|Austin Clubhouse","es|en","in_person","unknown","","","","","Comunícate con la organización para confirmar disponibilidad, requisitos y cómo solicitar el servicio.","Contact the organization to confirm availability, requirements and how to request the service.","","","","","Austin, Georgetown, Round Rock, Pflugerville, Condado de Travis, Condado de Hays, Condado de Williamson, Condado de Bastrop, Condado de Caldwell, Condado de Blanco, Condado de Burnet","Austin, Georgetown, Round Rock, Pflugerville, Travis County, Hays County, Williamson County, Bastrop County, Caldwell County, Blanco County, Burnet County","512-925-5877","","","info@austinclubhouse.org","http://www.austinclubhouse.org/","","","","TX","","","","","http://www.austinclubhouse.org/","false","false","","Convertido de “Complete Family Resource Guide List.xlsx”, fila 65, el 2026-08-10. Revisar datos y fuente oficial antes de publicar."
"Giving Austin Labor Support (GALS)","Servicios de salud mental y bienestar","Mental health and wellness services","GALS brinda atención de doula sin costo a personas del centro de Texas que están embarazadas, dando a luz o en posparto. Los servicios incluyen un curso de educación perinatal, enlaces a recursos comunitarios, apoyo emocional, físico, educativo y de defensa durante el período perinatal, así como apoyo para necesidades básicas como un baby shower comunitario y suministros para las familias...","GALS provides no-cost doula care to folks in Central Texas who are pregnant, giving birth, or postpartum.  Services include a perinatal education course, links to community resources, emotional, physical, educational and advocacy support during the perinatal period, as well as basic needs support such as a community baby shower, and supplies for families…","GALS brinda atención de doula sin costo a personas del centro de Texas que están embarazadas, dando a luz o en posparto. Los servicios incluyen un curso de educación perinatal, enlaces a recursos comunitarios, apoyo emocional, físico, educativo y de defensa durante el período perinatal, así como apoyo para necesidades básicas, como un baby shower comunitario, y suministros para las familias que reciben atención. Obtenga más información sobre todos nuestros programas en GALSaustin.org.","GALS provides no-cost doula care to folks in Central Texas who are pregnant, giving birth, or postpartum. Services include a perinatal education course, links to community resources, emotional, physical, educational and advocacy support during the perinatal period, as well as basic needs support such as a community baby shower, and supplies for families receiving care. Learn more about all our programs at GALSaustin.org.","giving-austin-labor-support-gals-mental-health-and-wellness-services","salud","","Servicios de salud mental y bienestar|Giving Austin Labor Support (GALS)","Mental health and wellness services|Giving Austin Labor Support (GALS)","es|en","in_person","free","","","","","Comunícate con la organización para confirmar disponibilidad, requisitos y cómo solicitar el servicio.","Contact the organization to confirm availability, requirements and how to request the service.","","","","","Austin, Georgetown, Round Rock, Pflugerville, Condado de Travis, Condado de Hays, Condado de Williamson, Condado de Bastrop, Condado de Caldwell, Condado de Blanco, Condado de Burnet","Austin, Georgetown, Round Rock, Pflugerville, Travis County, Hays County, Williamson County, Bastrop County, Caldwell County, Blanco County, Burnet County","512-934-2171","","","info@givingaustinlaborsupport.org","http://galsaustin.org/","","","","TX","","","","","http://galsaustin.org/","false","false","","Convertido de “Complete Family Resource Guide List.xlsx”, fila 66, el 2026-08-10. Revisar datos y fuente oficial antes de publicar."
"Integral Care","Servicios de salud mental y bienestar","Mental health and wellness services","Integral Care apoya a adultos y niños que viven con enfermedades mentales, trastornos por uso de sustancias y discapacidades intelectuales y del desarrollo en el condado de Travis. Nuestros servicios incluyen una línea de ayuda las 24 horas para cualquier persona que necesite apoyo inmediato, asesoramiento continuo para mejorar la salud mental, tratamiento contra drogas y alcohol para ayudar con la recuperación y alojamiento para...","Integral Care supports adults and children living with mental illness, substance use disorder and intellectual and developmental disabilities in Travis County.  Our services include a 24-hour helpline for anyone who needs immediate support, ongoing counseling to improve mental health, drug and alcohol treatment to help with recovery, and housing to…","Integral Care apoya a adultos y niños que viven con enfermedades mentales, trastornos por uso de sustancias y discapacidades intelectuales y del desarrollo en el condado de Travis. Nuestros servicios incluyen una línea de ayuda las 24 horas para cualquier persona que necesite apoyo inmediato, asesoramiento continuo para mejorar la salud mental, tratamiento contra drogas y alcohol para ayudar con la recuperación y vivienda para recuperar la salud y la independencia. Integral Care ayuda a proporcionar una base sólida para el bienestar. El Programa Aterrizaje Seguro de Integral Care brinda servicios de asesoramiento para jóvenes en hogares de crianza. Los servicios pueden incluir terapia individual, terapia familiar con padres adoptivos y/o terapia familiar con padres biológicos. Los servicios también pueden incluir vínculos con servicios psiquiátricos y terapias no tradicionales, como equinoterapia, tutoría o asesoramiento para padres.","Integral Care supports adults and children living with mental illness, substance use disorder and intellectual and developmental disabilities in Travis County. Our services include a 24-hour helpline for anyone who needs immediate support, ongoing counseling to improve mental health, drug and alcohol treatment to help  with recovery, and housing to regain health and independence. Integral Care helps provide a strong foundation for well-being. The Safe Landing Program at Integral Care provides counseling services for youth in foster care.  Services can include individual therapy, family therapy with foster parents, and/or family therapy with biological parents.  Services can also include linkages to psychiatric services and non-traditional therapy such as equine therapy, mentoring or parent coaching.","integral-care-mental-health-and-wellness-services","salud","","Servicios de salud mental y bienestar|Integral Care","Mental health and wellness services|Integral Care","es|en","phone","unknown","","","","","Comunícate con la organización para confirmar disponibilidad, requisitos y cómo solicitar el servicio.","Contact the organization to confirm availability, requirements and how to request the service.","","","","","Austin, Condado de Travis","Austin, Travis County","512-472-4357","","","safelanding@integralcare.org","http://www.integralcare.org/","","","","TX","","","","","http://www.integralcare.org/","false","true","","Convertido de “Complete Family Resource Guide List.xlsx”, fila 67, el 2026-08-10. Revisar datos y fuente oficial antes de publicar."
"Lifeworks","Servicios de salud mental y bienestar","Mental health and wellness services","El Programa de Consejería para Jóvenes y Adultos (YAC) administra la subvención Family and Youth Success (FAYS), brindando asesoramiento y apoyo grupal para que los jóvenes y los padres aborden las luchas cotidianas y al mismo tiempo promuevan familias fuertes y jóvenes para afrontar la situación y la resiliencia. Trabajamos con familias con jóvenes menores de 18 años que están experimentando conflictos con: Familia...","The Youth and Adult Counseling Program (YAC) manages the Family and Youth Success (FAYS) grant, providing counseling and group based support for youth and parents to address everyday struggles while promoting strong families and youth coping and resilience.  We work with families with youth that are under 18 who are experiencing conflict with: Family…","El Programa de Consejería para Jóvenes y Adultos (YAC) administra la subvención Family and Youth Success (FAYS), brindando asesoramiento y apoyo grupal para que los jóvenes y los padres aborden las luchas cotidianas y al mismo tiempo promuevan familias fuertes y jóvenes para afrontar la situación y la resiliencia. Trabajamos con familias con jóvenes menores de 18 años que están experimentando conflictos con: relaciones familiares, traumas, comportamiento delictivo, preocupaciones relacionadas con la escuela y diversos problemas de salud mental, como ansiedad y depresión. Contamos con dos oficinas; 835 N. Pleasant Valley Rd y 3700 S 1st St.","The Youth and Adult Counseling Program (YAC) manages the Family and Youth Success (FAYS) grant, providing counseling and group based support for youth and parents to address everyday struggles while promoting strong families and youth coping and resilience.  We work with families with youth that are under 18 who are experiencing conflict with:  Family relationships, Trauma, Delinquent behavior, School related concerns, and various mental health concerns such as anxiety and depression. We have two offices; 835 N. Pleasant Valley Rd and 3700 S 1st St.","lifeworks-mental-health-and-wellness-services","salud","","Servicios de salud mental y bienestar|Lifeworks","Mental health and wellness services|Lifeworks","es|en","in_person","unknown","","","","","Comunícate con la organización para confirmar disponibilidad, requisitos y cómo solicitar el servicio.","Contact the organization to confirm availability, requirements and how to request the service.","","","","","Austin, Condado de Travis","Austin, Travis County","512-735-2400","","","yac.intake@lifeworksaustin.org","https://www.lifeworksaustin.org/","","","","TX","","","","","https://www.lifeworksaustin.org/","false","false","","Convertido de “Complete Family Resource Guide List.xlsx”, fila 68, el 2026-08-10. Revisar datos y fuente oficial antes de publicar."
"ATX Kids Club","Programas de desarrollo y recreación juvenil","Youth development and recreation programs","ATX KIDS CLUB es una organización local sin fines de lucro en Austin, Texas. Tenemos la misión de despertar la curiosidad natural de los niños a través de excursiones de aventuras urbanas que desarrollan el carácter, la autoconciencia y la resiliencia.","ATX KIDS CLUB is a local non-profit organization in Austin, Texas.  We are on a mission to spark kids’ natural curiosity through urban-based field trip adventures that build character, self-awareness, and resiliency.","ATX KIDS CLUB es una organización local sin fines de lucro en Austin, Texas. Tenemos la misión de despertar la curiosidad natural de los niños a través de excursiones de aventuras urbanas que desarrollan el carácter, la autoconciencia y la resiliencia. Los campistas ganan confianza en sí mismos al aprender a explorar su propia ciudad a través de aventuras urbanas con nuestro socio comunitario, CapMetro. A través de estas aventuras, ATX KIDS CLUB muestra a los campistas que Austin es realmente accesible para todos. Los campistas también explorarán la historia y la belleza de Texas Hill Country con excursiones guiadas en furgoneta. ¡Únete a una de nuestras aventuras de campamento de verano o vacaciones escolares!","ATX KIDS CLUB is a local non-profit organization in Austin, Texas. We are on a mission to spark kids’ natural curiosity through urban-based field trip adventures that build character, self-awareness, and resiliency. Campers gain self-confidence by learning how to explore their own city through urban adventures with our community partner, CapMetro. Through these adventures, ATX KIDS CLUB shows campers that Austin is truly accessible to all. Campers will also explore the history and beauty of the Texas Hill Country with guided van excursions. Join one of our Summer Camp or School Holiday adventures!","atx-kids-club-youth-development-and-recreation-programs","educacion","otros-recursos","Programas de desarrollo y recreación juvenil|ATX Kids Club","Youth development and recreation programs|ATX Kids Club","en","in_person","unknown","","","","","Comunícate con la organización para confirmar disponibilidad, requisitos y cómo solicitar el servicio.","Contact the organization to confirm availability, requirements and how to request the service.","","","","","Austin, Georgetown, Round Rock, Pflugerville, Condado de Travis, Condado de Hays, Condado de Williamson","Austin, Georgetown, Round Rock, Pflugerville, Travis County, Hays County, Williamson County","512-234-5437","","","info@atxkidsclub.org","http://atxkidsclub.org/","","","","TX","","","","","http://atxkidsclub.org/","false","false","","Convertido de “Complete Family Resource Guide List.xlsx”, fila 69, el 2026-08-10. Revisar datos y fuente oficial antes de publicar."
"Austin Youth River Watch","Programas de desarrollo y recreación juvenil","Youth development and recreation programs","Austin Youth River Watch (AYRW) transforma e inspira a los jóvenes a través de la educación ambiental, la participación comunitaria y la aventura. AYRW ofrece programas extracurriculares a estudiantes de secundaria una vez por semana centrados en la calidad del agua y la gestión ambiental.","Austin Youth River Watch (AYRW) transforms and inspires youth through environmental education, community engagement, and adventure.  AYRW provides after-school programs to high school students once a week focused on water quality and environmental stewardship.","Austin Youth River Watch (AYRW) transforma e inspira a los jóvenes a través de la educación ambiental, la participación comunitaria y la aventura. AYRW ofrece programas extracurriculares a estudiantes de secundaria una vez por semana centrados en la calidad del agua y la gestión ambiental. Ofrecemos una variedad de actividades educativas prácticas como pruebas de calidad del agua, limpieza de basura, plantación de árboles, fotografía de naturaleza, caminatas, campamentos y más. Ofertas del programa: transporte completo, refrigerios/cena, estipendio de participación de $20 Escuelas secundarias a las que servimos: Akins, Austin, Crockett, Del Valle, Eastside Memorial, LBJ, McCallum, Navarro, Northeast, Travis","Austin Youth River Watch (AYRW) transforms and inspires youth through environmental education, community engagement, and adventure. AYRW provides after-school programs to high school students once a week focused on water quality and environmental stewardship. We offer a variety of hands-on educational activities like water quality testing, trash cleanups, tree plantings, nature photography, hiking, camping, and more!  Program offerings: full transportation, snacks/dinner, $20 participation stipend High schools we serve: Akins, Austin, Crockett, Del Valle, Eastside Memorial, LBJ, McCallum, Navarro, Northeast, Travis","austin-youth-river-watch-youth-development-and-recreation-programs","educacion","otros-recursos","Programas de desarrollo y recreación juvenil|Austin Youth River Watch","Youth development and recreation programs|Austin Youth River Watch","en","in_person","unknown","","","","","Comunícate con la organización para confirmar disponibilidad, requisitos y cómo solicitar el servicio.","Contact the organization to confirm availability, requirements and how to request the service.","","","","","Austin","Austin","512-708-9115","","","beth@riverwatchers.org","https://riverwatchers.org/","","","","TX","","","","","https://riverwatchers.org/","false","false","","Convertido de “Complete Family Resource Guide List.xlsx”, fila 70, el 2026-08-10. Revisar datos y fuente oficial antes de publicar."
"Crux Climbing Center","Programas de desarrollo y recreación juvenil","Youth development and recreation programs","¡Crux Climbing Center ofrece muchos programas para niños y adultos! Equipos recreativos, equipos competitivos, campamentos juveniles, fiestas de cumpleaños, reservas grupales/ejercicios de formación de equipos, eventos cerrados (eventos nocturnos), escalada en roca, fitness, yoga y otros eventos.","Crux Climbing Center offers many programs for kids and adults!  Recreational Teams, Competitive Teams, Youth Camps, Birthday Parties, Group Bookings/ Team Building exercises, Lock-ins (overnight events), Rock Climbing, Fitness, Yoga and other Events!","¡Crux Climbing Center ofrece muchos programas para niños y adultos! Equipos recreativos, equipos competitivos, campamentos juveniles, fiestas de cumpleaños, reservas grupales/ejercicios de formación de equipos, eventos cerrados (eventos nocturnos), escalada en roca, fitness, yoga y otros eventos.","Crux Climbing Center offers many programs for kids and adults! Recreational Teams, Competitive Teams, Youth Camps, Birthday Parties, Group Bookings/ Team Building exercises, Lock-ins (overnight events), Rock Climbing, Fitness, Yoga and other Events!","crux-climbing-center-youth-development-and-recreation-programs","educacion","otros-recursos","Programas de desarrollo y recreación juvenil|Crux Climbing Center","Youth development and recreation programs|Crux Climbing Center","en","in_person","unknown","","","","","Comunícate con la organización para confirmar disponibilidad, requisitos y cómo solicitar el servicio.","Contact the organization to confirm availability, requirements and how to request the service.","","","","","Austin, Pflugerville","Austin, Pflugerville","713-419-2016","","","matt.roberts@cruxclimbingcenter.com","http://cruxcc.com/","","","","TX","","","","","http://cruxcc.com/","false","false","","Convertido de “Complete Family Resource Guide List.xlsx”, fila 71, el 2026-08-10. Revisar datos y fuente oficial antes de publicar."
"Families in Nature","Programas de desarrollo y recreación juvenil","Youth development and recreation programs","La visión de Familias en la Naturaleza es inspirar a todas las personas a enamorarse de la naturaleza y fomentar la próxima generación de conservacionistas. Nos esforzamos por crear niños y familias seguros, capaces, independientes, curiosos, comprometidos, interesados ​​y conectados.","Families in Nature's vision is to inspire all people to fall in love with nature and foster the next generation of conservationists.  We strive to create confident, capable, independent, curious, engaged, interested and connected children and families.","La visión de Familias en la Naturaleza es inspirar a todas las personas a enamorarse de la naturaleza y fomentar la próxima generación de conservacionistas. Nos esforzamos por crear niños y familias seguros, capaces, independientes, curiosos, comprometidos, interesados ​​y conectados. Todas las actividades tienen como objetivo enseñar a los niños y a sus padres sobre ecología y conservación a través de experiencias prácticas en la naturaleza, mientras pasan juntos tiempo de calidad en familia. Las actividades incluyen caminatas por la naturaleza, experiencias científicas de campo, proyectos de servicio, campamentos, lecciones de habilidades al aire libre, S.T.E.A.M. lecciones alineadas y más.","Families in Nature's vision is to inspire all people to fall in love with nature and foster the next generation of conservationists. We strive to create confident, capable, independent, curious, engaged, interested and connected children and families. All activities are aimed at teaching children and their parents about ecology and conservation through hands-on experiences in nature, while they spend quality family time together. Activities include nature walks, field science experiences, service projects, campouts, lessons in outdoor skills, S.T.E.A.M. aligned lessons and more.","families-in-nature-youth-development-and-recreation-programs","educacion","otros-recursos","Programas de desarrollo y recreación juvenil|Families in Nature","Youth development and recreation programs|Families in Nature","es|en","in_person","unknown","","","","","Comunícate con la organización para confirmar disponibilidad, requisitos y cómo solicitar el servicio.","Contact the organization to confirm availability, requirements and how to request the service.","","","","","","","","","","jordan@familiesinnature.org","http://www.familiesinnature.org/","","","","TX","","","","","http://www.familiesinnature.org/","false","false","","Convertido de “Complete Family Resource Guide List.xlsx”, fila 72, el 2026-08-10. Revisar datos y fuente oficial antes de publicar."
"Maven Youth","Programas de desarrollo y recreación juvenil","Youth development and recreation programs","¡Maven Youth ofrece un increíble campamento tecnológico de verano gratuito específicamente para jóvenes y aliados LGBT+! El campamento involucra a los participantes en codificación, desarrollo de juegos y medios digitales en un entorno seguro e inclusivo.","Maven Youth offers an amazing free summer tech camp specifically for LGBT+ youth and allies!  The camp engages participants in coding, game development, and digital media in a safe and inclusive environment.","¡Maven Youth ofrece un increíble campamento tecnológico de verano gratuito específicamente para jóvenes y aliados LGBT+! El campamento involucra a los participantes en codificación, desarrollo de juegos y medios digitales en un entorno seguro e inclusivo. * Dirigido por jóvenes: el campamento promueve el aprendizaje entre pares, fomentando una atmósfera de colaboración. * Proyectos creativos: los participantes trabajan en proyectos para mostrar sus habilidades. * No se necesita experiencia: abierto a todos los niveles: ¡no se requiere experiencia previa en codificación! * Ambiente de apoyo: El campamento enfatiza el trabajo en equipo y el fomento de la confianza. * Comidas Gratis: Todas las comidas se proporcionan sin costo alguno. *Grupo de edad: Abierto a jóvenes de 14 a 19 años.","Maven Youth offers an amazing free summer tech camp specifically for LGBT+ youth and allies! The camp engages participants in coding, game development, and digital media in a safe and inclusive environment. *  Youth-Led: The camp promotes peer-to-peer learning, fostering a collaborative atmosphere. *  Creative Projects: Participants work on projects to showcase their skills. *  No Experience Needed: Open to all skill levels—no prior coding experience is required! *  Supportive Environment: The camp emphasizes teamwork and confidence-building. *  Free Meals: All meals are provided at no cost. *  Age Group: Open to youth aged 14-19.","maven-youth-youth-development-and-recreation-programs","educacion","otros-recursos","Programas de desarrollo y recreación juvenil|Maven Youth","Youth development and recreation programs|Maven Youth","en","in_person","free","","","","","Comunícate con la organización para confirmar disponibilidad, requisitos y cómo solicitar el servicio.","Contact the organization to confirm availability, requirements and how to request the service.","","","","","Austin, Round Rock, Pflugerville, Condado de Travis","Austin, Round Rock, Pflugerville, Travis County","210-705-9287","","","monica@mavenyouth.org","http://www.mavenyouth.org/","","","","TX","","","","","http://www.mavenyouth.org/","false","false","","Convertido de “Complete Family Resource Guide List.xlsx”, fila 73, el 2026-08-10. Revisar datos y fuente oficial antes de publicar."
"RBI Austin","Programas de desarrollo y recreación juvenil","Youth development and recreation programs","RBI Austin, una filial del programa Reviving Baseball in Inner Cities de la Major League Baseball, es una organización sin fines de lucro en Austin, Texas, que ofrece ligas de béisbol y softbol, ​​clínicas, apoyo de benevolencia familiar y tutoría cristiana a jóvenes y comunidades desatendidos. RBI Austin comenzó como un equipo de béisbol de verano de base de 15 East...","RBI Austin, an affiliate of Major League Baseball’s Reviving Baseball in Inner Cities program, is a nonprofit organization in Austin, Texas providing baseball and softball leagues, clinics, family benevolence support, and Christian-based mentoring to underserved youth and communities.  RBI Austin began as a grassroots summer baseball team of 15 East…","RBI Austin, una filial del programa Reviving Baseball in Inner Cities de la Major League Baseball, es una organización sin fines de lucro en Austin, Texas, que ofrece ligas de béisbol y softbol, ​​clínicas, apoyo de benevolencia familiar y tutoría cristiana a jóvenes y comunidades desatendidos. RBI Austin comenzó como un equipo de béisbol de verano de base de 15 niños del este de Austin en 2009 y ha crecido hasta 1,483 niños de 4 a 18 años en 2023. RBI Austin, un programa de tutoría que aprovecha el béisbol y el softbol para abordar la crisis de los huérfanos en el este de Austin, tiene planes para llegar a más niños en 2024 y más allá.","RBI Austin, an affiliate of Major League Baseball’s Reviving Baseball in Inner Cities program, is a nonprofit organization in Austin, Texas providing baseball and softball leagues, clinics, family benevolence support, and Christian-based mentoring to underserved youth and communities. RBI Austin began as a grassroots summer baseball team of 15 East Austin kids in 2009 and has grown to 1,483 kids ages 4-18 in 2023. RBI Austin, a mentoring program that leverages baseball and softball to address the fatherless crisis in East Austin, has plans for reaching more kids in 2024 and beyond.","rbi-austin-youth-development-and-recreation-programs","educacion","otros-recursos","Programas de desarrollo y recreación juvenil|RBI Austin","Youth development and recreation programs|RBI Austin","es|en","in_person","unknown","","","","","Comunícate con la organización para confirmar disponibilidad, requisitos y cómo solicitar el servicio.","Contact the organization to confirm availability, requirements and how to request the service.","","","","","Austin, Georgetown, Round Rock, Pflugerville, Condado de Travis, Condado de Williamson","Austin, Georgetown, Round Rock, Pflugerville, Travis County, Williamson County","512-387-7936","","","info@rbiaustin.org","http://www.rbiaustin.org/","","","","TX","","","","","http://www.rbiaustin.org/","false","false","","Convertido de “Complete Family Resource Guide List.xlsx”, fila 74, el 2026-08-10. Revisar datos y fuente oficial antes de publicar."
"Shield Ranch Foundation/El Ranchito","Programas de desarrollo y recreación juvenil","Youth development and recreation programs","Establecido en 2007 en colaboración con El Buen Samaritano y Westcave Outdoor Discovery Center, la misión de Camp El Ranchito es conectar a los niños con el mundo natural brindándoles una experiencia de inmersión en la naturaleza extraordinariamente divertida e inspiradora. Ofrece una experiencia de campamento única que brinda a los jóvenes, que de otro modo no tendrían acceso, oportunidades...","Established in 2007 in collaboration with El Buen Samaritano and Westcave Outdoor Discovery Center, Camp El Ranchito’s mission is to connect children with the natural world by providing an extraordinarily fun and inspiring nature-immersion experience.  It offers a unique camp experience that gives youth, who may not otherwise have access, opportunities…","Establecido en 2007 en colaboración con El Buen Samaritano y Westcave Outdoor Discovery Center, la misión de Camp El Ranchito es conectar a los niños con el mundo natural brindándoles una experiencia de inmersión en la naturaleza extraordinariamente divertida e inspiradora. Ofrece una experiencia de campamento única que brinda a los jóvenes, que de otro modo no tendrían acceso, oportunidades para formar vínculos fuertes con la naturaleza y entre sí en la comunidad. Organizamos nuestras vacaciones de primavera y campamentos de verano.","Established in 2007 in collaboration with El Buen Samaritano and Westcave Outdoor Discovery Center, Camp El Ranchito’s mission is to connect children with the natural world by providing an extraordinarily fun and inspiring nature-immersion experience. It offers a  unique camp experience that gives youth, who may not otherwise have access, opportunities to form strong bonds with nature and one another in community. We host our spring break and summer camps.","shield-ranch-foundation-el-ranchito-youth-development-and-recreation-programs","educacion","otros-recursos","Programas de desarrollo y recreación juvenil|Shield Ranch Foundation/El Ranchito","Youth development and recreation programs|Shield Ranch Foundation/El Ranchito","es|en","in_person","unknown","","","","","Comunícate con la organización para confirmar disponibilidad, requisitos y cómo solicitar el servicio.","Contact the organization to confirm availability, requirements and how to request the service.","","","","","Austin, Georgetown, Round Rock, Pflugerville, Condado de Travis, Condado de Hays, Condado de Williamson, Condado de Bastrop, Condado de Caldwell, Condado de Blanco, Condado de Burnet","Austin, Georgetown, Round Rock, Pflugerville, Travis County, Hays County, Williamson County, Bastrop County, Caldwell County, Blanco County, Burnet County","512-710-8313","","","registration@elranchito.org","http://www.elranchito.org/","","","","TX","","","","","http://www.elranchito.org/","false","false","","Convertido de “Complete Family Resource Guide List.xlsx”, fila 75, el 2026-08-10. Revisar datos y fuente oficial antes de publicar."
"Urban Roots","Programas de desarrollo y recreación juvenil","Youth development and recreation programs","Urban Roots ofrece programas pagos de desarrollo de liderazgo para estudiantes de secundaria en nuestras granjas urbanas. Los participantes del programa aprenden habilidades para la vida, el trabajo y el liderazgo mientras ayudan a cultivar alimentos para sus vecinos.","Urban Roots offers paid leadership development programs for high school students on our urban farms.  Program participants learn life, job, and leadership skills while helping grow food for their neighbors.","Urban Roots ofrece programas pagos de desarrollo de liderazgo para estudiantes de secundaria en nuestras granjas urbanas. Los participantes del programa aprenden habilidades para la vida, el trabajo y el liderazgo mientras ayudan a cultivar alimentos para sus vecinos. Más del 95% de los alimentos cultivados en Urban Roots se distribuyen en la comunidad para aumentar el acceso a los alimentos, incluidas donaciones a despensas de alimentos y cocinas comunitarias y directamente a los vecinos que enfrentan barreras para acceder a alimentos frescos. Las solicitudes para nuestro programa de verano de 6 semanas se publicarán en enero y son elegibles para cualquier persona que esté en la escuela secundaria en el otoño de 2025.","Urban Roots offers paid leadership development programs for high school students on our urban farms. Program participants learn life, job, and leadership skills while helping grow food for their neighbors. Over 95% of the food grown at Urban Roots is distributed in the community to increase food access, including donations to food pantries and community kitchens and directly to neighbors facing barriers to accessing fresh food.  Applications for our 6 week summer program will go live in January and are eligible for anyone who will be in high school in the fall of 2025.","urban-roots-youth-development-and-recreation-programs","educacion","otros-recursos","Programas de desarrollo y recreación juvenil|Urban Roots","Youth development and recreation programs|Urban Roots","es|en","in_person","unknown","","","","","Comunícate con la organización para confirmar disponibilidad, requisitos y cómo solicitar el servicio.","Contact the organization to confirm availability, requirements and how to request the service.","","","","","Austin, Pflugerville, Condado de Travis, Condado de Hays","Austin, Pflugerville, Travis County, Hays County","512-750-8019","","","info@urbanrootsatx.org","http://www.urbanrootsatx.org","","","","TX","","","","","http://www.urbanrootsatx.org","false","false","","Convertido de “Complete Family Resource Guide List.xlsx”, fila 76, el 2026-08-10. Revisar datos y fuente oficial antes de publicar."
"Black Women Who","Apoyo comunitario para personas y familias","Community support for individuals and families","Black Women Who es una organización única e impactante que brinda experiencias de aventuras al aire libre, principalmente enfocadas en actividades recreativas al aire libre/bajo techo, para mujeres y niños negros y morenos. El grupo fomenta un espacio inclusivo y de apoyo donde los participantes pueden explorar la naturaleza, construir una comunidad y ganar confianza en las actividades al aire libre.","Black Women Who is a unique and impactful organization that provides outdoor adventure experiences, primarily focused on outdoor/indoor recreational activities, for black and brown women and children.  The group fosters a supportive and inclusive space where participants can explore nature, build community, and gain confidence in outdoor activities.","Black Women Who es una organización única e impactante que brinda experiencias de aventuras al aire libre, principalmente enfocadas en actividades recreativas al aire libre/bajo techo, para mujeres y niños negros y morenos. El grupo fomenta un espacio inclusivo y de apoyo donde los participantes pueden explorar la naturaleza, construir una comunidad y ganar confianza en las actividades al aire libre. A través de estos servicios, Black Women Who anima a más mujeres y niños negros y morenos a disfrutar del aire libre, fomentando el empoderamiento, la educación y la inspiración.","Black Women Who is a unique and impactful organization that provides outdoor adventure experiences, primarily focused on outdoor/indoor recreational activities, for black and brown women and children. The group fosters a supportive and inclusive space where participants can explore nature, build community, and gain confidence in outdoor activities. Through these services, Black Women Who encourages more black and brown women and children to embrace the outdoors, fostering empowerment, education, and inspiration.","black-women-who-community-support-for-individuals-and-families","otros-recursos","educacion","Apoyo comunitario para personas y familias|Black Women Who","Community support for individuals and families|Black Women Who","en","in_person","unknown","","","","","Comunícate con la organización para confirmar disponibilidad, requisitos y cómo solicitar el servicio.","Contact the organization to confirm availability, requirements and how to request the service.","","","","","Austin, Georgetown, Round Rock, Pflugerville, Condado de Travis, Condado de Hays, Condado de Williamson, Condado de Bastrop, Condado de Caldwell, Condado de Blanco, Condado de Burnet","Austin, Georgetown, Round Rock, Pflugerville, Travis County, Hays County, Williamson County, Bastrop County, Caldwell County, Blanco County, Burnet County","512-554-9477","","","info@blackwomenwho.com","http://www.blackwomenwho.com/","","","","TX","","","","","http://www.blackwomenwho.com/","false","false","","Convertido de “Complete Family Resource Guide List.xlsx”, fila 77, el 2026-08-10. Revisar datos y fuente oficial antes de publicar."
"Mama Sana Vibrant Woman","Apoyo comunitario para personas y familias","Community support for individuals and families","Nuestro trabajo es mejorar los resultados del embarazo y el parto para las mamás negras y las familias de color ofreciendo apoyo de alta calidad durante el embarazo, el parto y el posparto SIN COSTO. Te invitamos a unirte a nuestros Grupos de Apoyo Prenatal o Posparto: donde podrás obtener respuestas a todas tus preguntas para tomar decisiones informadas sobre tu embarazo, parto y posparto +…","Our work is to improve pregnancy and birth outcomes for Black mamas and families of color by offering high quality pregnancy, birth, and postpartum support at NO COST.  We invite you to join our Prenatal or Postpartum Support Groups: where you can get all your questions answered to make informed decisions about your pregnancy, birth, and postpartum +…","Nuestro trabajo es mejorar los resultados del embarazo y el parto para las mamás negras y las familias de color ofreciendo apoyo de alta calidad durante el embarazo, el parto y el posparto SIN COSTO. Te invitamos a unirte a nuestros Grupos de Apoyo Prenatal o Posparto: donde podrás obtener respuestas a todas tus preguntas para tomar decisiones informadas sobre tu embarazo, parto y posparto + ¡conocer a otras mamás/padres embarazadas en la ciudad! Talleres de Preparación al Parto; aprenda todo sobre las etapas del trabajo de parto, las medidas de comodidad y más. Atención de acompañante de parto (Doula); Alguien con mucha capacitación y experiencia en partos que pueda apoyarla durante todo el parto.","Our work is to improve pregnancy and birth outcomes for Black mamas and families of color by offering high quality pregnancy, birth, and postpartum support at NO COST. We invite you to join our Prenatal or Postpartum Support Groups: where you can get all your questions answered to make informed decisions about your pregnancy, birth, and postpartum + meet other moms/pregnant parents in the city! Childbirth Preparation Workshops; learn all about the stages of labor, comfort measures, and more. Birth Companion (Doula) Care; someone with lots of training and birth experience who can support you throughout your labor.","mama-sana-vibrant-woman-community-support-for-individuals-and-families","otros-recursos","educacion","Apoyo comunitario para personas y familias|Mama Sana Vibrant Woman","Community support for individuals and families|Mama Sana Vibrant Woman","es|en","in_person","free","","","","","Comunícate con la organización para confirmar disponibilidad, requisitos y cómo solicitar el servicio.","Contact the organization to confirm availability, requirements and how to request the service.","","","","","Austin, Pflugerville, Condado de Travis","Austin, Pflugerville, Travis County","833-658-2558","","","info@msvwatx.org","http://www.msvwatx.org/","","","","TX","","","","","http://www.msvwatx.org/","false","false","","Convertido de “Complete Family Resource Guide List.xlsx”, fila 78, el 2026-08-10. Revisar datos y fuente oficial antes de publicar."
"El Buen Samaritano","Apoyo comunitario para personas y familias","Community support for individuals and families","El Buen Samaritano ofrece servicios para mejorar el acceso a la atención médica, la educación y las necesidades esenciales que conducen a una vida sana, productiva y segura.","El Buen Samaritano offers services to improve access to healthcare, education and the essential needs that lead to healthy, productive and secure lives.","El Buen Samaritano ofrece servicios para mejorar el acceso a la atención médica, la educación y las necesidades esenciales que conducen a una vida sana, productiva y segura.","El Buen Samaritano offers services to improve access to healthcare, education and the essential needs that lead to healthy, productive and secure lives.","el-buen-samaritano-community-support-for-individuals-and-families","otros-recursos","educacion","Apoyo comunitario para personas y familias|El Buen Samaritano","Community support for individuals and families|El Buen Samaritano","es|en","in_person","unknown","","","","","Comunícate con la organización para confirmar disponibilidad, requisitos y cómo solicitar el servicio.","Contact the organization to confirm availability, requirements and how to request the service.","","","","","Austin, Condado de Travis","Austin, Travis County","512-439-8900","","","education@elbuen.org","http://www.elbuen.org/","","","","TX","","","","","http://www.elbuen.org/","false","false","","Convertido de “Complete Family Resource Guide List.xlsx”, fila 79, el 2026-08-10. Revisar datos y fuente oficial antes de publicar."
"Helping Hand Home for Children","Apoyo para jóvenes y familias de cuidado temporal","Support for foster youth and families","Brinda atención integral a niños que experimentan problemas emocionales y de conducta derivados de un trauma en la primera infancia. Nuestro equipo interdisciplinario de profesionales ofrece la más alta calidad de atención a los niños que residen en HHH.","Provides comprehensive care for children experiencing emotional and behavioral problems stemming from trauma in early childhood.  Our interdisciplinary team of professionals offers the highest quality of care to children residing at HHH.","Brinda atención integral a niños que experimentan problemas emocionales y de conducta derivados de un trauma en la primera infancia. Nuestro equipo interdisciplinario de profesionales ofrece la más alta calidad de atención a los niños que residen en HHH. Nuestro modelo de curación ofrece las mejores terapias disponibles. Nuestro modelo terapéutico, Trust-Based Relational Intervention® (TBRI), iniciado por investigadores del Instituto de Desarrollo Infantil de la Texas Christian University (TCU), se basa en una base de apego y teoría neuropsicológica, investigación y compasión por el niño.","Provides comprehensive care for children experiencing emotional and behavioral problems stemming from trauma in early childhood. Our interdisciplinary team of professionals offers the highest quality of care to children residing at HHH. Our healing model offers the best therapies available. Our therapeutic model, Trust-Based Relational Intervention® (TBRI), pioneered by researchers at the Texas Christian University (TCU) Institute of Child Development, is built on a foundation of attachment and neuropsychological theory, research and compassion for the child.","helping-hand-home-for-children-support-for-foster-youth-and-families","otros-recursos","salud","Apoyo para jóvenes y familias de cuidado temporal|Helping Hand Home for Children","Support for foster youth and families|Helping Hand Home for Children","en","in_person","unknown","","","","","Comunícate con la organización para confirmar disponibilidad, requisitos y cómo solicitar el servicio.","Contact the organization to confirm availability, requirements and how to request the service.","","","","","Austin, Georgetown, Round Rock, Pflugerville, Condado de Travis, Condado de Hays, Condado de Williamson, Condado de Bastrop, Condado de Caldwell, Condado de Blanco, Condado de Burnet","Austin, Georgetown, Round Rock, Pflugerville, Travis County, Hays County, Williamson County, Bastrop County, Caldwell County, Blanco County, Burnet County","512-458-3353","","","intake@helpinghandhome.org","http://www.helpinghandhome.org/","","","","TX","","","","","http://www.helpinghandhome.org/","false","false","","Convertido de “Complete Family Resource Guide List.xlsx”, fila 80, el 2026-08-10. Revisar datos y fuente oficial antes de publicar."
"Austin Habitat for Humanity","Vivienda y asistencia para necesidades básicas","Housing and basic-needs assistance","Construimos y vendemos viviendas asequibles a los residentes del condado de Travis.","We build and sell affordable homes to Travis County residents.","Construimos y vendemos viviendas asequibles a los residentes del condado de Travis.","We build and sell affordable homes to Travis County residents.","austin-habitat-for-humanity-housing-and-basic-needs-assistance","vivienda","recursos-financieros","Vivienda y asistencia para necesidades básicas|Austin Habitat for Humanity","Housing and basic-needs assistance|Austin Habitat for Humanity","es|en","in_person","unknown","","","","","Comunícate con la organización para confirmar disponibilidad, requisitos y cómo solicitar el servicio.","Contact the organization to confirm availability, requirements and how to request the service.","","","","","Austin, Condado de Travis, Condado de Hays","Austin, Travis County, Hays County","512-472-8788","","","clientservices@ahfh.org","http://www.austinhabitat.org/","","","","TX","","","","","http://www.austinhabitat.org/","false","false","","Convertido de “Complete Family Resource Guide List.xlsx”, fila 81, el 2026-08-10. Revisar datos y fuente oficial antes de publicar."
"Austin Child Guidance Center","Servicios de salud mental y bienestar","Mental health and wellness services","Desde terapia y asesoramiento hasta apoyo psiquiátrico y terapia de grupo en Austin y el centro de Texas, brindamos una variedad de intervenciones basadas en evidencia para apoyar a personas y familias en su viaje hacia el bienestar mental. Ofrecemos terapia individual y familiar, terapia grupal, evaluaciones psicológicas, talleres para cuidadores, clínica sin cita previa y…","From therapy and counseling to psychiatric support and group therapy in Austin and Central Texas, we provide a range of evidence-based interventions to support individuals and families on their journey towards mental well-being.  We offer Individual and Family Therapy, Group Therapy, Psychological Assessments, Caregiver Workshops, Walk-in Clinic and…","Desde terapia y asesoramiento hasta apoyo psiquiátrico y terapia de grupo en Austin y el centro de Texas, brindamos una variedad de intervenciones basadas en evidencia para apoyar a personas y familias en su viaje hacia el bienestar mental. Ofrecemos terapia individual y familiar, terapia de grupo, evaluaciones psicológicas, talleres para cuidadores, clínica sin cita previa y atención informada sobre traumas. Los servicios se brindan en persona y virtualmente.","From therapy and counseling to psychiatric support and group therapy in Austin and Central Texas, we provide a range of evidence-based interventions to support individuals and families on their journey towards mental well-being. We offer Individual and Family Therapy, Group Therapy, Psychological Assessments, Caregiver Workshops, Walk-in Clinic and Trauma-Informed Care. Services are provided in-person and virtually.","austin-child-guidance-center-mental-health-and-wellness-services","salud","","Servicios de salud mental y bienestar|Austin Child Guidance Center","Mental health and wellness services|Austin Child Guidance Center","es|en","in_person|online","unknown","","","","","Comunícate con la organización para confirmar disponibilidad, requisitos y cómo solicitar el servicio.","Contact the organization to confirm availability, requirements and how to request the service.","","","","","Austin, Georgetown, Round Rock, Pflugerville, Condado de Travis, Condado de Hays, Condado de Williamson, Condado de Bastrop, Condado de Caldwell, Condado de Blanco, Condado de Burnet","Austin, Georgetown, Round Rock, Pflugerville, Travis County, Hays County, Williamson County, Bastrop County, Caldwell County, Blanco County, Burnet County","512-451-2242","","","contactus@austinchildguidance.org","http://www.austinchildguidance.org/","","","","TX","","","","","http://www.austinchildguidance.org/","false","false","","Convertido de “Complete Family Resource Guide List.xlsx”, fila 82, el 2026-08-10. Revisar datos y fuente oficial antes de publicar."
"Centered Youth Clinic & Consulting","Servicios de salud mental y bienestar","Mental health and wellness services","Brindamos atención médica primaria y especializada a jóvenes (recién nacidos - 25 años) utilizando principios de medicina del estilo de vida basados ​​en equipos e informados sobre traumas a través de visitas individuales y grupales. También involucramos a los jóvenes en el bienestar a través de eventos para el desarrollo juvenil positivo.","We provide primary and specialized healthcare to youth (newborn – 25yrs) using team-based, trauma-informed, lifestyle medicine principles through individual and group visits.  We also engage youth for wellness through events for positive youth development.","Brindamos atención médica primaria y especializada a jóvenes (recién nacidos - 25 años) utilizando principios de medicina del estilo de vida basados ​​en equipos e informados sobre traumas a través de visitas individuales y grupales. También involucramos a los jóvenes en el bienestar a través de eventos para el desarrollo juvenil positivo.","We provide primary and specialized healthcare to youth (newborn – 25yrs) using team-based, trauma-informed, lifestyle medicine principles through individual and group visits. We also engage youth for wellness through events for positive youth development.","centered-youth-clinic-and-consulting-mental-health-and-wellness-services","salud","","Servicios de salud mental y bienestar|Centered Youth Clinic & Consulting","Mental health and wellness services|Centered Youth Clinic & Consulting","es|en","in_person","unknown","","","","","Comunícate con la organización para confirmar disponibilidad, requisitos y cómo solicitar el servicio.","Contact the organization to confirm availability, requirements and how to request the service.","","","","","Austin, Georgetown, Round Rock, Pflugerville, Condado de Travis, Condado de Hays, Condado de Williamson, Condado de Bastrop, Condado de Caldwell","Austin, Georgetown, Round Rock, Pflugerville, Travis County, Hays County, Williamson County, Bastrop County, Caldwell County","512-900-1780","","","hello@centeredyouth.com","http://www.centeredyouth.com/","","","","TX","","","","","http://www.centeredyouth.com/","false","false","","Convertido de “Complete Family Resource Guide List.xlsx”, fila 83, el 2026-08-10. Revisar datos y fuente oficial antes de publicar."
"Creative Action","Programas de desarrollo y recreación juvenil","Youth development and recreation programs","Los galardonados campamentos de verano de Creative Action brindan aprendizaje práctico, exploración artística, crecimiento social y emocional y diversión tanto en el interior como al aire libre donde los niños aprenden habilidades creativas de la mano de artistas docentes profesionales y se divierten muchísimo en el proceso. Nuestros campamentos de la Academia de Verano están diseñados para brindarles a jóvenes artistas de 8 a 11 años un aprendizaje intensivo...","Creative Action's award-winning Summer Camps provide hands-on learning, arts exploration, social and emotional growth, and both indoor and outdoor fun where kids learn creative skills from professional teaching artists and have tons of fun in the process!  Our Summer Academy Camps are designed to provide young artists ages 8-11 with an intensive learning…","Los galardonados campamentos de verano de Creative Action brindan aprendizaje práctico, exploración artística, crecimiento social y emocional y diversión tanto en el interior como al aire libre donde los niños aprenden habilidades creativas de la mano de artistas docentes profesionales y se divierten muchísimo en el proceso. Nuestros campamentos de la Academia de Verano están diseñados para brindarles a jóvenes artistas de 8 a 11 años una experiencia de aprendizaje intensiva. Elija temas de la academia que van desde arte, cine, medios y teatro en nuestra sede de Creative Action o en el estudio de Austin PBS, Austin Clay Arts y Sustainable Food Center. ¡Cada experiencia de campamento de la academia incluye talleres con profesionales de la industria y una exhibición pública!","Creative Action's award-winning Summer Camps provide hands-on learning, arts exploration, social and emotional growth, and both indoor and outdoor fun where kids learn creative skills from professional teaching artists and have tons of fun in the process! Our Summer Academy Camps are designed to provide young artists ages 8-11 with an intensive learning experience. Choose academy themes that range from Art, Film, Media and Theatre at our Creative Action headquarters or in studio at Austin PBS, Austin Clay Arts and Sustainable Food Center. Every academy camp experience includes workshops with industry professionals and a public showcase!","creative-action-youth-development-and-recreation-programs","educacion","otros-recursos","Programas de desarrollo y recreación juvenil|Creative Action","Youth development and recreation programs|Creative Action","es|en","in_person","unknown","","","","","Comunícate con la organización para confirmar disponibilidad, requisitos y cómo solicitar el servicio.","Contact the organization to confirm availability, requirements and how to request the service.","","","","","Austin, Condado de Travis","Austin, Travis County","512-442-8773","","","enrollment@creativeaction.org","http://creativeaction.org/","","","","TX","","","","","http://creativeaction.org/","false","false","","Convertido de “Complete Family Resource Guide List.xlsx”, fila 84, el 2026-08-10. Revisar datos y fuente oficial antes de publicar."
"Girl Scouts of Central Texas","Programas de desarrollo y recreación juvenil","Youth development and recreation programs","Las Girl Scouts hacen realidad sus sueños. A través de programas de emprendimiento, STEM, actividades al aire libre y habilidades para la vida, los jóvenes en los grados K-12 de todos los orígenes y habilidades pueden ser ellos mismos sin pedir disculpas a medida que descubren sus fortalezas y se enfrentan a nuevos desafíos, ya sea que quieran trepar a la copa de un árbol o ser los primeros de su clase, atarse sus...","Girl Scouts bring their dreams to life.  Through entrepreneurship, STEM, outdoors, and life skills programming, youth in grades K-12 of all backgrounds and abilities can be unapologetically themselves as they discover their strengths and rise to meet new challenges—whether they want to climb to the top of a tree or the top of their class, lace up their…","Las Girl Scouts hacen realidad sus sueños. A través de programas de emprendimiento, STEM, actividades al aire libre y habilidades para la vida, los jóvenes en los grados K-12 de todos los orígenes y habilidades pueden ser ellos mismos sin pedir disculpas a medida que descubren sus fortalezas y se enfrentan a nuevos desafíos, ya sea que quieran trepar a la copa de un árbol o a los primeros de su clase, atarse las botas para una caminata o abogar por la justicia climática, o hacer sus primeros mejores amigos. Respaldadas por voluntarios adultos de confianza, mentores y millones de exalumnas, las Girl Scouts lideran el camino a medida que encuentran sus voces y realizan cambios que afectan los temas más importantes para ellas.","Girl Scouts bring their dreams to life. Through entrepreneurship, STEM, outdoors, and life skills programming, youth in grades K-12 of all backgrounds and abilities can be unapologetically themselves as they discover their strengths and rise to meet new challenges—whether they want to climb to the top of a tree or the top of their class, lace up their boots for a hike or advocate for climate justice, o rmake their first best friends. Backed by trusted adult volunteers, mentors, and millions of alums, Girl Scouts lead the way as they find their voices and make changes that affect the issues most important to them.","girl-scouts-of-central-texas-youth-development-and-recreation-programs","educacion","otros-recursos","Programas de desarrollo y recreación juvenil|Girl Scouts of Central Texas","Youth development and recreation programs|Girl Scouts of Central Texas","en","in_person","unknown","","","","","Comunícate con la organización para confirmar disponibilidad, requisitos y cómo solicitar el servicio.","Contact the organization to confirm availability, requirements and how to request the service.","","","","","Austin, Georgetown, Round Rock, Pflugerville, Condado de Travis, Condado de Hays, Condado de Williamson, Condado de Bastrop, Condado de Caldwell, Condado de Blanco, Condado de Burnet","Austin, Georgetown, Round Rock, Pflugerville, Travis County, Hays County, Williamson County, Bastrop County, Caldwell County, Blanco County, Burnet County","800-733-0011","","","customercare@gsctx.org","http://www.gsctx.org/","","","","TX","","","","","http://www.gsctx.org/","false","false","","Convertido de “Complete Family Resource Guide List.xlsx”, fila 85, el 2026-08-10. Revisar datos y fuente oficial antes de publicar."
"YWCA Greater Austin","Programas de desarrollo y recreación juvenil","Youth development and recreation programs","Programa de verano de 4 días donde los estudiantes de 7 a 14 años pueden participar en cuidado personal, desarrollo de habilidades, actividades STEAM, aprendizaje socioemocional, juegos y más. Sin coste para las familias.","4-Day Summer Program where students ages 7-14 can participate in self-care, skill building, STEAM activities, social emotional learning, games, and more!  No-cost to families.","Programa de verano de 4 días donde los estudiantes de 7 a 14 años pueden participar en cuidado personal, desarrollo de habilidades, actividades STEAM, aprendizaje socioemocional, juegos y más. Sin coste para las familias. Se proporcionan refrigerios, pero los participantes deberán traer un almuerzo. La inscripción para la programación de verano de YWCA Greater Austin se abrirá en abril de 2025. Los detalles completos, incluidas las semanas y la información de inscripción, se publicarán en nuestro sitio web y en las redes sociales en abril de 2025.","4-Day Summer Program where students ages 7-14 can participate in self-care, skill building, STEAM activities, social emotional learning, games, and more! No-cost to families. Snacks are provided but participants will need to bring a lunch. Registration for YWCA Greater Austin's summer programming will open in April 2025. Full details including weeks and registration info will be posted on our website and social media in April 2025.","ywca-greater-austin-youth-development-and-recreation-programs","educacion","otros-recursos","Programas de desarrollo y recreación juvenil|YWCA Greater Austin","Youth development and recreation programs|YWCA Greater Austin","en","in_person|online","free","","","","","Comunícate con la organización para confirmar disponibilidad, requisitos y cómo solicitar el servicio.","Contact the organization to confirm availability, requirements and how to request the service.","","","","","","","","","","info@ywcaaustin.org","http://www.ywcaaustin.org/","","","","TX","","","","","http://www.ywcaaustin.org/","false","false","","Convertido de “Complete Family Resource Guide List.xlsx”, fila 86, el 2026-08-10. Revisar datos y fuente oficial antes de publicar."
