"organization_name","title_es","title_en","summary_es","summary_en","description_es","description_en","slug","primary_category","additional_categories","keywords_es","keywords_en","languages","service_methods","cost_type","eligibility_es","eligibility_en","required_documents_es","required_documents_en","application_steps_es","application_steps_en","hours_es","hours_en","accessibility_notes_es","accessibility_notes_en","service_area_es","service_area_en","phone","sms_phone","whatsapp_phone","email","website_url","address_line_1","address_line_2","city","state","postal_code","county","latitude","longitude","source_url","is_featured","is_emergency","last_verified_at","verification_notes"
"Central Texas Lawyer Referral Service","Referencia de Abogados en Austin, TX (Lawyer Referral of Central TX)","Central Texas Lawyer Referral Service","Se puede solicitar consulta legal gratis de 30 minutos por teléfono o en línea. Un Formulario de Referencia Instantánea se puede llenar en línea. Llame al (512) 472-8303 o (866) 303-8303 (línea de llamada gratuita) Horario: lunes - viernes, 8:00 a.m.- 4:30 p.m. Más información aquí…","Free 30-minute consults can be requested via phone or online. An Instant Referral Request Form can also be filled out online. Call (512) 472-8303 or (866) 303-8303. Hours: Monday- Friday, 8:00 AM- 4:30 PM More information at: https://austinlrs.com/","Se puede solicitar consulta legal gratis de 30 minutos por teléfono o en línea. Un Formulario de Referencia Instantánea se puede llenar en línea. Llame al (512) 472-8303 o (866) 303-8303 (línea de llamada gratuita) Horario: lunes - viernes, 8:00 a.m.- 4:30 p.m. Más información aquí: https://austinlrs.com/en-espanol/","Free 30-minute consults can be requested via phone or online. An Instant Referral Request Form can also be filled out online. Call (512) 472-8303 or (866) 303-8303. Hours: Monday- Friday, 8:00 AM- 4:30 PM More information at: https://austinlrs.com/","central-texas-lawyer-referral-service-central-texas-lawyer-referral-service","ayuda-legal","","Referencia de Abogados en Austin, TX (Lawyer Referral of Central TX)|Central Texas Lawyer Referral Service","Central Texas Lawyer Referral Service|Central Texas Lawyer Referral Service","es|en","phone|online","free","","","","","Comunícate con la organización para confirmar disponibilidad, requisitos y cómo solicitar el servicio.","Contact the organization to confirm availability, requirements, and how to request the service.","Horario: lunes - viernes, 8:00 a.m.- 4:30 p.m.","Hours: Monday- Friday, 8:00 AM- 4:30 PM","","","Austin y comunidades cercanas del Centro de Texas","Austin and surrounding Central Texas communities","512-472-8303","","","","https://austinlrs.com/","","","","TX","","","","","https://austinlrs.com/","false","false","","Consolidado de las guías pública EN/ES de Eviction Solidarity Network el 2026-08-10. Revisar los datos y la fuente oficial antes de publicar."
"Texas Law Help Legal Help Finder","Texas Law Help","Texas Law Help Legal Help Finder","Buscador de proveedores de ayuda legal en todos los condados del estado de Texas:","Legal provider search for all counties in Texas at https://texaslawhelp.org/legal-help/legal-help-finder","Buscador de proveedores de ayuda legal en todos los condados del estado de Texas:","Legal provider search for all counties in Texas at https://texaslawhelp.org/legal-help/legal-help-finder","texas-law-help-legal-help-finder-texas-law-help-legal-help-finder","ayuda-legal","","Texas Law Help|Texas Law Help Legal Help Finder","Texas Law Help Legal Help Finder|Texas Law Help Legal Help Finder","es|en","online","unknown","","","","","Comunícate con la organización para confirmar disponibilidad, requisitos y cómo solicitar el servicio.","Contact the organization to confirm availability, requirements, and how to request the service.","","","","","Austin y comunidades cercanas del Centro de Texas","Austin and surrounding Central Texas communities","","","","","https://texaslawhelp.org/legal-help/legal-help-finder","","","","TX","","","","","https://texaslawhelp.org/legal-help/legal-help-finder","false","false","","Consolidado de las guías pública EN/ES de Eviction Solidarity Network el 2026-08-10. Revisar los datos y la fuente oficial antes de publicar."
"Texas Legal Services Center","Texas Legal Services Center","Texas Legal Services Center","Texas Legal Services Center es una organización sin fines de lucro que da asesoramiento, apoyo, representación y educación legal a personas marginadas en todo el estado. Con más de una docena de áreas de práctica, su trabajo cubre casi todos los aspectos del derecho civil que afectan a los tejanos…","Texas Legal Services Center is a nonprofit organization that provides legal advice, advocacy, representation, and education to underserved people across the state. With more than a dozen practice areas, TLSC’s work touches almost every aspect of civil law that impacts low-income Texans. More…","Texas Legal Services Center es una organización sin fines de lucro que da asesoramiento, apoyo, representación y educación legal a personas marginadas en todo el estado. Con más de una docena de áreas de práctica, su trabajo cubre casi todos los aspectos del derecho civil que afectan a los tejanos de ingresos bajos. Más información aquí: https://www.tlsc.org/?lang=es. Chat en vivo en línea con un estudiante de derecho, abogado o asistente legal. Disponible de lunes a jueves de 10:00 a.m.- 3:00 p.m. TLSC ofrece quioscos de tribunales virtuales para asistir a su audiencia judicial en línea, obtener ayuda legal gratis o buscar información y recursos legales. Para más información y para buscar un quiosco cerca de usted visite: https://www.tlsc.org/kiosks?lang=es.","Texas Legal Services Center is a nonprofit organization that provides legal advice, advocacy, representation, and education to underserved people across the state. With more than a dozen practice areas, TLSC’s work touches almost every aspect of civil law that impacts low-income Texans. More information at: https://www.tlsc.org/. LiveChat online with a law student, attorney, or paralegal available Monday- Thursday from 10:00 AM- 3:00 PM. TLSC offers free “virtual court kiosks” which allow users to attend online court hearings, get free legal help, or find legal information and resources. For more information and to find a kiosk near you, visit: https://www.tlsc.org/kiosks.","texas-legal-services-center-texas-legal-services-center","ayuda-legal","","Texas Legal Services Center|Texas Legal Services Center","Texas Legal Services Center|Texas Legal Services Center","es|en","online","free","","","","","Comunícate con la organización para confirmar disponibilidad, requisitos y cómo solicitar el servicio.","Contact the organization to confirm availability, requirements, and how to request the service.","Texas Legal Services Center es una organización sin fines de lucro que da asesoramiento, apoyo, representación y educación legal a personas marginadas en todo el estado. Con más de una docena de áreas de práctica, su trabajo cubre casi todos los aspectos del derecho civil que afectan a los tejanos de ingresos bajos. Más información aquí: https://www.tlsc.org/?lang=es. Chat en vivo en línea con un estudiante de derecho, abogado o asistente legal. Disponible de lunes a jueves de 10:00 a.m.- 3:00 p.m.","Texas Legal Services Center is a nonprofit organization that provides legal advice, advocacy, representation, and education to underserved people across the state. With more than a dozen practice areas, TLSC’s work touches almost every aspect of civil law that impacts low-income Texans. More information at: https://www.tlsc.org/. LiveChat online with a law student, attorney, or paralegal available Monday- Thursday from 10:00 AM- 3:00 PM.","","","Austin y comunidades cercanas del Centro de Texas","Austin and surrounding Central Texas communities","","","","","https://www.tlsc.org/","","","","TX","","","","","https://www.tlsc.org/","false","false","","Consolidado de las guías pública EN/ES de Eviction Solidarity Network el 2026-08-10. Revisar los datos y la fuente oficial antes de publicar."
"Texas RioGrande Legal Aid","Texas RioGrande Legal Aid (TRLA)","Texas RioGrande Legal Aid","Ayuda legal gratuita para los que califican: TRLA proporciona asesoría para problemas legales civiles (no asuntos criminales) incluyendo: vivienda, asistencia por desastre, derecho de familia, inmigración, beneficios públicos y más. Las solicitudes se aceptan solamente por teléfono. Asegúrese de…","Free legal help for those who qualify – housing, disaster assistance, family law, immigration, public benefits, and more (no criminal matters, only civil). Call wait times can be lengthy, but can be shorter if you call first thing in the morning. Be sure to listen to the voice menu options…","Ayuda legal gratuita para los que califican: TRLA proporciona asesoría para problemas legales civiles (no asuntos criminales) incluyendo: vivienda, asistencia por desastre, derecho de familia, inmigración, beneficios públicos y más. Las solicitudes se aceptan solamente por teléfono. Asegúrese de escuchar atentamente las opciones del menú de voz. Los tiempos de espera para solicitar servicios pueden ser largos, se recomienda llamar a primera hora de la mañana. Prepárese para proporcionar información confidencial sobre sus ingresos familiares, los ingresos de su familia, la composición de su hogar y su estatus migratorio. Para solicitar servicios legales gratuitos, llame al: (956) 996-8752 o al número gratuito (833) 329-8752 lunes a viernes de 9:00 a.m.- 5:00 p.m. Encuentre más información visitando https://www.trla.org/alojamiento-esp Aunque no consiga que lo ayuden antes de la audiencia, le recomendamos que siga llamando porque es posible que le ayuden durante el plazo de apelación (5 días) o después, si decide apelar.","Free legal help for those who qualify – housing, disaster assistance, family law, immigration, public benefits, and more (no criminal matters, only civil). Call wait times can be lengthy, but can be shorter if you call first thing in the morning. Be sure to listen to the voice menu options carefully. Please be prepared to provide confidential information about your household composition, income and immigration status. To apply for free legal services, call: (956) 996-8752 or (833) 329-8752 toll-free Monday- Friday from 9:00 AM- 5:00 PM. Applications are only accepted through the phone. Find more information by visiting https://www.trla.org/housinghelp Even if you don't get through before your hearing, we recommend continuing to call because assistance may be available during the appeal window (5 days) or after if you do decide to appeal","texas-riogrande-legal-aid-texas-riogrande-legal-aid","ayuda-legal","","Texas RioGrande Legal Aid (TRLA)|Texas RioGrande Legal Aid","Texas RioGrande Legal Aid|Texas RioGrande Legal Aid","es|en","phone|online","free","","","","","Comunícate con la organización para confirmar disponibilidad, requisitos y cómo solicitar el servicio.","Contact the organization to confirm availability, requirements, and how to request the service.","Para solicitar servicios legales gratuitos, llame al: (956) 996-8752 o al número gratuito (833) 329-8752 lunes a viernes de 9:00 a.m.- 5:00 p.m. Encuentre más información visitando https://www.trla.org/alojamiento-esp","To apply for free legal services, call: (956) 996-8752 or (833) 329-8752 toll-free Monday- Friday from 9:00 AM- 5:00 PM. Applications are only accepted through the phone.","","","Austin y comunidades cercanas del Centro de Texas","Austin and surrounding Central Texas communities","956-996-8752","","","","https://www.trla.org/housinghelp","","","","TX","","","","","https://www.trla.org/housinghelp","false","false","","Consolidado de las guías pública EN/ES de Eviction Solidarity Network el 2026-08-10. Revisar los datos y la fuente oficial antes de publicar."
"Volunteer Legal Services of Central Texas","Volunteer Legal Services of Central Texas","Volunteer Legal Services of Central Texas","Para solicitar asistencia legal o obtener información sobre clínicas en persona, visite: https://www.vlsoct.org/get-help/obtenga-ayuda/. La solicitud en línea no siempre está abierta dependiendo de la capacidad de la semana. Si visita el sitio y la aplicación está cerrada, vuelva a intentarlo dentro…","To apply for legal assistance or get information on in-person clinics, visit: http://www.vlsoct.org/get-help/ The online application is not always open depending on the capacity for the week. If you visit the site and the application is closed, please try again in a few days. Receive legal advice…","Para solicitar asistencia legal o obtener información sobre clínicas en persona, visite: https://www.vlsoct.org/get-help/obtenga-ayuda/. La solicitud en línea no siempre está abierta dependiendo de la capacidad de la semana. Si visita el sitio y la aplicación está cerrada, vuelva a intentarlo dentro de unos días. Reciba asesoramiento legal por teléfono: la clínica telefónica de VLS opera dos veces por semana, los martes de 9:00 a.m.- 1:00 p.m. y los miércoles de 5:00 p.m.- 8:00 p.m. Los abogados voluntarios realizan consultas telefónicas de asesoramiento legal durante esos días y horarios. Abogados voluntarios realizan consultas telefónicas de asesoramiento jurídico durante esos días y períodos de tiempo. Tenga en cuenta que esta consulta telefónica no es un servicio de asistencia urgente. Primero debe presentar su solicitud en línea y luego se le programará una consulta no antes de la semana siguiente.","To apply for legal assistance or get information on in-person clinics, visit: http://www.vlsoct.org/get-help/ The online application is not always open depending on the capacity for the week. If you visit the site and the application is closed, please try again in a few days. Receive legal advice over the phone: The VLS Phone Clinic operates twice weekly on Tuesdays 9:00 AM - 1:00 PM and Wednesdays 5:00 - 8:00 PM. Volunteer attorneys conduct legal advice phone consultations during those days and time windows. Please note that this phone clinic is not a helpline. You must first apply online and then you will be scheduled to receive a consultation the following week at the earliest.","volunteer-legal-services-of-central-texas-volunteer-legal-services-of-central-texas","ayuda-legal","","Volunteer Legal Services of Central Texas|Volunteer Legal Services of Central Texas","Volunteer Legal Services of Central Texas|Volunteer Legal Services of Central Texas","es|en","online","unknown","","","","","Comunícate con la organización para confirmar disponibilidad, requisitos y cómo solicitar el servicio.","Contact the organization to confirm availability, requirements, and how to request the service.","Reciba asesoramiento legal por teléfono: la clínica telefónica de VLS opera dos veces por semana, los martes de 9:00 a.m.- 1:00 p.m. y los miércoles de 5:00 p.m.- 8:00 p.m. Los abogados voluntarios realizan consultas telefónicas de asesoramiento legal durante esos días y horarios. Abogados voluntarios realizan consultas telefónicas de asesoramiento jurídico durante esos días y períodos de tiempo. Tenga en cuenta que esta consulta telefónica no es un servicio de asistencia urgente. Primero debe presentar su solicitud en línea y luego se le programará una consulta no antes de la semana siguiente.","","","","Austin y comunidades cercanas del Centro de Texas","Austin and surrounding Central Texas communities","","","","","http://www.vlsoct.org/get-help","","","","TX","","","","","http://www.vlsoct.org/get-help","false","false","","Consolidado de las guías pública EN/ES de Eviction Solidarity Network el 2026-08-10. Revisar los datos y la fuente oficial antes de publicar."
"All Saints Episcopal Church Rent and Utility Assistance","All Saints Episcopal Church","All Saints Episcopal Church Rent and Utility Assistance","Iglesia que ayuda con el alquiler y los servicios públicos. Proporciona ayuda con UNO de las necesidades siguientes cada seis meses: Un cheque para ayudar a pagar una factura (alquiler, gasolina, teléfono, etc.) Un compromiso realizado a través del programa Plus 1 de Austin Energy para ayudar a…","Help tenants with ONE of the following every six months: A check to help pay a bill (rent, gas, phone, etc.) A pledge made through Austin Energy's Plus 1 Program to help pay a utility bill 31-day bus passes $10 HEB gift cards For assistance, tenants can gather in the church lawn on Tuesdays at 9:30…","Iglesia que ayuda con el alquiler y los servicios públicos. Proporciona ayuda con UNO de las necesidades siguientes cada seis meses: Un cheque para ayudar a pagar una factura (alquiler, gasolina, teléfono, etc.) Un compromiso realizado a través del programa Plus 1 de Austin Energy para ayudar a pagar una factura de servicios públicos Pases de autobús de 31 días Tarjetas de regalo HEB de $10 Para obtener ayuda, los inquilinos pueden reunirse en el césped de la iglesia los martes a las 9:30 a.m. Es mejor llegar temprano, ya que solo se ayuda a las primeras 60 personas y los números se entregan a las 7:00 a.m. Traiga una identificación con fotografía y documentación de cualquier factura relacionada. Ubicado en 209 W. 27th Street, Austin, TX, 78705. allsaints-austin.org/loaves-and-fishes/ Teléfono: (512) 637-2826","Help tenants with ONE of the following every six months: A check to help pay a bill (rent, gas, phone, etc.) A pledge made through Austin Energy's Plus 1 Program to help pay a utility bill 31-day bus passes $10 HEB gift cards For assistance, tenants can gather in the church lawn on Tuesdays at 9:30 AM. Best to arrive early as only the first 60 people are helped and numbers are given out at 7:00 AM. Bring a photo ID and documentation of any related bills. Located at 209 W. 27th Street, Austin, TX, 78705. https://www.allsaints-austin.org/serve/loaves-and-fishes/ Phone: (512) 637-2826","all-saints-episcopal-church-rent-and-utility-assistance-all-saints-episcopal-church-rent-and-utility-assistanc","vivienda","recursos-financieros","All Saints Episcopal Church|All Saints Episcopal Church Rent and Utility Assistance","All Saints Episcopal Church Rent and Utility Assistance|All Saints Episcopal Church Rent and Utility Assistance","es|en","in_person|phone|online","paid","","","","","Comunícate con la organización para confirmar disponibilidad, requisitos y cómo solicitar el servicio.","Contact the organization to confirm availability, requirements, and how to request the service.","Para obtener ayuda, los inquilinos pueden reunirse en el césped de la iglesia los martes a las 9:30 a.m. Es mejor llegar temprano, ya que solo se ayuda a las primeras 60 personas y los números se entregan a las 7:00 a.m. Traiga una identificación con fotografía y documentación de cualquier factura relacionada.","","","","Austin, Condado de Travis","Austin, Travis County","512-637-2826","","","","https://www.allsaints-austin.org/serve/loaves-and-fishes","209 W. 27th Street","","Austin","TX","78705","Travis","","","https://www.allsaints-austin.org/serve/loaves-and-fishes","false","false","","Consolidado de las guías pública EN/ES de Eviction Solidarity Network el 2026-08-10. Revisar los datos y la fuente oficial antes de publicar."
"Catholic Charities of Central Texas","Asistencia financiera","Financial assistance","Ofrecen asistencia financiera. Los servicios de asistencia para el alquiler/hipoteca y de servicios públicos están disponibles únicamente con solicitud en línea. Complete una solicitud por internet en https://ccctx.org/financial-stability-referral-form/ Puede llamar al (512) 651-6100 para obtener…","Financial Assistance. Rent/mortgage and utility assistance services are available by online application only. Fill out an online application: ccctx.org/financial-stability/. You can call (512) 651-6100 for more information. You will be prompted to leave a message. Be sure to include your name…","Ofrecen asistencia financiera. Los servicios de asistencia para el alquiler/hipoteca y de servicios públicos están disponibles únicamente con solicitud en línea. Complete una solicitud por internet en https://ccctx.org/financial-stability-referral-form/ Puede llamar al (512) 651-6100 para obtener más información. Se le pedirá que deje un mensaje. Asegúrese de incluir su nombre, información de contacto y el tipo de asistencia que necesita.","Financial Assistance. Rent/mortgage and utility assistance services are available by online application only. Fill out an online application: ccctx.org/financial-stability/. You can call (512) 651-6100 for more information. You will be prompted to leave a message. Be sure to include your name, contact information, and the type of assistance you need.","catholic-charities-of-central-texas-catholic-charities-of-central-texas","vivienda","recursos-financieros","Asistencia financiera|Catholic Charities of Central Texas","Financial assistance|Catholic Charities of Central Texas","es|en","phone|online","unknown","","","","","Comunícate con la organización para confirmar disponibilidad, requisitos y cómo solicitar el servicio.","Contact the organization to confirm availability, requirements, and how to request the service.","","","","","Austin y comunidades cercanas del Centro de Texas","Austin and surrounding Central Texas communities","512-651-6100","","","","https://ccctx.org/financial-stability","","","","TX","","","","","https://ccctx.org/financial-stability","false","false","","Consolidado de las guías pública EN/ES de Eviction Solidarity Network el 2026-08-10. Revisar los datos y la fuente oficial antes de publicar."
"David Chapel Missionary Baptist Church","David Chapel Missionary Baptist Church","David Chapel Missionary Baptist Church","Iglesia que ofrece asistencia para alquiler y servicios públicos. La asistencia para el alquiler es solo para alquileres vencidos. Solicitar en línea los lunes de 10:30 a.m.- 12:30 p.m. https://davidchapel.org/financial-hardship-donations/ Teléfono: (512) 472-9748, Horario: lunes- viernes de 8:00…","Rent and utility assistance. Rental assistance is only for past due rent. Apply online on Mondays from 10:30 AM to 12:30 PM. https://davidchapel.org/financial-hardship-donations/ Phone: (512) 472-9748, Hours: Monday- Friday 8:00 AM- 3:00 PM","Iglesia que ofrece asistencia para alquiler y servicios públicos. La asistencia para el alquiler es solo para alquileres vencidos. Solicitar en línea los lunes de 10:30 a.m.- 12:30 p.m. https://davidchapel.org/financial-hardship-donations/ Teléfono: (512) 472-9748, Horario: lunes- viernes de 8:00 a.m.- 3:00 p.m.","Rent and utility assistance. Rental assistance is only for past due rent. Apply online on Mondays from 10:30 AM to 12:30 PM. https://davidchapel.org/financial-hardship-donations/ Phone: (512) 472-9748, Hours: Monday- Friday 8:00 AM- 3:00 PM","david-chapel-missionary-baptist-church-david-chapel-missionary-baptist-church","vivienda","recursos-financieros","David Chapel Missionary Baptist Church|David Chapel Missionary Baptist Church","David Chapel Missionary Baptist Church|David Chapel Missionary Baptist Church","es|en","phone|online","unknown","","","","","Comunícate con la organización para confirmar disponibilidad, requisitos y cómo solicitar el servicio.","Contact the organization to confirm availability, requirements, and how to request the service.","Iglesia que ofrece asistencia para alquiler y servicios públicos. La asistencia para el alquiler es solo para alquileres vencidos. Solicitar en línea los lunes de 10:30 a.m.- 12:30 p.m. https://davidchapel.org/financial-hardship-donations/ Teléfono: (512) 472-9748, Horario: lunes- viernes de 8:00 a.m.- 3:00 p.m.","Phone: (512) 472-9748, Hours: Monday- Friday 8:00 AM- 3:00 PM","","","Austin y comunidades cercanas del Centro de Texas","Austin and surrounding Central Texas communities","512-472-9748","","","","https://davidchapel.org/financial-hardship-donations","","","","TX","","","","","https://davidchapel.org/financial-hardship-donations","false","false","","Consolidado de las guías pública EN/ES de Eviction Solidarity Network el 2026-08-10. Revisar los datos y la fuente oficial antes de publicar."
"Greater Mt. Zion Church","Asistencia para alquiler y servicios públicos","Rent and utility assistance","Iglesia que ofrece asistencia del alquiler y servicios públicos. Envíe un correo electrónico a poverty@gmzaustin.org o llama para obtener información sobre solicitudes y elegibilidad. gmzaustin.org/causes/poverty Teléfono: (512) 469-9020 (martes) y (512) 662-5811 (jueves) | Horario: martes y jueves…","Rent and utility assistance. Email poverty@gmzaustin.org or call for application and eligibility information. gmzaustin.org/causes/poverty Phone: (512) 469-9020 (Tuesday) and (512) 662-5811 (Thursday) Hours: Tuesday & Thursday 10:30 AM- 1:30 PM","Iglesia que ofrece asistencia del alquiler y servicios públicos. Envíe un correo electrónico a poverty@gmzaustin.org o llama para obtener información sobre solicitudes y elegibilidad. gmzaustin.org/causes/poverty Teléfono: (512) 469-9020 (martes) y (512) 662-5811 (jueves) | Horario: martes y jueves de 10:30 a.m.- 1:30 p.m.","Rent and utility assistance. Email poverty@gmzaustin.org or call for application and eligibility information. gmzaustin.org/causes/poverty Phone: (512) 469-9020 (Tuesday) and (512) 662-5811 (Thursday) Hours: Tuesday & Thursday 10:30 AM- 1:30 PM","greater-mt-zion-church-greater-mt-zion-church","vivienda","recursos-financieros","Asistencia para alquiler y servicios públicos|Greater Mt. Zion Church","Rent and utility assistance|Greater Mt. Zion Church","es|en","phone|online","unknown","","","","","Comunícate con la organización para confirmar disponibilidad, requisitos y cómo solicitar el servicio.","Contact the organization to confirm availability, requirements, and how to request the service.","Teléfono: (512) 469-9020 (martes) y (512) 662-5811 (jueves) | Horario: martes y jueves de 10:30 a.m.- 1:30 p.m.","Phone: (512) 469-9020 (Tuesday) and (512) 662-5811 (Thursday) Hours: Tuesday & Thursday 10:30 AM- 1:30 PM","","","Austin y comunidades cercanas del Centro de Texas","Austin and surrounding Central Texas communities","512-469-9020","","","poverty@gmzaustin.org","http://gmzaustin.org/causes/poverty","","","","TX","","","","","http://gmzaustin.org/causes/poverty","false","false","","Consolidado de las guías pública EN/ES de Eviction Solidarity Network el 2026-08-10. Revisar los datos y la fuente oficial antes de publicar."
"Austin Public Health","Asistencia de los Centros de Servicios Vecinales","Neighborhood Services Centers assistance","Centros que brindan asistencia de emergencia para alquiler, servicios públicos, ropa, fórmula y alimentos a familias necesitadas de ingresos bajos y moderados. Para recibir asistencia, las facturas deben estar vencidas y se debe proporcionar prueba de crisis/problemas financieros recientes. Todas…","The Neighborhood Centers provide emergency rent, utility, clothing, formula and food assistance to low-and moderate-income families in need. To receive assistance, bills must be past due and proof of recent crisis/financial trouble must be provided. All requests must go through the rent line (512)…","Centros que brindan asistencia de emergencia para alquiler, servicios públicos, ropa, fórmula y alimentos a familias necesitadas de ingresos bajos y moderados. Para recibir asistencia, las facturas deben estar vencidas y se debe proporcionar prueba de crisis/problemas financieros recientes. Todas las solicitudes deben pasar por la línea de alquiler (512) 972-5780. Visite su sitio web para encontrar el centro más cercano a usted. https://austintexas.gov/services/get-help-neighborhood-centers?1743455693701","The Neighborhood Centers provide emergency rent, utility, clothing, formula and food assistance to low-and moderate-income families in need. To receive assistance, bills must be past due and proof of recent crisis/financial trouble must be provided. All requests must go through the rent line (512) 972-5780. Please visit their website to find the center nearest you. austintexas.gov/department/neighborhood-centers","austin-public-health-neighborhood-services-centers-assistance","vivienda","recursos-financieros","Asistencia de los Centros de Servicios Vecinales|Austin Public Health","Neighborhood Services Centers assistance|Austin Public Health","es|en","phone|online","unknown","","","","","Comunícate con la organización para confirmar disponibilidad, requisitos y cómo solicitar el servicio.","Contact the organization to confirm availability, requirements, and how to request the service.","","","","","Austin y comunidades cercanas del Centro de Texas","Austin and surrounding Central Texas communities","512-972-5780","","","","https://www.austintexas.gov/department/neighborhood-centers","","","","TX","","","","","https://www.austintexas.gov/department/neighborhood-centers","false","false","","Consolidado de las guías pública EN/ES de Eviction Solidarity Network el 2026-08-10. Revisar los datos y la fuente oficial antes de publicar."
"Society of St. Vincent de Paul","Society of St. Vincent de Paul","Society of St. Vincent de Paul","Ayuda para el alquiler, los servicios públicos, y algunos lugares ayudan con pases de autobús, comida, y ropa. Asistencia disponible en varios lugares, tenga en cuenta los diferentes números de teléfono, direcciones y cuáles servicios están disponibles solo con cita previa. Visite su sitio web para…","Rent and utility assistance, as well as some locations assisting with bus passes, food assistance, and clothing. Assistance is available at multiple locations, note the different phone numbers, address, and if services are available by appointment only. Please visit this website to search for the…","Ayuda para el alquiler, los servicios públicos, y algunos lugares ayudan con pases de autobús, comida, y ropa. Asistencia disponible en varios lugares, tenga en cuenta los diferentes números de teléfono, direcciones y cuáles servicios están disponibles solo con cita previa. Visite su sitio web para encontrar la ubicación más cercano a usted https://austinsvdp.info/","Rent and utility assistance, as well as some locations assisting with bus passes, food assistance, and clothing. Assistance is available at multiple locations, note the different phone numbers, address, and if services are available by appointment only. Please visit this website to search for the location closest to you. Resources offered are listed in the detail description. https://austinsvdp.info/","society-of-st-vincent-de-paul-society-of-st-vincent-de-paul","vivienda","recursos-financieros","Society of St. Vincent de Paul|Society of St. Vincent de Paul","Society of St. Vincent de Paul|Society of St. Vincent de Paul","es|en","online","unknown","","","","","Comunícate con la organización para confirmar disponibilidad, requisitos y cómo solicitar el servicio.","Contact the organization to confirm availability, requirements, and how to request the service.","","","","","Austin y comunidades cercanas del Centro de Texas","Austin and surrounding Central Texas communities","","","","","https://austinsvdp.info/","","","","TX","","","","","https://austinsvdp.info/","false","false","","Consolidado de las guías pública EN/ES de Eviction Solidarity Network el 2026-08-10. Revisar los datos y la fuente oficial antes de publicar."
"St. Austin Catholic Parish, Newman Hall Rent and utility assistance","St. Austin Catholic Parish, Newman Hall, Ayuda para el alquiler y los servicios públicos.","St. Austin Catholic Parish, Newman Hall Rent and utility assistance","St. Austin 's St. Vincent de Paul Society brinda servicios en los códigos postales 78703, 78705, 78722, 78751 y 78756. Brindan apoyo a vecinos necesitados con asistencia para el alquiler y/o los servicios públicos. Ocasionalmente ayudan con otros servicios caso por caso. Llámelos al (512) 477-1589 y…","St. Austin's St. Vincent de Paul Society serves zip codes 78703, 78705, 78722, 78751, and 78756. They provide support to our neighbors in need with rent and/or utility assistance. They occasionally help with other services on a case by case basis. Call them at (512) 477-1589 and leave a message. St.…","St. Austin 's St. Vincent de Paul Society brinda servicios en los códigos postales 78703, 78705, 78722, 78751 y 78756. Brindan apoyo a vecinos necesitados con asistencia para el alquiler y/o los servicios públicos. Ocasionalmente ayudan con otros servicios caso por caso. Llámelos al (512) 477-1589 y deje un mensaje. El ministerio de Outreach to Persons in Need de St. Austin ayuda con una porción del alquiler o una factura de servicios públicos por hogar hasta una vez al año (12 meses). Para solicitar asistencia, debe ser residente de 78702, 78723, 78724, 78741, 78744, 78745, 78753 o 78758 (SOLO direcciones de Austin). Los procesos de solicitud presenciales y remotos se detallan en https://www.staustin.org/get-help#Outreach%20for%20Austin. Las solicitudes también se pueden dejar en persona o ser enviadas por correo. Hay un sorteo todos los jueves, en el que se alternan los tipos de aplicaciones (en línea/físicas) seleccionadas. No pueden ayudar con los desalojos o el alquiler con más de dos meses de retraso. Teléfono: (512) 477-9471 | Horario: lunes - jueves 8:00 a.m.- 5:30 p.m., viernes 8:30 a.m.- 4:00 p.m.","St. Austin's St. Vincent de Paul Society serves zip codes 78703, 78705, 78722, 78751, and 78756. They provide support to our neighbors in need with rent and/or utility assistance. They occasionally help with other services on a case by case basis. Call them at (512) 477-1589 and leave a message. St. Austin's Outreach to Persons in Need ministry helps with a little bit of rent or one utility bill per household up to once every year (12 months). To request assistance, you must be a resident of 78702, 78723, 78724, 78741, 78744, 78745, 78753, or 78758 (Austin addresses ONLY). In person and remote application processes detailed at https://www.staustin.org/get-help#Outreach%20for%20Austin. Applications can also be dropped off or mailed. There is a drawing every Thursday, with the kinds of applications (online/physical) selected are alternated. They cannot assist with evictions or rent that is more than two months late. Phone: (512) 477-9471 | Hours: Monday- Thursday 8:00 AM- 5:30 PM, Friday 8:30 AM- 4:00 PM","st-austin-catholic-parish-newman-hall-rent-and-utility-assistance-st-austin-catholic-parish-newman-hall-rent-a","vivienda","recursos-financieros","St. Austin Catholic Parish, Newman Hall, Ayuda para el alquiler y los servicios públicos.|St. Austin Catholic Parish, Newman Hall Rent and utility assistance","St. Austin Catholic Parish, Newman Hall Rent and utility assistance|St. Austin Catholic Parish, Newman Hall Rent and utility assistance","es|en","phone|online","unknown","","","","","Comunícate con la organización para confirmar disponibilidad, requisitos y cómo solicitar el servicio.","Contact the organization to confirm availability, requirements, and how to request the service.","El ministerio de Outreach to Persons in Need de St. Austin ayuda con una porción del alquiler o una factura de servicios públicos por hogar hasta una vez al año (12 meses). Para solicitar asistencia, debe ser residente de 78702, 78723, 78724, 78741, 78744, 78745, 78753 o 78758 (SOLO direcciones de Austin). Los procesos de solicitud presenciales y remotos se detallan en https://www.staustin.org/get-help#Outreach%20for%20Austin. Las solicitudes también se pueden dejar en persona o ser enviadas por correo. Hay un sorteo todos los jueves, en el que se alternan los tipos de aplicaciones (en línea/físicas) seleccionadas. No pueden ayudar con los desalojos o el alquiler con más de dos meses de retraso. Teléfono: (512) 477-9471 | Horario: lunes - jueves 8:00 a.m.- 5:30 p.m., viernes 8:30 a.m.- 4:00 p.m.","St. Austin's Outreach to Persons in Need ministry helps with a little bit of rent or one utility bill per household up to once every year (12 months). To request assistance, you must be a resident of 78702, 78723, 78724, 78741, 78744, 78745, 78753, or 78758 (Austin addresses ONLY). In person and remote application processes detailed at https://www.staustin.org/get-help#Outreach%20for%20Austin. Applications can also be dropped off or mailed. There is a drawing every Thursday, with the kinds of applications (online/physical) selected are alternated. They cannot assist with evictions or rent that is more than two months late. Phone: (512) 477-9471 | Hours: Monday- Thursday 8:00 AM- 5:30 PM, Friday 8:30 AM- 4:00 PM","","","Austin y comunidades cercanas del Centro de Texas","Austin and surrounding Central Texas communities","512-477-1589","","","","https://www.staustin.org/get-help#Outreach%20for%20Austin","","","","TX","","","","","https://www.staustin.org/get-help#Outreach%20for%20Austin","false","false","","Consolidado de las guías pública EN/ES de Eviction Solidarity Network el 2026-08-10. Revisar los datos y la fuente oficial antes de publicar."
"Austin Energy","Descuento del Programa de Asistencia al Cliente","Customer Assistance Program discount","Programa de descuento para servicios públicos a los que reciben beneficios públicos. Solicitud en línea.","Discount program for utility bills for those who are receiving public benefits. Online application. coautilities.com/wps/wcm/connect/occ/coa/util/support/customer-assistance/utility-bill-discounts Please call (855) 319-6630 with any questions you may have about eligibility. Hours: Monday- Friday…","Programa de descuento para servicios públicos a los que reciben beneficios públicos. Solicitud en línea.","Discount program for utility bills for those who are receiving public benefits. Online application. coautilities.com/wps/wcm/connect/occ/coa/util/support/customer-assistance/utility-bill-discounts Please call (855) 319-6630 with any questions you may have about eligibility. Hours: Monday- Friday 7:00 AM- 9:00 PM, Saturday 9:00 AM - 1:00 PM","austin-energy-customer-assistance-program-discount","recursos-financieros","","Descuento del Programa de Asistencia al Cliente|Austin Energy","Customer Assistance Program discount|Austin Energy","es|en","phone|online","unknown","","","","","Comunícate con la organización para confirmar disponibilidad, requisitos y cómo solicitar el servicio.","Contact the organization to confirm availability, requirements, and how to request the service.","https://coautilities.com/wps/wcm/connect/occ/coa/util/support/customer-assistance/utility-bill-discounts Llame al (855) 319-6630 si tiene alguna pregunta sobre la elegibilidad. Horario: lunes - viernes 7:00 a.m.- 9:00 p.m., sábado 9:00 a.m.- 1:00 p.m.","Please call (855) 319-6630 with any questions you may have about eligibility. Hours: Monday- Friday 7:00 AM- 9:00 PM, Saturday 9:00 AM - 1:00 PM","","","Austin y comunidades cercanas del Centro de Texas","Austin and surrounding Central Texas communities","855-319-6630","","","","https://coautilities.com/wps/wcm/connect/occ/coa/util/support/customer-assistance/utility-bill-discounts","","","","TX","","","","","https://coautilities.com/wps/wcm/connect/occ/coa/util/support/customer-assistance/utility-bill-discounts","false","false","","Consolidado de las guías pública EN/ES de Eviction Solidarity Network el 2026-08-10. Revisar los datos y la fuente oficial antes de publicar."
"Austin Energy","Apoyo financiero Plus 1","Financial Support Plus 1","Asistencia de emergencia para clientes que temporalmente no pueden pagar sus facturas. Completar el formulario lo conectará con las agencias de servicios sociales locales que distribuyen los fondos. Teléfono: (512) 494-9400 | Horario: lunes- viernes 7:00 a.m.- 9:00 p.m., sábado 9:00 a.m.- 1:00 p.m.","Emergency assistance for customers who are temporarily unable to pay their bills. Filling out the form will connect you with local social service agencies who distribute the funding. coautilities.com/wps/wcm/connect/occ/coa/util/support/customer-assistance/plus-1 Phone: (512) 494-9400 | Hours…","Asistencia de emergencia para clientes que temporalmente no pueden pagar sus facturas. Completar el formulario lo conectará con las agencias de servicios sociales locales que distribuyen los fondos. Teléfono: (512) 494-9400 | Horario: lunes- viernes 7:00 a.m.- 9:00 p.m., sábado 9:00 a.m.- 1:00 p.m.","Emergency assistance for customers who are temporarily unable to pay their bills. Filling out the form will connect you with local social service agencies who distribute the funding. coautilities.com/wps/wcm/connect/occ/coa/util/support/customer-assistance/plus-1 Phone: (512) 494-9400 | Hours: Monday- Friday 7:00 AM - 9:00 PM, Saturday 9:00 AM- 1:00 PM","austin-energy-financial-support-plus-1","recursos-financieros","","Apoyo financiero Plus 1|Austin Energy","Financial Support Plus 1|Austin Energy","es|en","phone|online","unknown","","","","","Comunícate con la organización para confirmar disponibilidad, requisitos y cómo solicitar el servicio.","Contact the organization to confirm availability, requirements, and how to request the service.","Teléfono: (512) 494-9400 | Horario: lunes- viernes 7:00 a.m.- 9:00 p.m., sábado 9:00 a.m.- 1:00 p.m.","Phone: (512) 494-9400 | Hours: Monday- Friday 7:00 AM - 9:00 PM, Saturday 9:00 AM- 1:00 PM","","","Austin y comunidades cercanas del Centro de Texas","Austin and surrounding Central Texas communities","512-494-9400","","","","https://coautilities.com/wps/wcm/connect/occ/coa/util/support/customer-assistance/plus-1","","","","TX","","","","","https://coautilities.com/wps/wcm/connect/occ/coa/util/support/customer-assistance/plus-1","false","false","","Consolidado de las guías pública EN/ES de Eviction Solidarity Network el 2026-08-10. Revisar los datos y la fuente oficial antes de publicar."
"Neighbor to Neighbor","Neighbor to Neighbor Program","Neighbor to Neighbor","El programa comparte alimentos, pañales, asistencia con servicios públicos, pases de autobús, productos para la incontinencia, productos para la menstruación, y una comunidad solidaria con nuestros vecinos de bajos ingresos en el este de Austin, con un enfoque especial en nuestros vecinos mayores.…","Neighbor to Neighbor shares food, diapers, utility assistance, bus passes, period products, incontinence products, and caring community with our low-income neighbors in East Austin, with a special focus on our senior neighbors. Must live in zip codes 78702, 78721, 78723, 78724, 78741, or 78752.…","El programa comparte alimentos, pañales, asistencia con servicios públicos, pases de autobús, productos para la incontinencia, productos para la menstruación, y una comunidad solidaria con nuestros vecinos de bajos ingresos en el este de Austin, con un enfoque especial en nuestros vecinos mayores. Debe vivir en los códigos postales 78702, 78721, 78723, 78724, 78741 o 78752. Es posible que haya asistencia con los servicios públicos disponibles para los clientes elegibles de Austin Energy. Envíe un mensaje de texto a la línea de Welcome Table Community Assistance al (512) 943-7978 con fotografías de la primera página de su factura más reciente, su identificación con fotografía y comprobante de ingresos. Los servicios de alimentos y/o pañales son solo con cita previa. Para obtener más información o unirse a la lista de espera, llame o envíe un mensaje de texto al (512) 879-4365. https://welcometableaustin.org/neighbor/","Neighbor to Neighbor shares food, diapers, utility assistance, bus passes, period products, incontinence products, and caring community with our low-income neighbors in East Austin, with a special focus on our senior neighbors. Must live in zip codes 78702, 78721, 78723, 78724, 78741, or 78752. Utility assistance may be available for eligible Austin Energy customers. Text the Welcome Table Community Assistance line at (512) 943-7978 with pictures of the first page of your most recent bill, your photo ID, and proof of income. Walk-through services for food and/or diapers are by appointment only. For more information, or to join the waitlist, call or text (512) 879-4352 (English) or (512) 879-4365 (Spanish). welcometableaustin.org/neighbor","neighbor-to-neighbor-neighbor-to-neighbor","recursos-financieros","","Neighbor to Neighbor Program|Neighbor to Neighbor","Neighbor to Neighbor|Neighbor to Neighbor","es|en","phone|online","unknown","","","","","Comunícate con la organización para confirmar disponibilidad, requisitos y cómo solicitar el servicio.","Contact the organization to confirm availability, requirements, and how to request the service.","","","","","Austin y comunidades cercanas del Centro de Texas","Austin and surrounding Central Texas communities","512-943-7978","","","","http://welcometableaustin.org/neighbor","","","","TX","","","","","http://welcometableaustin.org/neighbor","false","false","","Consolidado de las guías pública EN/ES de Eviction Solidarity Network el 2026-08-10. Revisar los datos y la fuente oficial antes de publicar."
"St. Louise House","St. Louise House","St. Louise House","Asistencia de servicios públicos disponible para madres o padres solteros. Llame para solicitar. https://saintlouisehouse.org/services/#housing-services Teléfono: (512) 333-1659","Utility assistance is available for single parents. Call to apply. saintlouisehouse.org/services/#housing-services Phone: (512) 333-1659","Asistencia de servicios públicos disponible para madres o padres solteros. Llame para solicitar. https://saintlouisehouse.org/services/#housing-services Teléfono: (512) 333-1659","Utility assistance is available for single parents. Call to apply. saintlouisehouse.org/services/#housing-services Phone: (512) 333-1659","st-louise-house-st-louise-house","recursos-financieros","","St. Louise House|St. Louise House","St. Louise House|St. Louise House","es|en","phone|online","unknown","","","","","Comunícate con la organización para confirmar disponibilidad, requisitos y cómo solicitar el servicio.","Contact the organization to confirm availability, requirements, and how to request the service.","","","","","Austin y comunidades cercanas del Centro de Texas","Austin and surrounding Central Texas communities","512-333-1659","","","","http://saintlouisehouse.org/services/#housing-services","","","","TX","","","","","http://saintlouisehouse.org/services/#housing-services","false","false","","Consolidado de las guías pública EN/ES de Eviction Solidarity Network el 2026-08-10. Revisar los datos y la fuente oficial antes de publicar."
"Travis County Utility Assistance","Travis County Community Centers","Travis County Utility Assistance","Entre otras cosas el condado de Travis ofrece varios programas de asistencia para servicios públicos. La mayoría sólo requieren que el solicitante sea residente del condado de Travis, que deba dinero, que su ingreso esté por debajo de un cierto nivel durante los últimos 30 días y que sea cliente de…","www.traviscountytx.gov/health-human-services/community-centers Travis County offers several utility assistance programs and additional resources beyond utility. Among these programs are funds provided by utility vendors to Travis County to assist their customers. Most only require that the applicant…","Entre otras cosas el condado de Travis ofrece varios programas de asistencia para servicios públicos. La mayoría sólo requieren que el solicitante sea residente del condado de Travis, que deba dinero, que su ingreso esté por debajo de un cierto nivel durante los últimos 30 días y que sea cliente de su compañía de servicios públicos. Visite el sitio web para encontrar la ubicación más cercana a usted y solicitar ayuda https://www.traviscountytx.gov/health-human-services/community-centers#googtrans/en/es","www.traviscountytx.gov/health-human-services/community-centers Travis County offers several utility assistance programs and additional resources beyond utility. Among these programs are funds provided by utility vendors to Travis County to assist their customers. Most only require that the applicant is a resident of Travis County, that money is owed, that your gross income is below a certain level for the past 30 days and you are a customer of their utility company. Apply by contacting a community center found in the link above.","travis-county-utility-assistance-travis-county-utility-assistance","recursos-financieros","","Travis County Community Centers|Travis County Utility Assistance","Travis County Utility Assistance|Travis County Utility Assistance","es|en","online","unknown","","","","","Comunícate con la organización para confirmar disponibilidad, requisitos y cómo solicitar el servicio.","Contact the organization to confirm availability, requirements, and how to request the service.","","","","","Condado de Travis","Travis County","","","","","https://www.traviscountytx.gov/health-human-services/community-centers","","","","TX","","","","","https://www.traviscountytx.gov/health-human-services/community-centers","false","false","","Consolidado de las guías pública EN/ES de Eviction Solidarity Network el 2026-08-10. Revisar los datos y la fuente oficial antes de publicar."
"UPLift @ University Presbyterian Church","UPLift @ University Presbyterian Church","UPLift @ University Presbyterian Church","Para solicitar asistencia para los servicios públicos, envíe por correo electrónico un número de teléfono, identificación con foto, una foto de la primera página de su factura, y un momento en que usted está disponible para unirse en una llamada de tres vías a Austin Energy. Todos los martes de…","Utility assistance. To request assistance, email photo ID, a photo of the first page of your bill, a telephone number, and a time when you are available to join in a three-way call to Austin Energy. On Tuesdays from 9:30 AM to about 11:00 AM in the Great Hall at UPC. (2203 San Antonio St. Austin, TX…","Para solicitar asistencia para los servicios públicos, envíe por correo electrónico un número de teléfono, identificación con foto, una foto de la primera página de su factura, y un momento en que usted está disponible para unirse en una llamada de tres vías a Austin Energy. Todos los martes de 9:30- 11:00 a.m. en el Salón Grande de la UPC (2203 San Antonio St. Austin, TX 78705) tienen un sorteo semanal de pases de autobús de Capital Metro, brindan comidas calientes, y también ofrecen asistencia financiera para servicios públicos, exámenes de la vista, anteojos, botas de trabajo para quienes tienen trabajo, certificados de nacimiento, y copagos de recetas. Su correo electrónico es upliftplus1@upcaustin.org. https://upcaustin.org/serve/getting- help/ Teléfono: (512) 476-5321 ext. 114","Utility assistance. To request assistance, email photo ID, a photo of the first page of your bill, a telephone number, and a time when you are available to join in a three-way call to Austin Energy. On Tuesdays from 9:30 AM to about 11:00 AM in the Great Hall at UPC. (2203 San Antonio St. Austin, TX 78705) they have a weekly drawing for free seven-day Capital Metro bus passes, provide hot meals, and also offer financial assistance for utilities, eye exams, eyeglasses, work boots for those with jobs, birth certificates and prescription co-pays. Email: upliftplus1@upcaustin.org. https://upcaustin.org/serve/getting-help/ Phone: (512) 476-5321 ext. 114","uplift-university-presbyterian-church-uplift-university-presbyterian-church","recursos-financieros","","UPLift @ University Presbyterian Church|UPLift @ University Presbyterian Church","UPLift @ University Presbyterian Church|UPLift @ University Presbyterian Church","es|en","in_person|phone|online","free","","","","","Comunícate con la organización para confirmar disponibilidad, requisitos y cómo solicitar el servicio.","Contact the organization to confirm availability, requirements, and how to request the service.","Para solicitar asistencia para los servicios públicos, envíe por correo electrónico un número de teléfono, identificación con foto, una foto de la primera página de su factura, y un momento en que usted está disponible para unirse en una llamada de tres vías a Austin Energy. Todos los martes de 9:30- 11:00 a.m. en el Salón Grande de la UPC (2203 San Antonio St. Austin, TX 78705) tienen un sorteo semanal de pases de autobús de Capital Metro, brindan comidas calientes, y también ofrecen asistencia financiera para servicios públicos, exámenes de la vista, anteojos, botas de trabajo para quienes tienen trabajo, certificados de nacimiento, y copagos de recetas. Su correo electrónico es upliftplus1@upcaustin.org. https://upcaustin.org/serve/getting- help/","","","","Austin, Condado de Travis","Austin, Travis County","512-476-5321 ext. 114","","","upliftplus1@upcaustin.org","https://upcaustin.org/directions-and-parking","30 AM to about 11:00 AM in the Great Hall at UPC. (2203 San Antonio St.","","Austin","TX","78705","Travis","","","https://upcaustin.org/directions-and-parking","false","false","","Consolidado de las guías pública EN/ES de Eviction Solidarity Network el 2026-08-10. Revisar los datos y la fuente oficial antes de publicar."
"Austin Tenants Council (Now a project of Texas RioGrande Legal Aid)","Austin Tenants Council","Austin Tenants Council (Now a project of Texas RioGrande Legal Aid)","ATC ofrece mediación entre propietarios e inquilinos, pruebas de vivienda justa y apoyo para adaptaciones razonables. Para programar una cita de asesoramiento con un especialista en vivienda, complete un formulario de admisión en línea o llame al (512) 474-1961.Para aprender sobre sus derechos como…","ATC provides landlord-tenant mediation, fair housing testing, and reasonable accommodation support. To schedule an appointment for counseling with a Housing Specialist, fill out an online intake form or call (512) 474-1961. Hours: Monday- Thursday 9:00 AM- 12:00 PM and 1:00- 4:00 PM, Friday 9:00 AM-…","ATC ofrece mediación entre propietarios e inquilinos, pruebas de vivienda justa y apoyo para adaptaciones razonables. Para programar una cita de asesoramiento con un especialista en vivienda, complete un formulario de admisión en línea o llame al (512) 474-1961.Para aprender sobre sus derechos como inquilino en TX, visite: https://www.trla.org/atc Horario: lunes- jueves 9:00 a.m.- 12:00 p.m. y 1:00- 4:00 p.m., viernes 9:00 a.m.- 12:00 p.m.","ATC provides landlord-tenant mediation, fair housing testing, and reasonable accommodation support. To schedule an appointment for counseling with a Housing Specialist, fill out an online intake form or call (512) 474-1961. Hours: Monday- Thursday 9:00 AM- 12:00 PM and 1:00- 4:00 PM, Friday 9:00 AM- 12:00 PM. To learn about your rights as a renter in Texas go to:","austin-tenants-council-now-a-project-of-texas-riogrande-legal-aid-austin-tenants-council-now-a-project-of-texa","ayuda-legal","","Austin Tenants Council|Austin Tenants Council (Now a project of Texas RioGrande Legal Aid)","Austin Tenants Council (Now a project of Texas RioGrande Legal Aid)|Austin Tenants Council (Now a project of Texas RioGrande Legal Aid)","es|en","phone|online","unknown","","","","","Comunícate con la organización para confirmar disponibilidad, requisitos y cómo solicitar el servicio.","Contact the organization to confirm availability, requirements, and how to request the service.","Horario: lunes- jueves 9:00 a.m.- 12:00 p.m. y 1:00- 4:00 p.m., viernes 9:00 a.m.- 12:00 p.m.","ATC provides landlord-tenant mediation, fair housing testing, and reasonable accommodation support. To schedule an appointment for counseling with a Housing Specialist, fill out an online intake form or call (512) 474-1961. Hours: Monday- Thursday 9:00 AM- 12:00 PM and 1:00- 4:00 PM, Friday 9:00 AM- 12:00 PM. To learn about your rights as a renter in Texas go to:","","","Austin y comunidades cercanas del Centro de Texas","Austin and surrounding Central Texas communities","512-474-1961","","","","https://www.housing-rights.org/tenant-concerns","","","","TX","","","","","https://www.housing-rights.org/tenant-concerns","false","false","","Consolidado de las guías pública EN/ES de Eviction Solidarity Network el 2026-08-10. Revisar los datos y la fuente oficial antes de publicar."
"Texas Law Help","Guía para apelar un desalojo","Eviction appeal guide","Recuerde, tiene derecho a comparecer ante un juez antes de ser desalojado. Un propietario no puede desalojar por la fuerza sin una orden directa de un juez. Si pierde su audiencia de desalojo, tiene derecho a apelar dentro de los 5 días (incluidos días festivos y fines de semana). Obtenga más…","Remember, you have the right to appear in front of a judge before being evicted. A landlord cannot forcibly remove you without a direct order from a judge. If you lose your eviction hearing, you have the right to appeal within 5 days (including holidays and weekends.) Learn more about the appeals…","Recuerde, tiene derecho a comparecer ante un juez antes de ser desalojado. Un propietario no puede desalojar por la fuerza sin una orden directa de un juez. Si pierde su audiencia de desalojo, tiene derecho a apelar dentro de los 5 días (incluidos días festivos y fines de semana). Obtenga más información sobre el proceso de apelación aquí: https://es.texaslawhelp.org/article/appealing-an-eviction","Remember, you have the right to appear in front of a judge before being evicted. A landlord cannot forcibly remove you without a direct order from a judge. If you lose your eviction hearing, you have the right to appeal within 5 days (including holidays and weekends.) Learn more about the appeals process here: https://texaslawhelp.org/article/appealing-an-eviction","texas-law-help-eviction-appeal-guide","ayuda-legal","","Guía para apelar un desalojo|Texas Law Help","Eviction appeal guide|Texas Law Help","es|en","online","unknown","","","","","Comunícate con la organización para confirmar disponibilidad, requisitos y cómo solicitar el servicio.","Contact the organization to confirm availability, requirements, and how to request the service.","","","","","Austin y comunidades cercanas del Centro de Texas","Austin and surrounding Central Texas communities","","","","","https://texaslawhelp.org/article/appealing-an-eviction","","","","TX","","","","","https://texaslawhelp.org/article/appealing-an-eviction","false","false","","Consolidado de las guías pública EN/ES de Eviction Solidarity Network el 2026-08-10. Revisar los datos y la fuente oficial antes de publicar."
"BASTA (Building and Strengthening Tenant Action)","BASTA (Buscando Acción y Solidaridad que Transforme el Arrendamiento)","BASTA (Building and Strengthening Tenant Action)","Si está interesado en organizarse con sus vecinos para luchar por mejores condiciones de vida para su hogar y comunidad, visite bastaaustin.org. Tenga en cuenta que BASTA no proporciona asistencia ni asesoramiento individual. Para obtener más información sobre el proceso de desalojo y sus derechos…","If you’re interested in organizing with your neighbors to fight for better living conditions for your home and community, please visit bastaaustin.org. Please note BASTA does not provide individual assistance or counseling. For more information about the eviction process and your rights related to…","Si está interesado en organizarse con sus vecinos para luchar por mejores condiciones de vida para su hogar y comunidad, visite bastaaustin.org. Tenga en cuenta que BASTA no proporciona asistencia ni asesoramiento individual. Para obtener más información sobre el proceso de desalojo y sus derechos relacionados con el desalojo, visite evictionisnotacure.com. Síganos en todos los canales de redes sociales @bastaaustin para obtener actualizaciones.","If you’re interested in organizing with your neighbors to fight for better living conditions for your home and community, please visit bastaaustin.org. Please note BASTA does not provide individual assistance or counseling. For more information about the eviction process and your rights related to eviction, please visit evictionisnotacure.com. Follow us on all social media channels @bastaaustin for updates.","basta-building-and-strengthening-tenant-action-basta-building-and-strengthening-tenant-action","ayuda-legal","","BASTA (Buscando Acción y Solidaridad que Transforme el Arrendamiento)|BASTA (Building and Strengthening Tenant Action)","BASTA (Building and Strengthening Tenant Action)|BASTA (Building and Strengthening Tenant Action)","es|en","online","unknown","","","","","Comunícate con la organización para confirmar disponibilidad, requisitos y cómo solicitar el servicio.","Contact the organization to confirm availability, requirements, and how to request the service.","","","","","Austin y comunidades cercanas del Centro de Texas","Austin and surrounding Central Texas communities","","","","","https://bastaaustin.org/","","","","TX","","","","","https://bastaaustin.org/","false","false","","Consolidado de las guías pública EN/ES de Eviction Solidarity Network el 2026-08-10. Revisar los datos y la fuente oficial antes de publicar."
"Eviction Solidarity Network (http://evictionisnotacure.com/)","Red de Solidaridad Contra el Desalojo","Eviction Solidarity Network (http://evictionisnotacure.com/)","En https://evictionisnotacure.com/es/inicio/, encontrará recursos como las defensas que pueda tener en audiencias de desalojo, videos sobre cómo prepararse para una audiencia virtual, información sobre los próximos eventos informativos en persona y formularios como la solicitud de un intérprete.","On evictionisnotacure.com, you will find resources like defenses you might have, videos on preparing for a virtual hearing, information about upcoming in-person informational tabling events, and forms such as an Interpretation Request form.","En https://evictionisnotacure.com/es/inicio/, encontrará recursos como las defensas que pueda tener en audiencias de desalojo, videos sobre cómo prepararse para una audiencia virtual, información sobre los próximos eventos informativos en persona y formularios como la solicitud de un intérprete.","On evictionisnotacure.com, you will find resources like defenses you might have, videos on preparing for a virtual hearing, information about upcoming in-person informational tabling events, and forms such as an Interpretation Request form.","eviction-solidarity-network-http-evictionisnotacure-com-eviction-solidarity-network-http-evictionisnotacure-co","ayuda-legal","","Red de Solidaridad Contra el Desalojo|Eviction Solidarity Network (http://evictionisnotacure.com/)","Eviction Solidarity Network (http://evictionisnotacure.com/)|Eviction Solidarity Network (http://evictionisnotacure.com/)","es|en","online","unknown","","","","","Comunícate con la organización para confirmar disponibilidad, requisitos y cómo solicitar el servicio.","Contact the organization to confirm availability, requirements, and how to request the service.","","","","","Austin y comunidades cercanas del Centro de Texas","Austin and surrounding Central Texas communities","","","","","http://evictionisnotacure.com/","","","","TX","","","","","http://evictionisnotacure.com/","false","false","","Consolidado de las guías pública EN/ES de Eviction Solidarity Network el 2026-08-10. Revisar los datos y la fuente oficial antes de publicar."
"Texas Tenant Advisor","Información para inquilinos de Texas","Texas tenant information","Vaya a https://www.texastenant.org/ para obtener información general sobre el proceso de arrendamiento en Texas, desde antes de mudarse hasta mudarse. Sólo inglés.","Go to https://www.texastenant.org/ for general information about the tenancy process in Texas, from Before You Move In to Moving Out. English Only.","Vaya a https://www.texastenant.org/ para obtener información general sobre el proceso de arrendamiento en Texas, desde antes de mudarse hasta mudarse. Sólo inglés.","Go to https://www.texastenant.org/ for general information about the tenancy process in Texas, from Before You Move In to Moving Out. English Only.","texas-tenant-advisor-texas-tenant-information","ayuda-legal","","Información para inquilinos de Texas|Texas Tenant Advisor","Texas tenant information|Texas Tenant Advisor","es|en","online","unknown","","","","","Comunícate con la organización para confirmar disponibilidad, requisitos y cómo solicitar el servicio.","Contact the organization to confirm availability, requirements, and how to request the service.","","","","","Austin y comunidades cercanas del Centro de Texas","Austin and surrounding Central Texas communities","","","","","https://www.texastenant.org/","","","","TX","","","","","https://www.texastenant.org/","false","false","","Consolidado de las guías pública EN/ES de Eviction Solidarity Network el 2026-08-10. Revisar los datos y la fuente oficial antes de publicar."
"Texas Law Help","Texas Law Help","Texas Law Help","Visite: https://texaslawhelp.org/es para información legal gratuita, guías legales, y formularios judiciales para problemas civiles simples. Traducciones al español y vietnamita disponibles. Texas Law Help es administrado por el Texas Legal Services Center. Puede encontrar más información sobre sus…","Go to https://texaslawhelp.org/ for free legal information, legal guides, and court forms for simple civil problems. SPA and VIET translations available. TLH is managed by the Texas Legal Services Center. More information about their services may be found in the first section of this guide, under…","Visite: https://texaslawhelp.org/es para información legal gratuita, guías legales, y formularios judiciales para problemas civiles simples. Traducciones al español y vietnamita disponibles. Texas Law Help es administrado por el Texas Legal Services Center. Puede encontrar más información sobre sus servicios en el primer sección de esta guía, Asistencia Legal Como usar Zoom Para aprender cómo prepararse para una audiencia virtual: https://evictionisnotacure.com/es/preparandose https://www.traviscountytx.gov/images/justices_of_peace/Doc/jp4-remote-hearings-fyi.pdf","Go to https://texaslawhelp.org/ for free legal information, legal guides, and court forms for simple civil problems. SPA and VIET translations available. TLH is managed by the Texas Legal Services Center. More information about their services may be found in the first section of this guide, under Legal Assistance. How to Use Zoom: To learn how to prepare for a virtual hearing: https://evictionisnotacure.com/en/preparing-for-eviction-hearing https://www.traviscountytx.gov/images/justices_of_peace/Doc/jp4-remote-hearings-fyi.pdf","texas-law-help-texas-law-help","ayuda-legal","","Texas Law Help|Texas Law Help","Texas Law Help|Texas Law Help","es|en","online","free","","","","","Comunícate con la organización para confirmar disponibilidad, requisitos y cómo solicitar el servicio.","Contact the organization to confirm availability, requirements, and how to request the service.","","","","","Austin y comunidades cercanas del Centro de Texas","Austin and surrounding Central Texas communities","","","","","https://texaslawhelp.org/","","","","TX","","","","","https://texaslawhelp.org/","false","false","","Consolidado de las guías pública EN/ES de Eviction Solidarity Network el 2026-08-10. Revisar los datos y la fuente oficial antes de publicar."
"Accessible Housing Austin! (AHA!)","Accessible Housing Austin! (AHA!)","Accessible Housing Austin! (AHA!)","Servicios para individuos y familias con discapacidades que están debajo del 50% del ingreso medio familiar de Austin. La AHA da prioridad a los hogares que tienen necesidades de accesibilidad compatibles con las modificaciones que ofrece cada unidad. Para preguntas sobre la solicitud, envíe un…","Serves individuals and families with disabilities under 50% of Austin’s Median Family Income. AHA prioritizes households needing the accessibility modifications that a given available unit provides. For application inquiries, send an email to Housing@ahaaustin.org. Phone: (512) 640-7781","Servicios para individuos y familias con discapacidades que están debajo del 50% del ingreso medio familiar de Austin. La AHA da prioridad a los hogares que tienen necesidades de accesibilidad compatibles con las modificaciones que ofrece cada unidad. Para preguntas sobre la solicitud, envíe un correo electrónico a Housing@ahaaustin.org Teléfono: (512) 640-7781","Serves individuals and families with disabilities under 50% of Austin’s Median Family Income. AHA prioritizes households needing the accessibility modifications that a given available unit provides. For application inquiries, send an email to Housing@ahaaustin.org. Phone: (512) 640-7781","accessible-housing-austin-aha-accessible-housing-austin-aha","vivienda","","Accessible Housing Austin! (AHA!)|Accessible Housing Austin! (AHA!)","Accessible Housing Austin! (AHA!)|Accessible Housing Austin! (AHA!)","es|en","phone|online","unknown","","","","","Comunícate con la organización para confirmar disponibilidad, requisitos y cómo solicitar el servicio.","Contact the organization to confirm availability, requirements, and how to request the service.","","","","","Austin y comunidades cercanas del Centro de Texas","Austin and surrounding Central Texas communities","512-640-7781","","","Housing@ahaaustin.org","https://ahaustin.org/aha-accessible-housing-austin","","","","TX","","","","","https://ahaustin.org/aha-accessible-housing-austin","false","false","","Consolidado de las guías pública EN/ES de Eviction Solidarity Network el 2026-08-10. Revisar los datos y la fuente oficial antes de publicar."
"Affordable Housing Online Search Tool (AHOST)","Búsqueda de vivienda asequible","Affordable housing search","Búsqueda de vivienda asequible","Affordable housing search","Búsqueda de vivienda asequible","Affordable housing search","affordable-housing-online-search-tool-ahost-affordable-housing-search","vivienda","","Búsqueda de vivienda asequible|Affordable Housing Online Search Tool (AHOST)","Affordable housing search|Affordable Housing Online Search Tool (AHOST)","es|en","online","unknown","","","","","Comunícate con la organización para confirmar disponibilidad, requisitos y cómo solicitar el servicio.","Contact the organization to confirm availability, requirements, and how to request the service.","","","","","Austin y comunidades cercanas del Centro de Texas","Austin and surrounding Central Texas communities","","","","","https://atxaffordablehousing.net/","","","","TX","","","","","https://atxaffordablehousing.net/","false","false","","Consolidado de las guías pública EN/ES de Eviction Solidarity Network el 2026-08-10. Revisar los datos y la fuente oficial antes de publicar."
"Austin Habitat for Humanity Homeownership Program","Austin Habitat for Humanity Homeownership Program","Austin Habitat for Humanity Homeownership Program","Complete el cuestionario de interés y revise los requisitos de elegibilidad en su sitio web https://austinhabitat.org/programs/apply/. Los solicitantes elegibles tendrán acceso a clases de educación sobre ser comprador de vivienda y asesoramiento de vivienda personalizado para preparar a los…","Complete interest questionnaire and view eligibility standards on austinhabitat.org/programs/apply/. Eligible applicants will have access to Homebuyer education classes and one-on-one housing counseling to prepare them for homeownership. Phone: (512) 472-8788 or email info@ahfh.org","Complete el cuestionario de interés y revise los requisitos de elegibilidad en su sitio web https://austinhabitat.org/programs/apply/. Los solicitantes elegibles tendrán acceso a clases de educación sobre ser comprador de vivienda y asesoramiento de vivienda personalizado para preparar a los solicitantes. Teléfono: (512) 472-8788 ext. 100 o Correo electrónico: info@ahfh.org","Complete interest questionnaire and view eligibility standards on austinhabitat.org/programs/apply/. Eligible applicants will have access to Homebuyer education classes and one-on-one housing counseling to prepare them for homeownership. Phone: (512) 472-8788 or email info@ahfh.org","austin-habitat-for-humanity-homeownership-program-austin-habitat-for-humanity-homeownership-program","vivienda","","Austin Habitat for Humanity Homeownership Program|Austin Habitat for Humanity Homeownership Program","Austin Habitat for Humanity Homeownership Program|Austin Habitat for Humanity Homeownership Program","es|en","phone|online","unknown","","","","","Comunícate con la organización para confirmar disponibilidad, requisitos y cómo solicitar el servicio.","Contact the organization to confirm availability, requirements, and how to request the service.","","","","","Austin y comunidades cercanas del Centro de Texas","Austin and surrounding Central Texas communities","512-472-8788","","","info@ahfh.org","https://austinhabitat.org/programs/apply","","","","TX","","","","","https://austinhabitat.org/programs/apply","false","false","","Consolidado de las guías pública EN/ES de Eviction Solidarity Network el 2026-08-10. Revisar los datos y la fuente oficial antes de publicar."
"Baptist Children’s Home","Baptist Children’s Home","Baptist Children’s Home","Programa residencial para madres solteras y sus hijos; cada cabaña aloja hasta 5 familias; incluye ambiente de grupo con la supervisión del equipo de residentes y con ejemplos de aptitudes adecuadas para la vida diaria. Tiene la opción de enviar su solicitud en línea o visitar su lobby en 1101 North…","Residential program for single mothers and children; houses up to 5 families in each cottage; group setting with resident staff supervision and role modeling of appropriate living skills. You have the option to submit your application online or visit their lobby at 1101 North Mays St, Round Rock…","Programa residencial para madres solteras y sus hijos; cada cabaña aloja hasta 5 familias; incluye ambiente de grupo con la supervisión del equipo de residentes y con ejemplos de aptitudes adecuadas para la vida diaria. Tiene la opción de enviar su solicitud en línea o visitar su lobby en 1101 North Mays St, Round Rock, TX, de 8:00 a.m.- 5:00 p.m., de lunes a viernes, para completar una solicitud en papel. Revise los requisitos de admisión en línea en https://www.tbch.org/Site/Service/Family-Care-Program Envíe un correo electrónico a Charlotte Sherburne charlotte.sherburne@tbch.org o llame al (512) 246-4232","Residential program for single mothers and children; houses up to 5 families in each cottage; group setting with resident staff supervision and role modeling of appropriate living skills. You have the option to submit your application online or visit their lobby at 1101 North Mays St, Round Rock, TX, from 8:00 AM to 5:00 PM, Monday through Friday, to complete a paper application. Review admission requirements online at https://www.tbch.org/Site/Service/Family-Care-Program Email Charlotte Sherburne at charlotte.sherburne@tbch.org or call (512) 246-4248","baptist-children-s-home-baptist-children-s-home","vivienda","","Baptist Children’s Home|Baptist Children’s Home","Baptist Children’s Home|Baptist Children’s Home","es|en","phone|online","unknown","","","","","Comunícate con la organización para confirmar disponibilidad, requisitos y cómo solicitar el servicio.","Contact the organization to confirm availability, requirements, and how to request the service.","Programa residencial para madres solteras y sus hijos; cada cabaña aloja hasta 5 familias; incluye ambiente de grupo con la supervisión del equipo de residentes y con ejemplos de aptitudes adecuadas para la vida diaria. Tiene la opción de enviar su solicitud en línea o visitar su lobby en 1101 North Mays St, Round Rock, TX, de 8:00 a.m.- 5:00 p.m., de lunes a viernes, para completar una solicitud en papel. Revise los requisitos de admisión en línea en https://www.tbch.org/Site/Service/Family-Care-Program","Residential program for single mothers and children; houses up to 5 families in each cottage; group setting with resident staff supervision and role modeling of appropriate living skills. You have the option to submit your application online or visit their lobby at 1101 North Mays St, Round Rock, TX, from 8:00 AM to 5:00 PM, Monday through Friday, to complete a paper application. Review admission requirements online at https://www.tbch.org/Site/Service/Family-Care-Program","","","Austin y comunidades cercanas del Centro de Texas","Austin and surrounding Central Texas communities","512-246-4248","","","charlotte.sherburne@tbch.org","https://www.tbch.org/Site/Service/Family-Care-Program","","","","TX","","","","","https://www.tbch.org/Site/Service/Family-Care-Program","false","false","","Consolidado de las guías pública EN/ES de Eviction Solidarity Network el 2026-08-10. Revisar los datos y la fuente oficial antes de publicar."
"Clarksville Community Development Corporation","Clarksville Community Development Corporation","Clarksville Community Development Corporation","10 propiedades, las cuales incluyen hogares para familias individuales, dúplex y unidades de vivienda anexadas (ADU), están dispersas en todo Clarksville y proporcionan vivienda de bajo costo a 16 familias. Para enviar una solicitud para volverse inquilino a la CCDC o si tiene alguna pregunta acerca…","10 properties, which include single-family homes, duplexes and an accessory dwelling unit (ADU), are scattered throughout Clarksville and provide low-cost housing to 16 families.To be eligible to become a CCDC tenant, your gross family income can be no more than 60% of the median family income for…","10 propiedades, las cuales incluyen hogares para familias individuales, dúplex y unidades de vivienda anexadas (ADU), están dispersas en todo Clarksville y proporcionan vivienda de bajo costo a 16 familias. Para enviar una solicitud para volverse inquilino a la CCDC o si tiene alguna pregunta acerca del proceso para rentar una unidad CCDC, llame a la gerencia de Prak Property al (512) 417-7984. Para ser candidato a inquilino de la CCDC, sus ingresos brutos no pueden pasar del 60% del ingreso familiar mediano en el condado de Travis, debe ser una familia con niños, y todos deben estar debajo de los 18 años de edad. https://www.clarksvillecdc.org/affordable-housing","10 properties, which include single-family homes, duplexes and an accessory dwelling unit (ADU), are scattered throughout Clarksville and provide low-cost housing to 16 families.To be eligible to become a CCDC tenant, your gross family income can be no more than 60% of the median family income for Travis County, you must have children, and all of them must be under the age of 18. To apply to become a CCDC tenant or if you have questions about becoming a CCDC tenant, call Prak Property Management at (512) 808-7999. https://www.clarksvillecdc.org/affordable-housing","clarksville-community-development-corporation-clarksville-community-development-corporation","vivienda","","Clarksville Community Development Corporation|Clarksville Community Development Corporation","Clarksville Community Development Corporation|Clarksville Community Development Corporation","es|en","phone|online","unknown","","","","","Comunícate con la organización para confirmar disponibilidad, requisitos y cómo solicitar el servicio.","Contact the organization to confirm availability, requirements, and how to request the service.","","","","","Condado de Travis","Travis County","512-417-7984","","","","https://www.clarksvillecdc.org/affordable-housing","","","","TX","","","","","https://www.clarksvillecdc.org/affordable-housing","false","false","","Consolidado de las guías pública EN/ES de Eviction Solidarity Network el 2026-08-10. Revisar los datos y la fuente oficial antes de publicar."
"ECHO Coordinated Assessment","Evaluación coordinada de ECHO","ECHO Coordinated Assessment","Un buen primer paso para encontrar un lugar estable para vivir es completar una Evaluación Coordinada (CA), una solicitud de asistencia de vivienda centralizada de nuestra comunidad. La CA se puede completar por teléfono, en persona en una agencia, a través de proveedores que realizan actividades de…","A good first step toward finding a stable place to live is completing a Coordinated Assessment (CA), our community’s centralized housing assistance application. The CA can be completed over the phone, in person at an agency, by a street outreach resource, or through other direct service providers.…","Un buen primer paso para encontrar un lugar estable para vivir es completar una Evaluación Coordinada (CA), una solicitud de asistencia de vivienda centralizada de nuestra comunidad. La CA se puede completar por teléfono, en persona en una agencia, a través de proveedores que realizan actividades de extensión en la calle o mediante otros proveedores de servicios directos. Si un solicitante coincide con un programa, el programa se comunicará con él. Tenga en cuenta que existen requisitos de elegibilidad y aquellos que se hospedan con un amigo o se hospedan en un hotel o sala de juntas pueden no ser elegibles. Puede encontrar más información sobre el programa y el proceso de solicitud AQUÍ. La espera por un apartamento puede ser de varios meses o más. Visite su sitio web para obtener más información: https://www.austinecho.org/consigueayuda/","A good first step toward finding a stable place to live is completing a Coordinated Assessment (CA), our community’s centralized housing assistance application. The CA can be completed over the phone, in person at an agency, by a street outreach resource, or through other direct service providers. If and when an applicant matches with a program, the program will then reach out. Please note, there are eligibility requirements and those who are staying with a friend, couch surfing, or staying at a hotel or board room may not be eligible. More information about the program and application process can be found HERE. The wait for an apartment can be several months or longer. Please visit their website for more information: https://www.austinecho.org/get-help/experiencing-homelessness/","echo-coordinated-assessment-echo-coordinated-assessment","vivienda","","Evaluación coordinada de ECHO|ECHO Coordinated Assessment","ECHO Coordinated Assessment|ECHO Coordinated Assessment","es|en","online","unknown","","","","","Comunícate con la organización para confirmar disponibilidad, requisitos y cómo solicitar el servicio.","Contact the organization to confirm availability, requirements, and how to request the service.","","","","","Austin y comunidades cercanas del Centro de Texas","Austin and surrounding Central Texas communities","","","","","https://www.austinecho.org/wp-content/uploads/2021/12/CA-Info-Flyer-Updated-Dec-2024.pdf","","","","TX","","","","","https://www.austinecho.org/wp-content/uploads/2021/12/CA-Info-Flyer-Updated-Dec-2024.pdf","false","false","","Consolidado de las guías pública EN/ES de Eviction Solidarity Network el 2026-08-10. Revisar los datos y la fuente oficial antes de publicar."
"AffordableHousing.com","Búsqueda de vivienda asequible","Affordable housing search","Las viviendas asequibles y basadas en los ingresos son limitadas y hay largas listas de espera. Se recomienda que las personas presenten su solicitud para tantas propiedades como sea posible para las que sean elegibles.","Affordable and income-based housing is limited and there are long waiting lists. It is recommended that folks apply to as many properties that they’re eligible for as possible.","Las viviendas asequibles y basadas en los ingresos son limitadas y hay largas listas de espera. Se recomienda que las personas presenten su solicitud para tantas propiedades como sea posible para las que sean elegibles.","Affordable and income-based housing is limited and there are long waiting lists. It is recommended that folks apply to as many properties that they’re eligible for as possible.","affordablehousing-com-affordable-housing-search","vivienda","","Búsqueda de vivienda asequible|AffordableHousing.com","Affordable housing search|AffordableHousing.com","es|en","online","unknown","","","","","Comunícate con la organización para confirmar disponibilidad, requisitos y cómo solicitar el servicio.","Contact the organization to confirm availability, requirements, and how to request the service.","","","","","Austin y comunidades cercanas del Centro de Texas","Austin and surrounding Central Texas communities","","","","","https://www.affordablehousing.com/","","","","TX","","","","","https://www.affordablehousing.com/","false","false","","Consolidado de las guías pública EN/ES de Eviction Solidarity Network el 2026-08-10. Revisar los datos y la fuente oficial antes de publicar."
"Foundation Communities","Foundation Communities","Foundation Communities","Organización sin fines de lucro que maneja propiedades de vivienda a bajo costo en Austin y el norte de Texas. Comuníquese con el Coordinador de admisión y colocación de viviendas al (512) 610-7392 (de lunes a viernes, 9:00 a.m.- 5:00 p.m.) para obtener información general sobre vivienda…","Non-profit organization that owns and operates affordable family communities in Austin and North Texas. Contact the Housing Intake and Placement Coordinator at (512) 610-7392 (Monday- Friday 9:00 AM- 5 PM) for general housing information, availability, and how to apply for housing at our family…","Organización sin fines de lucro que maneja propiedades de vivienda a bajo costo en Austin y el norte de Texas. Comuníquese con el Coordinador de admisión y colocación de viviendas al (512) 610-7392 (de lunes a viernes, 9:00 a.m.- 5:00 p.m.) para obtener información general sobre vivienda, disponibilidad y cómo solicitar vivienda en las propiedades familiares. El acceso a estas propiedades está restringido a base de ingresos (en escala). https://foundcom.org/es/housing/our-austin-communities/","Non-profit organization that owns and operates affordable family communities in Austin and North Texas. Contact the Housing Intake and Placement Coordinator at (512) 610-7392 (Monday- Friday 9:00 AM- 5 PM) for general housing information, availability, and how to apply for housing at our family properties. These properties are all income-restricted (on a scale) https://foundcom.org/housing/our-austin-communities/","foundation-communities-foundation-communities","vivienda","","Foundation Communities|Foundation Communities","Foundation Communities|Foundation Communities","es|en","phone|online","unknown","","","","","Comunícate con la organización para confirmar disponibilidad, requisitos y cómo solicitar el servicio.","Contact the organization to confirm availability, requirements, and how to request the service.","Comuníquese con el Coordinador de admisión y colocación de viviendas al (512) 610-7392 (de lunes a viernes, 9:00 a.m.- 5:00 p.m.) para obtener información general sobre vivienda, disponibilidad y cómo solicitar vivienda en las propiedades familiares. El acceso a estas propiedades está restringido a base de ingresos (en escala). https://foundcom.org/es/housing/our-austin-communities/","Contact the Housing Intake and Placement Coordinator at (512) 610-7392 (Monday- Friday 9:00 AM- 5 PM) for general housing information, availability, and how to apply for housing at our family properties. These properties are all income-restricted (on a scale) https://foundcom.org/housing/our-austin-communities/","","","Austin y comunidades cercanas del Centro de Texas","Austin and surrounding Central Texas communities","512-610-7392","","","","https://foundcom.org/housing/our-austin-communities","","","","TX","","","","","https://foundcom.org/housing/our-austin-communities","false","false","","Consolidado de las guías pública EN/ES de Eviction Solidarity Network el 2026-08-10. Revisar los datos y la fuente oficial antes de publicar."
"Green Doors","Green Doors","Green Doors","Vivienda de transición y de apoyo | Posee y administra 28 propiedades, que atienden a más de 300 residentes anualmente, incluida la administración de 50 vales de asistencia para el alquiler de viviendas para hogares de bajos ingresos en los condados de Travis, Williamson, y Burnet Teléfono: (512)…","Transitional and supportive housing. Owns and manages 28 properties, serving more than 300 residents annually, including managing 50 housing rental assistance vouchers for low-income households in Travis, Williamson, and Burnet Counties. Phone: (512) 469-9130 or Toll-free: 1 (866) 412-6591.","Vivienda de transición y de apoyo | Posee y administra 28 propiedades, que atienden a más de 300 residentes anualmente, incluida la administración de 50 vales de asistencia para el alquiler de viviendas para hogares de bajos ingresos en los condados de Travis, Williamson, y Burnet Teléfono: (512) 469-9130 o sin cargo: 1 (866) 412-6591.","Transitional and supportive housing. Owns and manages 28 properties, serving more than 300 residents annually, including managing 50 housing rental assistance vouchers for low-income households in Travis, Williamson, and Burnet Counties. Phone: (512) 469-9130 or Toll-free: 1 (866) 412-6591.","green-doors-green-doors","vivienda","","Green Doors|Green Doors","Green Doors|Green Doors","es|en","phone","free","","","","","Comunícate con la organización para confirmar disponibilidad, requisitos y cómo solicitar el servicio.","Contact the organization to confirm availability, requirements, and how to request the service.","","","","","Condado de Burnet","Burnet County","512-469-9130","","","","","","","","TX","","","","","","false","false","","Consolidado de las guías pública EN/ES de Eviction Solidarity Network el 2026-08-10. Revisar los datos y la fuente oficial antes de publicar."
"Guadalupe Neighborhood Development Corporation","Guadalupe Neighborhood Development Corporation","Guadalupe Neighborhood Development Corporation","Las listas de espera para programas de alquiler y propiedad de vivienda están abiertas en el momento; la GNDC le da prioridad a familias con historial de vivienda generacional en barrios específicos https://www.guadalupendc.org/apply-for-housing Envíe su solicitúd por correo electrónico a…","Waitlists for both rental and home ownership programs are currently open; GNDC gives the highest priority to families with generational ties to the target neighborhoods https://www.guadalupendc.org/apply-for-housing Apply online or download the application and email it to Yolanda@guadalupendc.org or…","Las listas de espera para programas de alquiler y propiedad de vivienda están abiertas en el momento; la GNDC le da prioridad a familias con historial de vivienda generacional en barrios específicos https://www.guadalupendc.org/apply-for-housing Envíe su solicitúd por correo electrónico a yolanda@guadalupendc.org o por correo postal al 813 E. 8th Street, Austin TX 78702. Teléfono: (512) 479-6275","Waitlists for both rental and home ownership programs are currently open; GNDC gives the highest priority to families with generational ties to the target neighborhoods https://www.guadalupendc.org/apply-for-housing Apply online or download the application and email it to Yolanda@guadalupendc.org or mail to 813 E. 8th Street, Austin TX 78702. Phone: (512) 479-6275","guadalupe-neighborhood-development-corporation-guadalupe-neighborhood-development-corporation","vivienda","","Guadalupe Neighborhood Development Corporation|Guadalupe Neighborhood Development Corporation","Guadalupe Neighborhood Development Corporation|Guadalupe Neighborhood Development Corporation","es|en","in_person|phone|online","unknown","","","","","Comunícate con la organización para confirmar disponibilidad, requisitos y cómo solicitar el servicio.","Contact the organization to confirm availability, requirements, and how to request the service.","","","","","Austin, Condado de Travis","Austin, Travis County","512-479-6275","","","Yolanda@guadalupendc.org","https://www.guadalupendc.org/apply-for-housing","813 E. 8th Street","","Austin","TX","78702","Travis","","","https://www.guadalupendc.org/apply-for-housing","false","false","","Consolidado de las guías pública EN/ES de Eviction Solidarity Network el 2026-08-10. Revisar los datos y la fuente oficial antes de publicar."
"Housing Authority for the City of Austin (HACA)","Housing Authority for the City of Austin (HACA)","Housing Authority for the City of Austin (HACA)","HACA no ofrece viviendas de emergencia. HACA administra una lista de espera para el programa de Vales de Elección de Vivienda (HCV) (anteriormente Sección 8) y 18 listas de espera para su Asistencia de Alquiler Basada en Proyectos (PBRA), crédito fiscal para viviendas de bajos ingresos (LIHTC) y…","HACA does not provide emergency housing. HACA administers one waiting list for the Housing Choice Voucher (HCV) program (formerly Section 8) and 18 waiting lists for its Project-Based Rental Assistance (PBRA), Low-Income Housing Tax Credit (LIHTC) and Public Housing properties. The first step in the…","HACA no ofrece viviendas de emergencia. HACA administra una lista de espera para el programa de Vales de Elección de Vivienda (HCV) (anteriormente Sección 8) y 18 listas de espera para su Asistencia de Alquiler Basada en Proyectos (PBRA), crédito fiscal para viviendas de bajos ingresos (LIHTC) y propiedades de vivienda pública. El primer paso en el proceso de solicitud es completar y enviar una solicitud previa. Las presolicitudes se aceptan a través del portal web hacanet.org/residents/welcome. Una vez que haya enviado una solicitud, puede verificar su lugar en la lista de espera en myhaca.org. Teléfono: (512) 477-4488","HACA does not provide emergency housing. HACA administers one waiting list for the Housing Choice Voucher (HCV) program (formerly Section 8) and 18 waiting lists for its Project-Based Rental Assistance (PBRA), Low-Income Housing Tax Credit (LIHTC) and Public Housing properties. The first step in the application process is to complete and submit a pre-application. Pre-applications are accepted through the application web portal hacanet.org/residents/welcome. Once you have submitted an application, you may check your status on the waiting list at myhaca.org. Phone: (512) 477-4488","housing-authority-for-the-city-of-austin-haca-housing-authority-for-the-city-of-austin-haca","vivienda","","Housing Authority for the City of Austin (HACA)|Housing Authority for the City of Austin (HACA)","Housing Authority for the City of Austin (HACA)|Housing Authority for the City of Austin (HACA)","es|en","phone|online","unknown","","","","","Comunícate con la organización para confirmar disponibilidad, requisitos y cómo solicitar el servicio.","Contact the organization to confirm availability, requirements, and how to request the service.","","","","","Austin y comunidades cercanas del Centro de Texas","Austin and surrounding Central Texas communities","512-477-4488","","","","https://www.hacanet.org/residents/welcome","","","","TX","","","","","https://www.hacanet.org/residents/welcome","false","false","","Consolidado de las guías pública EN/ES de Eviction Solidarity Network el 2026-08-10. Revisar los datos y la fuente oficial antes de publicar."
"Housing Authority of Travis County (HATC)","Housing Authority for Travis County (HATC)","Housing Authority of Travis County (HATC)","HATA no ofrece viviendas de emergencia. HATA administra listas de espera para el programa de Vales de Elección de Vivienda (HCV) y viviendas asequibles de HATC. Las listas de espera se organizan mediante un sistema de lotería y, si están abiertas, se necesitaría una presolicitud. Cuando las unidades…","HATA does not provide emergency housing. HATA administers waitlists for the Housing Choice Vouchers (HCV) program and HATC affordable housing. Waitlists are organized by a lottery system and if open, a pre-application would be needed. When units become available, they will randomly select applicants…","HATA no ofrece viviendas de emergencia. HATA administra listas de espera para el programa de Vales de Elección de Vivienda (HCV) y viviendas asequibles de HATC. Las listas de espera se organizan mediante un sistema de lotería y, si están abiertas, se necesitaría una presolicitud. Cuando las unidades estén disponibles, seleccionarán aleatoriamente a los solicitantes de la lista de espera según sus preferencias y elegibilidad. https://www.hatctx.com/ Teléfono: (512) 480-8245","HATA does not provide emergency housing. HATA administers waitlists for the Housing Choice Vouchers (HCV) program and HATC affordable housing. Waitlists are organized by a lottery system and if open, a pre-application would be needed. When units become available, they will randomly select applicants from the waitlist based on their preferences and eligibility. https://hatctx.com/ Phone: (512) 480-8245","housing-authority-of-travis-county-hatc-housing-authority-of-travis-county-hatc","vivienda","","Housing Authority for Travis County (HATC)|Housing Authority of Travis County (HATC)","Housing Authority of Travis County (HATC)|Housing Authority of Travis County (HATC)","es|en","phone|online","unknown","","","","","Comunícate con la organización para confirmar disponibilidad, requisitos y cómo solicitar el servicio.","Contact the organization to confirm availability, requirements, and how to request the service.","","","","","Austin y comunidades cercanas del Centro de Texas","Austin and surrounding Central Texas communities","512-480-8245","","","","https://hatctx.com/","","","","TX","","","","","https://hatctx.com/","false","false","","Consolidado de las guías pública EN/ES de Eviction Solidarity Network el 2026-08-10. Revisar los datos y la fuente oficial antes de publicar."
"Integral Care","Servicios de apoyo para vivienda","Housing support services","Integral Care ayuda a adultos que viven con discapacidades intelectuales, discapacidades de salúd mental y/o abuso de drogas. Los servicios pueden incluir el pago de alquiler y servicios públicos, ayuda con propietarios, ayuda con beneficios del gobierno e ingresos de discapacidad, y administración…","Integral Care helps adults who live with intellectual disabilities, mental illness and/or substance abuse. Services can include help paying rent and utilities, help with landlords, help getting benefits and disability income, and case management. They have permanent housing units in Travis County…","Integral Care ayuda a adultos que viven con discapacidades intelectuales, discapacidades de salúd mental y/o abuso de drogas. Los servicios pueden incluir el pago de alquiler y servicios públicos, ayuda con propietarios, ayuda con beneficios del gobierno e ingresos de discapacidad, y administración de casos. Esta organización tiene unidades residenciales en el condado de Travis County y ofrecen apoyo de alojamiento a corto plazo. Debe ser un cliente actual. Para obtener más información sobre sus programas y servicios para adultos, llámalos al (512) 472-HELP (4357). Asegúrese de escuchar atentamente las opciones del menú de voz. Horario: lunes a viernes, 8:00 a.m.- 5:00 p.m.","Integral Care helps adults who live with intellectual disabilities, mental illness and/or substance abuse. Services can include help paying rent and utilities, help with landlords, help getting benefits and disability income, and case management. They have permanent housing units in Travis County and offer short-term housing support. Must be a current client.To learn more about their programs and services for adults, call us at (512) 472-HELP (4357). Press 1 for English, then 3. Hours: Monday- Friday 8:00 AM- 5:00 PM. https://integralcare.org/en/247-crisis-helpline/","integral-care-integral-care","vivienda","","Servicios de apoyo para vivienda|Integral Care","Housing support services|Integral Care","es|en","phone|online","unknown","","","","","Comunícate con la organización para confirmar disponibilidad, requisitos y cómo solicitar el servicio.","Contact the organization to confirm availability, requirements, and how to request the service.","Integral Care ayuda a adultos que viven con discapacidades intelectuales, discapacidades de salúd mental y/o abuso de drogas. Los servicios pueden incluir el pago de alquiler y servicios públicos, ayuda con propietarios, ayuda con beneficios del gobierno e ingresos de discapacidad, y administración de casos. Esta organización tiene unidades residenciales en el condado de Travis County y ofrecen apoyo de alojamiento a corto plazo. Debe ser un cliente actual. Para obtener más información sobre sus programas y servicios para adultos, llámalos al (512) 472-HELP (4357). Asegúrese de escuchar atentamente las opciones del menú de voz. Horario: lunes a viernes, 8:00 a.m.- 5:00 p.m.","Integral Care helps adults who live with intellectual disabilities, mental illness and/or substance abuse. Services can include help paying rent and utilities, help with landlords, help getting benefits and disability income, and case management. They have permanent housing units in Travis County and offer short-term housing support. Must be a current client.To learn more about their programs and services for adults, call us at (512) 472-HELP (4357). Press 1 for English, then 3. Hours: Monday- Friday 8:00 AM- 5:00 PM. https://integralcare.org/en/247-crisis-helpline/","","","Condado de Travis","Travis County","512-472-4357","","","","https://integralcare.org/en/247-crisis-helpline","","","","TX","","","","","https://integralcare.org/en/247-crisis-helpline","false","false","","Consolidado de las guías pública EN/ES de Eviction Solidarity Network el 2026-08-10. Revisar los datos y la fuente oficial antes de publicar."
"Mueller Affordable Homes","Casas Asquesibles de Mueller","Mueller Affordable Homes","El programa de compra de viviendas y complejos de apartamentos participantes reservan una cierta cantidad de sus unidades para la compra al 60 % del ingreso familiar mediano o menos. Los programas certifican los ingresos del hogar anualmente. Si quiere saber más acerca del programa de compra de…","Home-buying program and participating apartment communities set aside a certain number of their units for purchase at 60% AMI and below. The programs certify household income annually. If you want to learn more about the home-buying program, you can attend one of their virtual information sessions.…","El programa de compra de viviendas y complejos de apartamentos participantes reservan una cierta cantidad de sus unidades para la compra al 60 % del ingreso familiar mediano o menos. Los programas certifican los ingresos del hogar anualmente. Si quiere saber más acerca del programa de compra de viviendas, puede asistir a una de sus sesiones virtuales informativas. Regístrate y asiste en su sitio web.https://muelleraustin.com/affordable-homes/ Dirección: 4550 Mueller Blvd. Austin, Texas 78723 Teléfono: (512) 703-9202","Home-buying program and participating apartment communities set aside a certain number of their units for purchase at 60% AMI and below. The programs certify household income annually. If you want to learn more about the home-buying program, you can attend one of their virtual information sessions. Attend meeting (sign up on website) to learn more about program https://muelleraustin.com/affordable-homes/ Address: 4550 Mueller Blvd. Austin, Texas 78723 Phone: (512) 703-9202","mueller-affordable-homes-mueller-affordable-homes","vivienda","","Casas Asquesibles de Mueller|Mueller Affordable Homes","Mueller Affordable Homes|Mueller Affordable Homes","es|en","in_person|phone|online","unknown","","","","","Comunícate con la organización para confirmar disponibilidad, requisitos y cómo solicitar el servicio.","Contact the organization to confirm availability, requirements, and how to request the service.","","","","","Austin, Condado de Travis","Austin, Travis County","512-703-9202","","","","https://muelleraustin.com/affordable-homes","4550 Mueller Blvd.","","Austin","TX","78723","Travis","","","https://muelleraustin.com/affordable-homes","false","false","","Consolidado de las guías pública EN/ES de Eviction Solidarity Network el 2026-08-10. Revisar los datos y la fuente oficial antes de publicar."
"St. George’s Senior Housing","St. George’s Court Apartments","St. George’s Senior Housing","Comunidad de apartamentos para personas con discapacidades y/o edad avanzada. Consultar disponibilidad de unidades y solicitúd en la web: https://www.stgeorgescourt.org/# Teléfono: (512) 459-8285 | Horario: lunes- viernes de 8:30 a.m.- 5:30 p.m.","Apartment community for the elderly and/or disabled. Check availability of units and find application on website: https://www.stgeorgescourt.org/ Phone: (512) 459-8285 | Hours: Monday- Friday 8:30 AM- 5:30 PM","Comunidad de apartamentos para personas con discapacidades y/o edad avanzada. Consultar disponibilidad de unidades y solicitúd en la web: https://www.stgeorgescourt.org/# Teléfono: (512) 459-8285 | Horario: lunes- viernes de 8:30 a.m.- 5:30 p.m.","Apartment community for the elderly and/or disabled. Check availability of units and find application on website: https://www.stgeorgescourt.org/ Phone: (512) 459-8285 | Hours: Monday- Friday 8:30 AM- 5:30 PM","st-george-s-senior-housing-st-george-s-senior-housing","vivienda","","St. George’s Court Apartments|St. George’s Senior Housing","St. George’s Senior Housing|St. George’s Senior Housing","es|en","phone|online","unknown","","","","","Comunícate con la organización para confirmar disponibilidad, requisitos y cómo solicitar el servicio.","Contact the organization to confirm availability, requirements, and how to request the service.","Teléfono: (512) 459-8285 | Horario: lunes- viernes de 8:30 a.m.- 5:30 p.m.","Phone: (512) 459-8285 | Hours: Monday- Friday 8:30 AM- 5:30 PM","","","Austin y comunidades cercanas del Centro de Texas","Austin and surrounding Central Texas communities","512-459-8285","","","","https://www.stgeorgescourt.org/","","","","TX","","","","","https://www.stgeorgescourt.org/","false","false","","Consolidado de las guías pública EN/ES de Eviction Solidarity Network el 2026-08-10. Revisar los datos y la fuente oficial antes de publicar."
"Austin Resource Center for the Homeless (ARCH)","Austin Resource Center for the Homeless (ARCH)","Austin Resource Center for the Homeless (ARCH)","Refugio para hombres ubicado en el centro de Austin, administrado por Urban Alchemy. Ofrece refugio de emergencia, servicios básicos y conexiones a viviendas para 130 hombres. La remisión al refugio se mantiene mediante un sistema de lista de espera supervisado por the Homeless Strategy Office. Las…","Men’s shelter located in downtown Austin, managed by Urban Alchemy. It offers emergency shelter, basic services and connections to housing for 130 men. Referral to the ARCH shelter is managed through a waitlist system overseen by the Homeless Strategy Office. Individuals who need shelter must call…","Refugio para hombres ubicado en el centro de Austin, administrado por Urban Alchemy. Ofrece refugio de emergencia, servicios básicos y conexiones a viviendas para 130 hombres. La remisión al refugio se mantiene mediante un sistema de lista de espera supervisado por the Homeless Strategy Office. Las personas que necesitan refugio deben llamar al Sunrise Homeless Navigation Center al (512) 522-1097 de lunes a viernes de 8:00 a.m.- 8:00 p.m. Dirección: 500 E 7th Street, Austin, TX 78701 Teléfono: (512) 881-8951","Men’s shelter located in downtown Austin, managed by Urban Alchemy. It offers emergency shelter, basic services and connections to housing for 130 men. Referral to the ARCH shelter is managed through a waitlist system overseen by the Homeless Strategy Office. Individuals who need shelter must call the Sunrise Homeless Navigation Center at (512) 522-1097 Monday- Friday from 8:00 AM- 8:00 PM. Physical Address: 500 E 7th Street, Austin, TX 78701 Phone: (512) 305-4100","austin-resource-center-for-the-homeless-arch-austin-resource-center-for-the-homeless-arch","vivienda","","Austin Resource Center for the Homeless (ARCH)|Austin Resource Center for the Homeless (ARCH)","Austin Resource Center for the Homeless (ARCH)|Austin Resource Center for the Homeless (ARCH)","es|en","in_person|phone","unknown","","","","","Comunícate con la organización para confirmar disponibilidad, requisitos y cómo solicitar el servicio.","Contact the organization to confirm availability, requirements, and how to request the service.","Refugio para hombres ubicado en el centro de Austin, administrado por Urban Alchemy. Ofrece refugio de emergencia, servicios básicos y conexiones a viviendas para 130 hombres. La remisión al refugio se mantiene mediante un sistema de lista de espera supervisado por the Homeless Strategy Office. Las personas que necesitan refugio deben llamar al Sunrise Homeless Navigation Center al (512) 522-1097 de lunes a viernes de 8:00 a.m.- 8:00 p.m.","Men’s shelter located in downtown Austin, managed by Urban Alchemy. It offers emergency shelter, basic services and connections to housing for 130 men. Referral to the ARCH shelter is managed through a waitlist system overseen by the Homeless Strategy Office. Individuals who need shelter must call the Sunrise Homeless Navigation Center at (512) 522-1097 Monday- Friday from 8:00 AM- 8:00 PM.","","","Austin, Condado de Travis","Austin, Travis County","512-522-1097","","","","","500 E 7th Street","","Austin","TX","78701","Travis","","","","false","false","","Consolidado de las guías pública EN/ES de Eviction Solidarity Network el 2026-08-10. Revisar los datos y la fuente oficial antes de publicar."
"Casa Marianella","Casa Marianella","Casa Marianella","Casa Marianella es un albergue de emergencia para inmigrantes, refugiados y personas buscando asilo que han llegado recientemente al país. Posada Esperanza es el refugio familiar de Casa Marianella. Son un programa de vivienda de transición de servicio completo para madres inmigrantes y sus hijos…","Casa Marianella is an emergency homeless shelter that serves recently-arrived men and women immigrants, asylum seekers, and asylees. Posada Esperanza is the family shelter of Casa Marianella. They are a full-service transitional housing program for immigrant mothers and their children, escaping…","Casa Marianella es un albergue de emergencia para inmigrantes, refugiados y personas buscando asilo que han llegado recientemente al país. Posada Esperanza es el refugio familiar de Casa Marianella. Son un programa de vivienda de transición de servicio completo para madres inmigrantes y sus hijos, que escapan de la violencia doméstica o cultural. Abrí Lumiere es un programa de Casa Marianella que brinda refugio y administración de casos para familias inmigrantes biparentales y familias con padres solteros. Teléfono: (512) 385-5571","Casa Marianella is an emergency homeless shelter that serves recently-arrived men and women immigrants, asylum seekers, and asylees. Posada Esperanza is the family shelter of Casa Marianella. They are a full-service transitional housing program for immigrant mothers and their children, escaping domestic or cultural violence. Abri Lumiere is a program of Casa Marianella that provides shelter and case management for immigrant two-parent families and families with single dads. Phone: (512) 385-5571","casa-marianella-casa-marianella","vivienda","","Casa Marianella|Casa Marianella","Casa Marianella|Casa Marianella","es|en","phone","unknown","","","","","Comunícate con la organización para confirmar disponibilidad, requisitos y cómo solicitar el servicio.","Contact the organization to confirm availability, requirements, and how to request the service.","","","","","Austin y comunidades cercanas del Centro de Texas","Austin and surrounding Central Texas communities","512-385-5571","","","","","","","","TX","","","","","","false","false","","Consolidado de las guías pública EN/ES de Eviction Solidarity Network el 2026-08-10. Revisar los datos y la fuente oficial antes de publicar."
"City of Austin","Albergue para clima frío","Cold Weather Shelter","Llame a la Cold Weather Hotline (512) 305-ICEE (4233). Estos refugios se abren cuando la temperatura baja a: *32 grados o menos durante la noche *35 grados, con lluvia/mojado *35 grados, con una sensación térmica de 32 o menos. Para conocer el estado de los albergues llame al (512) 972-5055","Please call the Cold Weather Hotline (512) 305-ICEE (4233). These shelters are opened when: *32 degrees or colder overnight *35 degrees, with rain/wet *35 degrees, with wind chill of 32 or colder. To find the status of shelters, call (512) 972-5055.","Llame a la Cold Weather Hotline (512) 305-ICEE (4233). Estos refugios se abren cuando la temperatura baja a: *32 grados o menos durante la noche *35 grados, con lluvia/mojado *35 grados, con una sensación térmica de 32 o menos. Para conocer el estado de los albergues llame al (512) 972-5055","Please call the Cold Weather Hotline (512) 305-ICEE (4233). These shelters are opened when: *32 degrees or colder overnight *35 degrees, with rain/wet *35 degrees, with wind chill of 32 or colder. To find the status of shelters, call (512) 972-5055.","city-of-austin-cold-weather-shelter","vivienda","","Albergue para clima frío|City of Austin","Cold Weather Shelter|City of Austin","es|en","phone","unknown","","","","","Comunícate con la organización para confirmar disponibilidad, requisitos y cómo solicitar el servicio.","Contact the organization to confirm availability, requirements, and how to request the service.","","","","","Austin y comunidades cercanas del Centro de Texas","Austin and surrounding Central Texas communities","512-305-4233","","","","","","","","TX","","","","","","false","false","","Consolidado de las guías pública EN/ES de Eviction Solidarity Network el 2026-08-10. Revisar los datos y la fuente oficial antes de publicar."
"Downtown Austin Community Court (DACC)","Downtown Austin Community Court (DACC)","Downtown Austin Community Court (DACC)","Servicios intensivos de administración de casos y otros servicios voluntarios para personas sin hogar. No es necesario hacer citas para recibir servicios. Dirección: 505 Barton Springs Road, primer piso Teléfono: (512) 974-4879 | Horario: lunes- viernes de 8:00 a.m.- 5:00 p.m.","Intensive Case Management and voluntary walk-in services are available for individuals experiencing homelessness. Appointments are not necessary to access walk-in services. Address: 505 Barton Springs Road, First floor Phonel: (512) 974-4879 Hours: Monday- Friday from 8:00 AM- 5:00 PM","Servicios intensivos de administración de casos y otros servicios voluntarios para personas sin hogar. No es necesario hacer citas para recibir servicios. Dirección: 505 Barton Springs Road, primer piso Teléfono: (512) 974-4879 | Horario: lunes- viernes de 8:00 a.m.- 5:00 p.m.","Intensive Case Management and voluntary walk-in services are available for individuals experiencing homelessness. Appointments are not necessary to access walk-in services. Address: 505 Barton Springs Road, First floor Phonel: (512) 974-4879 Hours: Monday- Friday from 8:00 AM- 5:00 PM","downtown-austin-community-court-dacc-downtown-austin-community-court-dacc","vivienda","","Downtown Austin Community Court (DACC)|Downtown Austin Community Court (DACC)","Downtown Austin Community Court (DACC)|Downtown Austin Community Court (DACC)","es|en","phone","unknown","","","","","Comunícate con la organización para confirmar disponibilidad, requisitos y cómo solicitar el servicio.","Contact the organization to confirm availability, requirements, and how to request the service.","Teléfono: (512) 974-4879 | Horario: lunes- viernes de 8:00 a.m.- 5:00 p.m.","Phonel: (512) 974-4879 Hours: Monday- Friday from 8:00 AM- 5:00 PM","","","Austin y comunidades cercanas del Centro de Texas","Austin and surrounding Central Texas communities","512-974-4879","","","","","","","","TX","","","","","","false","false","","Consolidado de las guías pública EN/ES de Eviction Solidarity Network el 2026-08-10. Revisar los datos y la fuente oficial antes de publicar."
"Lifeworks (youth only)","Lifeworks (solamente para jóvenes)","Lifeworks (youth only)","Youth Resource Center (YRC) – 835 N Pleasant Valley Road. Servicios sin cita previa están disponibles para personas menores de 26 años que se encuentran sin hogar. Los servicios incluyen comida y agua, artículos de higiene, búsqueda de alojamiento, material de campamento, ayuda con documentos de…","Youth Resource Center (YRC) – 835 N Pleasant Valley Road. Walk-up services are available for those who are 26 and younger experiencing homelessness. Services include food and water, hygiene items, housing navigation, camping gear, help with identification documents, a mailing address, program…","Youth Resource Center (YRC) – 835 N Pleasant Valley Road. Servicios sin cita previa están disponibles para personas menores de 26 años que se encuentran sin hogar. Los servicios incluyen comida y agua, artículos de higiene, búsqueda de alojamiento, material de campamento, ayuda con documentos de identificación, una dirección postal, referencias a programas y más. YRC está abierto de lunes a jueves de 12:00 p.m.- 4:00 p.m. Teléfono: (512) 735-2400","Youth Resource Center (YRC) – 835 N Pleasant Valley Road. Walk-up services are available for those who are 26 and younger experiencing homelessness. Services include food and water, hygiene items, housing navigation, camping gear, help with identification documents, a mailing address, program referrals, and more. YRC is open Monday- Thursday from 12:00- 4:00 PM Website: https://www.lifeworksaustin.org/ Phone: 512-735-2400 for housing-related issues","lifeworks-youth-only-lifeworks-youth-only","vivienda","","Lifeworks (solamente para jóvenes)|Lifeworks (youth only)","Lifeworks (youth only)|Lifeworks (youth only)","es|en","phone|online","unknown","","","","","Comunícate con la organización para confirmar disponibilidad, requisitos y cómo solicitar el servicio.","Contact the organization to confirm availability, requirements, and how to request the service.","Youth Resource Center (YRC) – 835 N Pleasant Valley Road. Servicios sin cita previa están disponibles para personas menores de 26 años que se encuentran sin hogar. Los servicios incluyen comida y agua, artículos de higiene, búsqueda de alojamiento, material de campamento, ayuda con documentos de identificación, una dirección postal, referencias a programas y más. YRC está abierto de lunes a jueves de 12:00 p.m.- 4:00 p.m.","Youth Resource Center (YRC) – 835 N Pleasant Valley Road. Walk-up services are available for those who are 26 and younger experiencing homelessness. Services include food and water, hygiene items, housing navigation, camping gear, help with identification documents, a mailing address, program referrals, and more. YRC is open Monday- Thursday from 12:00- 4:00 PM","","","Austin y comunidades cercanas del Centro de Texas","Austin and surrounding Central Texas communities","512-735-2400","","","","https://www.lifeworksaustin.org/","","","","TX","","","","","https://www.lifeworksaustin.org/","false","false","","Consolidado de las guías pública EN/ES de Eviction Solidarity Network el 2026-08-10. Revisar los datos y la fuente oficial antes de publicar."
"Safe Alliance","La Alianza SAFE","Safe Alliance","Refugio de emergencia para quienes huyen de la violencia doméstica y sexual, ya sean familias o individuos, y disponible para personas de todas las identidades de género. Ayuda legal y educativa se ofrecen en el albergue. https://www.safeaustin.org/es/ Llame al (512) 267-7233 (Línea de 24 horas)…","Emergency shelter for those fleeing domestic and sexual violence, whether families or individuals, and available to people of all gender identities. Services provided, such as legal and educational, once in shelter. www.safeaustin.org Call: (512) 267-7233 (24-hour hotline), Text: (737) 888-7233","Refugio de emergencia para quienes huyen de la violencia doméstica y sexual, ya sean familias o individuos, y disponible para personas de todas las identidades de género. Ayuda legal y educativa se ofrecen en el albergue. https://www.safeaustin.org/es/ Llame al (512) 267-7233 (Línea de 24 horas); Texto: (737) 888-7233","Emergency shelter for those fleeing domestic and sexual violence, whether families or individuals, and available to people of all gender identities. Services provided, such as legal and educational, once in shelter. www.safeaustin.org Call: (512) 267-7233 (24-hour hotline), Text: (737) 888-7233","safe-alliance-safe-alliance","vivienda","","La Alianza SAFE|Safe Alliance","Safe Alliance|Safe Alliance","es|en","phone|online","unknown","","","","","Comunícate con la organización para confirmar disponibilidad, requisitos y cómo solicitar el servicio.","Contact the organization to confirm availability, requirements, and how to request the service.","Llamada: (512) 267-7233 (línea directa las 24 horas), Texto: (737) 888-7233","Call: (512) 267-7233 (24-hour hotline), Text: (737) 888-7233","","","Austin y comunidades cercanas del Centro de Texas","Austin and surrounding Central Texas communities","512-267-7233","","","","http://www.safeaustin.org/","","","","TX","","","","","http://www.safeaustin.org/","false","false","","Consolidado de las guías pública EN/ES de Eviction Solidarity Network el 2026-08-10. Revisar los datos y la fuente oficial antes de publicar."
"Sunrise Homeless Navigation Center","Sunrise Homeless Navigation Center","Sunrise Homeless Navigation Center","The Sunrise Hub centro de día brinda servicios que incluyen alimentos (para humanos y mascotas), acceso/apoyo a tecnología, asistencia financiera para mudanzas, duchas y productos de higiene. Además, hay otros servicios que solo están disponibles en ciertos días de la semana, consulta el sitio web…","The Sunrise Hub day center provides services including food (human and pet), technology access/support, financial assistance for moves, showers and hygiene products. Additionally, there are other services only available on certain weekdays, check the website for the schedule. Lines start forming at…","The Sunrise Hub centro de día brinda servicios que incluyen alimentos (para humanos y mascotas), acceso/apoyo a tecnología, asistencia financiera para mudanzas, duchas y productos de higiene. Además, hay otros servicios que solo están disponibles en ciertos días de la semana, consulta el sitio web para conocer los horarios. Las filas comienzan a formarse a las 8:00 a.m. https://sunrisenavigationcenter.org/get-help Dirección: 4430 Manchaca Road Teléfono: (512) 522-1097 | Horario: lunes- viernes, 9:00 a.m.- 1:00 p.m.","The Sunrise Hub day center provides services including food (human and pet), technology access/support, financial assistance for moves, showers and hygiene products. Additionally, there are other services only available on certain weekdays, check the website for the schedule. Lines start forming at 8:00 AM. https://sunrisenavigationcenter.org/get-help Address: 4430 Manchaca Road Phone: (512) 522-1097 | Hours: Monday- Friday, 9:00 AM to 1:00 PM","sunrise-homeless-navigation-center-sunrise-homeless-navigation-center","vivienda","","Sunrise Homeless Navigation Center|Sunrise Homeless Navigation Center","Sunrise Homeless Navigation Center|Sunrise Homeless Navigation Center","es|en","phone|online","unknown","","","","","Comunícate con la organización para confirmar disponibilidad, requisitos y cómo solicitar el servicio.","Contact the organization to confirm availability, requirements, and how to request the service.","Teléfono: (512) 522-1097 | Horario: lunes- viernes, 9:00 a.m.- 1:00 p.m.","Phone: (512) 522-1097 | Hours: Monday- Friday, 9:00 AM to 1:00 PM","","","Austin y comunidades cercanas del Centro de Texas","Austin and surrounding Central Texas communities","512-522-1097","","","","https://sunrisenavigationcenter.org/get-help","","","","TX","","","","","https://sunrisenavigationcenter.org/get-help","false","false","","Consolidado de las guías pública EN/ES de Eviction Solidarity Network el 2026-08-10. Revisar los datos y la fuente oficial antes de publicar."
"The Salvation Army - Shelter for Women and Children","The Salvation Army - Austin Shelter for Women and Children","The Salvation Army - Shelter for Women and Children","Refugio para mujeres y niños/as. En el lugar se brindan administración de casos, servicios rápidos de realojamiento, asistencia laboral, un laboratorio de aprendizaje con computadoras, cuidado de niños y terapia infantil/familiar. | Dirección: 4523 Tannehill Lane, Edif. 3 | Teléfono: (512) 933-0600","Case management, rapid rehousing services, employment assistance, a computer learning lab, childcare, and child/family therapy are provided on-site. | 4523 Tannehill Lane. Bldg 3 | Phone: (512) 933-0600","Refugio para mujeres y niños/as. En el lugar se brindan administración de casos, servicios rápidos de realojamiento, asistencia laboral, un laboratorio de aprendizaje con computadoras, cuidado de niños y terapia infantil/familiar. | Dirección: 4523 Tannehill Lane, Edif. 3 | Teléfono: (512) 933-0600","Case management, rapid rehousing services, employment assistance, a computer learning lab, childcare, and child/family therapy are provided on-site. | 4523 Tannehill Lane. Bldg 3 | Phone: (512) 933-0600","the-salvation-army-shelter-for-women-and-children-the-salvation-army-shelter-for-women-and-children","vivienda","","The Salvation Army - Austin Shelter for Women and Children|The Salvation Army - Shelter for Women and Children","The Salvation Army - Shelter for Women and Children|The Salvation Army - Shelter for Women and Children","es|en","phone","unknown","","","","","Comunícate con la organización para confirmar disponibilidad, requisitos y cómo solicitar el servicio.","Contact the organization to confirm availability, requirements, and how to request the service.","","","","","Austin y comunidades cercanas del Centro de Texas","Austin and surrounding Central Texas communities","512-933-0600","","","","","","","","TX","","","","","","false","false","","Consolidado de las guías pública EN/ES de Eviction Solidarity Network el 2026-08-10. Revisar los datos y la fuente oficial antes de publicar."
"The Salvation Army - Rathgeber Center for Families","The Salvation Army - Rathgeber Center for Families","The Salvation Army - Rathgeber Center for Families","Refugio para familias. En el lugar se brindan administración de casos, servicios rápidos de realojamiento, asistencia laboral, un laboratorio de aprendizaje con computadoras, cuidado de niños y terapia infantil/familiar. | Dirección: 4523 Tannehill Lane, Edif. 1 | Teléfono: (737) 256-6926","Case management, rapid rehousing services, employment assistance, a computer learning lab, childcare, and child/family therapy are provided on-site. | 4613 Tannehill Ln Bldg 1, Austin, TX 78721 | Phone: (737) 256-6926","Refugio para familias. En el lugar se brindan administración de casos, servicios rápidos de realojamiento, asistencia laboral, un laboratorio de aprendizaje con computadoras, cuidado de niños y terapia infantil/familiar. | Dirección: 4523 Tannehill Lane, Edif. 1 | Teléfono: (737) 256-6926","Case management, rapid rehousing services, employment assistance, a computer learning lab, childcare, and child/family therapy are provided on-site. | 4613 Tannehill Ln Bldg 1, Austin, TX 78721 | Phone: (737) 256-6926","the-salvation-army-rathgeber-center-for-families-the-salvation-army-rathgeber-center-for-families","vivienda","","The Salvation Army - Rathgeber Center for Families|The Salvation Army - Rathgeber Center for Families","The Salvation Army - Rathgeber Center for Families|The Salvation Army - Rathgeber Center for Families","es|en","in_person|phone","unknown","","","","","Comunícate con la organización para confirmar disponibilidad, requisitos y cómo solicitar el servicio.","Contact the organization to confirm availability, requirements, and how to request the service.","","","","","Austin, Condado de Travis","Austin, Travis County","737-256-6926","","","","","4613 Tannehill Ln Bldg 1","","Austin","TX","78721","Travis","","","","false","false","","Consolidado de las guías pública EN/ES de Eviction Solidarity Network el 2026-08-10. Revisar los datos y la fuente oficial antes de publicar."
"City of Austin","Centros de calentamiento","Warming Centers","Todas las instalaciones de parques y bibliotecas pueden servir como centro de calentamiento durante el horario normal de funcionamiento. Se permiten animales de servicio en las instalaciones de la ciudad. Consulta el horario de atención antes de llegar. Esté atento a las noticias locales para…","All Parks and Library facilities can serve as a Warming Center during normal operating hours. Service animals are permitted in City facilities. Check hours of operation before arriving. Please monitor local news for up-to-date weather information and visit ReadyCentralTexas.org on how to be prepared…","Todas las instalaciones de parques y bibliotecas pueden servir como centro de calentamiento durante el horario normal de funcionamiento. Se permiten animales de servicio en las instalaciones de la ciudad. Consulta el horario de atención antes de llegar. Esté atento a las noticias locales para obtener información meteorológica actualizada y visite https://www.austintexas.gov/readycentraltexas para saber cómo prepararse para el clima invernal.","All Parks and Library facilities can serve as a Warming Center during normal operating hours. Service animals are permitted in City facilities. Check hours of operation before arriving. Please monitor local news for up-to-date weather information and visit ReadyCentralTexas.org on how to be prepared for winter weather.","city-of-austin-warming-centers","vivienda","","Centros de calentamiento|City of Austin","Warming Centers|City of Austin","es|en","online","unknown","","","","","Comunícate con la organización para confirmar disponibilidad, requisitos y cómo solicitar el servicio.","Contact the organization to confirm availability, requirements, and how to request the service.","Todas las instalaciones de parques y bibliotecas pueden servir como centro de calentamiento durante el horario normal de funcionamiento. Se permiten animales de servicio en las instalaciones de la ciudad. Consulta el horario de atención antes de llegar. Esté atento a las noticias locales para obtener información meteorológica actualizada y visite ReadyCentralTexas.org para saber cómo prepararse para el clima invernal.","All Parks and Library facilities can serve as a Warming Center during normal operating hours. Service animals are permitted in City facilities. Check hours of operation before arriving. Please monitor local news for up-to-date weather information and visit ReadyCentralTexas.org on how to be prepared for winter weather.","","","Austin y comunidades cercanas del Centro de Texas","Austin and surrounding Central Texas communities","","","","","http://readycentraltexas.org/","","","","TX","","","","","http://readycentraltexas.org/","false","false","","Consolidado de las guías pública EN/ES de Eviction Solidarity Network el 2026-08-10. Revisar los datos y la fuente oficial antes de publicar."
"ATX Free Fridge Project","ATX Free Fridge Project","ATX Free Fridge Project","Refrigeradoras comunitarias abastecidas con alimentos, abiertas al público sin coste alguno. Encuentre más información en su sitio web: https://www.atxfreefridge.com/ o en Instagram: https://www.instagram.com/atxfreefridge/. Actualmente en 7 ubicaciones: Redbud (refrigerador SIN CONGELADOR y…","Community fridges stocked with food, open to the public at no cost. Find more information on their website: https://www.atxfreefridge.com/ or on Instagram: https://www.instagram.com/atxfreefridge/ Currently at 7 locations: Redbud (Fridge with NO FREEZER & pantry) - 2027 Anchor Ln. 2nd Street (Fridge…","Refrigeradoras comunitarias abastecidas con alimentos, abiertas al público sin coste alguno. Encuentre más información en su sitio web: https://www.atxfreefridge.com/ o en Instagram: https://www.instagram.com/atxfreefridge/. Actualmente en 7 ubicaciones: Redbud (refrigerador SIN CONGELADOR y despensa) - 2027 Anchor Ln 2nd Street (refrigerador SIN CONGELADOR y despensa) - 1710 E. 2nd Street Dittmar (refrigerador SIN CONGELADOR y despensa) - 618 W. Dittmar Rd. Dove Springs (refrigerador con congelador y despensa) - 6708 Ripple Run Rd. Nixta Taqueria (refrigerador SIN CONGELADOR y despensa) - 2512 E 12th st. Brentwood (refrigerador SIN CONGELADOR y despensa) - 1601 W Koenig Ln West Campus (refrigerador SIN CONGELADOR) - 2000 Pearl St.","Community fridges stocked with food, open to the public at no cost. Find more information on their website: https://www.atxfreefridge.com/ or on Instagram: https://www.instagram.com/atxfreefridge/ Currently at 7 locations: Redbud (Fridge with NO FREEZER & pantry) - 2027 Anchor Ln. 2nd Street (Fridge with NO FREEZER & pantry) - 1710 E. 2nd Street Dittmar (Fridge with NO FREEZER & pantry) - 618 W. Dittmar Rd. Dove Springs (Fridge with freezer & pantry) - 6708 Ripple Run Rd. Nixta Taqueria (Fridge with NO FREEZER & pantry) - 2512 E 12th St. Brentwood (Fridge with NO FREEZER & pantry) - 1601 W Koenig Ln West Campus (Fridge with NO FREEZER & pantry) - 2000 Pearl St.","atx-free-fridge-project-atx-free-fridge-project","comida","","ATX Free Fridge Project|ATX Free Fridge Project","ATX Free Fridge Project|ATX Free Fridge Project","es|en","online","free","","","","","Comunícate con la organización para confirmar disponibilidad, requisitos y cómo solicitar el servicio.","Contact the organization to confirm availability, requirements, and how to request the service.","","","","","Austin y comunidades cercanas del Centro de Texas","Austin and surrounding Central Texas communities","","","","","https://www.atxfreefridge.com/","","","","TX","","","","","https://www.atxfreefridge.com/","false","false","","Consolidado de las guías pública EN/ES de Eviction Solidarity Network el 2026-08-10. Revisar los datos y la fuente oficial antes de publicar."
"Angel House/ Austin Baptist Chapel","Angel House/ Austin Baptist Chapel","Angel House/ Austin Baptist Chapel","908 E Cesar Chavez St, Austin, TX 78702. Desayuno en bolsas todos los días de 9:30- 10:00 a.m. Almuerzo en bolsas todos los días de 11:00 a.m.- 12:30 p.m. Duchas también disponibles. www.austinbaptistchapel.com/ Teléfono: (512) 643-2327","908 E Cesar Chavez St, Austin, TX 78702. Sack breakfast 9:30- 10:00 AM. Sack lunches 11:00 AM- 12:30 PM. Showers are also available. www.austinbaptistchapel.com/ Phone: (512) 643-2327","908 E Cesar Chavez St, Austin, TX 78702. Desayuno en bolsas todos los días de 9:30- 10:00 a.m. Almuerzo en bolsas todos los días de 11:00 a.m.- 12:30 p.m. Duchas también disponibles. www.austinbaptistchapel.com/ Teléfono: (512) 643-2327","908 E Cesar Chavez St, Austin, TX 78702. Sack breakfast 9:30- 10:00 AM. Sack lunches 11:00 AM- 12:30 PM. Showers are also available. www.austinbaptistchapel.com/ Phone: (512) 643-2327","angel-house-austin-baptist-chapel-angel-house-austin-baptist-chapel","comida","","Angel House/ Austin Baptist Chapel|Angel House/ Austin Baptist Chapel","Angel House/ Austin Baptist Chapel|Angel House/ Austin Baptist Chapel","es|en","in_person|phone|online","unknown","","","","","Comunícate con la organización para confirmar disponibilidad, requisitos y cómo solicitar el servicio.","Contact the organization to confirm availability, requirements, and how to request the service.","","","","","Austin, Condado de Travis","Austin, Travis County","512-643-2327","","","","http://www.austinbaptistchapel.com/","908 E Cesar Chavez St","","Austin","TX","78702","Travis","","","http://www.austinbaptistchapel.com/","false","false","","Consolidado de las guías pública EN/ES de Eviction Solidarity Network el 2026-08-10. Revisar los datos y la fuente oficial antes de publicar."
"Caritas of Austin","Caritas of Austin","Caritas of Austin","611 Neches St., Austin, TX 78701. Mantiene una despensa con víveres para los clientes. Almuerzo en bolsas disponibles lunes a viernes de 11:00 a.m.- 12:30 p.m. La oficina está abierta los lunes a jueves de 8:00 a.m.- 4:45 p.m. para acceso a agua potable, baños y teléfonos.…","611 Neches St., Austin, TX 78701. Maintains a pantry with groceries for clients. Sack lunches Monday- Friday 11:00 AM- 12:30 PM. Lobby open Monday, Tuesday, Wednesday, and Thursday 8:00 AM- 4:45 PM. Access to water, bathrooms, and phones. https://caritasofaustin.org/","611 Neches St., Austin, TX 78701. Mantiene una despensa con víveres para los clientes. Almuerzo en bolsas disponibles lunes a viernes de 11:00 a.m.- 12:30 p.m. La oficina está abierta los lunes a jueves de 8:00 a.m.- 4:45 p.m. para acceso a agua potable, baños y teléfonos. https://caritasofaustin.org/","611 Neches St., Austin, TX 78701. Maintains a pantry with groceries for clients. Sack lunches Monday- Friday 11:00 AM- 12:30 PM. Lobby open Monday, Tuesday, Wednesday, and Thursday 8:00 AM- 4:45 PM. Access to water, bathrooms, and phones. https://caritasofaustin.org/","caritas-of-austin-caritas-of-austin","comida","","Caritas of Austin|Caritas of Austin","Caritas of Austin|Caritas of Austin","es|en","in_person|online","unknown","","","","","Comunícate con la organización para confirmar disponibilidad, requisitos y cómo solicitar el servicio.","Contact the organization to confirm availability, requirements, and how to request the service.","611 Neches St., Austin, TX 78701. Mantiene una despensa con víveres para los clientes. Almuerzo en bolsas disponibles lunes a viernes de 11:00 a.m.- 12:30 p.m. La oficina está abierta los lunes a jueves de 8:00 a.m.- 4:45 p.m. para acceso a agua potable, baños y teléfonos. https://caritasofaustin.org/","611 Neches St., Austin, TX 78701. Maintains a pantry with groceries for clients. Sack lunches Monday- Friday 11:00 AM- 12:30 PM. Lobby open Monday, Tuesday, Wednesday, and Thursday 8:00 AM- 4:45 PM. Access to water, bathrooms, and phones. https://caritasofaustin.org/","","","Austin, Condado de Travis","Austin, Travis County","","","","","https://caritasofaustin.org/","611 Neches St.","","Austin","TX","78701","Travis","","","https://caritasofaustin.org/","false","false","","Consolidado de las guías pública EN/ES de Eviction Solidarity Network el 2026-08-10. Revisar los datos y la fuente oficial antes de publicar."
"Central Presbyterian Church","Central Presbyterian Church","Central Presbyterian Church","200 E 8th St, Austin, TX 78701 (esquina de 8th y Brazos). Central Mission sirve un desayuno caliente en el Fellowship Hall todos los jueves de 8:30- 11:00 a.m. Almuerzo para mujeres todos los martes a las 12:00 p.m. También distribuyen artículos de higiene y ropa.","200 E 8th St, Austin, TX 78701 (Corner of 8th and Brazos). Central Mission serves a hot breakfast in Fellowship Hall every Thursday from 8:30 AM- 11:00 AM. Women’s Lunch every Tuesday at 12:00 PM. They also distribute hygiene items and clothing.","200 E 8th St, Austin, TX 78701 (esquina de 8th y Brazos). Central Mission sirve un desayuno caliente en el Fellowship Hall todos los jueves de 8:30- 11:00 a.m. Almuerzo para mujeres todos los martes a las 12:00 p.m. También distribuyen artículos de higiene y ropa.","200 E 8th St, Austin, TX 78701 (Corner of 8th and Brazos). Central Mission serves a hot breakfast in Fellowship Hall every Thursday from 8:30 AM- 11:00 AM. Women’s Lunch every Tuesday at 12:00 PM. They also distribute hygiene items and clothing.","central-presbyterian-church-central-presbyterian-church","comida","","Central Presbyterian Church|Central Presbyterian Church","Central Presbyterian Church|Central Presbyterian Church","es|en","in_person","unknown","","","","","Comunícate con la organización para confirmar disponibilidad, requisitos y cómo solicitar el servicio.","Contact the organization to confirm availability, requirements, and how to request the service.","200 E 8th St, Austin, TX 78701 (esquina de 8th y Brazos). Central Mission sirve un desayuno caliente en el Fellowship Hall todos los jueves de 8:30- 11:00 a.m. Almuerzo para mujeres todos los martes a las 12:00 p.m. También distribuyen artículos de higiene y ropa.","200 E 8th St, Austin, TX 78701 (Corner of 8th and Brazos). Central Mission serves a hot breakfast in Fellowship Hall every Thursday from 8:30 AM- 11:00 AM. Women’s Lunch every Tuesday at 12:00 PM. They also distribute hygiene items and clothing.","","","Austin, Condado de Travis","Austin, Travis County","","","","","","200 E 8th St","","Austin","TX","78701","Travis","","","","false","false","","Consolidado de las guías pública EN/ES de Eviction Solidarity Network el 2026-08-10. Revisar los datos y la fuente oficial antes de publicar."
"Central Texas Food Bank and SNAP Assistance","Central Texas Food Bank and SNAP Assistance","Central Texas Food Bank and SNAP Assistance","Llame con anticipación para asegurar que el banco de alimentos está abierto. Teléfono: (512) 282-2111 https://www.centraltexasfoodbank.org/get-help & https://www.centraltexasfoodbank.org/food-assistance/get-food-now#","Call ahead to ensure the pantry is still open. Phone: (512) 282-2111 https://www.centraltexasfoodbank.org/food-assistance/get-food-now & https://www.centraltexasfoodbank.org/get-help","Llame con anticipación para asegurar que el banco de alimentos está abierto. Teléfono: (512) 282-2111 https://www.centraltexasfoodbank.org/get-help & https://www.centraltexasfoodbank.org/food-assistance/get-food-now#","Call ahead to ensure the pantry is still open. Phone: (512) 282-2111 https://www.centraltexasfoodbank.org/food-assistance/get-food-now & https://www.centraltexasfoodbank.org/get-help","central-texas-food-bank-and-snap-assistance-central-texas-food-bank-and-snap-assistance","comida","","Central Texas Food Bank and SNAP Assistance|Central Texas Food Bank and SNAP Assistance","Central Texas Food Bank and SNAP Assistance|Central Texas Food Bank and SNAP Assistance","es|en","phone|online","unknown","","","","","Comunícate con la organización para confirmar disponibilidad, requisitos y cómo solicitar el servicio.","Contact the organization to confirm availability, requirements, and how to request the service.","","","","","Austin y comunidades cercanas del Centro de Texas","Austin and surrounding Central Texas communities","512-282-2111","","","","https://www.centraltexasfoodbank.org/food-assistance/get-food-now","","","","TX","","","","","https://www.centraltexasfoodbank.org/food-assistance/get-food-now","false","false","","Consolidado de las guías pública EN/ES de Eviction Solidarity Network el 2026-08-10. Revisar los datos y la fuente oficial antes de publicar."
"Faith Presbyterian Church","Faith Presbyterian Church,","Faith Presbyterian Church","1314 E Oltorf St, Austin, TX 78704. El programa Bread for All ofrece comestibles todos los lunes de 5:00- 6:30 p.m.","1314 E Oltorf St, Austin, TX 78704. The Bread for All program provides groceries at their campus every Monday from 5:00- 6:30 PM.","1314 E Oltorf St, Austin, TX 78704. El programa Bread for All ofrece comestibles todos los lunes de 5:00- 6:30 p.m.","1314 E Oltorf St, Austin, TX 78704. The Bread for All program provides groceries at their campus every Monday from 5:00- 6:30 PM.","faith-presbyterian-church-faith-presbyterian-church","comida","","Faith Presbyterian Church,|Faith Presbyterian Church","Faith Presbyterian Church|Faith Presbyterian Church","es|en","in_person","unknown","","","","","Comunícate con la organización para confirmar disponibilidad, requisitos y cómo solicitar el servicio.","Contact the organization to confirm availability, requirements, and how to request the service.","1314 E Oltorf St, Austin, TX 78704. El programa Bread for All ofrece comestibles todos los lunes de 5:00- 6:30 p.m.","1314 E Oltorf St, Austin, TX 78704. The Bread for All program provides groceries at their campus every Monday from 5:00- 6:30 PM.","","","Austin, Condado de Travis","Austin, Travis County","","","","","","1314 E Oltorf St","","Austin","TX","78704","Travis","","","","false","false","","Consolidado de las guías pública EN/ES de Eviction Solidarity Network el 2026-08-10. Revisar los datos y la fuente oficial antes de publicar."
"Greater Mt. Zion Church","Despensa de alimentos","Food pantry","4301 Tannehill Lane Austin, TX 78721 (estacionamiento) - Ofrece una despensa de alimentos para individuos y familias de la comunidad. Se puede acudir en coche o sin cita previa. Horario: primero, segundo, y cuarto sábado del mes, de 9:30 a.m.- 12:30 p.m.","4301 Tannehill Lane Austin, TX 78721 (parking lot). Offers a food pantry for individuals and families in the community. Drive up or walk-in for services. Hours: 1st, 2nd, & 4th Saturdays 9:30 AM– 12:30 PM","4301 Tannehill Lane Austin, TX 78721 (estacionamiento) - Ofrece una despensa de alimentos para individuos y familias de la comunidad. Se puede acudir en coche o sin cita previa. Horario: primero, segundo, y cuarto sábado del mes, de 9:30 a.m.- 12:30 p.m.","4301 Tannehill Lane Austin, TX 78721 (parking lot). Offers a food pantry for individuals and families in the community. Drive up or walk-in for services. Hours: 1st, 2nd, & 4th Saturdays 9:30 AM– 12:30 PM","greater-mt-zion-church-greater-mt-zion-church-2","comida","","Despensa de alimentos|Greater Mt. Zion Church","Food pantry|Greater Mt. Zion Church","es|en","in_person","unknown","","","","","Comunícate con la organización para confirmar disponibilidad, requisitos y cómo solicitar el servicio.","Contact the organization to confirm availability, requirements, and how to request the service.","4301 Tannehill Lane Austin, TX 78721 (estacionamiento) - Ofrece una despensa de alimentos para individuos y familias de la comunidad. Se puede acudir en coche o sin cita previa. Horario: primero, segundo, y cuarto sábado del mes, de 9:30 a.m.- 12:30 p.m.","4301 Tannehill Lane Austin, TX 78721 (parking lot). Offers a food pantry for individuals and families in the community. Drive up or walk-in for services. Hours: 1st, 2nd, & 4th Saturdays 9:30 AM– 12:30 PM","","","Austin, Condado de Travis","Austin, Travis County","","","","","","4301 Tannehill Lane","","Austin","TX","78721","Travis","","","","false","false","","Consolidado de las guías pública EN/ES de Eviction Solidarity Network el 2026-08-10. Revisar los datos y la fuente oficial antes de publicar."
"St. Vincent de Paul Food Pantry","St. Vincent de Paul Food Pantry","St. Vincent de Paul Food Pantry","901 W. Braker Lane Austin, Texas 78758. Proporciona a las familias necesitadas acceso a opciones de alimentos saludables. La despensa de alimentos de St. Vincent de Paul está abierta todos los sábados de 8:00- 11:00 a.m. La Despensa se abastece semanalmente con carne, productos frescos, lácteos…","901 W. Braker Lane Austin, Texas 78758. Provides families in need access to healthy food options. The St. Vincent de Paul Food Pantry is open every Saturday from 8:00 AM- 11:00 AM. The Pantry is stocked weekly with meat, fresh produce, dairy, bread, canned goods, desserts, and more. Diapers are also…","901 W. Braker Lane Austin, Texas 78758. Proporciona a las familias necesitadas acceso a opciones de alimentos saludables. La despensa de alimentos de St. Vincent de Paul está abierta todos los sábados de 8:00- 11:00 a.m. La Despensa se abastece semanalmente con carne, productos frescos, lácteos, pan, productos enlatados, postres y más. Los pañales también están disponibles bajo petición. Cajas de alimentos de emergencia están disponibles de martes a viernes de 9:00 a.m.- 12:00 p.m.","901 W. Braker Lane Austin, Texas 78758. Provides families in need access to healthy food options. The St. Vincent de Paul Food Pantry is open every Saturday from 8:00 AM- 11:00 AM. The Pantry is stocked weekly with meat, fresh produce, dairy, bread, canned goods, desserts, and more. Diapers are also available upon request. Emergency food boxes are available during Client Services hours Tuesday - Friday from 9:00 AM- 12:00 PM.","st-vincent-de-paul-food-pantry-st-vincent-de-paul-food-pantry","comida","","St. Vincent de Paul Food Pantry|St. Vincent de Paul Food Pantry","St. Vincent de Paul Food Pantry|St. Vincent de Paul Food Pantry","es|en","in_person","unknown","","","","","Comunícate con la organización para confirmar disponibilidad, requisitos y cómo solicitar el servicio.","Contact the organization to confirm availability, requirements, and how to request the service.","901 W. Braker Lane Austin, Texas 78758. Proporciona a las familias necesitadas acceso a opciones de alimentos saludables. La despensa de alimentos de St. Vincent de Paul está abierta todos los sábados de 8:00- 11:00 a.m. La Despensa se abastece semanalmente con carne, productos frescos, lácteos, pan, productos enlatados, postres y más. Los pañales también están disponibles bajo petición. Cajas de alimentos de emergencia están disponibles de martes a viernes de 9:00 a.m.- 12:00 p.m.","901 W. Braker Lane Austin, Texas 78758. Provides families in need access to healthy food options. The St. Vincent de Paul Food Pantry is open every Saturday from 8:00 AM- 11:00 AM. The Pantry is stocked weekly with meat, fresh produce, dairy, bread, canned goods, desserts, and more. Diapers are also available upon request. Emergency food boxes are available during Client Services hours Tuesday - Friday from 9:00 AM- 12:00 PM.","","","Austin, Condado de Travis","Austin, Travis County","","","","","","901 W. Braker Lane","","Austin","TX","78758","Travis","","","","false","false","","Consolidado de las guías pública EN/ES de Eviction Solidarity Network el 2026-08-10. Revisar los datos y la fuente oficial antes de publicar."
"University Baptist Church","University Baptist Church","University Baptist Church","2409 Guadalupe St. Austin, TX 78705. Cena todos los jueves de 5:00- 6:00 p.m.","2409 Guadalupe St. Austin, TX 78705. Dinner every Thursday from 5:00 - 6:00 PM.","2409 Guadalupe St. Austin, TX 78705. Cena todos los jueves de 5:00- 6:00 p.m.","2409 Guadalupe St. Austin, TX 78705. Dinner every Thursday from 5:00 - 6:00 PM.","university-baptist-church-university-baptist-church","comida","","University Baptist Church|University Baptist Church","University Baptist Church|University Baptist Church","es|en","in_person","unknown","","","","","Comunícate con la organización para confirmar disponibilidad, requisitos y cómo solicitar el servicio.","Contact the organization to confirm availability, requirements, and how to request the service.","2409 Guadalupe St. Austin, TX 78705. Cena todos los jueves de 5:00- 6:00 p.m.","2409 Guadalupe St. Austin, TX 78705. Dinner every Thursday from 5:00 - 6:00 PM.","","","Austin, Condado de Travis","Austin, Travis County","","","","","","2409 Guadalupe St.","","Austin","TX","78705","Travis","","","","false","false","","Consolidado de las guías pública EN/ES de Eviction Solidarity Network el 2026-08-10. Revisar los datos y la fuente oficial antes de publicar."
"Ashwell Sexual Health and Wellness Clinic","Ashwell Sexual Health & Wellness","Ashwell Sexual Health and Wellness Clinic","3100 Red River Suite 3 Austin, TX 78705 - Ashwell ofrece servicios de salud sexual y bienestar para las personas en el centro de Texas. Las visitas al consultorio y los laboratorios para servicios selectos tienen un costo de $0 para los pacientes. Casi todos los medicamentos son de costo cero para…","3100 Red River Suite 3 Austin, TX 78705 - Ashwell provides sexual health and wellness services for people in central Texas. Office visits and labs for select services are at $0 out-of-pocket cost to patients. Almost all medications are zero-cost to patients, regardless of health insurance status.…","3100 Red River Suite 3 Austin, TX 78705 - Ashwell ofrece servicios de salud sexual y bienestar para las personas en el centro de Texas. Las visitas al consultorio y los laboratorios para servicios selectos tienen un costo de $0 para los pacientes. Casi todos los medicamentos son de costo cero para los pacientes, independientemente de su estado de aseguranza de salud. https://ashwellatx.org/services/ Llame al (512) 900-3116 si tiene preguntas.","3100 Red River Suite 3 Austin, TX 78705 - Ashwell provides sexual health and wellness services for people in central Texas. Office visits and labs for select services are at $0 out-of-pocket cost to patients. Almost all medications are zero-cost to patients, regardless of health insurance status. https://ashwellatx.org/services/ Call for questions at (512) 900-3116.","ashwell-sexual-health-and-wellness-clinic-ashwell-sexual-health-and-wellness-clinic","salud","","Ashwell Sexual Health & Wellness|Ashwell Sexual Health and Wellness Clinic","Ashwell Sexual Health and Wellness Clinic|Ashwell Sexual Health and Wellness Clinic","es|en","in_person|phone|online","free","","","","","Comunícate con la organización para confirmar disponibilidad, requisitos y cómo solicitar el servicio.","Contact the organization to confirm availability, requirements, and how to request the service.","","","","","Austin, Condado de Travis","Austin, Travis County","512-900-3116","","","","https://ashwellatx.org/services","3100 Red River Suite 3","","Austin","TX","78705","Travis","","","https://ashwellatx.org/services","false","false","","Consolidado de las guías pública EN/ES de Eviction Solidarity Network el 2026-08-10. Revisar los datos y la fuente oficial antes de publicar."
"Central Health","Programa de Acceso Médico (MAP)","Medical Access Program (MAP)","Si vives en el Condado de Travis y no tienes seguro médico, pueden ayudar a obtener acceso a doctores, especialistas y farmacéuticos a través del Programa de Acceso Médico. También ayudan con las solicitudes y ayudan con el tratamiento gratuito para VIH positivos. Para programar una nueva cita…","If you live in Travis County and do not have medical insurance, the MAP program can provide access to doctors, specialists, and prescriptions. They can also help with applications and with free HIV treatment. To make a new appointment, cancel or change an appointment, or any patient requests…","Si vives en el Condado de Travis y no tienes seguro médico, pueden ayudar a obtener acceso a doctores, especialistas y farmacéuticos a través del Programa de Acceso Médico. También ayudan con las solicitudes y ayudan con el tratamiento gratuito para VIH positivos. Para programar una nueva cita, cancelar o cambiar una cita, o cualquier solicitud de un paciente, incluido cómo obtener información sobre la elegibilidad para MAP, llame al (512) 978-9015. Para hablar con un proveedor y controlar sus síntomas sin tener que ir a una clínica (abierta de 8:00 a.m.- 5:00 p.m.) llama (512) 978-8775. Vaya a https://www.centralhealth.net/ para obtener más información.","If you live in Travis County and do not have medical insurance, the MAP program can provide access to doctors, specialists, and prescriptions. They can also help with applications and with free HIV treatment. To make a new appointment, cancel or change an appointment, or any patient requests including how to obtain information on MAP eligibility, please call: (512) 978-9015. To speak to a provider and check your symptoms without going to a clinic (open 8:00 AM- 5:00 PM) call (512) 978-8775. Go to https://www.centralhealth.net/ for more information.","central-health-medical-access-program-map","salud","","Programa de Acceso Médico (MAP)|Central Health","Medical Access Program (MAP)|Central Health","es|en","phone|online","free","","","","","Comunícate con la organización para confirmar disponibilidad, requisitos y cómo solicitar el servicio.","Contact the organization to confirm availability, requirements, and how to request the service.","","","","","Condado de Travis","Travis County","512-978-9015","","","","https://www.centralhealth.net/","","","","TX","","","","","https://www.centralhealth.net/","false","false","","Consolidado de las guías pública EN/ES de Eviction Solidarity Network el 2026-08-10. Revisar los datos y la fuente oficial antes de publicar."
"Kind Dental Care","Kind Dental Care","Kind Dental Care","10700 Anderson Mill Rd #300, Austin, TX 78750 - Kind Dental Care ofrece un Plan de Ahorro Dental para ahorrar en el costo de la atención dental para usted y su familia. Por una cuota baja, anual o mensual, los miembros reciben dos exámenes, dos limpiezas de rutina, y ciertas radiografías con…","10700 Anderson Mill Rd #300, Austin, TX 78750 - Kind Dental Care offers an In-House Dental Savings Plan to save on the cost of dental care for you and your family. For a low, monthly, annual, or monthly fee, members receive two exams, two routine cleanings, and select x-rays with additional perks…","10700 Anderson Mill Rd #300, Austin, TX 78750 - Kind Dental Care ofrece un Plan de Ahorro Dental para ahorrar en el costo de la atención dental para usted y su familia. Por una cuota baja, anual o mensual, los miembros reciben dos exámenes, dos limpiezas de rutina, y ciertas radiografías con ventajas adicionales y descuentos. No hay limitaciones de seguro, ni reclamaciones, y no hay períodos de espera. https://www.kinddentalcare.com/financial-options.html. Llame al (512) 640-7778 para más información.","10700 Anderson Mill Rd #300, Austin, TX 78750 - Kind Dental Care offers an In-House Dental Savings Plan to save on the cost of dental care for you and your family. For a low, monthly, annual, or monthly fee, members receive two exams, two routine cleanings, and select x-rays with additional perks and discounts. There are no insurance limitations, no claims, and no waiting periods. https://www.kinddentalcare.com/financial-options.html Call (512) 640-7778 for more information.","kind-dental-care-kind-dental-care","salud","","Kind Dental Care|Kind Dental Care","Kind Dental Care|Kind Dental Care","es|en","in_person|phone|online","unknown","","","","","Comunícate con la organización para confirmar disponibilidad, requisitos y cómo solicitar el servicio.","Contact the organization to confirm availability, requirements, and how to request the service.","","","","","Austin, Condado de Travis","Austin, Travis County","512-640-7778","","","","https://www.kinddentalcare.com/financial-options.html","10700 Anderson Mill Rd #300","","Austin","TX","78750","Travis","","","https://www.kinddentalcare.com/financial-options.html","false","false","","Consolidado de las guías pública EN/ES de Eviction Solidarity Network el 2026-08-10. Revisar los datos y la fuente oficial antes de publicar."
"New Eyes","New Eyes","New Eyes","New Eyes es una organización sin fines de lucro con 90 años de historia proporcionando lentes de prescripción GRATUITOS. Sin costos, sin información personal, sin comprobantes de ciudadanía, y sin restricciones de edad. Sólo hay dos requisitos para llenar su solicitud de New Eyes para sus lentes…","New Eyes is a non-profit with a 90-year history of providing FREE prescription eyeglasses. There are NO fees, NO sharing of personal information, NO citizenship or social security questions, and NO age restrictions. There are only TWO requirements to apply for eyeglasses from New Eyes: Proof of…","New Eyes es una organización sin fines de lucro con 90 años de historia proporcionando lentes de prescripción GRATUITOS. Sin costos, sin información personal, sin comprobantes de ciudadanía, y sin restricciones de edad. Sólo hay dos requisitos para llenar su solicitud de New Eyes para sus lentes: Comprobante de necesidad financiera y una prescripción de lentes válida de los últimos 24 meses. New Eyes también ofrece una renovación de prescripciones vencidas por medio de su solicitud en línea. https://new-eyes.org/application","New Eyes is a non-profit with a 90-year history of providing FREE prescription eyeglasses. There are NO fees, NO sharing of personal information, NO citizenship or social security questions, and NO age restrictions. There are only TWO requirements to apply for eyeglasses from New Eyes: Proof of financial need, and a valid eyeglasses prescription from the last 24 months. For applicants who need to renew an expired eyeglass prescription, New Eyes offers a prescription renewal vision test available through their application process. https://new-eyes.org/application","new-eyes-new-eyes","salud","","New Eyes|New Eyes","New Eyes|New Eyes","es|en","online","free","","","","","Comunícate con la organización para confirmar disponibilidad, requisitos y cómo solicitar el servicio.","Contact the organization to confirm availability, requirements, and how to request the service.","","","","","Austin y comunidades cercanas del Centro de Texas","Austin and surrounding Central Texas communities","","","","","https://new-eyes.org/application","","","","TX","","","","","https://new-eyes.org/application","false","false","","Consolidado de las guías pública EN/ES de Eviction Solidarity Network el 2026-08-10. Revisar los datos y la fuente oficial antes de publicar."
"Society of St. Vincent de Paul","Programa de Farmacia SVdP","SVdP Pharmacy Program","901 W. Braker Lane Austin, Texas 78758 - Farmacia que brinda acceso a medicamentos recetados para aquellos que no tienen seguro médico y necesitan medicamentos para mantener su salud. Es posible que califique para surtir su receta sin costo para usted. Llame al (512) 251-6995 y lo derivarán a la…","901 W. Braker Lane Austin, Texas 78758 -The SVdP Pharmacy provides access to prescription medication for those who don't have health insurance and need medication to sustain their health. You may qualify to get your prescription filled at no cost to you. https://ssvdp.org/svdp-pharmacy-program Call…","901 W. Braker Lane Austin, Texas 78758 - Farmacia que brinda acceso a medicamentos recetados para aquellos que no tienen seguro médico y necesitan medicamentos para mantener su salud. Es posible que califique para surtir su receta sin costo para usted. Llame al (512) 251-6995 y lo derivarán a la Conferencia en su comunidad. https://ssvdp.org/svdp-pharmacy-program","901 W. Braker Lane Austin, Texas 78758 -The SVdP Pharmacy provides access to prescription medication for those who don't have health insurance and need medication to sustain their health. You may qualify to get your prescription filled at no cost to you. https://ssvdp.org/svdp-pharmacy-program Call (512) 251-6995, and you will be referred to the Conference in your community.","society-of-st-vincent-de-paul-svdp-pharmacy-program","salud","","Programa de Farmacia SVdP|Society of St. Vincent de Paul","SVdP Pharmacy Program|Society of St. Vincent de Paul","es|en","in_person|phone|online","free","","","","","Comunícate con la organización para confirmar disponibilidad, requisitos y cómo solicitar el servicio.","Contact the organization to confirm availability, requirements, and how to request the service.","","","","","Austin, Condado de Travis","Austin, Travis County","512-251-6995","","","","https://ssvdp.org/svdp-pharmacy-program","901 W. Braker Lane","","Austin","TX","78758","Travis","","","https://ssvdp.org/svdp-pharmacy-program","false","false","","Consolidado de las guías pública EN/ES de Eviction Solidarity Network el 2026-08-10. Revisar los datos y la fuente oficial antes de publicar."
"Catholic Charities of Central Texas","Servicios de consejería","Counseling services","Catholic Charities busca fortalecer la salúd mental de familias por medio del acceso a profesionales licenciados en consejería que están listos para ayudarle en su camino hacia una vida sana. Servicios disponibles para niños arriba de los 5 años, adolescentes, adultos, parejas y familias. Todos los…","Catholic Charities seeks to strengthen families by providing access to licensed professional counselors who are ready to walk with you through your mental health journey. Services are available to children over the age of 5, adolescents, adults, couples, and families. All of their services are…","Catholic Charities busca fortalecer la salúd mental de familias por medio del acceso a profesionales licenciados en consejería que están listos para ayudarle en su camino hacia una vida sana. Servicios disponibles para niños arriba de los 5 años, adolescentes, adultos, parejas y familias. Todos los servicios se ofrecen en español e inglés, y son completamente confidenciales. Vaya a su sitio web https://ccctx.org/counseling-services/ para más información sobre el costo del programa y para llenar la solicitud. Llame al (512) 651-6100 para saber si califica.","Catholic Charities seeks to strengthen families by providing access to licensed professional counselors who are ready to walk with you through your mental health journey. Services are available to children over the age of 5, adolescents, adults, couples, and families. All of their services are offered in English and Spanish and are completely confidential. Go to this website https://ccctx.org/counseling-services/ to download their intake form to get started and learn more information about fees. Call (512) 651-6100 to see if you qualify.","catholic-charities-of-central-texas-catholic-charities-of-central-texas-2","salud","","Servicios de consejería|Catholic Charities of Central Texas","Counseling services|Catholic Charities of Central Texas","es|en","phone|online","unknown","","","","","Comunícate con la organización para confirmar disponibilidad, requisitos y cómo solicitar el servicio.","Contact the organization to confirm availability, requirements, and how to request the service.","","","","","Austin y comunidades cercanas del Centro de Texas","Austin and surrounding Central Texas communities","512-651-6100","","","","https://ccctx.org/counseling-services","","","","TX","","","","","https://ccctx.org/counseling-services","false","false","","Consolidado de las guías pública EN/ES de Eviction Solidarity Network el 2026-08-10. Revisar los datos y la fuente oficial antes de publicar."
"HealthWell Foundation","HealthWell Foundation","HealthWell Foundation","Organización sin fines de lucro dedicada a mejorar el acceso al sistema de salud en favor de personas sin seguro de salud. Cuando el seguro de salud no es suficiente, ellos pueden ayudar a cubrir cuentas de copago, premiums, deducibles y costos de bolsillo. Llame al (800) 675-8416 y/o visite…","A non-profit dedicated to improving access to health care for America’s underinsured. When health insurance is not enough, they can help fill the gap by assisting with copays, premiums, deductibles, and out-of-pocket expenses. Call (800) 675-8416 and visit…","Organización sin fines de lucro dedicada a mejorar el acceso al sistema de salud en favor de personas sin seguro de salud. Cuando el seguro de salud no es suficiente, ellos pueden ayudar a cubrir cuentas de copago, premiums, deducibles y costos de bolsillo. Llame al (800) 675-8416 y/o visite https://www.healthwellfoundation.org/en-espanol/ para más información sobre el proceso de solicitud.","A non-profit dedicated to improving access to health care for America’s underinsured. When health insurance is not enough, they can help fill the gap by assisting with copays, premiums, deductibles, and out-of-pocket expenses. Call (800) 675-8416 and visit https://www.healthwellfoundation.org/patients/ for more information on the application process.","healthwell-foundation-healthwell-foundation","salud","","HealthWell Foundation|HealthWell Foundation","HealthWell Foundation|HealthWell Foundation","es|en","phone|online","unknown","","","","","Comunícate con la organización para confirmar disponibilidad, requisitos y cómo solicitar el servicio.","Contact the organization to confirm availability, requirements, and how to request the service.","","","","","Austin y comunidades cercanas del Centro de Texas","Austin and surrounding Central Texas communities","800-675-8416","","","","https://www.healthwellfoundation.org/patients","","","","TX","","","","","https://www.healthwellfoundation.org/patients","false","false","","Consolidado de las guías pública EN/ES de Eviction Solidarity Network el 2026-08-10. Revisar los datos y la fuente oficial antes de publicar."
"Integral Care","Servicios de crisis y apoyo de salud mental","Mental health crisis and support services","Integral Care tiene una línea de ayuda trabajando 24/7 para proveer apoyo en situaciones críticas y acceso a otros servicios para adultos y niños, incluyendo ayuda con citas y facturas. Para ayuda inmediata con crisis de salúd mental, llame al 512-472-4357. Para servicios que no sean de crisis…","Integral Care’s 24/7 Helpline provides around-the-clock crisis support as well as access to all of its programs and services for adults and children, including appointments and billing. For immediate mental health crisis support call (512) 472-4357. For non-crisis call services connect with us at…","Integral Care tiene una línea de ayuda trabajando 24/7 para proveer apoyo en situaciones críticas y acceso a otros servicios para adultos y niños, incluyendo ayuda con citas y facturas. Para ayuda inmediata con crisis de salúd mental, llame al 512-472-4357. Para servicios que no sean de crisis, llámenos al (512) 472-4357 de lunes a viernes, de 8:00 a.m.- 5:00 p.m.","Integral Care’s 24/7 Helpline provides around-the-clock crisis support as well as access to all of its programs and services for adults and children, including appointments and billing. For immediate mental health crisis support call (512) 472-4357. For non-crisis call services connect with us at (512) 472-4357 from Monday- Friday 8:00 AM- 5:00 PM.","integral-care-integral-care-2","salud","","Servicios de crisis y apoyo de salud mental|Integral Care","Mental health crisis and support services|Integral Care","es|en","phone","unknown","","","","","Comunícate con la organización para confirmar disponibilidad, requisitos y cómo solicitar el servicio.","Contact the organization to confirm availability, requirements, and how to request the service.","Integral Care tiene una línea de ayuda trabajando 24/7 para proveer apoyo en situaciones críticas y acceso a otros servicios para adultos y niños, incluyendo ayuda con citas y facturas. Para ayuda inmediata con crisis de salúd mental, llame al 512-472-4357. Para servicios que no sean de crisis, llámenos al (512) 472-4357 de lunes a viernes, de 8:00 a.m.- 5:00 p.m.","For immediate mental health crisis support call (512) 472-4357. For non-crisis call services connect with us at (512) 472-4357 from Monday- Friday 8:00 AM- 5:00 PM.","","","Austin y comunidades cercanas del Centro de Texas","Austin and surrounding Central Texas communities","512-472-4357","","","","","","","","TX","","","","","","false","false","","Consolidado de las guías pública EN/ES de Eviction Solidarity Network el 2026-08-10. Revisar los datos y la fuente oficial antes de publicar."
"Waterloo Counseling","Waterloo Counseling","Waterloo Counseling","Usted es elegible para recibir la subvención de Ryan White si es VIH positivo y no tiene seguro médico (o seguro médico sin beneficios de salud mental). A los clientes atendidos con fondos Ryan White se les determinará su tarifa de escala móvil utilizando los ingresos del hogar y el número de…","If you are HIV positive and have no health insurance (or health insurance with no mental health benefits) you are eligible for Ryan White grant assistance. Clients served with Ryan White funds will have their sliding scale fee determined using household income and the number of people in the…","Usted es elegible para recibir la subvención de Ryan White si es VIH positivo y no tiene seguro médico (o seguro médico sin beneficios de salud mental). A los clientes atendidos con fondos Ryan White se les determinará su tarifa de escala móvil utilizando los ingresos del hogar y el número de personas en el hogar. The Sliding Scale Discount Program incluye descuentos potenciales entre el 58% y el 100% de nuestra tarifa de pago total para clientes que no tienen seguro, si tienen seguro que no tiene beneficios de salud mental o que eligen ver a un terapeuta que no está cubierto por sus seguros. Visite su sitio web para obtener más información: https://www.waterloocounseling.org/services","If you are HIV positive and have no health insurance (or health insurance with no mental health benefits) you are eligible for Ryan White grant assistance. Clients served with Ryan White funds will have their sliding scale fee determined using household income and the number of people in the household. The Sliding Scale Discount Program includes potential discounts between 58% and 100% of our full self-pay fee for clients who do not have insurance, whose insurance does not have mental health benefits or are choosing to see a therapist who is not covered by their insurance. Please visit their website for more information: https://www.waterloocounseling.org/services","waterloo-counseling-waterloo-counseling","salud","","Waterloo Counseling|Waterloo Counseling","Waterloo Counseling|Waterloo Counseling","es|en","online","sliding_scale","","","","","Comunícate con la organización para confirmar disponibilidad, requisitos y cómo solicitar el servicio.","Contact the organization to confirm availability, requirements, and how to request the service.","","","","","Austin y comunidades cercanas del Centro de Texas","Austin and surrounding Central Texas communities","","","","","https://www.waterloocounseling.org/services","","","","TX","","","","","https://www.waterloocounseling.org/services","false","false","","Consolidado de las guías pública EN/ES de Eviction Solidarity Network el 2026-08-10. Revisar los datos y la fuente oficial antes de publicar."
"AGE of Central Texas","AGE of Central Texas","AGE of Central Texas","AGE of Central Texas es una organización regional sin fines de lucro dedicada a brindar educación y apoyo a personas de todo el espectro del envejecimiento. Sus centros de día para adultos atienden a personas mayores que necesitan ayuda con las actividades diarias o a personas en riesgo de…","AGE of Central Texas is a regional nonprofit organization dedicated to providing education and support to individuals across the spectrum of aging. Their Adult Day Centers cater to seniors requiring assistance with daily activities or those at risk of isolation. Services include caregiver support…","AGE of Central Texas es una organización regional sin fines de lucro dedicada a brindar educación y apoyo a personas de todo el espectro del envejecimiento. Sus centros de día para adultos atienden a personas mayores que necesitan ayuda con las actividades diarias o a personas en riesgo de aislamiento. Los servicios incluyen apoyo para cuidadores y acceso a una biblioteca de préstamo de equipos. Teléfono: (512) 451-4611 Sitio web: https://ageofcentraltx.org/","AGE of Central Texas is a regional nonprofit organization dedicated to providing education and support to individuals across the spectrum of aging. Their Adult Day Centers cater to seniors requiring assistance with daily activities or those at risk of isolation. Services include caregiver support and access to an equipment lending library. Phone: (512) 451-4611 Website: https://ageofcentraltx.org/","age-of-central-texas-age-of-central-texas","otros-recursos","","AGE of Central Texas|AGE of Central Texas","AGE of Central Texas|AGE of Central Texas","es|en","phone|online","unknown","","","","","Comunícate con la organización para confirmar disponibilidad, requisitos y cómo solicitar el servicio.","Contact the organization to confirm availability, requirements, and how to request the service.","","","","","Austin y comunidades cercanas del Centro de Texas","Austin and surrounding Central Texas communities","512-451-4611","","","","https://ageofcentraltx.org/","","","","TX","","","","","https://ageofcentraltx.org/","false","false","","Consolidado de las guías pública EN/ES de Eviction Solidarity Network el 2026-08-10. Revisar los datos y la fuente oficial antes de publicar."
"Drive a Senior Network","Drive a Senior Network","Drive a Senior Network","Drive A Senior Network conecta a conductores voluntarios con personas mayores que necesitan transporte, ofreciendo una forma gratuita de moverse. Esta organización, que actualmente atiende a más de 2500 ciudadanos mayores en el área, garantiza que las personas mayores puedan acceder a servicios…","Drive A Senior Network connects volunteer drivers with seniors who require transportation, offering a free way to get around. Currently serving over 2,500 older citizens in the area, this organization ensures seniors can access essential services and maintain their independence. Visit Drive A…","Drive A Senior Network conecta a conductores voluntarios con personas mayores que necesitan transporte, ofreciendo una forma gratuita de moverse. Esta organización, que actualmente atiende a más de 2500 ciudadanos mayores en el área, garantiza que las personas mayores puedan acceder a servicios esenciales y mantener su independencia. Visite el sitio web para obtener un mapa de las áreas de servicio. Drive a Senior Network está formada por organizaciones asociadas que prestan servicios a personas mayores elegibles (mayores de 65 años) que viven en los condados de Travis, Bastrop y Williamson. Teléfono: (512) 456-8262 Sitio web: https://driveasenior.org/","Drive A Senior Network connects volunteer drivers with seniors who require transportation, offering a free way to get around. Currently serving over 2,500 older citizens in the area, this organization ensures seniors can access essential services and maintain their independence. Visit Drive A Senior’s website for a map of service areas. The Drive a Senior Network consists of partner organizations who serve eligible seniors (65 +) living in Travis, Bastrop, and Williamson counties. Phone: (512) 456-8262 Website: https://driveasenior.org/","drive-a-senior-network-drive-a-senior-network","otros-recursos","transporte","Drive a Senior Network|Drive a Senior Network","Drive a Senior Network|Drive a Senior Network","es|en","phone|online","free","","","","","Comunícate con la organización para confirmar disponibilidad, requisitos y cómo solicitar el servicio.","Contact the organization to confirm availability, requirements, and how to request the service.","","","","","Condado de Williamson","Williamson County","512-456-8262","","","","https://driveasenior.org/","","","","TX","","","","","https://driveasenior.org/","false","false","","Consolidado de las guías pública EN/ES de Eviction Solidarity Network el 2026-08-10. Revisar los datos y la fuente oficial antes de publicar."
"Meals on Wheels Central Texas","Meals on Wheels Central Texas","Meals on Wheels Central Texas","Meals on Wheels Central Texas entrega comidas a adultos mayores y residentes confinados en sus hogares, al mismo tiempo que brinda atención domiciliaria, asistencia veterinaria para las mascotas de las personas mayores, reparaciones del hogar y servicios adicionales. Teléfono: (512) 476-6325 Sitio…","Meals on Wheels Central Texas delivers meals to older adults and homebound residents while also providing in-home care, veterinary assistance for seniors' pets, home repair, and additional services. Phone: (512) 476-6325 Website: https://www.mealsonwheelscentraltexas.org/","Meals on Wheels Central Texas entrega comidas a adultos mayores y residentes confinados en sus hogares, al mismo tiempo que brinda atención domiciliaria, asistencia veterinaria para las mascotas de las personas mayores, reparaciones del hogar y servicios adicionales. Teléfono: (512) 476-6325 Sitio web: https://www.mealsonwheelscentraltexas.org/#","Meals on Wheels Central Texas delivers meals to older adults and homebound residents while also providing in-home care, veterinary assistance for seniors' pets, home repair, and additional services. Phone: (512) 476-6325 Website: https://www.mealsonwheelscentraltexas.org/","meals-on-wheels-central-texas-meals-on-wheels-central-texas","otros-recursos","transporte","Meals on Wheels Central Texas|Meals on Wheels Central Texas","Meals on Wheels Central Texas|Meals on Wheels Central Texas","es|en","phone|online","unknown","","","","","Comunícate con la organización para confirmar disponibilidad, requisitos y cómo solicitar el servicio.","Contact the organization to confirm availability, requirements, and how to request the service.","","","","","Austin y comunidades cercanas del Centro de Texas","Austin and surrounding Central Texas communities","512-476-6325","","","","https://www.mealsonwheelscentraltexas.org/","","","","TX","","","","","https://www.mealsonwheelscentraltexas.org/","false","false","","Consolidado de las guías pública EN/ES de Eviction Solidarity Network el 2026-08-10. Revisar los datos y la fuente oficial antes de publicar."
"Austin Public Library","Tarjeta de biblioteca mejorada","Enhanced Library Card","Ofrece una tarjeta de biblioteca mejorada para adultos (18 años o más) que incluye el número de su tarjeta de biblioteca, fotografía, dirección, fecha de nacimiento, fecha de vencimiento y un código de barras escaneable. Se puede utilizar para servicios de la ciudad. Visite su sitio web para obtener…","Offers Enhanced Library Card for adults (18 or older) that includes your library card number, photograph, address, date of birth, expiration date, and a scannable barcode. Can be used for city services. Please visit their website for more information. https://library.austintexas.gov/mylibrarycard","Ofrece una tarjeta de biblioteca mejorada para adultos (18 años o más) que incluye el número de su tarjeta de biblioteca, fotografía, dirección, fecha de nacimiento, fecha de vencimiento y un código de barras escaneable. Se puede utilizar para servicios de la ciudad. Visite su sitio web para obtener más información. https://library.austintexas.gov/es/mitarjeta","Offers Enhanced Library Card for adults (18 or older) that includes your library card number, photograph, address, date of birth, expiration date, and a scannable barcode. Can be used for city services. Please visit their website for more information. https://library.austintexas.gov/mylibrarycard","austin-public-library-enhanced-library-card","otros-recursos","","Tarjeta de biblioteca mejorada|Austin Public Library","Enhanced Library Card|Austin Public Library","es|en","online","unknown","","","","","Comunícate con la organización para confirmar disponibilidad, requisitos y cómo solicitar el servicio.","Contact the organization to confirm availability, requirements, and how to request the service.","","","","","Austin y comunidades cercanas del Centro de Texas","Austin and surrounding Central Texas communities","","","","","https://library.austintexas.gov/mylibrarycard","","","","TX","","","","","https://library.austintexas.gov/mylibrarycard","false","false","","Consolidado de las guías pública EN/ES de Eviction Solidarity Network el 2026-08-10. Revisar los datos y la fuente oficial antes de publicar."
"CapMetro","Asistencia con pases de autobús","Bus pass assistance","Este pase proporciona opciones de transporte convenientes y accesibles para las personas en el Sistema de información de gestión de personas sin hogar (HMIS) del condado de Travis. Los proveedores participantes incluyen: Sunrise Navigation, The Charlie Center, Terrazas Library, Trinity Center…","This pass provides convenient and accessible transit options for individuals in the Travis County Homeless Management Information System (HMIS). Participating providers include Sunrise Navigation, The Charlie Center, Terrazas Library, Trinity Center, Hungry Hill, Downtown Community Court, Little…","Este pase proporciona opciones de transporte convenientes y accesibles para las personas en el Sistema de información de gestión de personas sin hogar (HMIS) del condado de Travis. Los proveedores participantes incluyen: Sunrise Navigation, The Charlie Center, Terrazas Library, Trinity Center, Hungry Hill, Downtown Community Court, Little Walnut Library y CapMetroTransit Store. Comuníquese con la agencia para conocer los horarios de distribución. https://www.capmetro.org/hmis-program#","This pass provides convenient and accessible transit options for individuals in the Travis County Homeless Management Information System (HMIS). Participating providers include Sunrise Navigation, The Charlie Center, Terrazas Library, Trinity Center, Hungry Hill, Downtown Community Court, Little Walnut Library, and CapMetroTransit Store. Please contact the agency for hours of distribution. https://www.capmetro.org/hmis-program","capmetro-bus-pass-assistance","otros-recursos","","Asistencia con pases de autobús|CapMetro","Bus pass assistance|CapMetro","es|en","online","unknown","","","","","Comunícate con la organización para confirmar disponibilidad, requisitos y cómo solicitar el servicio.","Contact the organization to confirm availability, requirements, and how to request the service.","Este pase brinda opciones de transporte convenientes y accesibles para las personas en el Sistema de información de administración de personas sin hogar (HMIS) del condado de Travis. Los proveedores participantes incluyen Sunrise Navigation, The Charlie Center, Terrazas Library, Trinity Center, Hungry Hill, Downtown Community Court, Little Walnut Library y CapMetroTransit Store. Comuníquese con la agencia para conocer los horarios de distribución. https://www.capmetro.org/hmis-program","This pass provides convenient and accessible transit options for individuals in the Travis County Homeless Management Information System (HMIS). Participating providers include Sunrise Navigation, The Charlie Center, Terrazas Library, Trinity Center, Hungry Hill, Downtown Community Court, Little Walnut Library, and CapMetroTransit Store. Please contact the agency for hours of distribution. https://www.capmetro.org/hmis-program","","","Condado de Travis","Travis County","","","","","https://www.capmetro.org/hmis-program","","","","TX","","","","","https://www.capmetro.org/hmis-program","false","false","","Consolidado de las guías pública EN/ES de Eviction Solidarity Network el 2026-08-10. Revisar los datos y la fuente oficial antes de publicar."
"City of Austin","Clínicas Fix-It","Fix-It Clinics","Asista a las clínicas Fix-It gratuitas para reparar ropa, artículos del hogar, etc. con la ayuda de un experto. También puedes visitar la biblioteca de herramientas de la ciudad para arreglar elementos por tu cuenta. Para obtener más información sobre las próximas clínicas y una base de datos de sus…","Attend free Fix-It clinics to get broken clothes, household items, etc. repaired with the help of an expert (see website for more information and upcoming clinics). You can also visit the City tool library to fix items on your own. For more information and a database of their tools, visit…","Asista a las clínicas Fix-It gratuitas para reparar ropa, artículos del hogar, etc. con la ayuda de un experto. También puedes visitar la biblioteca de herramientas de la ciudad para arreglar elementos por tu cuenta. Para obtener más información sobre las próximas clínicas y una base de datos de sus herramientas, visite https://www.austintexas.gov/fixit.","Attend free Fix-It clinics to get broken clothes, household items, etc. repaired with the help of an expert (see website for more information and upcoming clinics). You can also visit the City tool library to fix items on your own. For more information and a database of their tools, visit https://www.austintexas.gov/fixit.","city-of-austin-fix-it-clinics","otros-recursos","","Clínicas Fix-It|City of Austin","Fix-It Clinics|City of Austin","es|en","online","free","","","","","Comunícate con la organización para confirmar disponibilidad, requisitos y cómo solicitar el servicio.","Contact the organization to confirm availability, requirements, and how to request the service.","","","","","Austin y comunidades cercanas del Centro de Texas","Austin and surrounding Central Texas communities","","","","","https://www.austintexas.gov/fixit","","","","TX","","","","","https://www.austintexas.gov/fixit","false","false","","Consolidado de las guías pública EN/ES de Eviction Solidarity Network el 2026-08-10. Revisar los datos y la fuente oficial antes de publicar."
"The Goodwill Career and Technical Academy","Goodwill Career and Technical Academy","The Goodwill Career and Technical Academy","Ofrece capacitación para el avance profesional, oportunidades educativas y apoyo para la colocación laboral para ayudarlo a competir en mercados laborales de alta demanda. Si tiene alguna pregunta, llame al (512) 637-7131 o envíe un correo electrónico a ingesta@goodwillcentraltexas.org","Offers career advancement training, educational opportunities, and job placement support to help you compete in high-demand job markets. If you have any questions, please call (512) 637-7131 or email intake@goodwillcentraltexas.org","Ofrece capacitación para el avance profesional, oportunidades educativas y apoyo para la colocación laboral para ayudarlo a competir en mercados laborales de alta demanda. Si tiene alguna pregunta, llame al (512) 637-7131 o envíe un correo electrónico a ingesta@goodwillcentraltexas.org","Offers career advancement training, educational opportunities, and job placement support to help you compete in high-demand job markets. If you have any questions, please call (512) 637-7131 or email intake@goodwillcentraltexas.org","the-goodwill-career-and-technical-academy-the-goodwill-career-and-technical-academy","otros-recursos","educacion","Goodwill Career and Technical Academy|The Goodwill Career and Technical Academy","The Goodwill Career and Technical Academy|The Goodwill Career and Technical Academy","es|en","phone|online","unknown","","","","","Comunícate con la organización para confirmar disponibilidad, requisitos y cómo solicitar el servicio.","Contact the organization to confirm availability, requirements, and how to request the service.","","","","","Austin y comunidades cercanas del Centro de Texas","Austin and surrounding Central Texas communities","512-637-7131","","","intake@gwctx.org","https://www.goodwillcentraltexas.org/programs-and-services/find-a-job/how-to-enroll/","","","","TX","","","","","https://www.goodwillcentraltexas.org/programs-and-services/find-a-job/how-to-enroll/","false","false","","Consolidado de las guías pública EN/ES de Eviction Solidarity Network el 2026-08-10. Revisar los datos y la fuente oficial antes de publicar."
"Assurance Wireless","Programa de telefonía móvil","Mobile phone program","Assurance Wireless ofrece un plan de telefonía inalámbrica gratuito a hogares que califican según sus ingresos o su inscripción en ciertos programas de beneficio del gobierno. Lifeline es un programa de beneficios gubernamentales respaldado por el Universal Service Fund federal. Este programa…","Assurance Wireless provides a free wireless phone plan to households who qualify based on income or enrollment in certain government benefit programs. Lifeline is a government benefit program supported by the federal Universal Service Fund. This program provides a free smartphone, 4.5 GB of free…","Assurance Wireless ofrece un plan de telefonía inalámbrica gratuito a hogares que califican según sus ingresos o su inscripción en ciertos programas de beneficio del gobierno. Lifeline es un programa de beneficios gubernamentales respaldado por el Universal Service Fund federal. Este programa ofrece: Un teléfono inteligente gratis, 4,5 GB de datos gratis cada mes, mensajes de texto gratuitos ilimitados cada mes, 1000 minutos de voz gratis cada mes. Para aplicar visite su página web: https://www.assurancewireless.com/es_us","Assurance Wireless provides a free wireless phone plan to households who qualify based on income or enrollment in certain government benefit programs. Lifeline is a government benefit program supported by the federal Universal Service Fund. This program provides a free smartphone, 4.5 GB of free data each month, Unlimited free texts each month, and 1000 free voice minutes each month. To apply visit their webpage: https://www.assurancewireless.com/","assurance-wireless-mobile-phone-program","otros-recursos","","Programa de telefonía móvil|Assurance Wireless","Mobile phone program|Assurance Wireless","es|en","online","free","","","","","Comunícate con la organización para confirmar disponibilidad, requisitos y cómo solicitar el servicio.","Contact the organization to confirm availability, requirements, and how to request the service.","","","","","Austin y comunidades cercanas del Centro de Texas","Austin and surrounding Central Texas communities","","","","","https://www.assurancewireless.com/","","","","TX","","","","","https://www.assurancewireless.com/","false","false","","Consolidado de las guías pública EN/ES de Eviction Solidarity Network el 2026-08-10. Revisar los datos y la fuente oficial antes de publicar."
"Trinity Center","Trinity Center","Trinity Center","304 E. 7th St, Austin TX, 78701. Trinity Center atiende las necesidades espirituales, emocionales y físicas de las personas pobres y las personas sin hogar en Austin. Sus programas incluyen desayuno, ropa para hombre y mujer, uso de teléfono y computadora, duchas, pases de autobús y más. Para más…","304 E. 7th St, Austin TX, 78701. Trinity Center serves the spiritual, emotional, and physical needs of the poor and homeless in Austin. Their programs include breakfast, clothing closets, phone and computer use, showers, bus passes, and more. For their schedule, see…","304 E. 7th St, Austin TX, 78701. Trinity Center atiende las necesidades espirituales, emocionales y físicas de las personas pobres y las personas sin hogar en Austin. Sus programas incluyen desayuno, ropa para hombre y mujer, uso de teléfono y computadora, duchas, pases de autobús y más. Para más información, consulte https://www.trinitycenteraustin.org/programs Horario: domingo de 2:50- 4:30 p.m. y lunes a viernes de 9:00 a.m.- 1:00 p.m. Teléfono: (512) 610-3520","304 E. 7th St, Austin TX, 78701. Trinity Center serves the spiritual, emotional, and physical needs of the poor and homeless in Austin. Their programs include breakfast, clothing closets, phone and computer use, showers, bus passes, and more. For their schedule, see https://www.trinitycenteraustin.org/programs Hours: Sunday 2:50- 4:30 PM & Monday- Friday 9:00 AM- 1:00 PM Phone: (512) 610-3520","trinity-center-trinity-center","otros-recursos","","Trinity Center|Trinity Center","Trinity Center|Trinity Center","es|en","in_person|phone|online","unknown","","","","","Comunícate con la organización para confirmar disponibilidad, requisitos y cómo solicitar el servicio.","Contact the organization to confirm availability, requirements, and how to request the service.","Horario: domingo de 2:50- 4:30 p.m. y lunes a viernes de 9:00 a.m.- 1:00 p.m.","Hours: Sunday 2:50- 4:30 PM & Monday- Friday 9:00 AM- 1:00 PM","","","Austin, Condado de Travis","Austin, Travis County","512-610-3520","","","","https://www.trinitycenteraustin.org/programs","304 E. 7th St","","Austin","TX","78701","Travis","","","https://www.trinitycenteraustin.org/programs","false","false","","Consolidado de las guías pública EN/ES de Eviction Solidarity Network el 2026-08-10. Revisar los datos y la fuente oficial antes de publicar."
"United Way for Greater Austin","Navegación de recursos ConnectATX","ConnectATX resource navigation","Utilice ConnectATX para encontrar información actualizada sobre alimentación, vivienda, transporte, cuidado infantil, clases para padres, capacitación laboral, vacuna COVID-19 y más. También puede llamar al 2-1-1 para conectarse a más recursos. https://www.unitedwayaustin.org/connectatx","Use ConnectATX to find up-to-date information on food, housing, transportation, child care, parenting classes, job training, COVID-19 vaccine, and more. You can also call 2-1-1 to connect to more resources. https://www.unitedwayaustin.org/connectatx","Utilice ConnectATX para encontrar información actualizada sobre alimentación, vivienda, transporte, cuidado infantil, clases para padres, capacitación laboral, vacuna COVID-19 y más. También puede llamar al 2-1-1 para conectarse a más recursos. https://www.unitedwayaustin.org/connectatx","Use ConnectATX to find up-to-date information on food, housing, transportation, child care, parenting classes, job training, COVID-19 vaccine, and more. You can also call 2-1-1 to connect to more resources. https://www.unitedwayaustin.org/connectatx","united-way-for-greater-austin-connectatx-resource-navigation","otros-recursos","","Navegación de recursos ConnectATX|United Way for Greater Austin","ConnectATX resource navigation|United Way for Greater Austin","es|en","online","unknown","","","","","Comunícate con la organización para confirmar disponibilidad, requisitos y cómo solicitar el servicio.","Contact the organization to confirm availability, requirements, and how to request the service.","","","","","Austin y comunidades cercanas del Centro de Texas","Austin and surrounding Central Texas communities","","","","","https://www.unitedwayaustin.org/connectatx","","","","TX","","","","","https://www.unitedwayaustin.org/connectatx","false","false","","Consolidado de las guías pública EN/ES de Eviction Solidarity Network el 2026-08-10. Revisar los datos y la fuente oficial antes de publicar."
