{"type":"FeatureCollection","features":[{"type":"Feature","properties":{"zip_code":"76511"},"geometry":{"type":"MultiPolygon","coordinates":[[[[-97.56603,30.77231],[-97.55617,30.74952],[-97.55464,30.75037],[-97.53588,30.75646],[-97.52944,30.7585],[-97.5279,30.75869],[-97.52593,30.75824],[-97.52464,30.75736],[-97.52397,30.75654],[-97.52261,30.75388],[-97.52267,30.75352],[-97.52169,30.75121],[-97.51933,30.7514],[-97.51808,30.74919],[-97.51334,30.75057],[-97.51384,30.75185],[-97.512,30.75235],[-97.51128,30.75113],[-97.51037,30.75143],[-97.51195,30.75517],[-97.50368,30.75878],[-97.4931,30.76215],[-97.49187,30.7593],[-97.48952,30.75834],[-97.48848,30.75619],[-97.48773,30.75539],[-97.48414,30.75414],[-97.48243,30.75166],[-97.48134,30.75113],[-97.47406,30.74895],[-97.46822,30.76333],[-97.43854,30.75447],[-97.43575,30.77126],[-97.43539,30.77123],[-97.43451,30.77689],[-97.43035,30.77592],[-97.42923,30.77599],[-97.42782,30.77557],[-97.4257,30.77568],[-97.42485,30.77534],[-97.42417,30.77613],[-97.42194,30.78195],[-97.42162,30.7821],[-97.42115,30.78173],[-97.40353,30.77681],[-97.40752,30.7665],[-97.40836,30.76502],[-97.40852,30.76367],[-97.40897,30.76253],[-97.40741,30.75964],[-97.40179,30.75817],[-97.40004,30.76266],[-97.39977,30.76281],[-97.3812,30.75751],[-97.37968,30.76141],[-97.36021,30.75571],[-97.35904,30.75858],[-97.33317,30.75085],[-97.33269,30.75049],[-97.32596,30.74816],[-97.31841,30.74585],[-97.3161,30.75149],[-97.30727,30.74891],[-97.30712,30.74931],[-97.30259,30.74756],[-97.29951,30.74684],[-97.29883,30.74645],[-97.29207,30.76457],[-97.28259,30.7705],[-97.27628,30.77688],[-97.27546,30.77894],[-97.278,30.7847],[-97.27503,30.78576],[-97.27752,30.79148],[-97.27797,30.79358],[-97.27801,30.79541],[-97.28238,30.7965],[-97.28213,30.79781],[-97.28234,30.79806],[-97.28439,30.79826],[-97.28563,30.79866],[-97.28727,30.80054],[-97.28777,30.80191],[-97.29085,30.80266],[-97.29432,30.80404],[-97.29674,30.79889],[-97.28949,30.81628],[-97.29009,30.81631],[-97.29175,30.81761],[-97.29203,30.81885],[-97.29318,30.81908],[-97.29495,30.82024],[-97.29827,30.82174],[-97.3001,30.82117],[-97.30183,30.82164],[-97.30246,30.82087],[-97.30307,30.82068],[-97.30457,30.82099],[-97.30662,30.82016],[-97.30607,30.81934],[-97.30677,30.81882],[-97.30715,30.81885],[-97.3076,30.81939],[-97.3081,30.81938],[-97.30877,30.81884],[-97.30981,30.81936],[-97.31032,30.81921],[-97.31103,30.82022],[-97.31183,30.82013],[-97.31201,30.8206],[-97.31263,30.82034],[-97.31254,30.81982],[-97.31282,30.81961],[-97.31302,30.81987],[-97.31066,30.82574],[-97.31951,30.82841],[-97.31966,30.8277],[-97.32356,30.82885],[-97.32207,30.83336],[-97.32301,30.83322],[-97.32437,30.83224],[-97.32508,30.8322],[-97.32556,30.83342],[-97.3253,30.8335],[-97.3252,30.83394],[-97.32606,30.83414],[-97.32661,30.83349],[-97.32763,30.83344],[-97.32784,30.83396],[-97.32822,30.83418],[-97.32843,30.83498],[-97.32979,30.83633],[-97.32991,30.83682],[-97.33125,30.83736],[-97.332,30.83734],[-97.33204,30.83697],[-97.3325,30.83668],[-97.33714,30.83714],[-97.34263,30.82287],[-97.34382,30.82299],[-97.34559,30.82245],[-97.3463,30.82273],[-97.34671,30.82252],[-97.34682,30.82223],[-97.34648,30.8213],[-97.34617,30.82096],[-97.34575,30.82109],[-97.34557,30.82091],[-97.34608,30.82014],[-97.34684,30.81995],[-97.34664,30.81926],[-97.34723,30.81933],[-97.34786,30.8198],[-97.34847,30.81977],[-97.3491,30.82018],[-97.34884,30.8205],[-97.34929,30.8207],[-97.35082,30.82019],[-97.35042,30.81965],[-97.3506,30.81938],[-97.3516,30.82025],[-97.35283,30.81993],[-97.35343,30.81906],[-97.354,30.81898],[-97.35426,30.81859],[-97.35376,30.81823],[-97.35267,30.81853],[-97.35305,30.8173],[-97.35389,30.81678],[-97.35548,30.81641],[-97.3558,30.81606],[-97.35543,30.81575],[-97.35553,30.81542],[-97.35768,30.81466],[-97.35811,30.81477],[-97.35866,30.81558],[-97.35839,30.8162],[-97.36075,30.81754],[-97.36122,30.8174],[-97.3616,30.81675],[-97.36227,30.81626],[-97.36224,30.81599],[-97.36384,30.81549],[-97.36399,30.81508],[-97.36457,30.81467],[-97.36384,30.81418],[-97.36337,30.8135],[-97.36367,30.81209],[-97.36414,30.81173],[-97.36551,30.81141],[-97.36568,30.81064],[-97.36512,30.80986],[-97.36626,30.80837],[-97.36679,30.80812],[-97.36715,30.80874],[-97.36782,30.80904],[-97.3689,30.80886],[-97.3698,30.80792],[-97.37024,30.80787],[-97.37065,30.80727],[-97.37056,30.80682],[-97.37022,30.80658],[-97.36998,30.8067],[-97.36997,30.80705],[-97.36964,30.80682],[-97.36946,30.80711],[-97.36917,30.80666],[-97.36927,30.80627],[-97.36891,30.80597],[-97.36894,30.80561],[-97.36943,30.80509],[-97.36927,30.80472],[-97.36868,30.80439],[-97.36884,30.80394],[-97.36917,30.80384],[-97.36873,30.80331],[-97.36896,30.80274],[-97.36928,30.8027],[-97.37061,30.80358],[-97.37105,30.80416],[-97.37106,30.8046],[-97.37226,30.80432],[-97.3728,30.80329],[-97.37289,30.80252],[-97.3729,30.80209],[-97.3723,30.80136],[-97.37268,30.80075],[-97.38287,30.80338],[-97.38306,30.80346],[-97.38164,30.80751],[-97.382,30.80738],[-97.39143,30.8101],[-97.38911,30.81667],[-97.38857,30.81752],[-97.38706,30.82159],[-97.39573,30.82398],[-97.39144,30.83535],[-97.3918,30.83519],[-97.3967,30.8359],[-97.40666,30.83893],[-97.40723,30.83893],[-97.40568,30.84302],[-97.41528,30.8457],[-97.41648,30.8422],[-97.41672,30.84201],[-97.42547,30.84468],[-97.42521,30.84583],[-97.43253,30.84777],[-97.4342,30.84325],[-97.44853,30.84721],[-97.44901,30.8459],[-97.4587,30.84853],[-97.45905,30.84843],[-97.45933,30.84787],[-97.45973,30.84784],[-97.46973,30.85059],[-97.46995,30.85102],[-97.46838,30.85514],[-97.47123,30.85608],[-97.46663,30.8673],[-97.47066,30.86842],[-97.4695,30.87206],[-97.47256,30.87503],[-97.47866,30.87648],[-97.47999,30.87244],[-97.49442,30.87574],[-97.49631,30.87983],[-97.49865,30.87278],[-97.50593,30.87054],[-97.50655,30.87203],[-97.50713,30.87209],[-97.51932,30.86821],[-97.51569,30.85951],[-97.51239,30.86039],[-97.51478,30.85414],[-97.532,30.85855],[-97.53312,30.85442],[-97.53976,30.85217],[-97.53838,30.84915],[-97.53592,30.84644],[-97.53529,30.84535],[-97.53532,30.84419],[-97.53604,30.84188],[-97.53606,30.83973],[-97.53674,30.83838],[-97.53588,30.83774],[-97.53518,30.83614],[-97.48326,30.81638],[-97.50514,30.813],[-97.51413,30.81546],[-97.51653,30.81154],[-97.51626,30.81113],[-97.51451,30.81095],[-97.51431,30.81065],[-97.52455,30.78367],[-97.53669,30.78726],[-97.55224,30.78265],[-97.55552,30.79026],[-97.55613,30.79107],[-97.55953,30.79],[-97.55576,30.78016],[-97.55762,30.77959],[-97.55593,30.77565],[-97.56603,30.77231]]],[[[-97.27386,30.78311],[-97.27061,30.77555],[-97.26955,30.77822],[-97.25883,30.77525],[-97.25719,30.77933],[-97.26164,30.78108],[-97.26052,30.78367],[-97.2678,30.78707],[-97.26855,30.78479],[-97.26901,30.78456],[-97.27077,30.78821],[-97.27145,30.78773],[-97.27085,30.78616],[-97.2716,30.78574],[-97.27092,30.78397],[-97.27386,30.78311]]]]}},{"type":"Feature","properties":{"zip_code":"76527"},"geometry":{"type":"Polygon","coordinates":[[[-97.93982,30.80608],[-97.93969,30.8055],[-97.93746,30.80359],[-97.93455,30.80467],[-97.93391,30.8055],[-97.93272,30.80536],[-97.9319,30.80586],[-97.93155,30.80648],[-97.92896,30.80662],[-97.92838,30.80685],[-97.9278,30.80665],[-97.92631,30.80525],[-97.92681,30.8045],[-97.9266,30.80368],[-97.92603,30.80341],[-97.9265,30.80161],[-97.92826,30.80052],[-97.92894,30.79911],[-97.93017,30.79876],[-97.93087,30.79781],[-97.93173,30.79715],[-97.93161,30.79666],[-97.93104,30.79643],[-97.92983,30.79644],[-97.92929,30.79606],[-97.91828,30.79943],[-97.9135,30.78785],[-97.8987,30.79253],[-97.89776,30.79027],[-97.8974,30.7845],[-97.89599,30.78299],[-97.89102,30.77976],[-97.89072,30.77889],[-97.89028,30.77435],[-97.8888,30.77179],[-97.88822,30.77148],[-97.85996,30.7801],[-97.85772,30.78124],[-97.85528,30.78159],[-97.846,30.78445],[-97.84515,30.7849],[-97.8442,30.78614],[-97.84413,30.78749],[-97.84978,30.80105],[-97.84996,30.80255],[-97.84926,30.80402],[-97.84818,30.80486],[-97.84185,30.80665],[-97.83804,30.79732],[-97.82799,30.79996],[-97.82407,30.79335],[-97.81922,30.79484],[-97.81369,30.78178],[-97.82371,30.77914],[-97.81957,30.77192],[-97.81822,30.77223],[-97.81677,30.77208],[-97.81547,30.77147],[-97.81467,30.77064],[-97.80612,30.75059],[-97.79711,30.75345],[-97.79702,30.75371],[-97.79836,30.75666],[-97.7847,30.76107],[-97.78644,30.76511],[-97.78476,30.76592],[-97.78475,30.76615],[-97.78419,30.76625],[-97.78357,30.76699],[-97.78373,30.76743],[-97.78341,30.7681],[-97.78105,30.76997],[-97.7799,30.7695],[-97.77896,30.76949],[-97.77769,30.7688],[-97.77593,30.76895],[-97.77486,30.76877],[-97.77434,30.76762],[-97.77275,30.76744],[-97.77151,30.76756],[-97.77062,30.76872],[-97.76948,30.76898],[-97.76901,30.76941],[-97.76808,30.76955],[-97.7676,30.76927],[-97.76664,30.76922],[-97.76525,30.76966],[-97.76421,30.77057],[-97.76364,30.7706],[-97.76274,30.77024],[-97.76273,30.76965],[-97.76157,30.76902],[-97.76143,30.7684],[-97.76088,30.76801],[-97.76068,30.76769],[-97.76092,30.76697],[-97.76063,30.76612],[-97.75954,30.76536],[-97.75731,30.76451],[-97.75621,30.76435],[-97.7558,30.76454],[-97.75587,30.76481],[-97.75797,30.76997],[-97.7533,30.77286],[-97.74585,30.7636],[-97.74461,30.76293],[-97.73414,30.75913],[-97.73584,30.75794],[-97.73609,30.75683],[-97.73587,30.75622],[-97.73432,30.75668],[-97.73199,30.75093],[-97.72068,30.75441],[-97.71244,30.74976],[-97.72025,30.75675],[-97.71759,30.7586],[-97.71184,30.76041],[-97.71041,30.76112],[-97.70665,30.76485],[-97.70205,30.76655],[-97.70414,30.77255],[-97.71707,30.8037],[-97.70372,30.80821],[-97.70207,30.8035],[-97.69106,30.80709],[-97.69201,30.80946],[-97.69126,30.80929],[-97.69069,30.80947],[-97.69032,30.81094],[-97.6903,30.81248],[-97.68951,30.8127],[-97.68796,30.81419],[-97.68679,30.81387],[-97.68566,30.8147],[-97.68451,30.81504],[-97.68466,30.81683],[-97.68443,30.8171],[-97.68275,30.81692],[-97.68235,30.81706],[-97.68191,30.81763],[-97.68179,30.81885],[-97.68262,30.8191],[-97.6846,30.81934],[-97.68749,30.81873],[-97.68847,30.819],[-97.68896,30.8195],[-97.6813,30.82194],[-97.68295,30.82527],[-97.68272,30.82534],[-97.68764,30.83683],[-97.66605,30.8437],[-97.6803,30.87908],[-97.70549,30.88348],[-97.70666,30.88656],[-97.70612,30.88645],[-97.71214,30.9004],[-97.71019,30.90205],[-97.71143,30.90445],[-97.70819,30.90476],[-97.70904,30.90774],[-97.71495,30.90606],[-97.71401,30.90385],[-97.71517,30.90347],[-97.71865,30.90298],[-97.71883,30.90625],[-97.71832,30.90911],[-97.71754,30.90955],[-97.71531,30.91159],[-97.71113,30.91305],[-97.71082,30.91338],[-97.71121,30.91437],[-97.71185,30.918],[-97.71378,30.91975],[-97.71433,30.92209],[-97.71421,30.92341],[-97.71742,30.93118],[-97.71885,30.93032],[-97.7219,30.92911],[-97.72251,30.92822],[-97.72253,30.92712],[-97.72322,30.92669],[-97.73279,30.92411],[-97.74419,30.92051],[-97.7478,30.91988],[-97.74973,30.91867],[-97.75507,30.9198],[-97.7572,30.91844],[-97.76174,30.91483],[-97.76285,30.91441],[-97.76762,30.91321],[-97.76835,30.91478],[-97.7725,30.91366],[-97.76932,30.90535],[-97.77095,30.90495],[-97.77261,30.90896],[-97.77825,30.90728],[-97.77552,30.90072],[-97.77397,30.90269],[-97.77243,30.89932],[-97.77164,30.89922],[-97.77023,30.89646],[-97.77426,30.89517],[-97.8281,30.90441],[-97.83382,30.89944],[-97.83401,30.90064],[-97.83369,30.90166],[-97.83507,30.90505],[-97.83549,30.90671],[-97.83669,30.90685],[-97.83709,30.90666],[-97.83873,30.90442],[-97.83995,30.90343],[-97.84179,30.90293],[-97.84211,30.90352],[-97.84182,30.90476],[-97.84373,30.90682],[-97.84396,30.90749],[-97.84453,30.90777],[-97.84669,30.907],[-97.84887,30.90801],[-97.84983,30.90712],[-97.85125,30.90766],[-97.85213,30.90767],[-97.85375,30.90857],[-97.85401,30.9083],[-97.85448,30.90596],[-97.85452,30.90129],[-97.85684,30.9004],[-97.85495,30.89562],[-97.85599,30.89508],[-97.85742,30.89747],[-97.86864,30.893],[-97.86829,30.89007],[-97.87614,30.88899],[-97.87709,30.89117],[-97.88586,30.88858],[-97.88544,30.888],[-97.88591,30.8869],[-97.88544,30.88671],[-97.88569,30.88637],[-97.88603,30.88633],[-97.88584,30.88537],[-97.88673,30.88419],[-97.88651,30.88389],[-97.88724,30.88325],[-97.88716,30.88223],[-97.88796,30.8811],[-97.88747,30.88057],[-97.88756,30.8798],[-97.88791,30.87928],[-97.88793,30.87824],[-97.88822,30.87791],[-97.88806,30.87708],[-97.88836,30.87671],[-97.88846,30.87602],[-97.88778,30.87518],[-97.88609,30.87427],[-97.88586,30.87353],[-97.88527,30.87328],[-97.88546,30.87279],[-97.88697,30.8729],[-97.88783,30.87257],[-97.88857,30.8716],[-97.88852,30.87016],[-97.88783,30.86887],[-97.88786,30.86794],[-97.88866,30.86775],[-97.88879,30.86747],[-97.88941,30.86745],[-97.93417,30.85347],[-97.93448,30.85357],[-97.93495,30.85468],[-97.93828,30.85359],[-97.93233,30.83942],[-97.93166,30.83666],[-97.92924,30.83076],[-97.92764,30.83077],[-97.91289,30.83495],[-97.91014,30.83603],[-97.90413,30.83789],[-97.93955,30.80654],[-97.93982,30.80608]]]}},{"type":"Feature","properties":{"zip_code":"76530"},"geometry":{"type":"Polygon","coordinates":[[[-97.57607,30.74045],[-97.57577,30.73994],[-97.57519,30.73959],[-97.57112,30.73944],[-97.56915,30.73756],[-97.56723,30.73661],[-97.56572,30.73554],[-97.56527,30.73464],[-97.56515,30.73348],[-97.56458,30.73256],[-97.5629,30.72819],[-97.5622,30.72734],[-97.56044,30.72672],[-97.55849,30.72409],[-97.55752,30.72385],[-97.55618,30.72449],[-97.55429,30.72492],[-97.55289,30.72486],[-97.54979,30.72391],[-97.54919,30.72055],[-97.54784,30.71877],[-97.54949,30.71613],[-97.55134,30.71602],[-97.55169,30.71578],[-97.55272,30.71312],[-97.55374,30.71172],[-97.55596,30.70619],[-97.55561,30.70504],[-97.55752,30.70443],[-97.55508,30.6976],[-97.55916,30.69622],[-97.55669,30.69047],[-97.55384,30.69135],[-97.55452,30.68821],[-97.55298,30.68435],[-97.54996,30.68346],[-97.5495,30.6831],[-97.54618,30.68428],[-97.54513,30.68201],[-97.53196,30.67797],[-97.52646,30.69147],[-97.50329,30.6846],[-97.50151,30.68476],[-97.49356,30.68787],[-97.49029,30.67994],[-97.4918,30.67798],[-97.49615,30.66697],[-97.48338,30.66315],[-97.4825,30.66272],[-97.47129,30.63622],[-97.46853,30.6367],[-97.46535,30.63768],[-97.46619,30.63665],[-97.46592,30.63551],[-97.46485,30.63512],[-97.46427,30.63443],[-97.463,30.6345],[-97.46177,30.63303],[-97.46097,30.63256],[-97.46174,30.63162],[-97.46272,30.63109],[-97.4649,30.63128],[-97.46564,30.63204],[-97.46633,30.63231],[-97.468,30.63286],[-97.46963,30.63297],[-97.47069,30.63215],[-97.47086,30.63143],[-97.47173,30.63028],[-97.47317,30.62933],[-97.47162,30.6302],[-97.47103,30.63094],[-97.47054,30.63214],[-97.46978,30.63283],[-97.46855,30.63285],[-97.46589,30.63208],[-97.46474,30.63112],[-97.46255,30.63096],[-97.46177,30.63136],[-97.45994,30.63357],[-97.457,30.63443],[-97.4551,30.63634],[-97.45515,30.63704],[-97.45616,30.63785],[-97.45745,30.63778],[-97.45765,30.63819],[-97.45725,30.63966],[-97.45608,30.64064],[-97.45269,30.64058],[-97.45193,30.64017],[-97.45098,30.64024],[-97.44973,30.63997],[-97.4495,30.64107],[-97.44884,30.64219],[-97.44787,30.64316],[-97.44595,30.64359],[-97.4451,30.64343],[-97.44335,30.64395],[-97.44192,30.64498],[-97.43952,30.64419],[-97.43683,30.64475],[-97.43427,30.6443],[-97.43347,30.64443],[-97.43119,30.64619],[-97.4309,30.64701],[-97.43091,30.6474],[-97.43223,30.64925],[-97.43221,30.64979],[-97.43123,30.65014],[-97.43055,30.65004],[-97.4291,30.65065],[-97.42847,30.65139],[-97.42636,30.6503],[-97.42694,30.64854],[-97.42684,30.64788],[-97.42632,30.64721],[-97.42594,30.64701],[-97.42515,30.64776],[-97.42203,30.64836],[-97.41991,30.64734],[-97.41993,30.64698],[-97.42059,30.64612],[-97.42066,30.64469],[-97.41971,30.64452],[-97.41836,30.64475],[-97.41711,30.64604],[-97.41581,30.64806],[-97.41592,30.64941],[-97.41647,30.65065],[-97.41634,30.6513],[-97.41554,30.65228],[-97.4135,30.65283],[-97.4111,30.65259],[-97.40819,30.65169],[-97.40569,30.65289],[-97.40556,30.65349],[-97.40606,30.65392],[-97.40602,30.65445],[-97.40523,30.6551],[-97.40509,30.65563],[-97.40557,30.6566],[-97.4065,30.65693],[-97.40725,30.65768],[-97.40758,30.65896],[-97.40652,30.65933],[-97.40393,30.65932],[-97.40067,30.65985],[-97.39925,30.66035],[-97.39894,30.66113],[-97.39927,30.66186],[-97.40185,30.66252],[-97.40373,30.66402],[-97.40415,30.66477],[-97.40362,30.66561],[-97.40281,30.6657],[-97.40175,30.66504],[-97.3993,30.6644],[-97.39834,30.6643],[-97.39821,30.66475],[-97.3973,30.66464],[-97.39671,30.66425],[-97.39286,30.66403],[-97.38769,30.66438],[-97.38613,30.66505],[-97.38423,30.66763],[-97.38207,30.66959],[-97.37864,30.66966],[-97.37721,30.67016],[-97.37649,30.67081],[-97.37561,30.67193],[-97.37416,30.67456],[-97.37268,30.67603],[-97.37105,30.67692],[-97.37069,30.67754],[-97.36921,30.67858],[-97.36879,30.67913],[-97.36862,30.68047],[-97.36577,30.68358],[-97.36431,30.68612],[-97.36217,30.68782],[-97.35938,30.68813],[-97.35783,30.68806],[-97.35142,30.69166],[-97.34884,30.69561],[-97.34452,30.69635],[-97.3423,30.69861],[-97.34072,30.70086],[-97.33923,30.70159],[-97.33098,30.70184],[-97.3222,30.6987],[-97.31914,30.69828],[-97.31704,30.69853],[-97.31452,30.6994],[-97.31298,30.69949],[-97.31095,30.70154],[-97.31058,30.70152],[-97.30883,30.69971],[-97.30729,30.6995],[-97.30685,30.69871],[-97.30656,30.69743],[-97.3053,30.6969],[-97.30358,30.6957],[-97.30237,30.69552],[-97.30143,30.69598],[-97.30165,30.69681],[-97.30152,30.6978],[-97.30093,30.69824],[-97.3,30.69838],[-97.29967,30.69896],[-97.30018,30.70207],[-97.2991,30.70316],[-97.29786,30.70357],[-97.29689,30.70272],[-97.29644,30.70154],[-97.29665,30.70038],[-97.2962,30.69891],[-97.29654,30.69796],[-97.29643,30.69763],[-97.29586,30.69729],[-97.29292,30.6966],[-97.29253,30.6961],[-97.29238,30.69516],[-97.29125,30.69522],[-97.29102,30.69591],[-97.29067,30.69616],[-97.28806,30.6965],[-97.28387,30.69842],[-97.28328,30.69797],[-97.28311,30.6962],[-97.28234,30.6955],[-97.28229,30.69463],[-97.28195,30.69421],[-97.27977,30.69406],[-97.27706,30.6962],[-97.27601,30.69652],[-97.27493,30.69648],[-97.27421,30.69621],[-97.2738,30.69564],[-97.27394,30.69398],[-97.27342,30.69328],[-97.27184,30.69509],[-97.27094,30.69543],[-97.26975,30.69516],[-97.26937,30.69415],[-97.26893,30.69393],[-97.26666,30.69467],[-97.26502,30.69736],[-97.26379,30.69824],[-97.26382,30.69911],[-97.2635,30.69976],[-97.26278,30.70016],[-97.26051,30.70033],[-97.26005,30.69995],[-97.26004,30.69952],[-97.26056,30.69829],[-97.2606,30.69667],[-97.26123,30.69626],[-97.26222,30.69606],[-97.26293,30.6951],[-97.26296,30.69422],[-97.26235,30.69265],[-97.25957,30.69263],[-97.25884,30.69382],[-97.25822,30.69396],[-97.25767,30.69367],[-97.25648,30.6923],[-97.25537,30.69198],[-97.25293,30.69343],[-97.25241,30.69347],[-97.26995,30.73536],[-97.30712,30.74931],[-97.30727,30.74891],[-97.31602,30.75149],[-97.31625,30.75135],[-97.31841,30.74585],[-97.32596,30.74816],[-97.33269,30.75049],[-97.33317,30.75085],[-97.35904,30.75858],[-97.36021,30.75571],[-97.37968,30.76141],[-97.3812,30.75751],[-97.39977,30.76281],[-97.40004,30.76266],[-97.40179,30.75817],[-97.40741,30.75964],[-97.40897,30.76253],[-97.40852,30.76367],[-97.40836,30.76502],[-97.40752,30.7665],[-97.40353,30.77681],[-97.42115,30.78173],[-97.42162,30.7821],[-97.42194,30.78195],[-97.42417,30.77613],[-97.42485,30.77534],[-97.4257,30.77568],[-97.42782,30.77557],[-97.42923,30.77599],[-97.43035,30.77592],[-97.43451,30.77689],[-97.43539,30.77123],[-97.43575,30.77126],[-97.43854,30.75447],[-97.46822,30.76333],[-97.47406,30.74895],[-97.48134,30.75113],[-97.48243,30.75166],[-97.48414,30.75414],[-97.48773,30.75539],[-97.48848,30.75619],[-97.48952,30.75834],[-97.49187,30.7593],[-97.4931,30.76215],[-97.50368,30.75878],[-97.51195,30.75517],[-97.51037,30.75143],[-97.51128,30.75113],[-97.512,30.75235],[-97.51384,30.75185],[-97.51334,30.75057],[-97.51808,30.74919],[-97.51933,30.7514],[-97.52169,30.75121],[-97.52267,30.75352],[-97.52261,30.75388],[-97.52397,30.75654],[-97.52464,30.75736],[-97.52593,30.75824],[-97.5279,30.75869],[-97.52944,30.7585],[-97.53588,30.75646],[-97.55464,30.75037],[-97.55617,30.74952],[-97.56603,30.77231],[-97.56644,30.77215],[-97.55687,30.74881],[-97.55792,30.74784],[-97.55882,30.74739],[-97.56996,30.74396],[-97.57283,30.74161],[-97.57607,30.74045]]]}},{"type":"Feature","properties":{"zip_code":"76537"},"geometry":{"type":"Polygon","coordinates":[[[-97.69184,30.80947],[-97.69201,30.80946],[-97.69106,30.80709],[-97.68384,30.7897],[-97.68038,30.79146],[-97.67014,30.79572],[-97.66543,30.7844],[-97.6523,30.78858],[-97.6522,30.78881],[-97.6537,30.79248],[-97.64334,30.79578],[-97.63358,30.77262],[-97.62848,30.77418],[-97.6273,30.774],[-97.6267,30.7758],[-97.62543,30.77621],[-97.62606,30.77372],[-97.62496,30.77338],[-97.62428,30.77192],[-97.61904,30.77353],[-97.61273,30.75862],[-97.61221,30.75802],[-97.61163,30.75793],[-97.6036,30.7603],[-97.59578,30.76291],[-97.59567,30.7624],[-97.59606,30.76143],[-97.59566,30.76081],[-97.59348,30.76006],[-97.59155,30.75834],[-97.59137,30.75599],[-97.59039,30.75569],[-97.58954,30.75473],[-97.58836,30.75467],[-97.58798,30.75436],[-97.58176,30.75634],[-97.58363,30.7614],[-97.57892,30.76296],[-97.58088,30.7675],[-97.57904,30.76822],[-97.58019,30.7709],[-97.56761,30.77494],[-97.56644,30.77215],[-97.55593,30.77565],[-97.55762,30.77959],[-97.55576,30.78016],[-97.55953,30.79],[-97.55594,30.79104],[-97.55219,30.78264],[-97.53669,30.78726],[-97.52455,30.78367],[-97.51431,30.81065],[-97.51451,30.81095],[-97.51626,30.81113],[-97.51652,30.81157],[-97.51426,30.8151],[-97.51349,30.81707],[-97.51408,30.81741],[-97.51058,30.82655],[-97.51301,30.82736],[-97.51307,30.82771],[-97.62405,30.87],[-97.65397,30.87463],[-97.6803,30.87908],[-97.66605,30.8437],[-97.68764,30.83683],[-97.68272,30.82534],[-97.68295,30.82527],[-97.6813,30.82194],[-97.68896,30.8195],[-97.68847,30.819],[-97.68749,30.81873],[-97.68499,30.81931],[-97.68349,30.8193],[-97.68179,30.81885],[-97.6818,30.81832],[-97.68195,30.81754],[-97.68235,30.81706],[-97.68452,30.81703],[-97.68451,30.81504],[-97.68566,30.8147],[-97.68679,30.81387],[-97.68796,30.81419],[-97.68951,30.8127],[-97.6903,30.81248],[-97.69032,30.81094],[-97.69069,30.80947],[-97.69126,30.80929],[-97.69184,30.80947]]]}},{"type":"Feature","properties":{"zip_code":"76573"},"geometry":{"type":"Polygon","coordinates":[[[-97.51387,30.81613],[-97.51413,30.81546],[-97.50514,30.813],[-97.48326,30.81638],[-97.51307,30.82771],[-97.51301,30.82736],[-97.51058,30.82655],[-97.51408,30.81741],[-97.51349,30.81707],[-97.51387,30.81613]]]}},{"type":"Feature","properties":{"zip_code":"76574"},"geometry":{"type":"Polygon","coordinates":[[[-97.52702,30.47514],[-97.52712,30.47465],[-97.52397,30.47218],[-97.52236,30.47638],[-97.51086,30.48526],[-97.50479,30.4811],[-97.50255,30.48057],[-97.50137,30.47792],[-97.50135,30.47729],[-97.49833,30.47662],[-97.49877,30.47357],[-97.49963,30.47007],[-97.49823,30.46983],[-97.49884,30.46712],[-97.49752,30.46696],[-97.49757,30.46663],[-97.49549,30.4664],[-97.49457,30.4719],[-97.49391,30.47194],[-97.48952,30.47104],[-97.48909,30.47329],[-97.4887,30.47313],[-97.48643,30.46947],[-97.48012,30.47043],[-97.47785,30.46954],[-97.47759,30.47189],[-97.47677,30.4715],[-97.47634,30.47091],[-97.47583,30.47082],[-97.47451,30.47108],[-97.47392,30.47203],[-97.47275,30.47263],[-97.47126,30.4727],[-97.4706,30.47191],[-97.46969,30.47153],[-97.46952,30.47052],[-97.46852,30.4696],[-97.46705,30.46986],[-97.46679,30.47037],[-97.46679,30.47127],[-97.46482,30.47097],[-97.46477,30.47055],[-97.46606,30.47005],[-97.46687,30.46926],[-97.46719,30.46838],[-97.46458,30.46857],[-97.46441,30.47008],[-97.46305,30.46906],[-97.46393,30.46751],[-97.46367,30.46702],[-97.463,30.46684],[-97.46218,30.4671],[-97.46124,30.46801],[-97.45889,30.46869],[-97.45763,30.46955],[-97.45741,30.47005],[-97.45757,30.47031],[-97.45955,30.47144],[-97.45942,30.47275],[-97.45877,30.47308],[-97.45768,30.47279],[-97.45724,30.4713],[-97.45738,30.47086],[-97.45705,30.47053],[-97.45604,30.47068],[-97.45545,30.47135],[-97.45445,30.47179],[-97.45335,30.47125],[-97.45308,30.47056],[-97.45215,30.47094],[-97.4516,30.47041],[-97.45159,30.46969],[-97.45097,30.46922],[-97.45061,30.46916],[-97.44974,30.46978],[-97.44943,30.46891],[-97.44839,30.46865],[-97.44792,30.46879],[-97.44747,30.46944],[-97.44717,30.46866],[-97.44651,30.46788],[-97.44488,30.46738],[-97.44369,30.46812],[-97.44376,30.46934],[-97.44475,30.47001],[-97.44472,30.47051],[-97.44291,30.47008],[-97.44233,30.47016],[-97.44185,30.47063],[-97.44039,30.47076],[-97.44005,30.4715],[-97.43903,30.47199],[-97.43825,30.47177],[-97.43766,30.47116],[-97.43568,30.47186],[-97.43522,30.47178],[-97.43493,30.47151],[-97.43493,30.47112],[-97.43549,30.47037],[-97.43552,30.46987],[-97.43444,30.47009],[-97.4341,30.4696],[-97.4333,30.46932],[-97.43227,30.46949],[-97.43147,30.47024],[-97.43045,30.47035],[-97.42991,30.46954],[-97.42978,30.4686],[-97.42932,30.46855],[-97.42809,30.46913],[-97.42751,30.4688],[-97.42739,30.4681],[-97.42701,30.46784],[-97.42528,30.4679],[-97.42509,30.469],[-97.42455,30.46914],[-97.42335,30.46857],[-97.42358,30.46818],[-97.42346,30.46768],[-97.4225,30.46738],[-97.42191,30.46768],[-97.42104,30.46748],[-97.41751,30.46798],[-97.41665,30.46849],[-97.41553,30.46827],[-97.41466,30.46852],[-97.41406,30.46831],[-97.41295,30.46873],[-97.40909,30.46881],[-97.40875,30.46844],[-97.40832,30.46836],[-97.4072,30.46843],[-97.40637,30.46887],[-97.40562,30.46841],[-97.40313,30.46789],[-97.40146,30.46833],[-97.39891,30.46848],[-97.39828,30.46924],[-97.39857,30.47066],[-97.39838,30.47091],[-97.39796,30.47094],[-97.39772,30.47036],[-97.39721,30.47],[-97.39621,30.47027],[-97.39595,30.47086],[-97.39462,30.47131],[-97.39408,30.47174],[-97.39395,30.47215],[-97.39435,30.47262],[-97.3942,30.47281],[-97.39354,30.4726],[-97.39304,30.47198],[-97.39147,30.47237],[-97.39017,30.47206],[-97.38786,30.47231],[-97.38527,30.47136],[-97.38338,30.47109],[-97.3831,30.47085],[-97.38323,30.47017],[-97.38221,30.47014],[-97.38179,30.46978],[-97.38123,30.47052],[-97.37796,30.48732],[-97.37684,30.48899],[-97.3756,30.48994],[-97.37533,30.49046],[-97.37315,30.50414],[-97.36114,30.50796],[-97.3649,30.51683],[-97.36485,30.51721],[-97.3612,30.51892],[-97.35398,30.52132],[-97.35422,30.52188],[-97.3477,30.52386],[-97.34772,30.52464],[-97.34751,30.52491],[-97.34415,30.52597],[-97.34373,30.52544],[-97.34144,30.51994],[-97.34094,30.51979],[-97.33915,30.52031],[-97.33848,30.51955],[-97.3358,30.52173],[-97.3348,30.52177],[-97.33344,30.52259],[-97.33309,30.52326],[-97.3336,30.52361],[-97.33427,30.52365],[-97.33438,30.524],[-97.3334,30.5246],[-97.33277,30.52611],[-97.33042,30.52906],[-97.32975,30.52935],[-97.32782,30.52951],[-97.32672,30.53044],[-97.32658,30.53097],[-97.32382,30.53191],[-97.32333,30.5327],[-97.32184,30.53269],[-97.32038,30.53324],[-97.31941,30.53281],[-97.31889,30.53316],[-97.31755,30.5328],[-97.31649,30.53291],[-97.31557,30.53223],[-97.31358,30.53204],[-97.31169,30.53277],[-97.31053,30.53374],[-97.30928,30.53401],[-97.30858,30.53454],[-97.30793,30.53464],[-97.30645,30.5358],[-97.30366,30.53622],[-97.30319,30.53658],[-97.30271,30.53751],[-97.30187,30.53755],[-97.29905,30.53847],[-97.30491,30.55154],[-97.29851,30.55343],[-97.29919,30.55497],[-97.3045,30.55775],[-97.30477,30.55852],[-97.28606,30.56435],[-97.28558,30.56472],[-97.29181,30.57899],[-97.29257,30.5787],[-97.29674,30.58486],[-97.30297,30.58373],[-97.30527,30.58905],[-97.3049,30.58912],[-97.30514,30.58998],[-97.31004,30.58841],[-97.31891,30.58674],[-97.32032,30.59027],[-97.28573,30.60041],[-97.29303,30.61923],[-97.29453,30.62188],[-97.29361,30.62764],[-97.29234,30.63185],[-97.28687,30.63235],[-97.28663,30.63295],[-97.28561,30.63364],[-97.28348,30.63282],[-97.28067,30.63367],[-97.27955,30.63352],[-97.27863,30.63372],[-97.27789,30.63326],[-97.27678,30.63302],[-97.27603,30.63233],[-97.27559,30.63276],[-97.27437,30.63283],[-97.27433,30.63394],[-97.27227,30.63477],[-97.27148,30.63452],[-97.26955,30.63524],[-97.26835,30.63516],[-97.26823,30.6356],[-97.26782,30.63584],[-97.26532,30.63582],[-97.26443,30.63659],[-97.26801,30.64481],[-97.26877,30.64456],[-97.26906,30.6447],[-97.27153,30.65052],[-97.2715,30.65115],[-97.26947,30.65655],[-97.27815,30.65923],[-97.27351,30.67103],[-97.26556,30.66862],[-97.26464,30.66851],[-97.25538,30.67135],[-97.2537,30.67127],[-97.25103,30.6703],[-97.24988,30.67012],[-97.2458,30.67109],[-97.24327,30.67137],[-97.25241,30.69347],[-97.25293,30.69343],[-97.25537,30.69198],[-97.25648,30.6923],[-97.25767,30.69367],[-97.25822,30.69396],[-97.25884,30.69382],[-97.25957,30.69263],[-97.26235,30.69265],[-97.26296,30.69422],[-97.26293,30.6951],[-97.26222,30.69606],[-97.26123,30.69626],[-97.2606,30.69667],[-97.26056,30.69829],[-97.26004,30.69952],[-97.26005,30.69995],[-97.26051,30.70033],[-97.26278,30.70016],[-97.2635,30.69976],[-97.26382,30.69911],[-97.26379,30.69824],[-97.26502,30.69736],[-97.26666,30.69467],[-97.26893,30.69393],[-97.26937,30.69415],[-97.26975,30.69516],[-97.27094,30.69543],[-97.27184,30.69509],[-97.27342,30.69328],[-97.27394,30.69398],[-97.2738,30.69564],[-97.27421,30.69621],[-97.27493,30.69648],[-97.27601,30.69652],[-97.27706,30.6962],[-97.27977,30.69406],[-97.28195,30.69421],[-97.28229,30.69463],[-97.28234,30.6955],[-97.28311,30.6962],[-97.28328,30.69797],[-97.28387,30.69842],[-97.28806,30.6965],[-97.29067,30.69616],[-97.29102,30.69591],[-97.29125,30.69522],[-97.29238,30.69516],[-97.29253,30.6961],[-97.29292,30.6966],[-97.29586,30.69729],[-97.29643,30.69763],[-97.29654,30.69796],[-97.2962,30.69891],[-97.29665,30.70038],[-97.29644,30.70154],[-97.29689,30.70272],[-97.29786,30.70357],[-97.2991,30.70316],[-97.30018,30.70207],[-97.29967,30.69896],[-97.3,30.69838],[-97.30093,30.69824],[-97.30152,30.6978],[-97.30165,30.69681],[-97.30143,30.69598],[-97.30237,30.69552],[-97.30358,30.6957],[-97.3053,30.6969],[-97.30656,30.69743],[-97.30685,30.69871],[-97.30729,30.6995],[-97.30883,30.69971],[-97.31058,30.70152],[-97.31095,30.70154],[-97.31298,30.69949],[-97.31452,30.6994],[-97.31704,30.69853],[-97.31914,30.69828],[-97.3222,30.6987],[-97.33098,30.70184],[-97.33923,30.70159],[-97.34072,30.70086],[-97.3423,30.69861],[-97.34452,30.69635],[-97.34884,30.69561],[-97.35142,30.69166],[-97.35783,30.68806],[-97.35938,30.68813],[-97.36217,30.68782],[-97.36431,30.68612],[-97.36577,30.68358],[-97.36862,30.68047],[-97.36879,30.67913],[-97.36921,30.67858],[-97.37069,30.67754],[-97.37105,30.67692],[-97.37268,30.67603],[-97.37416,30.67456],[-97.37561,30.67193],[-97.37649,30.67081],[-97.37721,30.67016],[-97.37864,30.66966],[-97.38207,30.66959],[-97.38423,30.66763],[-97.38613,30.66505],[-97.38769,30.66438],[-97.39286,30.66403],[-97.39671,30.66425],[-97.3973,30.66464],[-97.39821,30.66475],[-97.39834,30.6643],[-97.3993,30.6644],[-97.40175,30.66504],[-97.40281,30.6657],[-97.40362,30.66561],[-97.40415,30.66477],[-97.40373,30.66402],[-97.40185,30.66252],[-97.39927,30.66186],[-97.39894,30.66113],[-97.39925,30.66035],[-97.40067,30.65985],[-97.40393,30.65932],[-97.40652,30.65933],[-97.40758,30.65896],[-97.40725,30.65768],[-97.4065,30.65693],[-97.40557,30.6566],[-97.40509,30.65563],[-97.40523,30.6551],[-97.40602,30.65445],[-97.40606,30.65392],[-97.40556,30.65349],[-97.40569,30.65289],[-97.40819,30.65169],[-97.4111,30.65259],[-97.4135,30.65283],[-97.41554,30.65228],[-97.41634,30.6513],[-97.41647,30.65065],[-97.41592,30.64941],[-97.41581,30.64806],[-97.41711,30.64604],[-97.41836,30.64475],[-97.41971,30.64452],[-97.42066,30.64469],[-97.42059,30.64612],[-97.41993,30.64698],[-97.41991,30.64734],[-97.42203,30.64836],[-97.42515,30.64776],[-97.42594,30.64701],[-97.42632,30.64721],[-97.42684,30.64788],[-97.42694,30.64854],[-97.42636,30.6503],[-97.42847,30.65139],[-97.4291,30.65065],[-97.43055,30.65004],[-97.43123,30.65014],[-97.43221,30.64979],[-97.43223,30.64925],[-97.43091,30.6474],[-97.4309,30.64701],[-97.43119,30.64619],[-97.43347,30.64443],[-97.43427,30.6443],[-97.43683,30.64475],[-97.43952,30.64419],[-97.44192,30.64498],[-97.44335,30.64395],[-97.4451,30.64343],[-97.44595,30.64359],[-97.44787,30.64316],[-97.44884,30.64219],[-97.4495,30.64107],[-97.44973,30.63997],[-97.45098,30.64024],[-97.45193,30.64017],[-97.45269,30.64058],[-97.45572,30.64072],[-97.4564,30.64049],[-97.45725,30.63966],[-97.45765,30.63819],[-97.45745,30.63778],[-97.45616,30.63785],[-97.45515,30.63704],[-97.4551,30.63634],[-97.45533,30.63596],[-97.457,30.63443],[-97.45994,30.63357],[-97.46177,30.63136],[-97.46228,30.63104],[-97.46474,30.63112],[-97.46589,30.63208],[-97.46855,30.63285],[-97.46978,30.63283],[-97.47054,30.63214],[-97.47103,30.63094],[-97.47162,30.6302],[-97.47489,30.62863],[-97.4757,30.62888],[-97.47652,30.6288],[-97.47906,30.62749],[-97.48326,30.62804],[-97.48539,30.62688],[-97.48896,30.62678],[-97.49034,30.62695],[-97.48248,30.6079],[-97.48449,30.60831],[-97.48697,30.60847],[-97.49111,30.60796],[-97.50013,30.60513],[-97.50331,30.60353],[-97.50566,30.60275],[-97.50374,30.59856],[-97.51048,30.59646],[-97.50379,30.59841],[-97.50314,30.59694],[-97.50803,30.59535],[-97.50598,30.59064],[-97.51233,30.5885],[-97.51167,30.58726],[-97.51942,30.5846],[-97.5164,30.57751],[-97.50477,30.58092],[-97.50333,30.57489],[-97.5028,30.57051],[-97.50025,30.57097],[-97.49587,30.56084],[-97.49334,30.56163],[-97.49312,30.56128],[-97.48833,30.56288],[-97.48581,30.55707],[-97.49645,30.55614],[-97.49548,30.55191],[-97.48317,30.55405],[-97.48305,30.55372],[-97.49385,30.49374],[-97.50006,30.49574],[-97.50692,30.49952],[-97.51194,30.50037],[-97.51321,30.5008],[-97.51703,30.50304],[-97.52053,30.50565],[-97.52133,30.50662],[-97.5221,30.50921],[-97.5233,30.51037],[-97.52414,30.50556],[-97.52122,30.50516],[-97.52119,30.50452],[-97.52013,30.50392],[-97.52182,30.49479],[-97.52035,30.49496],[-97.52317,30.48012],[-97.52621,30.48023],[-97.52702,30.47514]]]}},{"type":"Feature","properties":{"zip_code":"76577"},"geometry":{"type":"Polygon","coordinates":[[[-97.30259,30.74756],[-97.26995,30.73536],[-97.24327,30.67137],[-97.2458,30.67109],[-97.24988,30.67012],[-97.25103,30.6703],[-97.2537,30.67127],[-97.25538,30.67135],[-97.26464,30.66851],[-97.26556,30.66862],[-97.27351,30.67103],[-97.27815,30.65923],[-97.26947,30.65655],[-97.2715,30.65115],[-97.27153,30.65052],[-97.26906,30.6447],[-97.26877,30.64456],[-97.26801,30.64481],[-97.26443,30.63659],[-97.26393,30.63681],[-97.26278,30.6383],[-97.26137,30.63835],[-97.26003,30.63915],[-97.25859,30.63919],[-97.2578,30.63976],[-97.25687,30.63958],[-97.25671,30.63889],[-97.25631,30.63863],[-97.25467,30.63862],[-97.25326,30.63907],[-97.25219,30.63886],[-97.25043,30.63926],[-97.24971,30.63877],[-97.24781,30.6389],[-97.24601,30.63866],[-97.24496,30.63804],[-97.2442,30.63701],[-97.2431,30.63629],[-97.24278,30.63578],[-97.24148,30.63596],[-97.24024,30.63495],[-97.23909,30.63453],[-97.23918,30.63407],[-97.23322,30.63316],[-97.23007,30.63188],[-97.22934,30.63133],[-97.22944,30.63113],[-97.22885,30.6307],[-97.22869,30.63023],[-97.2276,30.6296],[-97.22703,30.63011],[-97.22617,30.62971],[-97.22197,30.6198],[-97.21686,30.60661],[-97.21477,30.60233],[-97.19762,30.56084],[-97.20716,30.55791],[-97.20979,30.55915],[-97.21015,30.55907],[-97.21012,30.55931],[-97.22547,30.56657],[-97.22609,30.56566],[-97.22717,30.5654],[-97.2272,30.56301],[-97.2277,30.56224],[-97.22896,30.56145],[-97.22993,30.5615],[-97.23121,30.56115],[-97.23166,30.55999],[-97.23087,30.559],[-97.2311,30.55832],[-97.2316,30.5581],[-97.23251,30.55841],[-97.23299,30.55818],[-97.22778,30.5512],[-97.22777,30.55052],[-97.22723,30.54984],[-97.22448,30.54326],[-97.22472,30.54285],[-97.2291,30.5414],[-97.22704,30.5364],[-97.22623,30.53537],[-97.22633,30.53477],[-97.21937,30.52622],[-97.21565,30.51756],[-97.21078,30.5171],[-97.20719,30.51726],[-97.20102,30.51829],[-97.19773,30.51832],[-97.19184,30.52009],[-97.19284,30.51821],[-97.19922,30.50238],[-97.20549,30.50418],[-97.20578,30.50341],[-97.21215,30.50056],[-97.21239,30.50072],[-97.21175,30.49946],[-97.20912,30.49721],[-97.2076,30.49497],[-97.2055,30.49336],[-97.20312,30.49252],[-97.19991,30.50063],[-97.17674,30.49348],[-97.17791,30.49064],[-97.16985,30.49302],[-97.1621,30.47416],[-97.15819,30.47031],[-97.15762,30.46978],[-97.15506,30.4688],[-97.15273,30.46757],[-97.14819,30.46784],[-97.14629,30.46754],[-97.14098,30.46482],[-97.09224,30.49035],[-97.07105,30.50119],[-97.06953,30.50404],[-97.07333,30.51297],[-97.06865,30.5172],[-97.06862,30.51756],[-97.07081,30.52295],[-97.06523,30.52458],[-97.06512,30.52564],[-97.0654,30.52825],[-97.06954,30.52986],[-97.07063,30.52876],[-97.07277,30.52785],[-97.07309,30.52792],[-97.07548,30.52913],[-97.0768,30.53024],[-97.08548,30.53369],[-97.09001,30.53645],[-97.09226,30.53732],[-97.09063,30.54157],[-97.08394,30.54473],[-97.07693,30.55013],[-97.07589,30.55044],[-97.0689,30.55542],[-97.06828,30.55618],[-97.06639,30.56023],[-97.06528,30.56129],[-97.06553,30.56174],[-97.06922,30.55947],[-97.06965,30.55805],[-97.07397,30.56805],[-97.07445,30.56853],[-97.07867,30.57804],[-97.0787,30.57952],[-97.07832,30.58081],[-97.07679,30.58333],[-97.0784,30.58096],[-97.07876,30.57987],[-97.07881,30.5783],[-97.07832,30.57677],[-97.07967,30.57791],[-97.08019,30.57784],[-97.0814,30.5774],[-97.08116,30.57657],[-97.10264,30.57135],[-97.10259,30.57227],[-97.1006,30.57764],[-97.10339,30.57854],[-97.10188,30.58247],[-97.10167,30.58356],[-97.10181,30.58411],[-97.10384,30.58678],[-97.10388,30.58716],[-97.10357,30.58737],[-97.10368,30.58775],[-97.10481,30.58848],[-97.10733,30.5917],[-97.10744,30.59245],[-97.10701,30.59378],[-97.11395,30.59579],[-97.11476,30.59484],[-97.11486,30.59498],[-97.11473,30.59584],[-97.11365,30.59783],[-97.11358,30.5989],[-97.11283,30.60094],[-97.11247,30.60123],[-97.11214,30.60101],[-97.11198,30.60141],[-97.11199,30.60177],[-97.11254,30.60258],[-97.11359,30.60336],[-97.11371,30.6037],[-97.11359,30.6043],[-97.11378,30.60475],[-97.11348,30.60519],[-97.11382,30.60548],[-97.11354,30.60592],[-97.11277,30.60598],[-97.11267,30.60654],[-97.11292,30.6076],[-97.11403,30.60809],[-97.11403,30.60887],[-97.11358,30.60899],[-97.11421,30.60934],[-97.11479,30.6101],[-97.11475,30.61049],[-97.11439,30.61069],[-97.11366,30.61053],[-97.1137,30.61119],[-97.11433,30.61138],[-97.11421,30.61174],[-97.11487,30.61245],[-97.11459,30.61303],[-97.11511,30.61326],[-97.11655,30.61325],[-97.11689,30.61354],[-97.11697,30.61408],[-97.11629,30.61557],[-97.11688,30.6166],[-97.1177,30.61668],[-97.11794,30.6164],[-97.11846,30.61672],[-97.11867,30.61603],[-97.11902,30.61576],[-97.11977,30.61646],[-97.11987,30.61683],[-97.11957,30.61718],[-97.1197,30.61766],[-97.11925,30.61822],[-97.11972,30.61905],[-97.11837,30.61985],[-97.11926,30.62071],[-97.11926,30.62122],[-97.11959,30.62173],[-97.11984,30.6215],[-97.12,30.62175],[-97.11953,30.62248],[-97.11887,30.62281],[-97.11872,30.62347],[-97.11922,30.624],[-97.11984,30.6241],[-97.12003,30.62465],[-97.12079,30.62489],[-97.1215,30.6268],[-97.12207,30.62698],[-97.1217,30.6291],[-97.12187,30.63],[-97.12444,30.63054],[-97.12736,30.63047],[-97.14165,30.62681],[-97.14174,30.62699],[-97.14364,30.62653],[-97.14371,30.62736],[-97.1413,30.63356],[-97.14131,30.63394],[-97.14238,30.63442],[-97.14254,30.63481],[-97.14108,30.63868],[-97.16707,30.63134],[-97.16646,30.63163],[-97.16629,30.63262],[-97.16562,30.63351],[-97.16547,30.63392],[-97.16565,30.63456],[-97.16544,30.63503],[-97.16445,30.636],[-97.16289,30.63671],[-97.16271,30.63701],[-97.16301,30.63755],[-97.16287,30.63778],[-97.16237,30.63786],[-97.16133,30.63742],[-97.16104,30.63822],[-97.16063,30.63848],[-97.15771,30.6376],[-97.15724,30.63766],[-97.15659,30.63831],[-97.15515,30.63788],[-97.15396,30.63925],[-97.15369,30.6391],[-97.15195,30.63954],[-97.15127,30.64037],[-97.14889,30.64109],[-97.14865,30.64141],[-97.1488,30.64246],[-97.14637,30.64271],[-97.14545,30.64339],[-97.14455,30.64345],[-97.1444,30.6438],[-97.1451,30.6441],[-97.14528,30.64449],[-97.14485,30.64472],[-97.14386,30.64455],[-97.14328,30.64482],[-97.14333,30.64517],[-97.14384,30.64533],[-97.14393,30.64571],[-97.14295,30.64616],[-97.14196,30.64714],[-97.14165,30.64775],[-97.14174,30.64852],[-97.14082,30.64886],[-97.14058,30.64941],[-97.14097,30.65033],[-97.14086,30.65063],[-97.13938,30.65069],[-97.13819,30.65189],[-97.13694,30.65166],[-97.13686,30.65225],[-97.13759,30.65298],[-97.13684,30.65314],[-97.13694,30.65401],[-97.1366,30.65474],[-97.13612,30.65477],[-97.13533,30.65393],[-97.13493,30.65388],[-97.13456,30.65476],[-97.13383,30.65461],[-97.13374,30.65549],[-97.13322,30.65626],[-97.13196,30.65629],[-97.13087,30.65693],[-97.13105,30.65778],[-97.13062,30.65807],[-97.12982,30.65815],[-97.12903,30.65777],[-97.12851,30.65779],[-97.12814,30.65854],[-97.12844,30.65907],[-97.12795,30.6594],[-97.12754,30.65916],[-97.12693,30.6582],[-97.12654,30.65816],[-97.12619,30.65876],[-97.12704,30.66012],[-97.12681,30.66057],[-97.12606,30.66057],[-97.12524,30.66026],[-97.1243,30.65958],[-97.1232,30.65994],[-97.12275,30.65918],[-97.12203,30.65923],[-97.12172,30.65829],[-97.12138,30.65831],[-97.12055,30.6591],[-97.12,30.65905],[-97.11911,30.6581],[-97.11852,30.65847],[-97.11909,30.65949],[-97.11864,30.66045],[-97.11807,30.66044],[-97.11771,30.6591],[-97.11702,30.65922],[-97.11691,30.65869],[-97.11634,30.6585],[-97.11482,30.65943],[-97.11188,30.66028],[-97.11043,30.6597],[-97.10994,30.65985],[-97.10945,30.66046],[-97.10875,30.66047],[-97.1093,30.66146],[-97.11099,30.66203],[-97.11113,30.66323],[-97.11143,30.6636],[-97.11304,30.66445],[-97.11344,30.66557],[-97.11342,30.66724],[-97.11371,30.66756],[-97.11538,30.66823],[-97.11586,30.66898],[-97.11654,30.66894],[-97.11652,30.66985],[-97.11787,30.67272],[-97.11946,30.67234],[-97.12091,30.67262],[-97.13307,30.67609],[-97.135,30.67126],[-97.13529,30.67118],[-97.15411,30.6768],[-97.15639,30.67552],[-97.16272,30.67354],[-97.16721,30.68382],[-97.1657,30.68487],[-97.16474,30.68533],[-97.16337,30.68559],[-97.15122,30.68505],[-97.14903,30.68514],[-97.13717,30.68945],[-97.13679,30.6904],[-97.1381,30.69159],[-97.1378,30.69266],[-97.14531,30.71023],[-97.14792,30.70965],[-97.14707,30.71051],[-97.14609,30.71285],[-97.14497,30.71452],[-97.1439,30.71863],[-97.14485,30.719],[-97.14522,30.71878],[-97.1466,30.71909],[-97.14759,30.71844],[-97.1486,30.71833],[-97.14935,30.71886],[-97.14923,30.71918],[-97.1496,30.71939],[-97.1511,30.71928],[-97.15185,30.71949],[-97.15247,30.71905],[-97.15585,30.71914],[-97.15871,30.7175],[-97.16022,30.71846],[-97.16073,30.71986],[-97.16035,30.72071],[-97.16173,30.72071],[-97.16235,30.72027],[-97.1636,30.72005],[-97.16424,30.7223],[-97.16636,30.72164],[-97.16642,30.72012],[-97.16767,30.71969],[-97.16825,30.72029],[-97.16889,30.72005],[-97.16878,30.72095],[-97.16966,30.72127],[-97.17029,30.72127],[-97.17128,30.71977],[-97.1728,30.71988],[-97.17418,30.72085],[-97.17433,30.72182],[-97.17483,30.72257],[-97.17546,30.72268],[-97.17672,30.72257],[-97.17709,30.72204],[-97.17697,30.72139],[-97.17734,30.72097],[-97.17797,30.72086],[-97.17897,30.72107],[-97.17911,30.72205],[-97.18059,30.72115],[-97.18131,30.7214],[-97.18208,30.72111],[-97.18205,30.72166],[-97.18263,30.72179],[-97.18297,30.72165],[-97.18288,30.72135],[-97.18336,30.7209],[-97.18461,30.72154],[-97.18563,30.721],[-97.18663,30.72119],[-97.18654,30.72076],[-97.18742,30.72046],[-97.18772,30.72095],[-97.1885,30.7211],[-97.18899,30.7215],[-97.18989,30.72139],[-97.19113,30.72189],[-97.19309,30.72132],[-97.19567,30.72102],[-97.19672,30.72046],[-97.19711,30.72087],[-97.19965,30.72195],[-97.19991,30.72244],[-97.20071,30.72258],[-97.20183,30.72413],[-97.20414,30.72515],[-97.20674,30.72536],[-97.20759,30.72517],[-97.20908,30.72568],[-97.21033,30.72518],[-97.21194,30.72709],[-97.21422,30.73187],[-97.21449,30.73371],[-97.19174,30.72663],[-97.18893,30.73347],[-97.17932,30.73087],[-97.17798,30.73144],[-97.17435,30.74029],[-97.17398,30.74064],[-97.18803,30.74466],[-97.18447,30.75316],[-97.18406,30.75627],[-97.19744,30.76112],[-97.19131,30.78123],[-97.2016,30.78379],[-97.21232,30.78742],[-97.21664,30.78863],[-97.22116,30.77737],[-97.23456,30.78049],[-97.23933,30.76978],[-97.25195,30.77421],[-97.25412,30.76883],[-97.26064,30.77084],[-97.25883,30.77525],[-97.26955,30.77822],[-97.27061,30.77555],[-97.2735,30.78227],[-97.27644,30.78129],[-97.27546,30.77894],[-97.27597,30.77734],[-97.28217,30.7709],[-97.29207,30.76457],[-97.29883,30.74645],[-97.29951,30.74684],[-97.30259,30.74756]]]}},{"type":"Feature","properties":{"zip_code":"76578"},"geometry":{"type":"Polygon","coordinates":[[[-97.32032,30.59027],[-97.31891,30.58674],[-97.31004,30.58841],[-97.30514,30.58998],[-97.3049,30.58912],[-97.30527,30.58905],[-97.30297,30.58373],[-97.29674,30.58486],[-97.29257,30.5787],[-97.29181,30.57899],[-97.28558,30.56472],[-97.28606,30.56435],[-97.30477,30.55852],[-97.3045,30.55775],[-97.29919,30.55497],[-97.29851,30.55343],[-97.30491,30.55154],[-97.29905,30.53847],[-97.2973,30.53943],[-97.2947,30.54013],[-97.293,30.53992],[-97.29265,30.53877],[-97.29188,30.53784],[-97.29131,30.53659],[-97.28973,30.53282],[-97.28922,30.5309],[-97.2861,30.52364],[-97.29181,30.5218],[-97.2911,30.51997],[-97.29146,30.51908],[-97.29234,30.51875],[-97.28952,30.51188],[-97.29217,30.51104],[-97.28934,30.50408],[-97.29355,30.5028],[-97.29115,30.49663],[-97.28853,30.49792],[-97.28512,30.49719],[-97.28522,30.49813],[-97.28349,30.49824],[-97.28178,30.49563],[-97.28006,30.4907],[-97.28108,30.49045],[-97.28108,30.48922],[-97.28178,30.48819],[-97.27475,30.47168],[-97.2515,30.47931],[-97.25062,30.48103],[-97.24806,30.48238],[-97.24158,30.48042],[-97.2396,30.47781],[-97.23934,30.47655],[-97.23888,30.47581],[-97.23298,30.47162],[-97.23376,30.46939],[-97.23539,30.46736],[-97.23621,30.46543],[-97.24862,30.46166],[-97.2458,30.45481],[-97.24595,30.45451],[-97.24833,30.45374],[-97.2485,30.45346],[-97.24597,30.44752],[-97.24564,30.44581],[-97.24605,30.44477],[-97.24517,30.44427],[-97.24472,30.44353],[-97.24459,30.4412],[-97.24379,30.43633],[-97.2427,30.43452],[-97.24031,30.43198],[-97.23713,30.43265],[-97.23599,30.43254],[-97.15522,30.45734],[-97.14098,30.46482],[-97.14629,30.46754],[-97.14819,30.46784],[-97.15273,30.46757],[-97.15506,30.4688],[-97.15762,30.46978],[-97.15819,30.47031],[-97.1621,30.47416],[-97.16985,30.49302],[-97.17791,30.49064],[-97.17674,30.49348],[-97.19991,30.50063],[-97.20312,30.49252],[-97.20533,30.49327],[-97.20703,30.49442],[-97.20912,30.49721],[-97.21192,30.4997],[-97.21239,30.50072],[-97.21215,30.50056],[-97.20578,30.50341],[-97.20549,30.50418],[-97.19922,30.50238],[-97.19284,30.51821],[-97.19184,30.52009],[-97.19773,30.51832],[-97.20102,30.51829],[-97.20719,30.51726],[-97.21078,30.5171],[-97.21565,30.51756],[-97.21937,30.52622],[-97.22633,30.53477],[-97.22621,30.53532],[-97.22704,30.5364],[-97.2291,30.5413],[-97.22899,30.54153],[-97.22472,30.54285],[-97.22448,30.54326],[-97.22723,30.54984],[-97.22777,30.55052],[-97.22778,30.5512],[-97.23299,30.55818],[-97.23251,30.55841],[-97.2316,30.5581],[-97.2311,30.55832],[-97.23087,30.559],[-97.23166,30.55999],[-97.23121,30.56115],[-97.22993,30.5615],[-97.22896,30.56145],[-97.2277,30.56224],[-97.2272,30.56301],[-97.22717,30.5654],[-97.22609,30.56566],[-97.22547,30.56657],[-97.21012,30.55931],[-97.21015,30.55907],[-97.20979,30.55915],[-97.20716,30.55791],[-97.19762,30.56084],[-97.21477,30.60233],[-97.21686,30.60661],[-97.22197,30.6198],[-97.22617,30.62971],[-97.22703,30.63011],[-97.2276,30.6296],[-97.22869,30.63023],[-97.22885,30.6307],[-97.22944,30.63113],[-97.22934,30.63133],[-97.23007,30.63188],[-97.23322,30.63316],[-97.23918,30.63407],[-97.23909,30.63453],[-97.24024,30.63495],[-97.24148,30.63596],[-97.24278,30.63578],[-97.2431,30.63629],[-97.2442,30.63701],[-97.24496,30.63804],[-97.24601,30.63866],[-97.24781,30.6389],[-97.24971,30.63877],[-97.25043,30.63926],[-97.25219,30.63886],[-97.25326,30.63907],[-97.25467,30.63862],[-97.25631,30.63863],[-97.25671,30.63889],[-97.25687,30.63958],[-97.25762,30.63976],[-97.25859,30.63919],[-97.26003,30.63915],[-97.26137,30.63835],[-97.26278,30.6383],[-97.26393,30.63681],[-97.26532,30.63582],[-97.26782,30.63584],[-97.26823,30.6356],[-97.26835,30.63516],[-97.26955,30.63524],[-97.27148,30.63452],[-97.27209,30.63481],[-97.27421,30.63404],[-97.27437,30.63283],[-97.27559,30.63276],[-97.27603,30.63233],[-97.27678,30.63302],[-97.27789,30.63326],[-97.27863,30.63372],[-97.27955,30.63352],[-97.28067,30.63367],[-97.28348,30.63282],[-97.28561,30.63364],[-97.28663,30.63295],[-97.28687,30.63235],[-97.29234,30.63185],[-97.29361,30.62764],[-97.29453,30.62188],[-97.29303,30.61923],[-97.28573,30.60041],[-97.32032,30.59027]]]}},{"type":"Feature","properties":{"zip_code":"78613"},"geometry":{"type":"Polygon","coordinates":[[[-97.88293,30.51554],[-97.88244,30.5149],[-97.88144,30.51212],[-97.87676,30.51366],[-97.87629,30.51295],[-97.87809,30.51214],[-97.87799,30.5115],[-97.87905,30.51118],[-97.87898,30.50989],[-97.8806,30.50981],[-97.88038,30.50801],[-97.87943,30.50812],[-97.87824,30.50722],[-97.87421,30.50957],[-97.87373,30.50783],[-97.87194,30.5081],[-97.87202,30.5088],[-97.87086,30.50993],[-97.87173,30.51111],[-97.86879,30.51377],[-97.86801,30.51238],[-97.8665,30.51375],[-97.86573,30.51299],[-97.865,30.51349],[-97.86264,30.51158],[-97.85839,30.50083],[-97.86225,30.49731],[-97.85922,30.49331],[-97.86026,30.49165],[-97.86022,30.49022],[-97.86126,30.48989],[-97.86353,30.48859],[-97.86316,30.4871],[-97.86411,30.48557],[-97.86194,30.48448],[-97.86146,30.48338],[-97.85964,30.4834],[-97.85966,30.47895],[-97.85695,30.47984],[-97.8569,30.47837],[-97.85754,30.47742],[-97.85742,30.47665],[-97.85775,30.47569],[-97.85693,30.47496],[-97.85741,30.47339],[-97.85732,30.47269],[-97.8568,30.47185],[-97.8565,30.47057],[-97.85604,30.47002],[-97.85503,30.46961],[-97.8548,30.46921],[-97.85485,30.46811],[-97.85569,30.46738],[-97.85588,30.46653],[-97.85574,30.46578],[-97.85734,30.46511],[-97.85783,30.46456],[-97.85777,30.46425],[-97.8583,30.46366],[-97.85832,30.46252],[-97.8609,30.46095],[-97.86215,30.45869],[-97.86255,30.45719],[-97.86243,30.45674],[-97.86157,30.45624],[-97.8614,30.45512],[-97.86204,30.45402],[-97.8615,30.45353],[-97.86164,30.45259],[-97.86112,30.45119],[-97.85936,30.45017],[-97.85804,30.4483],[-97.85593,30.44956],[-97.84872,30.45267],[-97.84762,30.45349],[-97.84677,30.45456],[-97.84584,30.45737],[-97.84409,30.45865],[-97.84218,30.45925],[-97.84109,30.45987],[-97.84394,30.46201],[-97.84253,30.46222],[-97.83602,30.4643],[-97.83201,30.46187],[-97.82656,30.45752],[-97.82629,30.45601],[-97.82606,30.45585],[-97.82562,30.456],[-97.82323,30.45817],[-97.82419,30.45887],[-97.82124,30.46173],[-97.82254,30.46281],[-97.82,30.46091],[-97.81603,30.46224],[-97.81623,30.46267],[-97.8156,30.46293],[-97.81585,30.46354],[-97.81371,30.46418],[-97.81433,30.46563],[-97.8117,30.46647],[-97.81062,30.46389],[-97.79702,30.46816],[-97.79895,30.47294],[-97.7961,30.47449],[-97.79389,30.47531],[-97.79429,30.47623],[-97.79439,30.4776],[-97.79548,30.48017],[-97.79634,30.47989],[-97.79871,30.48018],[-97.80137,30.48018],[-97.80253,30.47985],[-97.80428,30.48267],[-97.80488,30.48468],[-97.80493,30.48663],[-97.80712,30.48592],[-97.80819,30.48835],[-97.80673,30.4889],[-97.8065,30.4896],[-97.80701,30.49034],[-97.80851,30.49075],[-97.80876,30.49157],[-97.80904,30.49149],[-97.80905,30.49175],[-97.80891,30.49217],[-97.8085,30.49238],[-97.80752,30.49218],[-97.80696,30.49236],[-97.80652,30.49377],[-97.80601,30.49413],[-97.80624,30.49472],[-97.80598,30.49524],[-97.80465,30.49599],[-97.80334,30.49605],[-97.79978,30.49782],[-97.7975,30.49979],[-97.79588,30.50278],[-97.79116,30.50545],[-97.78969,30.5058],[-97.78891,30.50569],[-97.78806,30.5052],[-97.78608,30.50488],[-97.78269,30.50361],[-97.78032,30.50394],[-97.77732,30.50354],[-97.77565,30.50419],[-97.77492,30.50577],[-97.77399,30.50623],[-97.77321,30.50598],[-97.77253,30.50531],[-97.77167,30.50526],[-97.77066,30.50557],[-97.76421,30.50887],[-97.76203,30.50914],[-97.76064,30.50858],[-97.75838,30.50869],[-97.75774,30.50917],[-97.75589,30.51271],[-97.75526,30.51334],[-97.75334,30.51466],[-97.7488,30.51669],[-97.74544,30.51918],[-97.74789,30.5205],[-97.74853,30.52168],[-97.74851,30.52235],[-97.74942,30.52468],[-97.75142,30.52714],[-97.75243,30.52792],[-97.75677,30.52965],[-97.76068,30.53032],[-97.76315,30.53146],[-97.76283,30.53604],[-97.76491,30.54076],[-97.76387,30.5411],[-97.76392,30.54129],[-97.76334,30.54148],[-97.76345,30.54168],[-97.75996,30.54283],[-97.76276,30.54972],[-97.77104,30.54722],[-97.77166,30.54874],[-97.77768,30.54694],[-97.7767,30.54456],[-97.77784,30.54419],[-97.77761,30.5437],[-97.77863,30.54339],[-97.77814,30.54223],[-97.77866,30.54211],[-97.7788,30.53951],[-97.77912,30.53965],[-97.77954,30.54128],[-97.77927,30.54276],[-97.77955,30.5442],[-97.7813,30.54621],[-97.78213,30.54673],[-97.7823,30.54615],[-97.78209,30.54562],[-97.78169,30.54562],[-97.78596,30.5442],[-97.79899,30.54057],[-97.79874,30.53995],[-97.79893,30.5398],[-97.80258,30.539],[-97.80237,30.53777],[-97.80733,30.53676],[-97.81319,30.53595],[-97.81411,30.53608],[-97.8167,30.53705],[-97.81639,30.53837],[-97.81647,30.54008],[-97.81907,30.55054],[-97.81933,30.5505],[-97.81774,30.54419],[-97.83458,30.53891],[-97.83501,30.53979],[-97.83637,30.54006],[-97.83811,30.5395],[-97.84016,30.54416],[-97.84678,30.54215],[-97.84553,30.53905],[-97.84539,30.53795],[-97.84779,30.53622],[-97.8477,30.53599],[-97.86085,30.53201],[-97.86112,30.53277],[-97.86284,30.53233],[-97.86504,30.53339],[-97.86655,30.531],[-97.86766,30.53141],[-97.86994,30.52952],[-97.87053,30.52637],[-97.87086,30.52642],[-97.87114,30.52456],[-97.87169,30.524],[-97.87425,30.52619],[-97.87738,30.52337],[-97.8777,30.52354],[-97.87785,30.52292],[-97.88123,30.51992],[-97.88031,30.51915],[-97.88167,30.51835],[-97.88185,30.51616],[-97.88255,30.51597],[-97.88293,30.51554]]]}},{"type":"Feature","properties":{"zip_code":"78615"},"geometry":{"type":"Polygon","coordinates":[[[-97.52149,30.44063],[-97.52102,30.43992],[-97.52103,30.43929],[-97.52067,30.43918],[-97.52036,30.43837],[-97.52042,30.43759],[-97.51934,30.43695],[-97.52021,30.43559],[-97.52017,30.43473],[-97.51951,30.43363],[-97.51982,30.4328],[-97.51932,30.43237],[-97.51827,30.4302],[-97.51757,30.43014],[-97.51707,30.42968],[-97.5168,30.42969],[-97.51646,30.42919],[-97.51738,30.42797],[-97.51762,30.42675],[-97.51742,30.42574],[-97.51793,30.42454],[-97.51605,30.42387],[-97.51555,30.42415],[-97.5151,30.42411],[-97.51436,30.42353],[-97.51386,30.42282],[-97.51377,30.42214],[-97.51439,30.42132],[-97.5141,30.421],[-97.51376,30.42136],[-97.51351,30.42101],[-97.51355,30.4206],[-97.51388,30.42054],[-97.51419,30.41995],[-97.51241,30.4192],[-97.51131,30.41816],[-97.51098,30.41738],[-97.51147,30.41615],[-97.51035,30.41437],[-97.50981,30.41397],[-97.50713,30.41804],[-97.50405,30.42184],[-97.50176,30.42538],[-97.48346,30.41652],[-97.48316,30.41662],[-97.48207,30.41815],[-97.4775,30.41614],[-97.47396,30.42166],[-97.46035,30.41518],[-97.46123,30.41391],[-97.41076,30.41518],[-97.40316,30.42694],[-97.38845,30.42],[-97.39124,30.41563],[-97.37945,30.41591],[-97.38037,30.41727],[-97.38148,30.41981],[-97.38208,30.42219],[-97.38225,30.42408],[-97.37943,30.4239],[-97.37773,30.42237],[-97.37677,30.4192],[-97.37354,30.41772],[-97.36995,30.41944],[-97.37273,30.4208],[-97.37359,30.4227],[-97.3735,30.42297],[-97.36359,30.42608],[-97.36449,30.42823],[-97.36671,30.43633],[-97.36246,30.43767],[-97.35974,30.43883],[-97.35923,30.43924],[-97.35768,30.43833],[-97.35457,30.43882],[-97.35307,30.43928],[-97.35623,30.44693],[-97.35619,30.44913],[-97.36149,30.4621],[-97.35103,30.46531],[-97.34715,30.45557],[-97.34732,30.45542],[-97.34697,30.45503],[-97.34511,30.45039],[-97.34667,30.44697],[-97.3384,30.44966],[-97.33968,30.45281],[-97.33966,30.4533],[-97.32897,30.45671],[-97.32773,30.45476],[-97.32591,30.45353],[-97.32328,30.44792],[-97.32166,30.44304],[-97.3009,30.44956],[-97.29585,30.4514],[-97.30012,30.46143],[-97.30709,30.45927],[-97.30752,30.45939],[-97.31152,30.46907],[-97.31033,30.46945],[-97.30998,30.46982],[-97.31106,30.47035],[-97.31123,30.47132],[-97.31101,30.47149],[-97.30917,30.47138],[-97.30932,30.47193],[-97.30854,30.47264],[-97.30846,30.47349],[-97.30731,30.47305],[-97.30687,30.4733],[-97.30689,30.47392],[-97.30667,30.47408],[-97.30411,30.47392],[-97.30096,30.47645],[-97.30155,30.47777],[-97.30065,30.478],[-97.30004,30.47903],[-97.29903,30.4794],[-97.29934,30.48007],[-97.29869,30.48133],[-97.29982,30.48234],[-97.29871,30.48337],[-97.29829,30.48311],[-97.29726,30.48372],[-97.29721,30.48446],[-97.29668,30.48518],[-97.29663,30.48633],[-97.2959,30.4872],[-97.2944,30.48689],[-97.29352,30.48708],[-97.29307,30.48626],[-97.29261,30.48607],[-97.29194,30.48625],[-97.29211,30.48691],[-97.29173,30.48759],[-97.2911,30.48793],[-97.29077,30.48766],[-97.29056,30.48685],[-97.28982,30.4869],[-97.28924,30.48737],[-97.28857,30.48722],[-97.28845,30.48674],[-97.28894,30.48654],[-97.28904,30.48609],[-97.28889,30.48525],[-97.28871,30.48505],[-97.28738,30.48499],[-97.28702,30.48613],[-97.28716,30.48644],[-97.28679,30.48681],[-97.28605,30.48701],[-97.28578,30.48757],[-97.2869,30.48851],[-97.28648,30.48868],[-97.28637,30.48933],[-97.28543,30.48908],[-97.28514,30.48934],[-97.28516,30.48959],[-97.28659,30.49034],[-97.28655,30.49094],[-97.28555,30.49131],[-97.28448,30.49115],[-97.28465,30.49056],[-97.28365,30.48985],[-97.28356,30.48927],[-97.28324,30.48913],[-97.28285,30.48943],[-97.28178,30.48819],[-97.28108,30.48922],[-97.28108,30.49045],[-97.28006,30.4907],[-97.28178,30.49563],[-97.28349,30.49824],[-97.28522,30.49813],[-97.28512,30.49719],[-97.28853,30.49792],[-97.29115,30.49663],[-97.29355,30.5028],[-97.28934,30.50408],[-97.29217,30.51104],[-97.28952,30.51188],[-97.29234,30.51875],[-97.29146,30.51908],[-97.2911,30.51997],[-97.29181,30.5218],[-97.2861,30.52364],[-97.2878,30.52739],[-97.28922,30.5309],[-97.28973,30.53282],[-97.29179,30.5377],[-97.29265,30.53877],[-97.293,30.53992],[-97.29437,30.54018],[-97.2973,30.53943],[-97.29858,30.53862],[-97.30187,30.53755],[-97.30271,30.53751],[-97.30319,30.53658],[-97.30366,30.53622],[-97.30645,30.5358],[-97.30793,30.53464],[-97.30858,30.53454],[-97.30928,30.53401],[-97.31053,30.53374],[-97.31169,30.53277],[-97.31358,30.53204],[-97.31557,30.53223],[-97.31649,30.53291],[-97.31755,30.5328],[-97.31889,30.53316],[-97.31941,30.53281],[-97.32038,30.53324],[-97.32184,30.53269],[-97.32333,30.5327],[-97.32382,30.53191],[-97.32658,30.53097],[-97.32672,30.53044],[-97.32782,30.52951],[-97.32975,30.52935],[-97.33042,30.52906],[-97.33277,30.52611],[-97.3334,30.5246],[-97.33438,30.524],[-97.33427,30.52365],[-97.3336,30.52361],[-97.33309,30.52326],[-97.33344,30.52259],[-97.3348,30.52177],[-97.3358,30.52173],[-97.33848,30.51955],[-97.33915,30.52031],[-97.34094,30.51979],[-97.34144,30.51994],[-97.34373,30.52544],[-97.34415,30.52597],[-97.34738,30.52496],[-97.34772,30.52464],[-97.3477,30.52386],[-97.35422,30.52188],[-97.35398,30.52132],[-97.3612,30.51892],[-97.36482,30.51723],[-97.3649,30.51683],[-97.36116,30.50792],[-97.37315,30.50414],[-97.37533,30.49046],[-97.3756,30.48994],[-97.37684,30.48899],[-97.37796,30.48732],[-97.38123,30.47052],[-97.38179,30.46978],[-97.38221,30.47014],[-97.38323,30.47017],[-97.3831,30.47085],[-97.38338,30.47109],[-97.38527,30.47136],[-97.38786,30.47231],[-97.39017,30.47206],[-97.39147,30.47237],[-97.39304,30.47198],[-97.39354,30.4726],[-97.3942,30.47281],[-97.39435,30.47262],[-97.39395,30.47215],[-97.39408,30.47174],[-97.39462,30.47131],[-97.39595,30.47086],[-97.39621,30.47027],[-97.39721,30.47],[-97.39772,30.47036],[-97.39796,30.47094],[-97.39838,30.47091],[-97.39857,30.47066],[-97.39828,30.46924],[-97.39891,30.46848],[-97.40146,30.46833],[-97.40313,30.46789],[-97.40562,30.46841],[-97.40637,30.46887],[-97.4072,30.46843],[-97.40832,30.46836],[-97.40875,30.46844],[-97.40909,30.46881],[-97.41295,30.46873],[-97.41406,30.46831],[-97.41466,30.46852],[-97.41553,30.46827],[-97.41665,30.46849],[-97.41751,30.46798],[-97.42104,30.46748],[-97.42191,30.46768],[-97.4225,30.46738],[-97.42346,30.46768],[-97.42358,30.46818],[-97.42335,30.46857],[-97.42455,30.46914],[-97.42509,30.469],[-97.42528,30.4679],[-97.42701,30.46784],[-97.42739,30.4681],[-97.42751,30.4688],[-97.42809,30.46913],[-97.42932,30.46855],[-97.42978,30.4686],[-97.42991,30.46954],[-97.43045,30.47035],[-97.43147,30.47024],[-97.43227,30.46949],[-97.4333,30.46932],[-97.4341,30.4696],[-97.43444,30.47009],[-97.43552,30.46987],[-97.43549,30.47037],[-97.43493,30.47112],[-97.43493,30.47151],[-97.43522,30.47178],[-97.43568,30.47186],[-97.43766,30.47116],[-97.43825,30.47177],[-97.43903,30.47199],[-97.44005,30.4715],[-97.44039,30.47076],[-97.44185,30.47063],[-97.44233,30.47016],[-97.44291,30.47008],[-97.44472,30.47051],[-97.44475,30.47001],[-97.44376,30.46934],[-97.44369,30.46812],[-97.44488,30.46738],[-97.44651,30.46788],[-97.44717,30.46866],[-97.44747,30.46944],[-97.44792,30.46879],[-97.44839,30.46865],[-97.44943,30.46891],[-97.44974,30.46978],[-97.45061,30.46916],[-97.45097,30.46922],[-97.45159,30.46969],[-97.4516,30.47041],[-97.45215,30.47094],[-97.45308,30.47056],[-97.45335,30.47125],[-97.45445,30.47179],[-97.45545,30.47135],[-97.45604,30.47068],[-97.45705,30.47053],[-97.45738,30.47086],[-97.45724,30.4713],[-97.45768,30.47279],[-97.45877,30.47308],[-97.45942,30.47275],[-97.45955,30.47144],[-97.45757,30.47031],[-97.45741,30.47005],[-97.45763,30.46955],[-97.45889,30.46869],[-97.46124,30.46801],[-97.46218,30.4671],[-97.463,30.46684],[-97.46367,30.46702],[-97.46393,30.46751],[-97.46305,30.46906],[-97.46441,30.47008],[-97.46458,30.46857],[-97.46719,30.46838],[-97.46687,30.46926],[-97.46606,30.47005],[-97.46477,30.47055],[-97.46482,30.47097],[-97.46679,30.47127],[-97.46679,30.47037],[-97.46705,30.46986],[-97.46852,30.4696],[-97.46952,30.47052],[-97.46969,30.47153],[-97.4706,30.47191],[-97.47126,30.4727],[-97.47275,30.47263],[-97.47392,30.47203],[-97.47451,30.47108],[-97.47583,30.47082],[-97.47634,30.47091],[-97.47677,30.4715],[-97.47759,30.47189],[-97.47785,30.46954],[-97.48012,30.47043],[-97.48643,30.46947],[-97.4887,30.47313],[-97.48909,30.47329],[-97.48952,30.47104],[-97.49391,30.47194],[-97.49457,30.4719],[-97.49549,30.4664],[-97.49757,30.46663],[-97.49752,30.46696],[-97.49884,30.46712],[-97.50173,30.45436],[-97.50417,30.45471],[-97.51063,30.44452],[-97.50719,30.44262],[-97.50904,30.43996],[-97.51757,30.44384],[-97.51995,30.44018],[-97.52149,30.44063]]]}},{"type":"Feature","properties":{"zip_code":"78626"},"geometry":{"type":"Polygon","coordinates":[[[-97.693,30.58297],[-97.69285,30.57122],[-97.69227,30.57251],[-97.69224,30.57077],[-97.69109,30.57105],[-97.69138,30.57171],[-97.69092,30.57186],[-97.69069,30.57147],[-97.68527,30.57283],[-97.68543,30.57347],[-97.68454,30.57144],[-97.6758,30.57404],[-97.67516,30.57439],[-97.67528,30.57502],[-97.6684,30.57669],[-97.66989,30.58047],[-97.66236,30.58161],[-97.65647,30.58343],[-97.6543,30.58235],[-97.65415,30.58193],[-97.65361,30.58199],[-97.65461,30.58438],[-97.64387,30.58766],[-97.6461,30.59147],[-97.63858,30.59393],[-97.63739,30.58961],[-97.63593,30.59013],[-97.63428,30.58619],[-97.63468,30.58379],[-97.63372,30.58161],[-97.63395,30.58161],[-97.63385,30.58065],[-97.63289,30.5792],[-97.63215,30.57731],[-97.63051,30.57802],[-97.6265,30.58037],[-97.59996,30.58867],[-97.60186,30.59308],[-97.60477,30.59216],[-97.60576,30.59455],[-97.60595,30.59742],[-97.60831,30.59673],[-97.61225,30.60572],[-97.62236,30.6025],[-97.62611,30.61126],[-97.62608,30.6116],[-97.6074,30.6175],[-97.60557,30.61633],[-97.60381,30.61467],[-97.60244,30.61286],[-97.60162,30.61117],[-97.59349,30.61371],[-97.58132,30.61755],[-97.58192,30.61898],[-97.57146,30.62188],[-97.57101,30.62112],[-97.56857,30.62207],[-97.56936,30.62392],[-97.56527,30.62545],[-97.56492,30.62472],[-97.56443,30.62493],[-97.56043,30.62716],[-97.56084,30.6282],[-97.55429,30.62995],[-97.55385,30.62891],[-97.55261,30.62908],[-97.55217,30.62884],[-97.55199,30.62931],[-97.55259,30.62971],[-97.55219,30.62984],[-97.5523,30.6303],[-97.55194,30.6313],[-97.54988,30.63288],[-97.54796,30.63336],[-97.54735,30.63629],[-97.54558,30.6362],[-97.54305,30.6355],[-97.54211,30.63569],[-97.54087,30.63538],[-97.53785,30.63377],[-97.53523,30.63309],[-97.53285,30.63177],[-97.532,30.63092],[-97.52908,30.63082],[-97.5271,30.62936],[-97.52581,30.62906],[-97.52469,30.62906],[-97.52062,30.62993],[-97.52001,30.63036],[-97.51945,30.63122],[-97.51793,30.63104],[-97.51529,30.63228],[-97.51302,30.63255],[-97.51117,30.63232],[-97.5097,30.6316],[-97.50833,30.63055],[-97.50576,30.62993],[-97.50329,30.62738],[-97.50104,30.62676],[-97.50011,30.62687],[-97.49828,30.62808],[-97.49679,30.628],[-97.49538,30.62838],[-97.48958,30.62679],[-97.48539,30.62688],[-97.48326,30.62804],[-97.47906,30.62749],[-97.47652,30.6288],[-97.4757,30.62888],[-97.47489,30.62863],[-97.47317,30.62933],[-97.47173,30.63028],[-97.47086,30.63143],[-97.47069,30.63215],[-97.46963,30.63297],[-97.468,30.63286],[-97.46633,30.63231],[-97.46564,30.63204],[-97.4649,30.63128],[-97.46272,30.63109],[-97.46174,30.63162],[-97.46097,30.63256],[-97.46177,30.63303],[-97.463,30.6345],[-97.46427,30.63443],[-97.46485,30.63512],[-97.46592,30.63551],[-97.46619,30.63665],[-97.46535,30.63768],[-97.46853,30.6367],[-97.47129,30.63622],[-97.4825,30.66272],[-97.48338,30.66315],[-97.49615,30.66697],[-97.4918,30.67798],[-97.49029,30.67994],[-97.49356,30.68787],[-97.50151,30.68476],[-97.50329,30.6846],[-97.52646,30.69147],[-97.53196,30.67797],[-97.54513,30.68201],[-97.54618,30.68428],[-97.5495,30.6831],[-97.54996,30.68346],[-97.55298,30.68435],[-97.55452,30.68821],[-97.55384,30.69135],[-97.55669,30.69047],[-97.55916,30.69622],[-97.55508,30.6976],[-97.55752,30.70443],[-97.55561,30.70504],[-97.55596,30.70619],[-97.55374,30.71172],[-97.55272,30.71312],[-97.55169,30.71578],[-97.55134,30.71602],[-97.54949,30.71613],[-97.54784,30.71877],[-97.54919,30.72055],[-97.54979,30.72391],[-97.55289,30.72486],[-97.55429,30.72492],[-97.55618,30.72449],[-97.55752,30.72385],[-97.55849,30.72409],[-97.56044,30.72672],[-97.5622,30.72734],[-97.5629,30.72819],[-97.56458,30.73256],[-97.56515,30.73348],[-97.56527,30.73464],[-97.56572,30.73554],[-97.56723,30.73661],[-97.56915,30.73756],[-97.57112,30.73944],[-97.57519,30.73959],[-97.57577,30.73994],[-97.57607,30.74045],[-97.57283,30.74161],[-97.56996,30.74396],[-97.55882,30.74739],[-97.55792,30.74784],[-97.55687,30.74881],[-97.56761,30.77494],[-97.58019,30.7709],[-97.57904,30.76822],[-97.58088,30.7675],[-97.57892,30.76296],[-97.58363,30.7614],[-97.58176,30.75634],[-97.58798,30.75436],[-97.58836,30.75467],[-97.58954,30.75473],[-97.59039,30.75569],[-97.59137,30.75599],[-97.59155,30.75834],[-97.59348,30.76006],[-97.59566,30.76081],[-97.59606,30.76143],[-97.59567,30.7624],[-97.59578,30.76291],[-97.6036,30.7603],[-97.61163,30.75793],[-97.61221,30.75802],[-97.61273,30.75862],[-97.61904,30.77353],[-97.62428,30.77192],[-97.62496,30.77338],[-97.62606,30.77372],[-97.62543,30.77621],[-97.62593,30.77605],[-97.62926,30.76525],[-97.63433,30.75291],[-97.63713,30.74368],[-97.644,30.72371],[-97.64349,30.72358],[-97.65017,30.70466],[-97.6505,30.70505],[-97.65175,30.70159],[-97.65226,30.70188],[-97.65733,30.68914],[-97.65768,30.68723],[-97.66043,30.68072],[-97.66441,30.67409],[-97.66685,30.67087],[-97.67601,30.65608],[-97.67876,30.65093],[-97.68095,30.64835],[-97.68729,30.6426],[-97.68894,30.64027],[-97.68988,30.63836],[-97.69175,30.63234],[-97.6919,30.62906],[-97.68684,30.6107],[-97.6865,30.60886],[-97.68645,30.60688],[-97.68711,30.60314],[-97.69045,30.59504],[-97.692,30.58983],[-97.69279,30.58594],[-97.693,30.58297]],[[-97.61018,30.67205],[-97.60986,30.67279],[-97.60641,30.67274],[-97.59191,30.67387],[-97.59257,30.6759],[-97.5924,30.67717],[-97.59343,30.68028],[-97.59188,30.68079],[-97.59169,30.68077],[-97.59051,30.67735],[-97.59077,30.67537],[-97.59135,30.67515],[-97.5911,30.67392],[-97.58993,30.67409],[-97.59015,30.67495],[-97.58644,30.67579],[-97.58595,30.67446],[-97.5867,30.67428],[-97.58647,30.67339],[-97.59169,30.67228],[-97.59388,30.67127],[-97.59452,30.67119],[-97.59369,30.66732],[-97.59586,30.66707],[-97.59552,30.66403],[-97.59581,30.66325],[-97.59622,30.66523],[-97.59725,30.66683],[-97.60176,30.66994],[-97.60426,30.67077],[-97.61009,30.67169],[-97.61018,30.67205]]]}},{"type":"Feature","properties":{"zip_code":"78628"},"geometry":{"type":"Polygon","coordinates":[[[-97.84755,30.63601],[-97.84491,30.6298],[-97.84437,30.62994],[-97.84417,30.6294],[-97.84354,30.62957],[-97.84391,30.63107],[-97.84356,30.63142],[-97.83869,30.63098],[-97.83875,30.62663],[-97.84081,30.62663],[-97.8408,30.62687],[-97.84201,30.62687],[-97.84243,30.62654],[-97.84349,30.62646],[-97.84285,30.62502],[-97.8442,30.62456],[-97.84491,30.62492],[-97.84602,30.62382],[-97.84431,30.62249],[-97.84491,30.62188],[-97.8458,30.62227],[-97.8461,30.62195],[-97.84637,30.61899],[-97.8458,30.61697],[-97.84637,30.61671],[-97.8454,30.61625],[-97.84152,30.61565],[-97.83751,30.61438],[-97.83595,30.61339],[-97.83377,30.61081],[-97.83102,30.6096],[-97.8296,30.60928],[-97.82797,30.6093],[-97.82744,30.60956],[-97.82695,30.61033],[-97.8256,30.61069],[-97.82691,30.61393],[-97.82486,30.61457],[-97.82417,30.61564],[-97.82388,30.6157],[-97.8246,30.61706],[-97.83006,30.63143],[-97.82742,30.63162],[-97.82387,30.62214],[-97.8236,30.6222],[-97.82199,30.61816],[-97.81906,30.6119],[-97.81651,30.61182],[-97.81339,30.61207],[-97.81217,30.61174],[-97.8116,30.61128],[-97.80954,30.60832],[-97.80819,30.60743],[-97.80711,30.60717],[-97.80635,30.60735],[-97.80602,30.60656],[-97.80054,30.60822],[-97.79703,30.59981],[-97.79978,30.59637],[-97.79937,30.59554],[-97.80109,30.5946],[-97.80432,30.59058],[-97.79635,30.58963],[-97.79747,30.58827],[-97.79522,30.58581],[-97.79391,30.58745],[-97.79395,30.58791],[-97.79345,30.58731],[-97.79492,30.58547],[-97.7948,30.58534],[-97.79428,30.58556],[-97.79429,30.58597],[-97.79292,30.58774],[-97.79346,30.58857],[-97.7937,30.58855],[-97.79324,30.5896],[-97.79339,30.59009],[-97.79319,30.5901],[-97.79239,30.58834],[-97.78869,30.58839],[-97.78894,30.58897],[-97.78655,30.58971],[-97.78611,30.58866],[-97.78323,30.58956],[-97.78365,30.59058],[-97.78017,30.59168],[-97.77847,30.58776],[-97.78705,30.58489],[-97.78651,30.58332],[-97.79189,30.58512],[-97.7923,30.58339],[-97.79263,30.58293],[-97.78958,30.58018],[-97.78718,30.57934],[-97.78629,30.57764],[-97.78489,30.57646],[-97.78452,30.57629],[-97.78134,30.57716],[-97.78077,30.577],[-97.78115,30.57385],[-97.78022,30.57182],[-97.77804,30.56943],[-97.77058,30.57178],[-97.76833,30.56624],[-97.77382,30.56447],[-97.77284,30.56281],[-97.77296,30.56269],[-97.77182,30.56134],[-97.76862,30.55595],[-97.76498,30.55274],[-97.75958,30.55582],[-97.75871,30.55368],[-97.75815,30.55464],[-97.75773,30.55679],[-97.75723,30.55786],[-97.75619,30.55895],[-97.75466,30.55964],[-97.75448,30.56097],[-97.75499,30.56219],[-97.75127,30.5634],[-97.75616,30.57625],[-97.74586,30.57936],[-97.74789,30.58448],[-97.74663,30.58535],[-97.74563,30.58489],[-97.74415,30.58568],[-97.74313,30.58586],[-97.74272,30.58632],[-97.74185,30.5864],[-97.74049,30.58784],[-97.73934,30.58861],[-97.73858,30.58854],[-97.73644,30.58749],[-97.73294,30.58864],[-97.73229,30.58865],[-97.73072,30.58713],[-97.72794,30.58678],[-97.72762,30.58654],[-97.72733,30.58487],[-97.72713,30.58476],[-97.72686,30.58477],[-97.72655,30.58524],[-97.72605,30.58646],[-97.72501,30.58672],[-97.72454,30.58639],[-97.72403,30.58641],[-97.72199,30.58524],[-97.72152,30.58471],[-97.72107,30.58358],[-97.72101,30.58265],[-97.72047,30.58172],[-97.72051,30.58106],[-97.72013,30.58066],[-97.71911,30.58021],[-97.71766,30.58035],[-97.71691,30.58014],[-97.71594,30.57947],[-97.71422,30.57766],[-97.7134,30.57744],[-97.71148,30.57746],[-97.71053,30.57692],[-97.70843,30.57492],[-97.70649,30.57428],[-97.70575,30.57377],[-97.70468,30.57417],[-97.70387,30.57166],[-97.69807,30.57331],[-97.69796,30.57399],[-97.69346,30.57515],[-97.6944,30.57653],[-97.69459,30.57742],[-97.69339,30.57995],[-97.69334,30.58401],[-97.69279,30.5882],[-97.691,30.59464],[-97.68744,30.60343],[-97.68742,30.60653],[-97.68646,30.60765],[-97.6865,30.60886],[-97.68717,30.61198],[-97.6919,30.62906],[-97.69175,30.63234],[-97.68988,30.63836],[-97.68894,30.64027],[-97.68729,30.6426],[-97.68095,30.64835],[-97.67876,30.65093],[-97.67601,30.65608],[-97.67379,30.65968],[-97.66685,30.67087],[-97.66441,30.67409],[-97.66082,30.67993],[-97.65768,30.68723],[-97.65733,30.68914],[-97.65226,30.70188],[-97.65303,30.70237],[-97.65433,30.70411],[-97.65495,30.70395],[-97.65661,30.70704],[-97.6659,30.71974],[-97.66813,30.72171],[-97.67422,30.72547],[-97.69285,30.71963],[-97.69213,30.7186],[-97.69174,30.71718],[-97.6919,30.71474],[-97.69225,30.71399],[-97.69206,30.71332],[-97.69044,30.71307],[-97.68885,30.71368],[-97.68736,30.71388],[-97.68588,30.71452],[-97.68451,30.71385],[-97.68718,30.71087],[-97.69024,30.70865],[-97.70482,30.70259],[-97.70636,30.70148],[-97.70721,30.7001],[-97.70857,30.69528],[-97.70971,30.69288],[-97.71138,30.69117],[-97.71537,30.68867],[-97.71624,30.68765],[-97.71698,30.68411],[-97.71972,30.67943],[-97.72114,30.671],[-97.72152,30.67006],[-97.72256,30.66902],[-97.72672,30.66655],[-97.72769,30.66772],[-97.72875,30.67232],[-97.73064,30.67498],[-97.73268,30.67597],[-97.73633,30.67726],[-97.74241,30.67709],[-97.74433,30.67768],[-97.74935,30.6768],[-97.75072,30.67577],[-97.75117,30.67423],[-97.75137,30.67092],[-97.75181,30.66939],[-97.75242,30.66908],[-97.75354,30.66897],[-97.75792,30.66914],[-97.76119,30.66996],[-97.76618,30.67282],[-97.77085,30.67697],[-97.77521,30.67921],[-97.7806,30.68095],[-97.7823,30.68006],[-97.78431,30.68022],[-97.78558,30.68076],[-97.79268,30.68451],[-97.79384,30.68524],[-97.79572,30.6875],[-97.80019,30.68952],[-97.80149,30.69047],[-97.80214,30.6907],[-97.8037,30.69073],[-97.80554,30.69004],[-97.8069,30.68989],[-97.80919,30.68829],[-97.81698,30.69339],[-97.81937,30.69659],[-97.82029,30.69737],[-97.82347,30.69805],[-97.82681,30.69732],[-97.82882,30.69625],[-97.82824,30.69592],[-97.82864,30.69474],[-97.83137,30.69278],[-97.83225,30.68939],[-97.83267,30.68868],[-97.83522,30.68674],[-97.83416,30.68448],[-97.83356,30.68376],[-97.8326,30.68319],[-97.82801,30.68173],[-97.82755,30.68134],[-97.82499,30.68065],[-97.82459,30.68021],[-97.82462,30.6792],[-97.82379,30.67907],[-97.82305,30.67845],[-97.82186,30.67822],[-97.82106,30.67758],[-97.81984,30.67735],[-97.81862,30.67796],[-97.81791,30.67776],[-97.81735,30.6768],[-97.81656,30.67611],[-97.81653,30.67579],[-97.81799,30.67453],[-97.81799,30.67425],[-97.81754,30.67416],[-97.81764,30.67331],[-97.81693,30.67244],[-97.81605,30.67196],[-97.81597,30.67118],[-97.81518,30.66994],[-97.81388,30.67004],[-97.81242,30.67063],[-97.81189,30.67038],[-97.81165,30.66871],[-97.81067,30.66754],[-97.81008,30.66737],[-97.80714,30.66077],[-97.81125,30.65942],[-97.81188,30.65877],[-97.81718,30.65722],[-97.81745,30.65728],[-97.81791,30.65829],[-97.81819,30.65836],[-97.82414,30.65654],[-97.82459,30.65681],[-97.83672,30.65314],[-97.83003,30.64508],[-97.8289,30.6424],[-97.8278,30.63769],[-97.83045,30.63781],[-97.83218,30.63817],[-97.83777,30.641],[-97.83958,30.63856],[-97.83847,30.63793],[-97.83918,30.63714],[-97.83964,30.63837],[-97.84755,30.63601]]]}},{"type":"Feature","properties":{"zip_code":"78633"},"geometry":{"type":"Polygon","coordinates":[[[-97.87706,30.77489],[-97.87685,30.77309],[-97.87652,30.74647],[-97.87545,30.74388],[-97.87148,30.74517],[-97.86406,30.72762],[-97.85961,30.72878],[-97.85718,30.72259],[-97.85651,30.72023],[-97.85646,30.71995],[-97.86006,30.71864],[-97.85975,30.71193],[-97.861,30.71125],[-97.86085,30.70789],[-97.85956,30.70784],[-97.85854,30.7075],[-97.85654,30.7058],[-97.85519,30.70523],[-97.84091,30.70266],[-97.83624,30.69092],[-97.83574,30.69069],[-97.83465,30.69066],[-97.83336,30.69183],[-97.83215,30.69366],[-97.82931,30.69616],[-97.82681,30.69732],[-97.82439,30.6979],[-97.82347,30.69805],[-97.82148,30.69774],[-97.81974,30.69701],[-97.81698,30.69339],[-97.81104,30.68965],[-97.80943,30.68838],[-97.80861,30.68854],[-97.8069,30.68989],[-97.80554,30.69004],[-97.8037,30.69073],[-97.80214,30.6907],[-97.80149,30.69047],[-97.80019,30.68952],[-97.79572,30.6875],[-97.79384,30.68524],[-97.79268,30.68451],[-97.78558,30.68076],[-97.78431,30.68022],[-97.7823,30.68006],[-97.7806,30.68095],[-97.77638,30.67965],[-97.77292,30.67804],[-97.77085,30.67697],[-97.76618,30.67282],[-97.76119,30.66996],[-97.75792,30.66914],[-97.75242,30.66908],[-97.75181,30.66939],[-97.75137,30.67092],[-97.75117,30.67423],[-97.75072,30.67577],[-97.74935,30.6768],[-97.74433,30.67768],[-97.74241,30.67709],[-97.73633,30.67726],[-97.73268,30.67597],[-97.73064,30.67498],[-97.72875,30.67232],[-97.72769,30.66772],[-97.72672,30.66655],[-97.72256,30.66902],[-97.72152,30.67006],[-97.72114,30.671],[-97.71972,30.67943],[-97.71698,30.68411],[-97.71624,30.68765],[-97.71537,30.68867],[-97.71138,30.69117],[-97.70971,30.69288],[-97.70857,30.69528],[-97.70721,30.7001],[-97.70636,30.70148],[-97.70482,30.70259],[-97.69024,30.70865],[-97.68718,30.71087],[-97.68451,30.71385],[-97.68588,30.71452],[-97.68736,30.71388],[-97.68885,30.71368],[-97.69044,30.71307],[-97.69206,30.71332],[-97.69225,30.71399],[-97.6919,30.71474],[-97.69174,30.71718],[-97.69213,30.7186],[-97.69285,30.71963],[-97.67422,30.72547],[-97.66813,30.72171],[-97.6659,30.71974],[-97.65661,30.70704],[-97.65495,30.70395],[-97.65433,30.70411],[-97.65303,30.70237],[-97.65175,30.70159],[-97.6505,30.70505],[-97.65017,30.70466],[-97.64349,30.72358],[-97.644,30.72371],[-97.63713,30.74368],[-97.63433,30.75291],[-97.62926,30.76525],[-97.62593,30.77605],[-97.6267,30.7758],[-97.6273,30.774],[-97.62848,30.77418],[-97.63358,30.77262],[-97.64334,30.79578],[-97.6537,30.79248],[-97.6522,30.78881],[-97.6523,30.78858],[-97.66543,30.7844],[-97.67014,30.79572],[-97.68038,30.79146],[-97.68384,30.7897],[-97.69106,30.80709],[-97.70207,30.8035],[-97.70372,30.80821],[-97.71707,30.8037],[-97.70414,30.77255],[-97.70205,30.76655],[-97.70665,30.76485],[-97.71041,30.76112],[-97.71184,30.76041],[-97.71759,30.7586],[-97.72025,30.75675],[-97.71244,30.74976],[-97.72068,30.75441],[-97.73199,30.75093],[-97.73432,30.75668],[-97.73587,30.75622],[-97.73609,30.75683],[-97.73584,30.75794],[-97.73414,30.75913],[-97.74461,30.76293],[-97.74585,30.7636],[-97.7533,30.77286],[-97.75797,30.76997],[-97.75587,30.76481],[-97.7558,30.76454],[-97.75621,30.76435],[-97.75731,30.76451],[-97.75954,30.76536],[-97.76063,30.76612],[-97.76092,30.76697],[-97.76068,30.76769],[-97.76088,30.76801],[-97.76143,30.7684],[-97.76157,30.76902],[-97.76273,30.76965],[-97.76274,30.77024],[-97.76364,30.7706],[-97.76421,30.77057],[-97.76525,30.76966],[-97.76664,30.76922],[-97.7676,30.76927],[-97.76808,30.76955],[-97.76901,30.76941],[-97.76948,30.76898],[-97.77062,30.76872],[-97.77151,30.76756],[-97.77275,30.76744],[-97.77434,30.76762],[-97.77486,30.76877],[-97.77593,30.76895],[-97.77769,30.7688],[-97.77896,30.76949],[-97.7799,30.7695],[-97.78105,30.76997],[-97.78341,30.7681],[-97.78373,30.76743],[-97.78357,30.76699],[-97.78419,30.76625],[-97.78475,30.76615],[-97.78476,30.76592],[-97.78644,30.76511],[-97.7847,30.76107],[-97.79836,30.75666],[-97.79702,30.75371],[-97.79711,30.75345],[-97.80612,30.75059],[-97.81467,30.77064],[-97.81547,30.77147],[-97.81677,30.77208],[-97.81822,30.77223],[-97.81957,30.77192],[-97.82371,30.77914],[-97.81369,30.78178],[-97.81922,30.79484],[-97.82407,30.79335],[-97.82799,30.79996],[-97.83804,30.79732],[-97.84185,30.80665],[-97.84818,30.80486],[-97.84926,30.80402],[-97.84996,30.80255],[-97.84978,30.80105],[-97.84415,30.78755],[-97.8442,30.78614],[-97.84499,30.78502],[-97.846,30.78445],[-97.84821,30.78374],[-97.85528,30.78159],[-97.85772,30.78124],[-97.85996,30.7801],[-97.87706,30.77489]]]}},{"type":"Feature","properties":{"zip_code":"78634"},"geometry":{"type":"Polygon","coordinates":[[[-97.62615,30.61149],[-97.62236,30.6025],[-97.61225,30.60572],[-97.60831,30.59673],[-97.60595,30.59742],[-97.60576,30.59455],[-97.60477,30.59216],[-97.60186,30.59308],[-97.59985,30.58842],[-97.59553,30.58978],[-97.59406,30.58863],[-97.59356,30.588],[-97.58789,30.57488],[-97.58818,30.57388],[-97.5877,30.57267],[-97.58874,30.57204],[-97.5892,30.57096],[-97.589,30.56875],[-97.5874,30.56427],[-97.58648,30.56292],[-97.5863,30.56213],[-97.59385,30.56206],[-97.59377,30.55564],[-97.59158,30.5556],[-97.59136,30.54478],[-97.59571,30.54466],[-97.59565,30.53995],[-97.60118,30.53969],[-97.60135,30.53986],[-97.60125,30.53353],[-97.59408,30.53493],[-97.59245,30.53518],[-97.59242,30.5348],[-97.58872,30.53545],[-97.58856,30.53147],[-97.58907,30.53106],[-97.58987,30.53093],[-97.58854,30.53073],[-97.58682,30.52945],[-97.58596,30.5273],[-97.58446,30.52583],[-97.58524,30.52574],[-97.58671,30.52642],[-97.58685,30.52576],[-97.58728,30.52564],[-97.58784,30.52623],[-97.58872,30.52655],[-97.58964,30.52555],[-97.59116,30.52492],[-97.59167,30.52412],[-97.59151,30.52377],[-97.59193,30.52255],[-97.59109,30.52079],[-97.59036,30.51988],[-97.59049,30.51928],[-97.5902,30.5184],[-97.59053,30.51699],[-97.59022,30.51672],[-97.59036,30.51642],[-97.58967,30.51578],[-97.58968,30.51526],[-97.58947,30.5153],[-97.58952,30.51468],[-97.59015,30.51428],[-97.58984,30.49879],[-97.58884,30.49881],[-97.58877,30.49831],[-97.58879,30.49792],[-97.59031,30.49718],[-97.59089,30.49729],[-97.59111,30.49848],[-97.59293,30.4975],[-97.59251,30.49386],[-97.58439,30.49386],[-97.58393,30.49404],[-97.58252,30.49921],[-97.5819,30.50046],[-97.5809,30.50086],[-97.58005,30.50039],[-97.57208,30.50026],[-97.56826,30.49972],[-97.56889,30.49616],[-97.56377,30.49556],[-97.56346,30.49183],[-97.55296,30.49029],[-97.55198,30.48745],[-97.55233,30.4875],[-97.55362,30.48077],[-97.54949,30.48025],[-97.55007,30.47648],[-97.54608,30.47542],[-97.54314,30.47916],[-97.54431,30.47939],[-97.54412,30.4796],[-97.52815,30.47543],[-97.52712,30.47465],[-97.52621,30.48023],[-97.52317,30.48012],[-97.52035,30.49496],[-97.52182,30.49479],[-97.52013,30.50392],[-97.52119,30.50452],[-97.52122,30.50516],[-97.52414,30.50556],[-97.5233,30.51037],[-97.5221,30.50921],[-97.52133,30.50662],[-97.52053,30.50565],[-97.51703,30.50304],[-97.51321,30.5008],[-97.51194,30.50037],[-97.50692,30.49952],[-97.50006,30.49574],[-97.49385,30.49374],[-97.48305,30.55372],[-97.48317,30.55405],[-97.49548,30.55191],[-97.49645,30.55614],[-97.48581,30.55707],[-97.48833,30.56288],[-97.49312,30.56128],[-97.49334,30.56163],[-97.49587,30.56084],[-97.50025,30.57097],[-97.5028,30.57051],[-97.50333,30.57489],[-97.50477,30.58092],[-97.5164,30.57751],[-97.51942,30.5846],[-97.51167,30.58726],[-97.51233,30.5885],[-97.50598,30.59064],[-97.50803,30.59535],[-97.50314,30.59694],[-97.50379,30.59841],[-97.51048,30.59646],[-97.50374,30.59856],[-97.50566,30.60275],[-97.50331,30.60353],[-97.50013,30.60513],[-97.49111,30.60796],[-97.48697,30.60847],[-97.48449,30.60831],[-97.48248,30.6079],[-97.49034,30.62695],[-97.49538,30.62838],[-97.49679,30.628],[-97.49828,30.62808],[-97.50011,30.62687],[-97.50158,30.62679],[-97.50329,30.62738],[-97.50576,30.62993],[-97.50833,30.63055],[-97.5097,30.6316],[-97.51117,30.63232],[-97.51302,30.63255],[-97.51529,30.63228],[-97.51793,30.63104],[-97.51945,30.63122],[-97.52036,30.63006],[-97.52225,30.62949],[-97.52469,30.62906],[-97.52673,30.6292],[-97.52908,30.63082],[-97.532,30.63092],[-97.53285,30.63177],[-97.53523,30.63309],[-97.53785,30.63377],[-97.54087,30.63538],[-97.54211,30.63569],[-97.54305,30.6355],[-97.54558,30.6362],[-97.54735,30.63629],[-97.54796,30.63336],[-97.54988,30.63288],[-97.55194,30.6313],[-97.5523,30.6303],[-97.55219,30.62984],[-97.55259,30.62971],[-97.55199,30.62931],[-97.55217,30.62884],[-97.55261,30.62908],[-97.55385,30.62891],[-97.55429,30.62995],[-97.56084,30.6282],[-97.56043,30.62716],[-97.56443,30.62493],[-97.56492,30.62472],[-97.56527,30.62545],[-97.56936,30.62392],[-97.56857,30.62207],[-97.57101,30.62112],[-97.57146,30.62188],[-97.58192,30.61898],[-97.58132,30.61755],[-97.59349,30.61371],[-97.60162,30.61117],[-97.60244,30.61286],[-97.60381,30.61467],[-97.60557,30.61633],[-97.6074,30.6175],[-97.62324,30.61258],[-97.62615,30.61149]]]}},{"type":"Feature","properties":{"zip_code":"78642"},"geometry":{"type":"Polygon","coordinates":[[[-98.07514,30.66438],[-98.07501,30.66313],[-98.07114,30.65386],[-98.05973,30.65732],[-98.05538,30.65911],[-98.05007,30.66083],[-98.04283,30.66295],[-98.03442,30.66316],[-98.03328,30.6627],[-98.03034,30.66045],[-98.04989,30.62416],[-98.04029,30.6182],[-98.03959,30.61855],[-98.0365,30.61173],[-98.0297,30.61472],[-98.01773,30.61645],[-98.01274,30.61677],[-98.00628,30.62752],[-98.0043,30.62519],[-98.00366,30.62381],[-98.00195,30.62142],[-97.99799,30.61302],[-97.9924,30.60949],[-97.99101,30.60985],[-97.97787,30.62211],[-97.96631,30.62368],[-97.96259,30.62519],[-97.95673,30.62825],[-97.9547,30.62717],[-97.95469,30.62788],[-97.95514,30.62846],[-97.95563,30.63056],[-97.95529,30.63197],[-97.95417,30.63336],[-97.95092,30.63524],[-97.95261,30.63914],[-97.94146,30.64263],[-97.93936,30.63764],[-97.93926,30.6369],[-97.9425,30.63284],[-97.94502,30.63127],[-97.94504,30.63085],[-97.94367,30.62731],[-97.93709,30.62606],[-97.93679,30.62716],[-97.93628,30.62752],[-97.93639,30.62789],[-97.93745,30.62828],[-97.93824,30.62931],[-97.93928,30.62968],[-97.94013,30.63057],[-97.94034,30.63149],[-97.94023,30.63215],[-97.93907,30.63213],[-97.93838,30.63295],[-97.93663,30.63348],[-97.93506,30.63268],[-97.93366,30.63295],[-97.93329,30.63371],[-97.9326,30.63394],[-97.93135,30.63302],[-97.93048,30.63309],[-97.92992,30.63369],[-97.92979,30.63513],[-97.92908,30.63596],[-97.92778,30.63617],[-97.92563,30.63121],[-97.92289,30.63195],[-97.92161,30.62857],[-97.91847,30.62964],[-97.91983,30.63273],[-97.90574,30.63726],[-97.90566,30.63576],[-97.90015,30.63748],[-97.898,30.63299],[-97.89813,30.63124],[-97.89626,30.63124],[-97.89589,30.6288],[-97.89562,30.62849],[-97.89498,30.62851],[-97.89393,30.62901],[-97.89212,30.63054],[-97.89215,30.63095],[-97.89157,30.63103],[-97.89112,30.63071],[-97.89085,30.62997],[-97.88733,30.62851],[-97.88523,30.62704],[-97.88437,30.62687],[-97.88342,30.62591],[-97.88169,30.62523],[-97.87825,30.6248],[-97.8765,30.62405],[-97.87682,30.62745],[-97.88021,30.63803],[-97.88154,30.64009],[-97.87134,30.64338],[-97.87161,30.64403],[-97.86994,30.64484],[-97.86613,30.64606],[-97.86611,30.64575],[-97.8635,30.64658],[-97.86478,30.64607],[-97.86419,30.6445],[-97.8648,30.64433],[-97.86439,30.64323],[-97.86369,30.64343],[-97.86189,30.63885],[-97.85809,30.64011],[-97.85726,30.63818],[-97.85635,30.63315],[-97.83964,30.63837],[-97.83918,30.63714],[-97.83847,30.63793],[-97.83958,30.63856],[-97.83777,30.641],[-97.83218,30.63817],[-97.83045,30.63781],[-97.8278,30.63769],[-97.8289,30.6424],[-97.83003,30.64508],[-97.83672,30.65314],[-97.82459,30.65681],[-97.82414,30.65654],[-97.81819,30.65836],[-97.81791,30.65829],[-97.81745,30.65728],[-97.81718,30.65722],[-97.81188,30.65877],[-97.81125,30.65942],[-97.80714,30.66077],[-97.81008,30.66737],[-97.81067,30.66754],[-97.81165,30.66871],[-97.81189,30.67038],[-97.81242,30.67063],[-97.81388,30.67004],[-97.81518,30.66994],[-97.81597,30.67118],[-97.81605,30.67196],[-97.81693,30.67244],[-97.81764,30.67331],[-97.81754,30.67416],[-97.81799,30.67425],[-97.81799,30.67453],[-97.81653,30.67579],[-97.81656,30.67611],[-97.81735,30.6768],[-97.81791,30.67776],[-97.81862,30.67796],[-97.81984,30.67735],[-97.82106,30.67758],[-97.82186,30.67822],[-97.82305,30.67845],[-97.82379,30.67907],[-97.82462,30.6792],[-97.82459,30.68021],[-97.82499,30.68065],[-97.82755,30.68134],[-97.82801,30.68173],[-97.8326,30.68319],[-97.83356,30.68376],[-97.83416,30.68448],[-97.83522,30.68674],[-97.83267,30.68868],[-97.83225,30.68939],[-97.83137,30.69278],[-97.82864,30.69474],[-97.82827,30.69596],[-97.82891,30.69635],[-97.82947,30.69607],[-97.83215,30.69366],[-97.83336,30.69183],[-97.83465,30.69066],[-97.83574,30.69069],[-97.83624,30.69092],[-97.84091,30.70266],[-97.85519,30.70523],[-97.85654,30.7058],[-97.85854,30.7075],[-97.85956,30.70784],[-97.86085,30.70789],[-97.861,30.71125],[-97.85975,30.71193],[-97.86006,30.71864],[-97.85646,30.71995],[-97.85651,30.72023],[-97.85718,30.72259],[-97.85961,30.72878],[-97.86406,30.72762],[-97.87148,30.74517],[-97.87545,30.74388],[-97.87652,30.74647],[-97.87685,30.77309],[-97.87706,30.77489],[-97.88822,30.77148],[-97.88871,30.77169],[-97.89028,30.77435],[-97.89072,30.77889],[-97.89102,30.77976],[-97.89599,30.78299],[-97.8974,30.7845],[-97.89776,30.79027],[-97.8987,30.79253],[-97.9135,30.78785],[-97.91828,30.79943],[-97.92929,30.79606],[-97.92983,30.79644],[-97.93151,30.79657],[-97.93173,30.79715],[-97.93087,30.79781],[-97.93017,30.79876],[-97.92894,30.79911],[-97.92826,30.80052],[-97.9265,30.80161],[-97.92603,30.80341],[-97.9266,30.80368],[-97.92681,30.8045],[-97.92631,30.80525],[-97.9282,30.80685],[-97.93155,30.80648],[-97.9319,30.80586],[-97.93272,30.80536],[-97.93391,30.8055],[-97.93455,30.80467],[-97.93746,30.80359],[-97.93974,30.80556],[-97.93985,30.80605],[-97.93955,30.80654],[-97.96286,30.78564],[-97.98231,30.75018],[-98.00437,30.70837],[-98.01718,30.71329],[-98.02098,30.71336],[-98.02772,30.71179],[-98.03206,30.71135],[-98.03411,30.71143],[-98.03387,30.70874],[-98.03407,30.70753],[-98.03381,30.70578],[-98.03216,30.70309],[-98.03449,30.70405],[-98.03619,30.70337],[-98.03752,30.70042],[-98.03799,30.70005],[-98.04271,30.69919],[-98.04333,30.69932],[-98.04384,30.69981],[-98.04469,30.70149],[-98.04631,30.7023],[-98.04777,30.70193],[-98.04795,30.70127],[-98.04853,30.70071],[-98.05057,30.69936],[-98.05205,30.69957],[-98.05328,30.70034],[-98.05474,30.70075],[-98.05562,30.70038],[-98.05693,30.70046],[-98.05772,30.70063],[-98.05862,30.7014],[-98.05969,30.70124],[-98.06103,30.6996],[-98.06134,30.69764],[-98.06198,30.69777],[-98.05992,30.69257],[-98.05902,30.68687],[-98.059,30.68551],[-98.05927,30.6845],[-98.06683,30.67353],[-98.07443,30.66593],[-98.07503,30.665],[-98.07514,30.66438]]]}},{"type":"Feature","properties":{"zip_code":"78664"},"geometry":{"type":"Polygon","coordinates":[[[-97.69261,30.55371],[-97.69236,30.53802],[-97.6921,30.53445],[-97.68639,30.51034],[-97.68404,30.50422],[-97.68013,30.4975],[-97.67857,30.49428],[-97.67071,30.46987],[-97.66921,30.46981],[-97.66773,30.46908],[-97.66806,30.46856],[-97.6659,30.46169],[-97.66568,30.46205],[-97.66531,30.46134],[-97.66472,30.46132],[-97.66458,30.4608],[-97.66317,30.46132],[-97.66238,30.46137],[-97.65979,30.46039],[-97.65951,30.46189],[-97.6506,30.45758],[-97.65082,30.45709],[-97.64902,30.45995],[-97.64754,30.46136],[-97.64631,30.46314],[-97.64708,30.46402],[-97.64763,30.46608],[-97.64748,30.46766],[-97.64609,30.46745],[-97.64421,30.46655],[-97.64281,30.46878],[-97.64376,30.46927],[-97.64282,30.47086],[-97.64409,30.47143],[-97.64583,30.47124],[-97.646,30.47214],[-97.64425,30.47245],[-97.64123,30.47233],[-97.64137,30.47309],[-97.6435,30.47815],[-97.64313,30.47983],[-97.64152,30.48183],[-97.64032,30.48183],[-97.6356,30.48089],[-97.63363,30.48401],[-97.62787,30.48527],[-97.62452,30.48714],[-97.62308,30.48715],[-97.62307,30.48786],[-97.61524,30.48792],[-97.61527,30.48955],[-97.61019,30.49],[-97.61017,30.48913],[-97.60958,30.48911],[-97.60954,30.48796],[-97.60012,30.48809],[-97.6001,30.49184],[-97.59957,30.4927],[-97.60016,30.4936],[-97.59697,30.49377],[-97.59524,30.49361],[-97.59499,30.49393],[-97.59537,30.49441],[-97.59494,30.49723],[-97.59338,30.49734],[-97.59111,30.49848],[-97.59106,30.49756],[-97.5906,30.49718],[-97.58879,30.49792],[-97.58884,30.49881],[-97.58984,30.49879],[-97.59015,30.51428],[-97.58952,30.51468],[-97.58947,30.5153],[-97.58968,30.51526],[-97.58967,30.51578],[-97.59036,30.51642],[-97.59022,30.51672],[-97.59053,30.51699],[-97.5902,30.5184],[-97.59049,30.51928],[-97.59036,30.51988],[-97.59109,30.52079],[-97.59193,30.52255],[-97.59151,30.52377],[-97.59167,30.52412],[-97.59116,30.52492],[-97.58964,30.52555],[-97.58898,30.52645],[-97.58848,30.52655],[-97.58728,30.52564],[-97.58685,30.52576],[-97.58671,30.52642],[-97.58524,30.52574],[-97.58446,30.52583],[-97.58596,30.5273],[-97.58682,30.52945],[-97.58854,30.53073],[-97.58987,30.53093],[-97.58907,30.53106],[-97.58856,30.53147],[-97.58872,30.53545],[-97.59242,30.5348],[-97.59245,30.53518],[-97.60125,30.53353],[-97.60997,30.5326],[-97.61453,30.53167],[-97.61393,30.52917],[-97.61379,30.52283],[-97.61384,30.51887],[-97.61462,30.5188],[-97.61467,30.51754],[-97.61383,30.51701],[-97.61377,30.51539],[-97.61651,30.51539],[-97.61642,30.51056],[-97.61354,30.51063],[-97.6134,30.50427],[-97.61625,30.50427],[-97.61618,30.50149],[-97.61336,30.50153],[-97.61334,30.50069],[-97.61481,30.50067],[-97.61483,30.50011],[-97.61617,30.50009],[-97.6161,30.49739],[-97.6184,30.49736],[-97.62225,30.49663],[-97.64526,30.49631],[-97.64534,30.50188],[-97.64455,30.5044],[-97.64444,30.50711],[-97.64493,30.51001],[-97.64426,30.50956],[-97.64606,30.51169],[-97.64685,30.51325],[-97.64725,30.51544],[-97.65117,30.51419],[-97.65301,30.51387],[-97.65522,30.5139],[-97.656,30.51415],[-97.65504,30.51474],[-97.65523,30.51494],[-97.65456,30.51533],[-97.65411,30.51611],[-97.65394,30.51808],[-97.65551,30.51785],[-97.65569,30.52114],[-97.65225,30.52869],[-97.65213,30.53364],[-97.65123,30.53938],[-97.65022,30.54329],[-97.65081,30.54335],[-97.6509,30.54315],[-97.65052,30.54287],[-97.65165,30.53831],[-97.65289,30.53827],[-97.6523,30.54092],[-97.65398,30.54071],[-97.65399,30.54117],[-97.65576,30.54096],[-97.65597,30.54166],[-97.6596,30.54053],[-97.65959,30.54001],[-97.67361,30.53827],[-97.67401,30.53865],[-97.67377,30.53953],[-97.67439,30.5407],[-97.6748,30.54115],[-97.67545,30.54109],[-97.676,30.54145],[-97.67851,30.54127],[-97.68045,30.53868],[-97.68005,30.53756],[-97.68179,30.53626],[-97.68247,30.53673],[-97.68458,30.53719],[-97.68817,30.53602],[-97.68824,30.53732],[-97.6888,30.53879],[-97.68866,30.54],[-97.68888,30.54087],[-97.69193,30.54015],[-97.69164,30.55082],[-97.69199,30.5534],[-97.69261,30.55371]]]}},{"type":"Feature","properties":{"zip_code":"78665"},"geometry":{"type":"Polygon","coordinates":[[[-97.69285,30.57122],[-97.69261,30.55371],[-97.69199,30.5534],[-97.69163,30.55042],[-97.69193,30.54015],[-97.68888,30.54087],[-97.68866,30.54],[-97.6888,30.53879],[-97.68824,30.53732],[-97.68817,30.53602],[-97.68458,30.53719],[-97.68247,30.53673],[-97.68179,30.53626],[-97.68005,30.53756],[-97.68045,30.53868],[-97.67851,30.54127],[-97.676,30.54145],[-97.67545,30.54109],[-97.6748,30.54115],[-97.67439,30.5407],[-97.67377,30.53953],[-97.67401,30.53865],[-97.67361,30.53827],[-97.65959,30.54001],[-97.6596,30.54053],[-97.65597,30.54166],[-97.65576,30.54096],[-97.65399,30.54117],[-97.65398,30.54071],[-97.6523,30.54092],[-97.65289,30.53827],[-97.65165,30.53831],[-97.65052,30.54287],[-97.6509,30.54315],[-97.65081,30.54335],[-97.65022,30.54329],[-97.65123,30.53938],[-97.65213,30.53364],[-97.65225,30.52869],[-97.65569,30.52114],[-97.65551,30.51785],[-97.65394,30.51808],[-97.65411,30.51611],[-97.65456,30.51533],[-97.65523,30.51494],[-97.65504,30.51474],[-97.656,30.51415],[-97.65522,30.5139],[-97.65301,30.51387],[-97.65117,30.51419],[-97.64725,30.51544],[-97.64685,30.51325],[-97.64606,30.51169],[-97.64426,30.50956],[-97.64493,30.51001],[-97.64444,30.50711],[-97.64455,30.5044],[-97.64534,30.50188],[-97.64526,30.49631],[-97.62225,30.49663],[-97.6184,30.49736],[-97.6161,30.49739],[-97.61617,30.50009],[-97.61483,30.50011],[-97.61481,30.50067],[-97.61334,30.50069],[-97.61336,30.50153],[-97.61618,30.50149],[-97.61625,30.50427],[-97.6134,30.50427],[-97.61354,30.51063],[-97.61642,30.51056],[-97.61651,30.51539],[-97.61377,30.51539],[-97.61383,30.51701],[-97.61467,30.51754],[-97.61462,30.5188],[-97.61384,30.51887],[-97.61379,30.52283],[-97.61393,30.52917],[-97.61453,30.53167],[-97.60997,30.5326],[-97.60125,30.53353],[-97.60135,30.53986],[-97.60118,30.53969],[-97.59565,30.53995],[-97.59571,30.54466],[-97.59136,30.54478],[-97.59158,30.5556],[-97.59377,30.55564],[-97.59385,30.56206],[-97.5863,30.56213],[-97.58648,30.56292],[-97.5874,30.56427],[-97.589,30.56875],[-97.5892,30.57096],[-97.58874,30.57204],[-97.5877,30.57267],[-97.58818,30.57388],[-97.58789,30.57488],[-97.59356,30.588],[-97.59553,30.58978],[-97.59985,30.58842],[-97.59996,30.58867],[-97.6257,30.58065],[-97.62748,30.57993],[-97.63051,30.57802],[-97.63215,30.57731],[-97.63289,30.5792],[-97.63385,30.58065],[-97.63395,30.58161],[-97.63372,30.58161],[-97.63468,30.58379],[-97.63428,30.58619],[-97.63593,30.59013],[-97.63739,30.58961],[-97.63858,30.59393],[-97.6461,30.59147],[-97.64387,30.58766],[-97.65461,30.58438],[-97.65361,30.58199],[-97.65415,30.58193],[-97.6543,30.58235],[-97.65647,30.58343],[-97.66236,30.58161],[-97.66989,30.58047],[-97.6684,30.57669],[-97.67528,30.57502],[-97.67516,30.57439],[-97.6758,30.57404],[-97.68454,30.57144],[-97.68543,30.57347],[-97.68527,30.57283],[-97.69069,30.57147],[-97.69092,30.57186],[-97.69138,30.57171],[-97.69109,30.57105],[-97.69224,30.57077],[-97.69227,30.57251],[-97.69285,30.57122]]]}},{"type":"Feature","properties":{"zip_code":"78674"},"geometry":{"type":"Polygon","coordinates":[[[-97.61017,30.67216],[-97.61009,30.67169],[-97.60426,30.67077],[-97.60176,30.66994],[-97.5993,30.66842],[-97.59725,30.66683],[-97.5967,30.66611],[-97.59615,30.66499],[-97.59581,30.66325],[-97.59552,30.66403],[-97.59586,30.66707],[-97.59369,30.66732],[-97.59452,30.67119],[-97.59388,30.67127],[-97.59169,30.67228],[-97.58647,30.67339],[-97.5867,30.67428],[-97.58595,30.67446],[-97.58644,30.67579],[-97.59015,30.67495],[-97.58993,30.67409],[-97.5911,30.67392],[-97.59135,30.67515],[-97.59077,30.67537],[-97.59051,30.67735],[-97.59169,30.68077],[-97.59188,30.68079],[-97.59343,30.68028],[-97.5924,30.67717],[-97.59257,30.6759],[-97.59191,30.67387],[-97.60641,30.67274],[-97.60986,30.67279],[-97.61017,30.67216]]]}},{"type":"Feature","properties":{"zip_code":"78681"},"geometry":{"type":"Polygon","coordinates":[[[-97.76498,30.55274],[-97.76346,30.55122],[-97.75996,30.54283],[-97.76345,30.54168],[-97.76334,30.54148],[-97.76392,30.54129],[-97.76387,30.5411],[-97.76491,30.54076],[-97.76283,30.53604],[-97.76315,30.53146],[-97.76018,30.53017],[-97.75677,30.52965],[-97.75319,30.5283],[-97.75169,30.52741],[-97.74942,30.52468],[-97.74851,30.52235],[-97.74853,30.52168],[-97.74789,30.5205],[-97.7463,30.51949],[-97.74544,30.51918],[-97.74228,30.51948],[-97.74229,30.51914],[-97.73902,30.51967],[-97.73733,30.51521],[-97.74176,30.51381],[-97.74045,30.51057],[-97.73903,30.51029],[-97.73885,30.51106],[-97.73693,30.5107],[-97.73832,30.50594],[-97.73814,30.50593],[-97.74047,30.50212],[-97.74081,30.50093],[-97.74035,30.49918],[-97.73747,30.49602],[-97.7365,30.49541],[-97.73529,30.49512],[-97.72977,30.49527],[-97.72826,30.4949],[-97.7257,30.49367],[-97.72585,30.49347],[-97.72315,30.49199],[-97.72239,30.49122],[-97.72117,30.48858],[-97.71957,30.48752],[-97.71683,30.49184],[-97.71644,30.49314],[-97.71645,30.49425],[-97.71692,30.49562],[-97.71778,30.49672],[-97.72175,30.49905],[-97.7172,30.50577],[-97.7159,30.5074],[-97.71395,30.50873],[-97.70344,30.51235],[-97.70175,30.51245],[-97.70158,30.51125],[-97.70075,30.5088],[-97.70034,30.50625],[-97.70369,30.50521],[-97.70328,30.50312],[-97.70822,30.5016],[-97.70814,30.50141],[-97.70875,30.50118],[-97.70793,30.4975],[-97.70579,30.49817],[-97.70526,30.49766],[-97.70574,30.49748],[-97.70475,30.49506],[-97.70522,30.49492],[-97.70512,30.49468],[-97.70603,30.49456],[-97.70494,30.49185],[-97.70569,30.49158],[-97.70577,30.49135],[-97.70726,30.49177],[-97.70794,30.49133],[-97.70396,30.48117],[-97.70355,30.48127],[-97.70323,30.48069],[-97.70548,30.47724],[-97.70341,30.4765],[-97.70215,30.47644],[-97.69392,30.47767],[-97.69305,30.47479],[-97.69218,30.47367],[-97.69062,30.47231],[-97.68572,30.47697],[-97.68519,30.4779],[-97.685,30.47896],[-97.68319,30.47926],[-97.68289,30.48007],[-97.67424,30.48079],[-97.67857,30.49428],[-97.68013,30.4975],[-97.68404,30.50422],[-97.68605,30.50928],[-97.69027,30.52619],[-97.69224,30.53553],[-97.69285,30.57105],[-97.69287,30.58514],[-97.69232,30.58851],[-97.69093,30.5936],[-97.68711,30.60314],[-97.68661,30.60521],[-97.68646,30.60765],[-97.68742,30.60653],[-97.68744,30.60343],[-97.691,30.59464],[-97.69279,30.5882],[-97.69334,30.58401],[-97.69339,30.57995],[-97.69459,30.57742],[-97.6944,30.57653],[-97.69346,30.57515],[-97.69796,30.57399],[-97.69807,30.57331],[-97.70387,30.57166],[-97.70468,30.57417],[-97.70575,30.57377],[-97.70649,30.57428],[-97.70843,30.57492],[-97.71053,30.57692],[-97.71148,30.57746],[-97.7134,30.57744],[-97.71422,30.57766],[-97.71594,30.57947],[-97.71691,30.58014],[-97.71766,30.58035],[-97.71911,30.58021],[-97.72013,30.58066],[-97.72051,30.58106],[-97.72047,30.58172],[-97.72101,30.58265],[-97.72107,30.58358],[-97.72152,30.58471],[-97.72199,30.58524],[-97.72403,30.58641],[-97.72454,30.58639],[-97.72501,30.58672],[-97.72605,30.58646],[-97.72655,30.58524],[-97.72686,30.58477],[-97.72713,30.58476],[-97.72733,30.58487],[-97.72762,30.58654],[-97.72794,30.58678],[-97.73072,30.58713],[-97.73229,30.58865],[-97.73294,30.58864],[-97.73644,30.58749],[-97.73858,30.58854],[-97.73934,30.58861],[-97.74049,30.58784],[-97.74185,30.5864],[-97.74272,30.58632],[-97.74313,30.58586],[-97.74415,30.58568],[-97.74563,30.58489],[-97.74663,30.58535],[-97.74789,30.58448],[-97.74586,30.57936],[-97.75616,30.57625],[-97.75127,30.5634],[-97.75499,30.56219],[-97.75448,30.56097],[-97.75466,30.55964],[-97.75619,30.55895],[-97.75723,30.55786],[-97.75773,30.55679],[-97.75815,30.55464],[-97.75871,30.55368],[-97.75958,30.55582],[-97.76498,30.55274]]]}},{"type":"Feature","properties":{"zip_code":"78717"},"geometry":{"type":"Polygon","coordinates":[[[-97.80905,30.49175],[-97.80828,30.49058],[-97.80737,30.49054],[-97.80676,30.49015],[-97.8065,30.4896],[-97.80673,30.4889],[-97.80819,30.48835],[-97.80712,30.48592],[-97.80493,30.48663],[-97.80488,30.48468],[-97.80428,30.48267],[-97.80253,30.47985],[-97.80137,30.48018],[-97.79871,30.48018],[-97.79634,30.47989],[-97.79548,30.48017],[-97.79439,30.4776],[-97.79429,30.47623],[-97.79389,30.47531],[-97.7961,30.47449],[-97.79895,30.47294],[-97.79702,30.46816],[-97.79636,30.46835],[-97.79526,30.46562],[-97.79386,30.46628],[-97.79203,30.46659],[-97.79067,30.46597],[-97.78999,30.4646],[-97.78921,30.46382],[-97.78781,30.46532],[-97.78756,30.46691],[-97.78796,30.46782],[-97.78937,30.4692],[-97.78992,30.47018],[-97.78061,30.47304],[-97.78041,30.4725],[-97.77673,30.47357],[-97.77205,30.47395],[-97.76953,30.47443],[-97.76053,30.47732],[-97.7531,30.47465],[-97.74879,30.47396],[-97.74236,30.47482],[-97.73694,30.47644],[-97.73127,30.47692],[-97.73021,30.47681],[-97.72319,30.4751],[-97.72223,30.47444],[-97.72052,30.47268],[-97.72003,30.4718],[-97.71974,30.47081],[-97.71978,30.46969],[-97.72115,30.45584],[-97.72036,30.45614],[-97.71963,30.45757],[-97.7176,30.45863],[-97.70323,30.48069],[-97.70355,30.48127],[-97.70396,30.48117],[-97.70794,30.49133],[-97.70726,30.49177],[-97.70577,30.49135],[-97.70569,30.49158],[-97.70494,30.49185],[-97.70603,30.49456],[-97.70512,30.49468],[-97.70522,30.49492],[-97.70475,30.49506],[-97.70574,30.49748],[-97.70526,30.49766],[-97.70579,30.49817],[-97.70793,30.4975],[-97.70875,30.50118],[-97.70814,30.50141],[-97.70822,30.5016],[-97.70328,30.50312],[-97.70369,30.50521],[-97.70034,30.50625],[-97.70052,30.50756],[-97.70175,30.51245],[-97.70266,30.51245],[-97.70532,30.51172],[-97.71331,30.50882],[-97.71339,30.50896],[-97.7159,30.5074],[-97.72175,30.49905],[-97.71778,30.49672],[-97.71692,30.49562],[-97.71645,30.49425],[-97.71644,30.49314],[-97.71683,30.49184],[-97.71957,30.48752],[-97.72117,30.48858],[-97.72239,30.49122],[-97.72304,30.4919],[-97.72585,30.49347],[-97.72573,30.49369],[-97.72928,30.49521],[-97.73497,30.49509],[-97.73634,30.49535],[-97.73747,30.49602],[-97.74021,30.49898],[-97.74078,30.50027],[-97.7407,30.50155],[-97.73814,30.50593],[-97.73832,30.50594],[-97.73693,30.5107],[-97.73885,30.51106],[-97.73903,30.51029],[-97.74045,30.51057],[-97.74176,30.51381],[-97.73733,30.51521],[-97.73902,30.51967],[-97.74204,30.51915],[-97.74229,30.51914],[-97.74228,30.51948],[-97.74544,30.51918],[-97.7488,30.51669],[-97.75334,30.51466],[-97.75526,30.51334],[-97.75589,30.51271],[-97.75774,30.50917],[-97.75838,30.50869],[-97.76064,30.50858],[-97.76203,30.50914],[-97.76421,30.50887],[-97.77066,30.50557],[-97.77167,30.50526],[-97.77253,30.50531],[-97.77321,30.50598],[-97.77399,30.50623],[-97.77492,30.50577],[-97.77565,30.50419],[-97.77732,30.50354],[-97.78032,30.50394],[-97.78269,30.50361],[-97.7835,30.50406],[-97.78726,30.50519],[-97.78806,30.5052],[-97.78927,30.50576],[-97.7899,30.50577],[-97.79195,30.50511],[-97.79588,30.50278],[-97.7975,30.49979],[-97.79978,30.49782],[-97.80334,30.49605],[-97.80465,30.49599],[-97.80545,30.49565],[-97.80618,30.49495],[-97.80601,30.49413],[-97.80652,30.49377],[-97.80696,30.49236],[-97.80752,30.49218],[-97.8085,30.49238],[-97.80891,30.49217],[-97.80905,30.49175]]]}},{"type":"Feature","properties":{"zip_code":"78729"},"geometry":{"type":"Polygon","coordinates":[[[-97.79487,30.46574],[-97.79526,30.46562],[-97.79217,30.45802],[-97.79283,30.45781],[-97.79199,30.45548],[-97.79067,30.44873],[-97.78523,30.45036],[-97.7801,30.44653],[-97.78141,30.44555],[-97.78143,30.44496],[-97.78408,30.44302],[-97.7831,30.44238],[-97.78245,30.44267],[-97.78188,30.44204],[-97.78018,30.44332],[-97.77991,30.443],[-97.77886,30.44334],[-97.77904,30.44384],[-97.77757,30.44433],[-97.77515,30.44273],[-97.77839,30.44172],[-97.77788,30.4404],[-97.77904,30.43979],[-97.7758,30.43774],[-97.76921,30.43456],[-97.76973,30.4342],[-97.76606,30.43241],[-97.76166,30.43261],[-97.76034,30.43271],[-97.76002,30.4335],[-97.76008,30.43438],[-97.75803,30.43763],[-97.75801,30.43815],[-97.74965,30.44117],[-97.74887,30.43972],[-97.74845,30.43937],[-97.74704,30.43869],[-97.7462,30.43893],[-97.74466,30.43994],[-97.74636,30.44231],[-97.74246,30.44375],[-97.741,30.44132],[-97.74081,30.4414],[-97.7389,30.43955],[-97.7374,30.44044],[-97.73561,30.44086],[-97.73552,30.44118],[-97.73393,30.44125],[-97.73209,30.43972],[-97.73142,30.43945],[-97.7296,30.43953],[-97.7292,30.43927],[-97.72837,30.43924],[-97.72774,30.43861],[-97.727,30.44061],[-97.72072,30.45313],[-97.72124,30.45511],[-97.72078,30.45812],[-97.71974,30.47081],[-97.72052,30.47268],[-97.72299,30.47499],[-97.72421,30.47548],[-97.73021,30.47681],[-97.73127,30.47692],[-97.73694,30.47644],[-97.74236,30.47482],[-97.74879,30.47396],[-97.7531,30.47465],[-97.76053,30.47732],[-97.76953,30.47443],[-97.77205,30.47395],[-97.77673,30.47357],[-97.78041,30.4725],[-97.78061,30.47304],[-97.78992,30.47018],[-97.78937,30.4692],[-97.78796,30.46782],[-97.78756,30.46691],[-97.78781,30.46532],[-97.78921,30.46382],[-97.78999,30.4646],[-97.79067,30.46597],[-97.79117,30.46631],[-97.79203,30.46659],[-97.793,30.46653],[-97.79487,30.46574]],[[-97.76545,30.4357],[-97.76356,30.4364],[-97.76235,30.43344],[-97.76325,30.43304],[-97.76437,30.43313],[-97.76545,30.4357]]]}}]}